case_id,tool,artifact_type,encoding,offset,url_raw,url_norm,window_index,tab_index,nav_order,note
case3,regex_baseline,url,ascii,9665366,https://chromium.org/,https://chromium.org,,,,regex_match_no_context
case3,regex_baseline,url,ascii,9939829,https://wikipedia.org/,https://wikipedia.org,,,,regex_match_no_context
case3,regex_baseline,url,ascii,10069672,"http://127.0.0.1:4353/pervasive.js,3790EEB37E2A761CFD3B274CCF45CE5AB86A34DF11E28FB7ED4D82AFBBC13BEB","http://127.0.0.1:4353/pervasive.js,3790EEB37E2A761CFD3B274CCF45CE5AB86A34DF11E28FB7ED4D82AFBBC13BEB",,,,regex_match_no_context
case3,regex_baseline,url,utf-16le,15027242,http://schemas.microsoft.com/SMI/2005/WindowsSettings,http://schemas.microsoft.com/SMI/2005/WindowsSettings,,,,regex_match_no_context
case3,regex_baseline,url,ascii,19452582,https://www.google.com/search?q=https+%2F%2Fwww.wikipedia.org+random&sourceid=chrome&ie=UTF-8,https://www.google.com/search?q=https+%2F%2Fwww.wikipedia.org+random&sourceid=chrome&ie=UTF-8,,,,regex_match_no_context
case3,regex_baseline,url,ascii,19516278,https://www.youtube.com,https://www.youtube.com,,,,regex_match_no_context
case3,regex_baseline,url,ascii,19516309,https://www.google.com,https://www.google.com,,,,regex_match_no_context
case3,regex_baseline,url,ascii,20283730,https://support.google.com/chromebook?p=app_intent,https://support.google.com/chromebook?p=app_intent,,,,regex_match_no_context
case3,regex_baseline,url,ascii,20302328,https://www.example.comURL,https://www.example.comurl,,,,regex_match_no_context
case3,regex_baseline,url,ascii,20356813,https://chrome.google.com/webstore/category/extensions,https://chrome.google.com/webstore/category/extensions,,,,regex_match_no_context
case3,regex_baseline,url,ascii,20406111,https://chromeenterprise.google/policies/#BrowserSwitcherEnabled,https://chromeenterprise.google/policies,,,,regex_match_no_context
case3,regex_baseline,url,ascii,20411049,https://photos.google.com/settings?referrer=CHROME_NTP,https://photos.google.com/settings?referrer=CHROME_NTP,,,,regex_match_no_context
case3,regex_baseline,url,ascii,20411807,https://myactivity.google.com/,https://myactivity.google.com,,,,regex_match_no_context
case3,regex_baseline,url,ascii,20411973,https://policies.google.com/,https://policies.google.com,,,,regex_match_no_context
case3,regex_baseline,url,ascii,20518726,http://example.com,http://example.com,,,,regex_match_no_context
case3,regex_baseline,url,ascii,20518748,https://example.com.Use,https://example.com.use,,,,regex_match_no_context
case3,regex_baseline,url,ascii,20519872,https://support.google.com/chrome/a/answer/9122284,https://support.google.com/chrome/a/answer/9122284,,,,regex_match_no_context
case3,regex_baseline,url,ascii,20552128,https://support.google.com/chrome/answer/6098869,https://support.google.com/chrome/answer/6098869,,,,regex_match_no_context
case3,regex_baseline,url,ascii,20900143,http://www.unicode.org/copyright.html,http://www.unicode.org/copyright.html,,,,regex_match_no_context
case3,regex_baseline,url,ascii,36913798,https://chrome.google.com/webstore,https://chrome.google.com/webstore,,,,regex_match_no_context
case3,regex_baseline,url,ascii,36913910,https://chromewebstore.google.com/,https://chromewebstore.google.com,,,,regex_match_no_context
case3,regex_baseline,url,ascii,37353142,https://accounts.google.com/v3/signin/identifier?dsh=S-502362205%3A1677653382461634&continue=https%3A%2F%2Fmail.google.com%2Fmail%2F&rip=1&sacu=1&service=mail&flowName=GlifWebSignIn&flowEntry=ServiceLogin&ifkv=AWnogHdB2R47P8_be1so0fF5AMBtyCl6BDwEB27tq1JXdNxmLP4oSim3J-gghyoQV3HJ_lsNV7yYDw,https://accounts.google.com/v3/signin/identifier?dsh=S-502362205%3A1677653382461634&continue=https%3A%2F%2Fmail.google.com%2Fmail%2F&rip=1&sacu=1&service=mail&flowName=GlifWebSignIn&flowEntry=ServiceLogin&ifkv=AWnogHdB2R47P8_be1so0fF5AMBtyCl6BDwEB27tq1JXdNxmLP4oSim3J-gghyoQV3HJ_lsNV7yYDw,,,,regex_match_no_context
case3,regex_baseline,url,ascii,37444246,https://clients2.google.com/service/update2/crx,https://clients2.google.com/service/update2/crx,,,,regex_match_no_context
case3,regex_baseline,url,ascii,37471174,https://accounts.google.com/,https://accounts.google.com,,,,regex_match_no_context
case3,regex_baseline,url,ascii,37472518,https://www.googleapis.com/,https://www.googleapis.com,,,,regex_match_no_context
case3,regex_baseline,url,ascii,37617222,https://accounts.google.com/signin/chrome/sync?ssp=1,https://accounts.google.com/signin/chrome/sync?ssp=1,,,,regex_match_no_context
case3,regex_baseline,url,ascii,37617350,https://accounts.google.com/encryption/unlock/desktop,https://accounts.google.com/encryption/unlock/desktop,,,,regex_match_no_context
case3,regex_baseline,url,ascii,37617606,https://accounts.google.com/chrome/blank.html,https://accounts.google.com/chrome/blank.html,,,,regex_match_no_context
case3,regex_baseline,url,ascii,37617734,https://accounts.google.com/oauth/multilogin,https://accounts.google.com/oauth/multilogin,,,,regex_match_no_context
case3,regex_baseline,url,ascii,37621062,https://accounts.google.com/embedded/setup/v2/chromeos,https://accounts.google.com/embedded/setup/v2/chromeos,,,,regex_match_no_context
case3,regex_baseline,url,ascii,37621574,https://accountcapabilities-pa.googleapis.com/,https://accountcapabilities-pa.googleapis.com,,,,regex_match_no_context
case3,regex_baseline,url,ascii,37622214,https://accounts.google.com/embedded/setup/windows,https://accounts.google.com/embedded/setup/windows,,,,regex_match_no_context
case3,regex_baseline,url,ascii,37622342,https://accounts.google.com/embedded/reauth/chromeos,https://accounts.google.com/embedded/reauth/chromeos,,,,regex_match_no_context
case3,regex_baseline,url,ascii,37623750,https://www.googleapis.com/oauth2/v4/token,https://www.googleapis.com/oauth2/v4/token,,,,regex_match_no_context
case3,regex_baseline,url,ascii,37623878,https://accounts.google.com/embedded/xreauth/chrome,https://accounts.google.com/embedded/xreauth/chrome,,,,regex_match_no_context
case3,regex_baseline,url,ascii,37624390,https://www.googleapis.com/reauth/v1beta/users/,https://www.googleapis.com/reauth/v1beta/users,,,,regex_match_no_context
case3,regex_baseline,url,ascii,37625030,https://www.googleapis.com/oauth2/v2/tokeninfo,https://www.googleapis.com/oauth2/v2/tokeninfo,,,,regex_match_no_context
case3,regex_baseline,url,ascii,37627206,https://accounts.google.com/o/oauth2/revoke,https://accounts.google.com/o/oauth2/revoke,,,,regex_match_no_context
case3,regex_baseline,url,ascii,37627334,https://oauthaccountmanager.googleapis.com/v1/issuetoken,https://oauthaccountmanager.googleapis.com/v1/issuetoken,,,,regex_match_no_context
case3,regex_baseline,url,ascii,37627974,https://www.googleapis.com/oauth2/v1/userinfo,https://www.googleapis.com/oauth2/v1/userinfo,,,,regex_match_no_context
case3,regex_baseline,url,ascii,37630022,https://accounts.google.com/GetCheckConnectionInfo,https://accounts.google.com/GetCheckConnectionInfo,,,,regex_match_no_context
case3,regex_baseline,url,ascii,37631430,https://accounts.google.com/ListAccounts?json=standard,https://accounts.google.com/ListAccounts?json=standard,,,,regex_match_no_context
case3,regex_baseline,url,ascii,37655558,https://www.bing.com/chrome/newtab,https://www.bing.com/chrome/newtab,,,,regex_match_no_context
case3,regex_baseline,url,ascii,37656118,https://github.com/opensearch.xml,https://github.com/opensearch.xml,,,,regex_match_no_context
case3,regex_baseline,url,ascii,37657686,https://search.yahoo.com?fr=crmas_sfp,https://search.yahoo.com?fr=crmas_sfp,,,,regex_match_no_context
case3,regex_baseline,url,ascii,37658134,https://en.wikipedia.org/w/opensearch_desc.php,https://en.wikipedia.org/w/opensearch_desc.php,,,,regex_match_no_context
case3,regex_baseline,url,ascii,37658246,https://www.youtube.com/opensearch?locale=ko_KR,https://www.youtube.com/opensearch?locale=ko_KR,,,,regex_match_no_context
case3,regex_baseline,url,ascii,37659590,https://www.youtube.com/favicon.ico,https://www.youtube.com/favicon.ico,,,,regex_match_no_context
case3,regex_baseline,url,ascii,37659814,https://search.daum.net/favicon.ico,https://search.daum.net/favicon.ico,,,,regex_match_no_context
case3,regex_baseline,url,ascii,37661046,https://search.yahoo.com/favicon.ico,https://search.yahoo.com/favicon.ico,,,,regex_match_no_context
case3,regex_baseline,url,ascii,37661158,https://stackoverflow.com/opensearch.xml,https://stackoverflow.com/opensearch.xml,,,,regex_match_no_context
case3,regex_baseline,url,ascii,38901075,https://accounts.google.com/*,https://accounts.google.com/*,,,,regex_match_no_context
case3,regex_baseline,url,ascii,41549211,http://crbug.com/717501,http://crbug.com/717501,,,,regex_match_no_context
case3,regex_baseline,url,ascii,41549843,http://crbug.com/839189,http://crbug.com/839189,,,,regex_match_no_context
case3,regex_baseline,url,ascii,41550963,https://crbug.com/1245093):,https://crbug.com/1245093):,,,,regex_match_no_context
case3,regex_baseline,url,ascii,41554137,https://codereview.chromium.org/25305002).,https://codereview.chromium.org/25305002).,,,,regex_match_no_context
case3,regex_baseline,url,ascii,41554680,http://crbug.com/497301,http://crbug.com/497301,,,,regex_match_no_context
case3,regex_baseline,url,ascii,41554836,http://crbug.com/514696,http://crbug.com/514696,,,,regex_match_no_context
case3,regex_baseline,url,ascii,41562990,http://crbug.com/275944,http://crbug.com/275944,,,,regex_match_no_context
case3,regex_baseline,url,ascii,41576242,http://crbug.com/775961,http://crbug.com/775961,,,,regex_match_no_context
case3,regex_baseline,url,ascii,41576921,https://chromewebstore.google.com/*,https://chromewebstore.google.com/*,,,,regex_match_no_context
case3,regex_baseline,url,ascii,42751667,http://crbug.com/437891.,http://crbug.com/437891.,,,,regex_match_no_context
case3,regex_baseline,url,ascii,42755879,http://crbug.com/1352358,http://crbug.com/1352358,,,,regex_match_no_context
case3,regex_baseline,url,ascii,42761678,http://crbug.com/378067,http://crbug.com/378067,,,,regex_match_no_context
case3,regex_baseline,url,ascii,42761834,http://crbug.com/456214,http://crbug.com/456214,,,,regex_match_no_context
case3,regex_baseline,url,ascii,42762213,http://crbug.com/510270,http://crbug.com/510270,,,,regex_match_no_context
case3,regex_baseline,url,ascii,42762369,http://crbug.com/642141,http://crbug.com/642141,,,,regex_match_no_context
case3,regex_baseline,url,ascii,42762681,http://crbug.com/819404,http://crbug.com/819404,,,,regex_match_no_context
case3,regex_baseline,url,ascii,42762915,http://crbug.com/957772,http://crbug.com/957772,,,,regex_match_no_context
case3,regex_baseline,url,ascii,42762993,https://crbug.com/1201800,https://crbug.com/1201800,,,,regex_match_no_context
case3,regex_baseline,url,ascii,42764667,http://crbug.com/672186).,http://crbug.com/672186).,,,,regex_match_no_context
case3,regex_baseline,url,ascii,43942912,http://www.w3.org/2000/svg,http://www.w3.org/2000/svg,,,,regex_match_no_context
case3,regex_baseline,url,ascii,43967468,http://www.w3.org/1999/xlink,http://www.w3.org/1999/xlink,,,,regex_match_no_context
case3,regex_baseline,url,ascii,44157095,http://127.0.0.1,http://127.0.0.1,,,,regex_match_no_context
case3,regex_baseline,url,ascii,44190947,https://web.dev/bfcache/),https://web.dev/bfcache/),,,,regex_match_no_context
case3,regex_baseline,url,ascii,44196084,https://www.chromestatus.com/feature/5629709824032768,https://www.chromestatus.com/feature/5629709824032768,,,,regex_match_no_context
case3,regex_baseline,url,ascii,44197797,https://tools.ietf.org/html/draft-west-cookie-prefixes-05.,https://tools.ietf.org/html/draft-west-cookie-prefixes-05.,,,,regex_match_no_context
case3,regex_baseline,url,ascii,44229825,https://developer.chrome.com/blog/immutable-document-domain/,https://developer.chrome.com/blog/immutable-document-domain,,,,regex_match_no_context
case3,regex_baseline,url,ascii,44230519,https://goo.gle/chrome-insecure-origins,https://goo.gle/chrome-insecure-origins,,,,regex_match_no_context
case3,regex_baseline,url,ascii,44234736,https://github.com/WICG/shared-element-transitions/blob/main/debugging_overflow_on_images.md.,https://github.com/WICG/shared-element-transitions/blob/main/debugging_overflow_on_images.md.,,,,regex_match_no_context
case3,regex_baseline,url,ascii,44237409,https://developer.chrome.com/docs/extensions/reference/privacy/#property-websites-privacySandboxEnabled.,https://developer.chrome.com/docs/extensions/reference/privacy,,,,regex_match_no_context
case3,regex_baseline,url,ascii,44237792,https://user:pass@host/),https://user:pass@host/),,,,regex_match_no_context
case3,regex_baseline,url,ascii,44238894,https://developer.chrome.com/blog/enabling-shared-array-buffer/,https://developer.chrome.com/blog/enabling-shared-array-buffer,,,,regex_match_no_context
case3,regex_baseline,url,ascii,44239328,https://developer.chrome.com/docs/extensions/mv3/cross-origin-isolation/.,https://developer.chrome.com/docs/extensions/mv3/cross-origin-isolation/.,,,,regex_match_no_context
case3,regex_baseline,url,ascii,44239595,https://bit.ly/window-placement-rename.,https://bit.ly/window-placement-rename.,,,,regex_match_no_context
case3,regex_baseline,url,ascii,44240234,https://xhr.spec.whatwg.org/.,https://xhr.spec.whatwg.org/.,,,,regex_match_no_context
case3,regex_baseline,url,ascii,44519737,https://g.co/chrome/lookalike-warnings.,https://g.co/chrome/lookalike-warnings.,,,,regex_match_no_context
case3,regex_baseline,url,ascii,44660592,https://tools.ietf.org/html/draft-west-cookie-prefixes-05,https://tools.ietf.org/html/draft-west-cookie-prefixes-05,,,,regex_match_no_context
case3,regex_baseline,url,ascii,44702602,https://github.com/WICG/shared-element-transitions/blob/main/debugging_overflow_on_images.md,https://github.com/WICG/shared-element-transitions/blob/main/debugging_overflow_on_images.md,,,,regex_match_no_context
case3,regex_baseline,url,ascii,44704345,https://user:pass@host/,https://user:pass@host,,,,regex_match_no_context
case3,regex_baseline,url,ascii,44705701,https://crbug.com/1302249,https://crbug.com/1302249,,,,regex_match_no_context
case3,regex_baseline,url,ascii,44706595,https://developer.chrome.com/docs/extensions/mv3/cross-origin-isolation/,https://developer.chrome.com/docs/extensions/mv3/cross-origin-isolation,,,,regex_match_no_context
case3,regex_baseline,url,ascii,44707212,https://xhr.spec.whatwg.org/,https://xhr.spec.whatwg.org,,,,regex_match_no_context
case3,regex_baseline,url,ascii,44979371,https://g.co/chrome/lookalike-warnings,https://g.co/chrome/lookalike-warnings,,,,regex_match_no_context
case3,regex_baseline,url,ascii,45149382,https://chrome-devtools-frontend.appspot.com,https://chrome-devtools-frontend.appspot.com,,,,regex_match_no_context
case3,regex_baseline,url,ascii,45404237,https://username:password@example.com,https://username:password@example.com,,,,regex_match_no_context
case3,regex_baseline,url,ascii,46659044,https://github.com/GoogleChrome/lighthouse#readme,https://github.com/GoogleChrome/lighthouse,,,,regex_match_no_context
case3,regex_baseline,url,ascii,46718099,http://www.apache.org/licenses/LICENSE-2.0,http://www.apache.org/licenses/LICENSE-2.0,,,,regex_match_no_context
case3,regex_baseline,url,ascii,46764614,https://github.com/GoogleChrome/lighthouse/issues,https://github.com/GoogleChrome/lighthouse/issues,,,,regex_match_no_context
case3,regex_baseline,url,ascii,46766623,https://nodejs.org/api/intl.html,https://nodejs.org/api/intl.html,,,,regex_match_no_context
case3,regex_baseline,url,ascii,46767294,https://github.com/GoogleChrome/lighthouse/blob/main/readme.md#how-do-i-get-localized-lighthouse-results-via-the-cli,https://github.com/GoogleChrome/lighthouse/blob/main/readme.md,,,,regex_match_no_context
case3,regex_baseline,url,ascii,46804125,https://github.com/GoogleChrome/lighthouse/blob/main/docs/throttling.md#cpu-throttling).,https://github.com/GoogleChrome/lighthouse/blob/main/docs/throttling.md,,,,regex_match_no_context
case3,regex_baseline,url,ascii,46866447,https://amp.dev/documentation/components/amp-img/?format=websites),https://amp.dev/documentation/components/amp-img?format=websites),,,,regex_match_no_context
case3,regex_baseline,url,ascii,46866615,https://amp.dev/documentation/components/amp-img/#example:-specifying-a-fallback-image).,https://amp.dev/documentation/components/amp-img,,,,regex_match_no_context
case3,regex_baseline,url,ascii,46866882,https://amp.dev/documentation/guides-and-tutorials/develop/media_iframes_3p/?format=websites#images).,https://amp.dev/documentation/guides-and-tutorials/develop/media_iframes_3p?format=websites,,,,regex_match_no_context
case3,regex_baseline,url,ascii,46867048,https://github.com/ampproject/amp-toolbox/tree/master/packages/optimizer),https://github.com/ampproject/amp-toolbox/tree/master/packages/optimizer),,,,regex_match_no_context
case3,regex_baseline,url,ascii,46867158,https://amp.dev/documentation/guides-and-tutorials/optimize-and-measure/server-side-rendering/).,https://amp.dev/documentation/guides-and-tutorials/optimize-and-measure/server-side-rendering/).,,,,regex_match_no_context
case3,regex_baseline,url,ascii,46867308,https://amp.dev/documentation/guides-and-tutorials/develop/style_and_layout/style_pages/),https://amp.dev/documentation/guides-and-tutorials/develop/style_and_layout/style_pages/),,,,regex_match_no_context
case3,regex_baseline,url,ascii,46867504,https://amp.dev/documentation/components/amp-anim/),https://amp.dev/documentation/components/amp-anim/),,,,regex_match_no_context
case3,regex_baseline,url,ascii,46867753,https://web.dev/use-srcset-to-automatically-choose-the-right-image/),https://web.dev/use-srcset-to-automatically-choose-the-right-image/),,,,regex_match_no_context
case3,regex_baseline,url,ascii,46867908,https://amp.dev/documentation/guides-and-tutorials/develop/style_and_layout/art_direction/).,https://amp.dev/documentation/guides-and-tutorials/develop/style_and_layout/art_direction/).,,,,regex_match_no_context
case3,regex_baseline,url,ascii,46868480,https://web.dev/route-level-code-splitting-in-angular/),https://web.dev/route-level-code-splitting-in-angular/),,,,regex_match_no_context
case3,regex_baseline,url,ascii,46868652,https://web.dev/precaching-with-the-angular-service-worker/).,https://web.dev/precaching-with-the-angular-service-worker/).,,,,regex_match_no_context
case3,regex_baseline,url,ascii,46868833,https://angular.io/guide/deployment#enable-runtime-production-mode).,https://angular.io/guide/deployment,,,,regex_match_no_context
case3,regex_baseline,url,ascii,46869244,https://material.angular.io/cdk/layout/overview).,https://material.angular.io/cdk/layout/overview).,,,,regex_match_no_context
case3,regex_baseline,url,ascii,46869381,https://web.dev/route-preloading-in-angular/).,https://web.dev/route-preloading-in-angular/).,,,,regex_match_no_context
case3,regex_baseline,url,ascii,46869554,https://web.dev/virtualize-lists-with-angular-cdk/).,https://web.dev/virtualize-lists-with-angular-cdk/).,,,,regex_match_no_context
case3,regex_baseline,url,ascii,46870784,https://www.drupal.org/docs/8/creating-custom-modules/adding-stylesheets-css-and-javascript-js-to-a-drupal-8-module#library),https://www.drupal.org/docs/8/creating-custom-modules/adding-stylesheets-css-and-javascript-js-to-a-drupal-8-module,,,,regex_match_no_context
case3,regex_baseline,url,ascii,46871013,https://developers.google.com/web/updates/2017/04/devtools-release-notes#coverage),https://developers.google.com/web/updates/2017/04/devtools-release-notes,,,,regex_match_no_context
case3,regex_baseline,url,ascii,46872384,https://www.drupal.org/docs/core-modules-and-themes/core-modules/image-module/working-with-images#styles),https://www.drupal.org/docs/core-modules-and-themes/core-modules/image-module/working-with-images,,,,regex_match_no_context
case3,regex_baseline,url,ascii,46872551,https://www.drupal.org/project/project_module?f%5B0%5D=&f%5B1%5D=&f%5B2%5D=im_vid_3%3A67&f%5B3%5D=&f%5B4%5D=sm_field_project_type%3Afull&f%5B5%5D=&f%5B6%5D=&text=%22lazy+load%22&solrsort=iss_project_release_usage+desc&op=Search),https://www.drupal.org/project/project_module?f%5B0%5D=&f%5B1%5D=&f%5B2%5D=im_vid_3%3A67&f%5B3%5D=&f%5B4%5D=sm_field_project_type%3Afull&f%5B5%5D=&f%5B6%5D=&text=%22lazy+load%22&solrsort=iss_project_release_usage+desc&op=Search),,,,regex_match_no_context
case3,regex_baseline,url,ascii,46872957,https://www.drupal.org/docs/8/mobile-guide/responsive-images-in-drupal-8),https://www.drupal.org/docs/8/mobile-guide/responsive-images-in-drupal-8),,,,regex_match_no_context
case3,regex_baseline,url,ascii,46873432,https://www.drupal.org/project/advagg),https://www.drupal.org/project/advagg),,,,regex_match_no_context
case3,regex_baseline,url,ascii,46873809,https://www.drupal.org/project/project_module?f%5B0%5D=&f%5B1%5D=&f%5B2%5D=im_vid_3%3A123&f%5B3%5D=&f%5B4%5D=sm_field_project_type%3Afull&f%5B5%5D=&f%5B6%5D=&text=css+aggregation&solrsort=iss_project_release_usage+desc&op=Search),https://www.drupal.org/project/project_module?f%5B0%5D=&f%5B1%5D=&f%5B2%5D=im_vid_3%3A123&f%5B3%5D=&f%5B4%5D=sm_field_project_type%3Afull&f%5B5%5D=&f%5B6%5D=&text=css+aggregation&solrsort=iss_project_release_usage+desc&op=Search),,,,regex_match_no_context
case3,regex_baseline,url,ascii,46874351,https://www.drupal.org/project/project_module?f%5B0%5D=&f%5B1%5D=&f%5B2%5D=im_vid_3%3A123&f%5B3%5D=&f%5B4%5D=sm_field_project_type%3Afull&f%5B5%5D=&f%5B6%5D=&text=javascript+aggregation&solrsort=iss_project_release_usage+desc&op=Search),https://www.drupal.org/project/project_module?f%5B0%5D=&f%5B1%5D=&f%5B2%5D=im_vid_3%3A123&f%5B3%5D=&f%5B4%5D=sm_field_project_type%3Afull&f%5B5%5D=&f%5B6%5D=&text=javascript+aggregation&solrsort=iss_project_release_usage+desc&op=Search),,,,regex_match_no_context
case3,regex_baseline,url,ascii,46874998,https://www.drupal.org/docs/7/managing-site-performance-and-scalability/caching-to-improve-performance/caching-overview#s-drupal-performance-resources).,https://www.drupal.org/docs/7/managing-site-performance-and-scalability/caching-to-improve-performance/caching-overview,,,,regex_match_no_context
case3,regex_baseline,url,ascii,46875203,https://www.drupal.org/project/project_module?f%5B0%5D=&f%5B1%5D=&f%5B2%5D=im_vid_3%3A123&f%5B3%5D=&f%5B4%5D=sm_field_project_type%3Afull&f%5B5%5D=&f%5B6%5D=&text=optimize+images&solrsort=iss_project_release_usage+desc&op=Search),https://www.drupal.org/project/project_module?f%5B0%5D=&f%5B1%5D=&f%5B2%5D=im_vid_3%3A123&f%5B3%5D=&f%5B4%5D=sm_field_project_type%3Afull&f%5B5%5D=&f%5B6%5D=&text=optimize+images&solrsort=iss_project_release_usage+desc&op=Search),,,,regex_match_no_context
case3,regex_baseline,url,ascii,46876671,https://www.drupal.org/project/project_module?f%5B0%5D=&f%5B1%5D=&f%5B2%5D=&f%5B3%5D=&f%5B4%5D=sm_field_project_type%3Afull&f%5B5%5D=&f%5B6%5D=&text=dns-prefetch&solrsort=iss_project_release_usage+desc&op=Search),https://www.drupal.org/project/project_module?f%5B0%5D=&f%5B1%5D=&f%5B2%5D=&f%5B3%5D=&f%5B4%5D=sm_field_project_type%3Afull&f%5B5%5D=&f%5B6%5D=&text=dns-prefetch&solrsort=iss_project_release_usage+desc&op=Search),,,,regex_match_no_context
case3,regex_baseline,url,ascii,46877739,https://pubdash.ezoic.com/speed),https://pubdash.ezoic.com/speed),,,,regex_match_no_context
case3,regex_baseline,url,ascii,46879293,https://pubdash.ezoic.com/speed/caching),https://pubdash.ezoic.com/speed/caching),,,,regex_match_no_context
case3,regex_baseline,url,ascii,46881215,https://extensions.joomla.org/),https://extensions.joomla.org/),,,,regex_match_no_context
case3,regex_baseline,url,ascii,46881775,https://extensions.joomla.org/instant-search/?jed_live%5Bquery%5D=webp),https://extensions.joomla.org/instant-search?jed_live%5Bquery%5D=webp),,,,regex_match_no_context
case3,regex_baseline,url,ascii,46881993,https://extensions.joomla.org/instant-search/?jed_live%5Bquery%5D=lazy%20loading),https://extensions.joomla.org/instant-search?jed_live%5Bquery%5D=lazy%20loading),,,,regex_match_no_context
case3,regex_baseline,url,ascii,46882252,https://github.com/joomla/joomla-cms/pull/30748),https://github.com/joomla/joomla-cms/pull/30748),,,,regex_match_no_context
case3,regex_baseline,url,ascii,46882703,https://extensions.joomla.org/instant-search/?jed_live%5Bquery%5D=performance),https://extensions.joomla.org/instant-search?jed_live%5Bquery%5D=performance),,,,regex_match_no_context
case3,regex_baseline,url,ascii,46882818,https://extensions.joomla.org/instant-search/?jed_live%5Bquery%5D=performance).,https://extensions.joomla.org/instant-search?jed_live%5Bquery%5D=performance).,,,,regex_match_no_context
case3,regex_baseline,url,ascii,46884378,https://docs.joomla.org/Cache).,https://docs.joomla.org/Cache).,,,,regex_match_no_context
case3,regex_baseline,url,ascii,46884830,https://extensions.joomla.org/instant-search/?jed_live%5Bquery%5D=responsive%20images),https://extensions.joomla.org/instant-search?jed_live%5Bquery%5D=responsive%20images),,,,regex_match_no_context
case3,regex_baseline,url,ascii,46885658,https://marketplace.magento.com/catalogsearch/result/?q=webp),https://marketplace.magento.com/catalogsearch/result?q=webp),,,,regex_match_no_context
case3,regex_baseline,url,ascii,46885917,https://web.dev/native-lazy-loading),https://web.dev/native-lazy-loading),,,,regex_match_no_context
case3,regex_baseline,url,ascii,46886050,https://devdocs.magento.com/guides/v2.3/frontend-dev-guide/themes/js-bundling.html),https://devdocs.magento.com/guides/v2.3/frontend-dev-guide/themes/js-bundling.html),,,,regex_match_no_context
case3,regex_baseline,url,ascii,46886162,https://github.com/magento/baler/),https://github.com/magento/baler/),,,,regex_match_no_context
case3,regex_baseline,url,ascii,46886313,https://devdocs.magento.com/guides/v2.3/performance-best-practices/configuration.html?itm_source=devdocs&itm_medium=search_page&itm_campaign=federated_search&itm_term=minify%20css%20files).,https://devdocs.magento.com/guides/v2.3/performance-best-practices/configuration.html?itm_source=devdocs&itm_medium=search_page&itm_campaign=federated_search&itm_term=minify%20css%20files).,,,,regex_match_no_context
case3,regex_baseline,url,ascii,46886542,https://www.npmjs.com/package/terser),https://www.npmjs.com/package/terser),,,,regex_match_no_context
case3,regex_baseline,url,ascii,46886762,https://devdocs.magento.com/guides/v2.3/frontend-dev-guide/themes/js-bundling.html).,https://devdocs.magento.com/guides/v2.3/frontend-dev-guide/themes/js-bundling.html).,,,,regex_match_no_context
case3,regex_baseline,url,ascii,46886918,https://marketplace.magento.com/catalogsearch/result/?q=optimize%20image),https://marketplace.magento.com/catalogsearch/result?q=optimize%20image),,,,regex_match_no_context
case3,regex_baseline,url,ascii,46887113,https://devdocs.magento.com/guides/v2.3/config-guide/varnish/config-varnish.html).,https://devdocs.magento.com/guides/v2.3/config-guide/varnish/config-varnish.html).,,,,regex_match_no_context
case3,regex_baseline,url,ascii,46887309,https://devdocs.magento.com/guides/v2.3/frontend-dev-guide/layouts/xml-manage.html).,https://devdocs.magento.com/guides/v2.3/frontend-dev-guide/layouts/xml-manage.html).,,,,regex_match_no_context
case3,regex_baseline,url,ascii,46887671,https://github.com/magento/baler).,https://github.com/magento/baler).,,,,regex_match_no_context
case3,regex_baseline,url,ascii,46887776,https://devdocs.magento.com/guides/v2.3/frontend-dev-guide/css-topics/using-fonts.html).,https://devdocs.magento.com/guides/v2.3/frontend-dev-guide/css-topics/using-fonts.html).,,,,regex_match_no_context
case3,regex_baseline,url,ascii,46889269,https://purgecss.com/guides/next.html).,https://purgecss.com/guides/next.html).,,,,regex_match_no_context
case3,regex_baseline,url,ascii,46889437,https://nextjs.org/docs/basic-features/image-optimization).,https://nextjs.org/docs/basic-features/image-optimization).,,,,regex_match_no_context
case3,regex_baseline,url,ascii,46889805,https://nextjs.org/docs/basic-features/script).,https://nextjs.org/docs/basic-features/script).,,,,regex_match_no_context
case3,regex_baseline,url,ascii,46889952,https://github.com/vercel/next.js/tree/canary/packages/next-bundle-analyzer),https://github.com/vercel/next.js/tree/canary/packages/next-bundle-analyzer),,,,regex_match_no_context
case3,regex_baseline,url,ascii,46890146,https://nextjs.org/docs/going-to-production#caching).,https://nextjs.org/docs/going-to-production,,,,regex_match_no_context
case3,regex_baseline,url,ascii,46890456,https://nextjs.org/docs/api-reference/next.config.js/compression).,https://nextjs.org/docs/api-reference/next.config.js/compression).,,,,regex_match_no_context
case3,regex_baseline,url,ascii,46890626,https://nextjs.org/docs/api-reference/next/image#sizes).,https://nextjs.org/docs/api-reference/next/image,,,,regex_match_no_context
case3,regex_baseline,url,ascii,46890794,https://nextjs.org/docs/advanced-features/measuring-performance).,https://nextjs.org/docs/advanced-features/measuring-performance).,,,,regex_match_no_context
case3,regex_baseline,url,ascii,46891839,https://image.nuxtjs.org/components/nuxt-img#format).,https://image.nuxtjs.org/components/nuxt-img,,,,regex_match_no_context
case3,regex_baseline,url,ascii,46893665,https://octobercms.com/plugins),https://octobercms.com/plugins),,,,regex_match_no_context
case3,regex_baseline,url,ascii,46894167,https://octobercms.com/plugins?search=image),https://octobercms.com/plugins?search=image),,,,regex_match_no_context
case3,regex_baseline,url,ascii,46894322,https://developers.google.com/speed/webp),https://developers.google.com/speed/webp),,,,regex_match_no_context
case3,regex_baseline,url,ascii,46894542,https://jakearchibald.com/2020/avif-has-landed/).,https://jakearchibald.com/2020/avif-has-landed/).,,,,regex_match_no_context
case3,regex_baseline,url,ascii,46894665,https://octobercms.com/plugins?search=lazy),https://octobercms.com/plugins?search=lazy),,,,regex_match_no_context
case3,regex_baseline,url,ascii,46894858,https://octobercms.com/plugins?search=Accelerated+Mobile+Pages).,https://octobercms.com/plugins?search=Accelerated+Mobile+Pages).,,,,regex_match_no_context
case3,regex_baseline,url,ascii,46895254,https://octobercms.com/plugins?search=css).,https://octobercms.com/plugins?search=css).,,,,regex_match_no_context
case3,regex_baseline,url,ascii,46895413,https://octobercms.com/plugins?search=css),https://octobercms.com/plugins?search=css),,,,regex_match_no_context
case3,regex_baseline,url,ascii,46895672,https://octobercms.com/plugins?search=javascript),https://octobercms.com/plugins?search=javascript),,,,regex_match_no_context
case3,regex_baseline,url,ascii,46895954,https://web.dev/replace-gifs-with-videos/),https://web.dev/replace-gifs-with-videos/),,,,regex_match_no_context
case3,regex_baseline,url,ascii,46896077,https://web.dev/replace-gifs-with-videos/#create-webm-videos),https://web.dev/replace-gifs-with-videos,,,,regex_match_no_context
case3,regex_baseline,url,ascii,46896148,https://developers.google.com/web/updates/2018/09/chrome-70-media-updates#av1-decoder),https://developers.google.com/web/updates/2018/09/chrome-70-media-updates,,,,regex_match_no_context
case3,regex_baseline,url,ascii,46896975,https://web.dev/http-cache/#caching-checklist).,https://web.dev/http-cache,,,,regex_match_no_context
case3,regex_baseline,url,ascii,46897048,https://octobercms.com/plugins?search=Caching),https://octobercms.com/plugins?search=Caching),,,,regex_match_no_context
case3,regex_baseline,url,ascii,46897540,https://octobercms.com/docs/markup/filter-resize),https://octobercms.com/docs/markup/filter-resize),,,,regex_match_no_context
case3,regex_baseline,url,ascii,46897984,https://octobercms.com/docs/services/queues),https://octobercms.com/docs/services/queues),,,,regex_match_no_context
case3,regex_baseline,url,ascii,46901069,https://reactjs.org/docs/optimizing-performance.html#use-the-production-build).,https://reactjs.org/docs/optimizing-performance.html,,,,regex_match_no_context
case3,regex_baseline,url,ascii,46901547,https://web.dev/code-splitting-suspense/),https://web.dev/code-splitting-suspense/),,,,regex_match_no_context
case3,regex_baseline,url,ascii,46901690,https://www.smooth-code.com/open-source/loadable-components/docs/getting-started/).,https://www.smooth-code.com/open-source/loadable-components/docs/getting-started/).,,,,regex_match_no_context
case3,regex_baseline,url,ascii,46902039,https://reactjs.org/docs/react-dom-server.html#renderToPipeableStream).,https://reactjs.org/docs/react-dom-server.html,,,,regex_match_no_context
case3,regex_baseline,url,ascii,46902223,https://reacttraining.com/react-router/web/api/Redirect).,https://reacttraining.com/react-router/web/api/Redirect).,,,,regex_match_no_context
case3,regex_baseline,url,ascii,46902439,https://reactjs.org/blog/2018/09/10/introducing-the-react-profiler.html),https://reactjs.org/blog/2018/09/10/introducing-the-react-profiler.html),,,,regex_match_no_context
case3,regex_baseline,url,ascii,46902697,https://web.dev/virtualize-long-lists-react-window/).,https://web.dev/virtualize-long-lists-react-window/).,,,,regex_match_no_context
case3,regex_baseline,url,ascii,46902926,https://reactjs.org/docs/react-api.html#reactpurecomponent),https://reactjs.org/docs/react-api.html,,,,regex_match_no_context
case3,regex_baseline,url,ascii,46903075,https://reactjs.org/docs/hooks-effect.html#tip-optimizing-performance-by-skipping-effects),https://reactjs.org/docs/hooks-effect.html,,,,regex_match_no_context
case3,regex_baseline,url,ascii,46904215,https://wordpress.org/plugins/),https://wordpress.org/plugins/),,,,regex_match_no_context
case3,regex_baseline,url,ascii,46904360,https://developer.chrome.com/docs/devtools/coverage/),https://developer.chrome.com/docs/devtools/coverage/),,,,regex_match_no_context
case3,regex_baseline,url,ascii,46904754,https://wordpress.org/plugins/performance-lab/),https://wordpress.org/plugins/performance-lab/),,,,regex_match_no_context
case3,regex_baseline,url,ascii,46904952,https://wordpress.org/plugins/search/lazy+load/),https://wordpress.org/plugins/search/lazy+load/),,,,regex_match_no_context
case3,regex_baseline,url,ascii,46905150,https://wordpress.org/plugins/amp/).,https://wordpress.org/plugins/amp/).,,,,regex_match_no_context
case3,regex_baseline,url,ascii,46905531,https://wordpress.org/plugins/search/critical+css/),https://wordpress.org/plugins/search/critical+css/),,,,regex_match_no_context
case3,regex_baseline,url,ascii,46905619,https://wordpress.org/plugins/search/defer+css+javascript/).,https://wordpress.org/plugins/search/defer+css+javascript/).,,,,regex_match_no_context
case3,regex_baseline,url,ascii,46905875,https://wordpress.org/plugins/search/minify+css/),https://wordpress.org/plugins/search/minify+css/),,,,regex_match_no_context
case3,regex_baseline,url,ascii,46906151,https://wordpress.org/plugins/search/minify+javascript/),https://wordpress.org/plugins/search/minify+javascript/),,,,regex_match_no_context
case3,regex_baseline,url,ascii,46907133,https://wordpress.org/support/article/optimization/#browser-caching).,https://wordpress.org/support/article/optimization,,,,regex_match_no_context
case3,regex_baseline,url,ascii,46907285,https://wordpress.org/plugins/search/optimize+images/),https://wordpress.org/plugins/search/optimize+images/),,,,regex_match_no_context
case3,regex_baseline,url,ascii,46907564,https://wordpress.org/support/article/media-library-screen/),https://wordpress.org/support/article/media-library-screen/),,,,regex_match_no_context
case3,regex_baseline,url,ascii,46907937,https://wordpress.org/support/article/inserting-images-into-posts-and-pages/).,https://wordpress.org/support/article/inserting-images-into-posts-and-pages/).,,,,regex_match_no_context
case3,regex_baseline,url,ascii,46909933,https://docs.wp-rocket.me/article/1529-remove-unused-css),https://docs.wp-rocket.me/article/1529-remove-unused-css),,,,regex_match_no_context
case3,regex_baseline,url,ascii,46910326,https://docs.wp-rocket.me/article/1349-delay-javascript-execution),https://docs.wp-rocket.me/article/1349-delay-javascript-execution),,,,regex_match_no_context
case3,regex_baseline,url,ascii,46910615,https://docs.wp-rocket.me/article/1674-lazyload-for-iframes-and-videos),https://docs.wp-rocket.me/article/1674-lazyload-for-iframes-and-videos),,,,regex_match_no_context
case3,regex_baseline,url,ascii,46910735,https://docs.wp-rocket.me/article/1488-replace-youtube-iframe-with-preview-image),https://docs.wp-rocket.me/article/1488-replace-youtube-iframe-with-preview-image),,,,regex_match_no_context
case3,regex_baseline,url,ascii,46910973,https://docs.wp-rocket.me/article/1265-load-javascript-deferred),https://docs.wp-rocket.me/article/1265-load-javascript-deferred),,,,regex_match_no_context
case3,regex_baseline,url,ascii,46911254,https://docs.wp-rocket.me/article/1350-css-minify-combine),https://docs.wp-rocket.me/article/1350-css-minify-combine),,,,regex_match_no_context
case3,regex_baseline,url,ascii,46911525,https://docs.wp-rocket.me/article/1351-javascript-minify-combine),https://docs.wp-rocket.me/article/1351-javascript-minify-combine),,,,regex_match_no_context
case3,regex_baseline,url,ascii,46911934,https://docs.wp-rocket.me/article/1302-prefetch-dns-requests),https://docs.wp-rocket.me/article/1302-prefetch-dns-requests),,,,regex_match_no_context
case3,regex_baseline,url,ascii,46912163,https://docs.wp-rocket.me/article/1312-optimize-google-fonts),https://docs.wp-rocket.me/article/1312-optimize-google-fonts),,,,regex_match_no_context
case3,regex_baseline,url,ascii,46912269,https://docs.wp-rocket.me/article/42-using-wp-rocket-with-a-cdn),https://docs.wp-rocket.me/article/42-using-wp-rocket-with-a-cdn),,,,regex_match_no_context
case3,regex_baseline,url,ascii,46912594,https://docs.wp-rocket.me/article/1141-lazyload-for-images),https://docs.wp-rocket.me/article/1141-lazyload-for-images),,,,regex_match_no_context
case3,regex_baseline,url,ascii,46962486,https://a6bb0da87ee048cc9ae2a345fc09ab2e:63a7029f46f74265981b7e005e0f69f8@sentry.io/174697,https://a6bb0da87ee048cc9ae2a345fc09ab2e:63a7029f46f74265981b7e005e0f69f8@sentry.io/174697,,,,regex_match_no_context
case3,regex_baseline,url,ascii,46968117,https://marketingplatform.google.com/about/enterprise/,https://marketingplatform.google.com/about/enterprise,,,,regex_match_no_context
case3,regex_baseline,url,ascii,46968810,https://www.facebook.com,https://www.facebook.com,,,,regex_match_no_context
case3,regex_baseline,url,ascii,46969160,https://github.com/calibreapp/react-live-chat-loader,https://github.com/calibreapp/react-live-chat-loader,,,,regex_match_no_context
case3,regex_baseline,url,ascii,46969247,https://www.instagram.com,https://www.instagram.com,,,,regex_match_no_context
case3,regex_baseline,url,ascii,46969388,https://developers.google.com/speed/libraries/,https://developers.google.com/speed/libraries,,,,regex_match_no_context
case3,regex_baseline,url,ascii,46969602,https://www.google.com/maps,https://www.google.com/maps,,,,regex_match_no_context
case3,regex_baseline,url,ascii,46970042,https://developers.google.com/apis-explorer/#p/,https://developers.google.com/apis-explorer,,,,regex_match_no_context
case3,regex_baseline,url,ascii,46971202,https://marketingplatform.google.com/about/analytics/,https://marketingplatform.google.com/about/analytics,,,,regex_match_no_context
case3,regex_baseline,url,ascii,46971403,https://marketingplatform.google.com/about/optimize/,https://marketingplatform.google.com/about/optimize,,,,regex_match_no_context
case3,regex_baseline,url,ascii,46971560,https://github.com/google/amp-client-id-library,https://github.com/google/amp-client-id-library,,,,regex_match_no_context
case3,regex_baseline,url,ascii,46971715,https://marketingplatform.google.com/about/tag-manager/,https://marketingplatform.google.com/about/tag-manager,,,,regex_match_no_context
case3,regex_baseline,url,ascii,46971879,https://fonts.google.com/,https://fonts.google.com,,,,regex_match_no_context
case3,regex_baseline,url,ascii,46972024,https://fonts.adobe.com/,https://fonts.adobe.com,,,,regex_match_no_context
case3,regex_baseline,url,ascii,46972134,https://youtube.com,https://youtube.com,,,,regex_match_no_context
case3,regex_baseline,url,ascii,46972364,https://github.com/paulirish/lite-youtube-embed,https://github.com/paulirish/lite-youtube-embed,,,,regex_match_no_context
case3,regex_baseline,url,ascii,46972444,https://twitter.com,https://twitter.com,,,,regex_match_no_context
case3,regex_baseline,url,ascii,46972611,https://www.addthis.com/,https://www.addthis.com,,,,regex_match_no_context
case3,regex_baseline,url,ascii,46972748,https://www.addtoany.com/,https://www.addtoany.com,,,,regex_match_no_context
case3,regex_baseline,url,ascii,46972846,https://www.akamai.com/,https://www.akamai.com,,,,regex_match_no_context
case3,regex_baseline,url,ascii,46973121,https://www.blogger.com/,https://www.blogger.com,,,,regex_match_no_context
case3,regex_baseline,url,ascii,46973304,https://en.gravatar.com/,https://en.gravatar.com,,,,regex_match_no_context
case3,regex_baseline,url,ascii,46973426,https://metrica.yandex.com/about?,https://metrica.yandex.com/about,,,,regex_match_no_context
case3,regex_baseline,url,ascii,46973581,https://www.hotjar.com/,https://www.hotjar.com,,,,regex_match_no_context
case3,regex_baseline,url,ascii,46973701,https://tongji.baidu.com/web/welcome/login,https://tongji.baidu.com/web/welcome/login,,,,regex_match_no_context
case3,regex_baseline,url,ascii,46974137,https://www.adobe.com/experience-platform/,https://www.adobe.com/experience-platform,,,,regex_match_no_context
case3,regex_baseline,url,ascii,46974332,https://code.jquery.com/,https://code.jquery.com,,,,regex_match_no_context
case3,regex_baseline,url,ascii,46974432,https://cdnjs.com/,https://cdnjs.com,,,,regex_match_no_context
case3,regex_baseline,url,ascii,46974551,https://www.cloudflare.com/website-optimization/,https://www.cloudflare.com/website-optimization,,,,regex_match_no_context
case3,regex_baseline,url,ascii,46974757,https://wp.com/,https://wp.com,,,,regex_match_no_context
case3,regex_baseline,url,ascii,46975103,https://hatenablog.com/,https://hatenablog.com,,,,regex_match_no_context
case3,regex_baseline,url,ascii,46975219,https://www.shopify.com/,https://www.shopify.com,,,,regex_match_no_context
case3,regex_baseline,url,ascii,46975374,https://www.dealer.com/,https://www.dealer.com,,,,regex_match_no_context
case3,regex_baseline,url,ascii,46975469,https://www.pixnet.net/,https://www.pixnet.net,,,,regex_match_no_context
case3,regex_baseline,url,ascii,46975575,https://moat.com/,https://moat.com,,,,regex_match_no_context
case3,regex_baseline,url,ascii,46975681,https://33across.com/,https://33across.com,,,,regex_match_no_context
case3,regex_baseline,url,ascii,46975770,https://www.openx.com/,https://www.openx.com,,,,regex_match_no_context
case3,regex_baseline,url,ascii,46975946,https://ad.amazon.com/,https://ad.amazon.com,,,,regex_match_no_context
case3,regex_baseline,url,ascii,46976053,https://rubiconproject.com/,https://rubiconproject.com,,,,regex_match_no_context
case3,regex_baseline,url,ascii,46976195,https://www.thetradedesk.com/,https://www.thetradedesk.com,,,,regex_match_no_context
case3,regex_baseline,url,ascii,46976326,https://www.bidswitch.com/,https://www.bidswitch.com,,,,regex_match_no_context
case3,regex_baseline,url,ascii,46976437,https://liveramp.com/discover-identitylink/,https://liveramp.com/discover-identitylink,,,,regex_match_no_context
case3,regex_baseline,url,ascii,46976575,https://www.drawbridge.com/,https://www.drawbridge.com,,,,regex_match_no_context
case3,regex_baseline,url,ascii,46976694,https://www.oath.com/,https://www.oath.com,,,,regex_match_no_context
case3,regex_baseline,url,ascii,46976891,https://www.xaxis.com/,https://www.xaxis.com,,,,regex_match_no_context
case3,regex_baseline,url,ascii,46977040,https://freshdesk.com/,https://freshdesk.com,,,,regex_match_no_context
case3,regex_baseline,url,ascii,46977164,https://www.helpscout.net/,https://www.helpscout.net,,,,regex_match_no_context
case3,regex_baseline,url,ascii,46977484,https://www.alexa.com/,https://www.alexa.com,,,,regex_match_no_context
case3,regex_baseline,url,ascii,46977621,https://onesignal.com/,https://onesignal.com,,,,regex_match_no_context
case3,regex_baseline,url,ascii,46977725,https://www.luckyorange.com/,https://www.luckyorange.com,,,,regex_match_no_context
case3,regex_baseline,url,ascii,46977887,https://www.crazyegg.com/,https://www.crazyegg.com,,,,regex_match_no_context
case3,regex_baseline,url,ascii,46978071,https://yandex.com/adv/,https://yandex.com/adv,,,,regex_match_no_context
case3,regex_baseline,url,ascii,46978165,https://www.salesforce.com/products/marketing-cloud/,https://www.salesforce.com/products/marketing-cloud,,,,regex_match_no_context
case3,regex_baseline,url,ascii,46978308,https://www.salesforce.com/products/commerce-cloud/overview/,https://www.salesforce.com/products/commerce-cloud/overview,,,,regex_match_no_context
case3,regex_baseline,url,ascii,46978493,https://www.optimizely.com/,https://www.optimizely.com,,,,regex_match_no_context
case3,regex_baseline,url,ascii,46978600,https://www.livechat.com/,https://www.livechat.com,,,,regex_match_no_context
case3,regex_baseline,url,ascii,46978749,https://vk.com/,https://vk.com,,,,regex_match_no_context
case3,regex_baseline,url,ascii,46978831,https://tumblr.com/,https://tumblr.com,,,,regex_match_no_context
case3,regex_baseline,url,ascii,46978921,https://wistia.com/,https://wistia.com,,,,regex_match_no_context
case3,regex_baseline,url,ascii,46979058,https://www.brightcove.com/en/,https://www.brightcove.com/en,,,,regex_match_no_context
case3,regex_baseline,url,ascii,46979202,https://www.jsdelivr.com/,https://www.jsdelivr.com,,,,regex_match_no_context
case3,regex_baseline,url,ascii,46979295,https://sumo.com/,https://sumo.com,,,,regex_match_no_context
case3,regex_baseline,url,ascii,46979415,https://vimeo.com/,https://vimeo.com,,,,regex_match_no_context
case3,regex_baseline,url,ascii,46979607,https://github.com/slightlyoff/lite-vimeo,https://github.com/slightlyoff/lite-vimeo,,,,regex_match_no_context
case3,regex_baseline,url,ascii,46979683,https://github.com/luwes/lite-vimeo-embed,https://github.com/luwes/lite-vimeo-embed,,,,regex_match_no_context
case3,regex_baseline,url,ascii,46979756,https://disqus.com/,https://disqus.com,,,,regex_match_no_context
case3,regex_baseline,url,ascii,46979886,https://yandex.ru/,https://yandex.ru,,,,regex_match_no_context
case3,regex_baseline,url,ascii,46980136,https://integralads.com/uk/,https://integralads.com/uk,,,,regex_match_no_context
case3,regex_baseline,url,ascii,46980256,https://tealium.com/,https://tealium.com,,,,regex_match_no_context
case3,regex_baseline,url,ascii,46980442,https://pubmatic.com/,https://pubmatic.com,,,,regex_match_no_context
case3,regex_baseline,url,ascii,46980531,https://www.olark.com/,https://www.olark.com,,,,regex_match_no_context
case3,regex_baseline,url,ascii,46980635,https://www.tawk.to/,https://www.tawk.to,,,,regex_match_no_context
case3,regex_baseline,url,ascii,46980739,https://optinmonster.com/,https://optinmonster.com,,,,regex_match_no_context
case3,regex_baseline,url,ascii,46980873,https://zendesk.com/,https://zendesk.com,,,,regex_match_no_context
case3,regex_baseline,url,ascii,46981006,https://pusher.com/,https://pusher.com,,,,regex_match_no_context
case3,regex_baseline,url,ascii,46981114,https://www.drift.com/,https://www.drift.com,,,,regex_match_no_context
case3,regex_baseline,url,ascii,46981428,https://sentry.io/,https://sentry.io,,,,regex_match_no_context
case3,regex_baseline,url,ascii,46981583,https://aws.amazon.com/s3/,https://aws.amazon.com/s3,,,,regex_match_no_context
case3,regex_baseline,url,ascii,46981814,https://pay.amazon.com,https://pay.amazon.com,,,,regex_match_no_context
case3,regex_baseline,url,ascii,46981942,https://www.media.net/,https://www.media.net,,,,regex_match_no_context
case3,regex_baseline,url,ascii,46982046,https://www.yahoo.com/,https://www.yahoo.com,,,,regex_match_no_context
case3,regex_baseline,url,ascii,46982248,https://www.adroll.com/,https://www.adroll.com,,,,regex_match_no_context
case3,regex_baseline,url,ascii,46982338,https://twitch.tv/,https://twitch.tv,,,,regex_match_no_context
case3,regex_baseline,url,ascii,46982426,https://www.taboola.com/,https://www.taboola.com,,,,regex_match_no_context
case3,regex_baseline,url,ascii,46982545,https://www.sizmek.com/,https://www.sizmek.com,,,,regex_match_no_context
case3,regex_baseline,url,ascii,46982668,https://www.scorecardresearch.com/,https://www.scorecardresearch.com,,,,regex_match_no_context
case3,regex_baseline,url,ascii,46982780,https://www.criteo.com/,https://www.criteo.com,,,,regex_match_no_context
case3,regex_baseline,url,ascii,46982911,https://segment.com/,https://segment.com,,,,regex_match_no_context
case3,regex_baseline,url,ascii,46983024,https://www.sharethis.com/,https://www.sharethis.com,,,,regex_match_no_context
case3,regex_baseline,url,ascii,46983133,https://www.distilnetworks.com/,https://www.distilnetworks.com,,,,regex_match_no_context
case3,regex_baseline,url,ascii,46983245,https://connexity.com/,https://connexity.com,,,,regex_match_no_context
case3,regex_baseline,url,ascii,46983344,https://www.popads.net/,https://www.popads.net,,,,regex_match_no_context
case3,regex_baseline,url,ascii,46983440,https://code.createjs.com/,https://code.createjs.com,,,,regex_match_no_context
case3,regex_baseline,url,ascii,46983541,https://www.squarespace.com/,https://www.squarespace.com,,,,regex_match_no_context
case3,regex_baseline,url,ascii,46983651,https://www.mediamath.com/,https://www.mediamath.com,,,,regex_match_no_context
case3,regex_baseline,url,ascii,46983763,https://mixpanel.com/,https://mixpanel.com,,,,regex_match_no_context
case3,regex_baseline,url,ascii,46983883,https://fontawesome.com/,https://fontawesome.com,,,,regex_match_no_context
case3,regex_baseline,url,ascii,46983981,https://hubspot.com/,https://hubspot.com,,,,regex_match_no_context
case3,regex_baseline,url,ascii,46984364,https://mailchimp.com/,https://mailchimp.com,,,,regex_match_no_context
case3,regex_baseline,url,ascii,46984501,https://www.mgid.com/,https://www.mgid.com,,,,regex_match_no_context
case3,regex_baseline,url,ascii,46984601,https://stripe.com,https://stripe.com,,,,regex_match_no_context
case3,regex_baseline,url,ascii,46984728,https://paypal.com,https://paypal.com,,,,regex_match_no_context
case3,regex_baseline,url,ascii,46984844,https://www.marketgid.com/,https://www.marketgid.com,,,,regex_match_no_context
case3,regex_baseline,url,ascii,46984943,https://pinterest.com/,https://pinterest.com,,,,regex_match_no_context
case3,regex_baseline,url,ascii,46985057,https://newrelic.com/,https://newrelic.com,,,,regex_match_no_context
case3,regex_baseline,url,ascii,46985173,https://www.appdynamics.com/,https://www.appdynamics.com,,,,regex_match_no_context
case3,regex_baseline,url,ascii,46985340,https://parkingcrew.net/,https://parkingcrew.net,,,,regex_match_no_context
case3,regex_baseline,url,ascii,46985493,https://wordads.co/,https://wordads.co,,,,regex_match_no_context
case3,regex_baseline,url,ascii,46985583,https://www.appnexus.com/,https://www.appnexus.com,,,,regex_match_no_context
case3,regex_baseline,url,ascii,46985706,https://www.histats.com/,https://www.histats.com,,,,regex_match_no_context
case3,regex_baseline,url,ascii,46985811,https://www.doubleverify.com/,https://www.doubleverify.com,,,,regex_match_no_context
case3,regex_baseline,url,ascii,46985944,https://www.mediavine.com/,https://www.mediavine.com,,,,regex_match_no_context
case3,regex_baseline,url,ascii,46986037,https://www.wix.com/,https://www.wix.com,,,,regex_match_no_context
case3,regex_baseline,url,ascii,46986181,https://webflow.com/,https://webflow.com,,,,regex_match_no_context
case3,regex_baseline,url,ascii,46986351,https://www.weebly.com/,https://www.weebly.com,,,,regex_match_no_context
case3,regex_baseline,url,ascii,46986452,https://www.linkedin.com/,https://www.linkedin.com,,,,regex_match_no_context
case3,regex_baseline,url,ascii,46986742,https://www.voxmedia.com/,https://www.voxmedia.com,,,,regex_match_no_context
case3,regex_baseline,url,ascii,46986858,https://www.hotmart.com/,https://www.hotmart.com,,,,regex_match_no_context
case3,regex_baseline,url,ascii,46986959,https://www.soundcloud.com/,https://www.soundcloud.com,,,,regex_match_no_context
case3,regex_baseline,url,ascii,46987093,https://www.spotify.com/,https://www.spotify.com,,,,regex_match_no_context
case3,regex_baseline,url,ascii,46987199,https://amp.dev/,https://amp.dev,,,,regex_match_no_context
case3,regex_baseline,url,ascii,46987294,https://beeketing.com/,https://beeketing.com,,,,regex_match_no_context
case3,regex_baseline,url,ascii,46987396,https://albacross.com/,https://albacross.com,,,,regex_match_no_context
case3,regex_baseline,url,ascii,46987502,https://www.trafficjunky.com/,https://www.trafficjunky.com,,,,regex_match_no_context
case3,regex_baseline,url,ascii,46987630,https://www.bootstrapcdn.com/,https://www.bootstrapcdn.com,,,,regex_match_no_context
case3,regex_baseline,url,ascii,46987738,https://www.shareaholic.com/,https://www.shareaholic.com,,,,regex_match_no_context
case3,regex_baseline,url,ascii,46987875,https://snowplowanalytics.com/,https://snowplowanalytics.com,,,,regex_match_no_context
case3,regex_baseline,url,ascii,46988000,https://www.rdstation.com/en/,https://www.rdstation.com/en,,,,regex_match_no_context
case3,regex_baseline,url,ascii,46988121,https://www.jivochat.com/,https://www.jivochat.com,,,,regex_match_no_context
case3,regex_baseline,url,ascii,46988230,https://www.listrak.com/,https://www.listrak.com,,,,regex_match_no_context
case3,regex_baseline,url,ascii,46988347,https://www.ontame.io,https://www.ontame.io,,,,regex_match_no_context
case3,regex_baseline,url,ascii,46988440,https://www.ipify.org,https://www.ipify.org,,,,regex_match_no_context
case3,regex_baseline,url,ascii,46988536,https://www.ensighten.com/,https://www.ensighten.com,,,,regex_match_no_context
case3,regex_baseline,url,ascii,46988644,https://www.episerver.com,https://www.episerver.com,,,,regex_match_no_context
case3,regex_baseline,url,ascii,46988744,https://developer.akamai.com/akamai-mpulse,https://developer.akamai.com/akamai-mpulse,,,,regex_match_no_context
case3,regex_baseline,url,ascii,46988911,https://www.pingdom.com/product/performance-monitoring/,https://www.pingdom.com/product/performance-monitoring,,,,regex_match_no_context
case3,regex_baseline,url,ascii,46989070,https://speedcurve.com/features/lux/,https://speedcurve.com/features/lux,,,,regex_match_no_context
case3,regex_baseline,url,ascii,46989201,https://www.cedexis.com/radar/,https://www.cedexis.com/radar,,,,regex_match_no_context
case3,regex_baseline,url,ascii,46989644,https://byside.com,https://byside.com,,,,regex_match_no_context
case3,regex_baseline,url,ascii,46989733,https://vwo.com,https://vwo.com,,,,regex_match_no_context
case3,regex_baseline,url,ascii,46989899,https://bingads.microsoft.com,https://bingads.microsoft.com,,,,regex_match_no_context
case3,regex_baseline,url,ascii,46990084,https://www.gosquared.com,https://www.gosquared.com,,,,regex_match_no_context
case3,regex_baseline,url,ascii,46990220,https://usabilla.com,https://usabilla.com,,,,regex_match_no_context
case3,regex_baseline,url,ascii,46990357,https://insights.fastlylabs.com,https://insights.fastlylabs.com,,,,regex_match_no_context
case3,regex_baseline,url,ascii,46990474,https://www.visualiq.com,https://www.visualiq.com,,,,regex_match_no_context
case3,regex_baseline,url,ascii,46990578,https://www.snapchat.com,https://www.snapchat.com,,,,regex_match_no_context
case3,regex_baseline,url,ascii,46990705,https://atlassolutions.com,https://atlassolutions.com,,,,regex_match_no_context
case3,regex_baseline,url,ascii,46990807,https://www.quantcast.com,https://www.quantcast.com,,,,regex_match_no_context
case3,regex_baseline,url,ascii,46990981,https://www.spiceworks.com,https://www.spiceworks.com,,,,regex_match_no_context
case3,regex_baseline,url,ascii,46991086,https://www.marketo.com,https://www.marketo.com,,,,regex_match_no_context
case3,regex_baseline,url,ascii,46991220,https://www.intercom.com,https://www.intercom.com,,,,regex_match_no_context
case3,regex_baseline,url,ascii,46991556,https://github.com/danielbachhuber/intercom-facade/,https://github.com/danielbachhuber/intercom-facade,,,,regex_match_no_context
case3,regex_baseline,url,ascii,46991638,https://unpkg.com,https://unpkg.com,,,,regex_match_no_context
case3,regex_baseline,url,ascii,46991742,https://www.readspeaker.com,https://www.readspeaker.com,,,,regex_match_no_context
case3,regex_baseline,url,ascii,46991849,https://www.texthelp.com/en-gb/products/browsealoud/,https://www.texthelp.com/en-gb/products/browsealoud,,,,regex_match_no_context
case3,regex_baseline,url,ascii,46994907,https://www.accentuate.io/,https://www.accentuate.io,,,,regex_match_no_context
case3,regex_baseline,url,ascii,46998187,https://www.ebis.ne.jp/,https://www.ebis.ne.jp,,,,regex_match_no_context
case3,regex_baseline,url,ascii,46999774,https://www.businesscatalyst.com/,https://www.businesscatalyst.com,,,,regex_match_no_context
case3,regex_baseline,url,ascii,47002227,https://www.afterpay.com/,https://www.afterpay.com,,,,regex_match_no_context
case3,regex_baseline,url,ascii,47005156,https://appsolute.us/,https://appsolute.us,,,,regex_match_no_context
case3,regex_baseline,url,ascii,47007568,https://basis.net/,https://basis.net,,,,regex_match_no_context
case3,regex_baseline,url,ascii,47011123,https://bow-now.jp/,https://bow-now.jp,,,,regex_match_no_context
case3,regex_baseline,url,ascii,47011876,https://www.signal.co,https://www.signal.co,,,,regex_match_no_context
case3,regex_baseline,url,ascii,47013572,https://www.inauth.com/,https://www.inauth.com,,,,regex_match_no_context
case3,regex_baseline,url,ascii,47016280,https://www.channelape.com/,https://www.channelape.com,,,,regex_match_no_context
case3,regex_baseline,url,ascii,47024417,https://www.dailykarma.com/,https://www.dailykarma.com,,,,regex_match_no_context
case3,regex_baseline,url,ascii,47025083,https://www.datocms.com/,https://www.datocms.com,,,,regex_match_no_context
case3,regex_baseline,url,ascii,47028520,https://ec-concier.com/,https://ec-concier.com,,,,regex_match_no_context
case3,regex_baseline,url,ascii,47035644,https://flipdesk.jp/,https://flipdesk.jp,,,,regex_match_no_context
case3,regex_baseline,url,ascii,47040218,https://www.gladly.com/,https://www.gladly.com,,,,regex_match_no_context
case3,regex_baseline,url,ascii,47047996,https://www.innovid.com/,https://www.innovid.com,,,,regex_match_no_context
case3,regex_baseline,url,ascii,47048354,https://www.instart.com/,https://www.instart.com,,,,regex_match_no_context
case3,regex_baseline,url,ascii,47051419,https://karte.io/,https://karte.io,,,,regex_match_no_context
case3,regex_baseline,url,ascii,47051571,https://keen.io/,https://keen.io,,,,regex_match_no_context
case3,regex_baseline,url,ascii,47053695,https://www.leaseweb.com/,https://www.leaseweb.com,,,,regex_match_no_context
case3,regex_baseline,url,ascii,47054979,https://www.littledata.io/,https://www.littledata.io,,,,regex_match_no_context
case3,regex_baseline,url,ascii,47055454,https://www.liveperson.com/,https://www.liveperson.com,,,,regex_match_no_context
case3,regex_baseline,url,ascii,47056223,https://www.loginradius.com/,https://www.loginradius.com,,,,regex_match_no_context
case3,regex_baseline,url,ascii,47057635,https://group.macromill.com/,https://group.macromill.com,,,,regex_match_no_context
case3,regex_baseline,url,ascii,47059727,https://www.measured.com/,https://www.measured.com,,,,regex_match_no_context
case3,regex_baseline,url,ascii,47065911,http://www.nielsen-online.com/intlpage.html,http://www.nielsen-online.com/intlpage.html,,,,regex_match_no_context
case3,regex_baseline,url,ascii,47067904,https://www.godaddy.com/,https://www.godaddy.com,,,,regex_match_no_context
case3,regex_baseline,url,ascii,47070995,https://www.outbrain.com/,https://www.outbrain.com,,,,regex_match_no_context
case3,regex_baseline,url,ascii,47074834,https://polar.me/,https://polar.me,,,,regex_match_no_context
case3,regex_baseline,url,ascii,47084146,https://www.rockerbox.com/,https://www.rockerbox.com,,,,regex_match_no_context
case3,regex_baseline,url,ascii,47084816,https://www.brainpad.co.jp/rtoaster/,https://www.brainpad.co.jp/rtoaster,,,,regex_match_no_context
case3,regex_baseline,url,ascii,47085406,https://satori.marketing/,https://satori.marketing,,,,regex_match_no_context
case3,regex_baseline,url,ascii,47094738,https://www.sourceknowledge.com,https://www.sourceknowledge.com,,,,regex_match_no_context
case3,regex_baseline,url,ascii,47101222,https://www.thesistesting.com/,https://www.thesistesting.com,,,,regex_match_no_context
case3,regex_baseline,url,ascii,47102395,https://throtle.io/,https://throtle.io,,,,regex_match_no_context
case3,regex_baseline,url,ascii,47102605,https://www.tiktok.com/en/,https://www.tiktok.com/en,,,,regex_match_no_context
case3,regex_baseline,url,ascii,47102743,https://www.tidiochat.com/en/,https://www.tidiochat.com/en,,,,regex_match_no_context
case3,regex_baseline,url,ascii,47106020,https://letsencrypt.org/,https://letsencrypt.org,,,,regex_match_no_context
case3,regex_baseline,url,ascii,47109781,https://www.ve.com/,https://www.ve.com,,,,regex_match_no_context
case3,regex_baseline,url,ascii,47110594,https://www.verizondigitalmedia.com/,https://www.verizondigitalmedia.com,,,,regex_match_no_context
case3,regex_baseline,url,ascii,47112113,https://visely.io/,https://visely.io,,,,regex_match_no_context
case3,regex_baseline,url,ascii,47116271,https://appmate.io/,https://appmate.io,,,,regex_match_no_context
case3,regex_baseline,url,ascii,47117061,https://www.wunderkind.co/,https://www.wunderkind.co,,,,regex_match_no_context
case3,regex_baseline,url,ascii,47117409,https://www.atinternet.com/en/,https://www.atinternet.com/en,,,,regex_match_no_context
case3,regex_baseline,url,ascii,47117679,https://marketing.yahoo.co.jp/service/yahooads/,https://marketing.yahoo.co.jp/service/yahooads,,,,regex_match_no_context
case3,regex_baseline,url,ascii,47117869,https://marketing.yahoo.co.jp/service/tagmanager/,https://marketing.yahoo.co.jp/service/tagmanager,,,,regex_match_no_context
case3,regex_baseline,url,ascii,47118697,https://www.yotpo.com/,https://www.yotpo.com,,,,regex_match_no_context
case3,regex_baseline,url,ascii,47128491,https://www.cdkglobal.com/us,https://www.cdkglobal.com/us,,,,regex_match_no_context
case3,regex_baseline,url,ascii,47128615,http://admin.fam-ad.com/report/,http://admin.fam-ad.com/report,,,,regex_match_no_context
case3,regex_baseline,url,ascii,47128769,https://www.codigo.se,https://www.codigo.se,,,,regex_match_no_context
case3,regex_baseline,url,ascii,47128867,https://playground.xyz,https://playground.xyz,,,,regex_match_no_context
case3,regex_baseline,url,ascii,47128957,https://www2.rampanel.com/,https://www2.rampanel.com,,,,regex_match_no_context
case3,regex_baseline,url,ascii,47129060,https://www.adition.com,https://www.adition.com,,,,regex_match_no_context
case3,regex_baseline,url,ascii,47129155,https://www.widespace.com,https://www.widespace.com,,,,regex_match_no_context
case3,regex_baseline,url,ascii,47129359,https://www.brandmetrics.com,https://www.brandmetrics.com,,,,regex_match_no_context
case3,regex_baseline,url,ascii,47129467,https://web.easy-ads.com/,https://web.easy-ads.com,,,,regex_match_no_context
case3,regex_baseline,url,ascii,47129560,https://glimr.io/,https://glimr.io,,,,regex_match_no_context
case3,regex_baseline,url,ascii,47129651,https://www.webtrekk.com/en/home/,https://www.webtrekk.com/en/home,,,,regex_match_no_context
case3,regex_baseline,url,ascii,47129760,http://www.digitru.st/,http://www.digitru.st,,,,regex_match_no_context
case3,regex_baseline,url,ascii,47129861,https://www.kantarsifo.se,https://www.kantarsifo.se,,,,regex_match_no_context
case3,regex_baseline,url,ascii,47129966,https://concert.io/,https://concert.io,,,,regex_match_no_context
case3,regex_baseline,url,ascii,47130052,https://www.emerse.com/,https://www.emerse.com,,,,regex_match_no_context
case3,regex_baseline,url,ascii,47130144,https://iteratehq.com/,https://iteratehq.com,,,,regex_match_no_context
case3,regex_baseline,url,ascii,47130246,https://www.cookiebot.com/,https://www.cookiebot.com,,,,regex_match_no_context
case3,regex_baseline,url,ascii,47130348,https://www.netlify.com/,https://www.netlify.com,,,,regex_match_no_context
case3,regex_baseline,url,ascii,47130472,https://scroll.com/,https://scroll.com,,,,regex_match_no_context
case3,regex_baseline,url,ascii,47130567,https://consumable.com/,https://consumable.com,,,,regex_match_no_context
case3,regex_baseline,url,ascii,47130667,https://www.dmdconnects.com/,https://www.dmdconnects.com,,,,regex_match_no_context
case3,regex_baseline,url,ascii,47130775,https://www.catchpoint.com/,https://www.catchpoint.com,,,,regex_match_no_context
case3,regex_baseline,url,ascii,47130875,https://terminus.com/,https://terminus.com,,,,regex_match_no_context
case3,regex_baseline,url,ascii,47130978,https://acceptableads.com/,https://acceptableads.com,,,,regex_match_no_context
case3,regex_baseline,url,ascii,47131094,https://www.clearbrain.com/,https://www.clearbrain.com,,,,regex_match_no_context
case3,regex_baseline,url,ascii,47131200,https://www.cookielaw.org/,https://www.cookielaw.org,,,,regex_match_no_context
case3,regex_baseline,url,ascii,47131329,https://www.trustarc.com/,https://www.trustarc.com,,,,regex_match_no_context
case3,regex_baseline,url,ascii,47131430,https://www.ispot.tv/,https://www.ispot.tv,,,,regex_match_no_context
case3,regex_baseline,url,ascii,47131516,https://www.revjet.com/,https://www.revjet.com,,,,regex_match_no_context
case3,regex_baseline,url,ascii,47131608,https://www.atlasrtx.com/,https://www.atlasrtx.com,,,,regex_match_no_context
case3,regex_baseline,url,ascii,47131723,https://www.contactatonce.com/,https://www.contactatonce.com,,,,regex_match_no_context
case3,regex_baseline,url,ascii,47131842,https://www.algolia.com/,https://www.algolia.com,,,,regex_match_no_context
case3,regex_baseline,url,ascii,47131978,https://emxdigital.com,https://emxdigital.com,,,,regex_match_no_context
case3,regex_baseline,url,ascii,47132067,https://www.gomoxie.com/,https://www.gomoxie.com,,,,regex_match_no_context
case3,regex_baseline,url,ascii,47132187,https://www.scrippsnetworksdigital.com/,https://www.scrippsnetworksdigital.com,,,,regex_match_no_context
case3,regex_baseline,url,ascii,47132297,https://www.turntonetworks.com/,https://www.turntonetworks.com,,,,regex_match_no_context
case3,regex_baseline,url,ascii,47132408,https://www.quantummetric.com/,https://www.quantummetric.com,,,,regex_match_no_context
case3,regex_baseline,url,ascii,47132523,https://www.carbonads.net/,https://www.carbonads.net,,,,regex_match_no_context
case3,regex_baseline,url,ascii,47132635,https://www.ably.io/,https://www.ably.io,,,,regex_match_no_context
case3,regex_baseline,url,ascii,47132725,https://sectigo.com/,https://sectigo.com,,,,regex_match_no_context
case3,regex_baseline,url,ascii,47132820,https://gospecless.com/,https://gospecless.com,,,,regex_match_no_context
case3,regex_baseline,url,ascii,47132913,https://www.loggly.com/,https://www.loggly.com,,,,regex_match_no_context
case3,regex_baseline,url,ascii,47133048,https://intent.com/,https://intent.com,,,,regex_match_no_context
case3,regex_baseline,url,ascii,47133142,https://supership.jp/,https://supership.jp,,,,regex_match_no_context
case3,regex_baseline,url,ascii,47133241,https://www.fancs.com/,https://www.fancs.com,,,,regex_match_no_context
case3,regex_baseline,url,ascii,47133330,https://www.vidyard.com/,https://www.vidyard.com,,,,regex_match_no_context
case3,regex_baseline,url,ascii,47133429,https://www.rapidssl.com/,https://www.rapidssl.com,,,,regex_match_no_context
case3,regex_baseline,url,ascii,47133535,https://coherentpath.com/,https://coherentpath.com,,,,regex_match_no_context
case3,regex_baseline,url,ascii,47133641,https://attentivemobile.com/,https://attentivemobile.com,,,,regex_match_no_context
case3,regex_baseline,url,ascii,47133758,https://www.emetriq.com/,https://www.emetriq.com,,,,regex_match_no_context
case3,regex_baseline,url,ascii,47133865,https://www.bonzai.co/,https://www.bonzai.co,,,,regex_match_no_context
case3,regex_baseline,url,ascii,47133956,https://www.freshworks.com/live-chat-software/,https://www.freshworks.com/live-chat-software,,,,regex_match_no_context
case3,regex_baseline,url,ascii,47134228,https://github.com/coliff/freshdesk-messaging-facade/,https://github.com/coliff/freshdesk-messaging-facade,,,,regex_match_no_context
case3,regex_baseline,url,ascii,47134317,https://www.contentful.com/,https://www.contentful.com,,,,regex_match_no_context
case3,regex_baseline,url,ascii,47134422,https://www.purecars.com/,https://www.purecars.com,,,,regex_match_no_context
case3,regex_baseline,url,ascii,47134530,https://www.tray.com.br/,https://www.tray.com.br,,,,regex_match_no_context
case3,regex_baseline,url,ascii,47134630,https://www.adscore.com/,https://www.adscore.com,,,,regex_match_no_context
case3,regex_baseline,url,ascii,47134731,https://www.websitebuilder.com,https://www.websitebuilder.com,,,,regex_match_no_context
case3,regex_baseline,url,ascii,47134846,https://www.mparticle.com/,https://www.mparticle.com,,,,regex_match_no_context
case3,regex_baseline,url,ascii,47134944,https://www.ada.support/,https://www.ada.support,,,,regex_match_no_context
case3,regex_baseline,url,ascii,47135054,https://www.quora.com/business/,https://www.quora.com/business,,,,regex_match_no_context
case3,regex_baseline,url,ascii,47135150,https://auth0.com/,https://auth0.com,,,,regex_match_no_context
case3,regex_baseline,url,ascii,47135247,https://www.bridgewell.com/,https://www.bridgewell.com,,,,regex_match_no_context
case3,regex_baseline,url,ascii,47135349,https://www.wickedreports.com/,https://www.wickedreports.com,,,,regex_match_no_context
case3,regex_baseline,url,ascii,47135461,https://jaywing.com/,https://jaywing.com,,,,regex_match_no_context
case3,regex_baseline,url,ascii,47135560,https://u360.d-bi.fr/,https://u360.d-bi.fr,,,,regex_match_no_context
case3,regex_baseline,url,ascii,47135652,https://www.izooto.com,https://www.izooto.com,,,,regex_match_no_context
case3,regex_baseline,url,ascii,47135753,https://www.ordergroove.com/,https://www.ordergroove.com,,,,regex_match_no_context
case3,regex_baseline,url,ascii,47135863,https://www.zoho.com/pagesense/,https://www.zoho.com/pagesense,,,,regex_match_no_context
case3,regex_baseline,url,ascii,47135970,https://www.vizzit.se,https://www.vizzit.se,,,,regex_match_no_context
case3,regex_baseline,url,ascii,47136073,https://www.clickguardian.co.uk/,https://www.clickguardian.co.uk,,,,regex_match_no_context
case3,regex_baseline,url,ascii,47136230,https://www.smartsupp.com,https://www.smartsupp.com,,,,regex_match_no_context
case3,regex_baseline,url,ascii,47136447,https://www.smartlook.com/,https://www.smartlook.com,,,,regex_match_no_context
case3,regex_baseline,url,ascii,47136575,https://www.luigisbox.com/,https://www.luigisbox.com,,,,regex_match_no_context
case3,regex_baseline,url,ascii,47136698,https://www.targito.com,https://www.targito.com,,,,regex_match_no_context
case3,regex_baseline,url,ascii,47136816,https://foxentry.cz/,https://foxentry.cz,,,,regex_match_no_context
case3,regex_baseline,url,ascii,47136908,https://www.pendo.io,https://www.pendo.io,,,,regex_match_no_context
case3,regex_baseline,url,ascii,47137000,https://www.braze.com,https://www.braze.com,,,,regex_match_no_context
case3,regex_baseline,url,ascii,47137100,https://usersnap.com,https://usersnap.com,,,,regex_match_no_context
case3,regex_baseline,url,ascii,47137206,https://www.getrewardful.com,https://www.getrewardful.com,,,,regex_match_no_context
case3,regex_baseline,url,ascii,47137312,https://launchdarkly.com,https://launchdarkly.com,,,,regex_match_no_context
case3,regex_baseline,url,ascii,47137438,https://www.statuspage.io,https://www.statuspage.io,,,,regex_match_no_context
case3,regex_baseline,url,ascii,47137544,https://hyperinzerce.cz,https://hyperinzerce.cz,,,,regex_match_no_context
case3,regex_baseline,url,ascii,47137637,https://www.powr.io,https://www.powr.io,,,,regex_match_no_context
case3,regex_baseline,url,ascii,47137740,https://coralproject.net,https://coralproject.net,,,,regex_match_no_context
case3,regex_baseline,url,ascii,47137846,https://www.bolt.com/,https://www.bolt.com,,,,regex_match_no_context
case3,regex_baseline,url,ascii,47137939,https://judge.me/,https://judge.me,,,,regex_match_no_context
case3,regex_baseline,url,ascii,47138028,https://tilda.cc/,https://tilda.cc,,,,regex_match_no_context
case3,regex_baseline,url,ascii,47138122,https://salesloft.com/,https://salesloft.com,,,,regex_match_no_context
case3,regex_baseline,url,ascii,47138266,https://accessibe.com/,https://accessibe.com,,,,regex_match_no_context
case3,regex_baseline,url,ascii,47138395,https://www.builder.io/,https://www.builder.io,,,,regex_match_no_context
case3,regex_baseline,url,ascii,47138493,https://www.pepperjam.com/,https://www.pepperjam.com,,,,regex_match_no_context
case3,regex_baseline,url,ascii,47138623,https://withreach.com/,https://withreach.com,,,,regex_match_no_context
case3,regex_baseline,url,ascii,47138724,https://www.trychameleon.com/,https://www.trychameleon.com,,,,regex_match_no_context
case3,regex_baseline,url,ascii,47138853,https://matomo.org/,https://matomo.org,,,,regex_match_no_context
case3,regex_baseline,url,ascii,47138950,https://segmanta.com/,https://segmanta.com,,,,regex_match_no_context
case3,regex_baseline,url,ascii,47139051,https://podsights.com/,https://podsights.com,,,,regex_match_no_context
case3,regex_baseline,url,ascii,47139195,https://www.chatwoot.com/,https://www.chatwoot.com,,,,regex_match_no_context
case3,regex_baseline,url,ascii,47139302,https://crisp.chat/,https://crisp.chat,,,,regex_match_no_context
case3,regex_baseline,url,ascii,47139407,https://www.getadmiral.com,https://www.getadmiral.com,,,,regex_match_no_context
case3,regex_baseline,url,ascii,47139562,https://adnuntius.com,https://adnuntius.com,,,,regex_match_no_context
case3,regex_baseline,url,ascii,47139728,https://clickio.com,https://clickio.com,,,,regex_match_no_context
case3,regex_baseline,url,ascii,47139877,https://appconsent.io/en,https://appconsent.io/en,,,,regex_match_no_context
case3,regex_baseline,url,ascii,47140037,https://www.dmgmedia.co.uk,https://www.dmgmedia.co.uk,,,,regex_match_no_context
case3,regex_baseline,url,ascii,47140198,https://www.axelspringer.com,https://www.axelspringer.com,,,,regex_match_no_context
case3,regex_baseline,url,ascii,47140363,https://www.bedrockstreaming.com,https://www.bedrockstreaming.com,,,,regex_match_no_context
case3,regex_baseline,url,ascii,47140520,https://www.bmind.es,https://www.bmind.es,,,,regex_match_no_context
case3,regex_baseline,url,ascii,47140663,https://borlabs.io,https://borlabs.io,,,,regex_match_no_context
case3,regex_baseline,url,ascii,47140806,https://www.civicuk.com,https://www.civicuk.com,,,,regex_match_no_context
case3,regex_baseline,url,ascii,47140976,https://www.commandersact.com,https://www.commandersact.com,,,,regex_match_no_context
case3,regex_baseline,url,ascii,47141146,https://complianz.io/,https://complianz.io,,,,regex_match_no_context
case3,regex_baseline,url,ascii,47141303,https://www.consentdesk.com/,https://www.consentdesk.com,,,,regex_match_no_context
case3,regex_baseline,url,ascii,47141474,https://consentmanager.net,https://consentmanager.net,,,,regex_match_no_context
case3,regex_baseline,url,ascii,47141644,https://www.conversantmedia.eu/,https://www.conversantmedia.eu,,,,regex_match_no_context
case3,regex_baseline,url,ascii,47141819,https://www.cookieinformation.com/,https://www.cookieinformation.com,,,,regex_match_no_context
case3,regex_baseline,url,ascii,47142159,https://truendo.com/,https://truendo.com,,,,regex_match_no_context
case3,regex_baseline,url,ascii,47142305,https://www.dentsuaegisnetwork.de/,https://www.dentsuaegisnetwork.de,,,,regex_match_no_context
case3,regex_baseline,url,ascii,47142457,https://www.didomi.io/en/,https://www.didomi.io/en,,,,regex_match_no_context
case3,regex_baseline,url,ascii,47142765,https://evidon.com,https://evidon.com,,,,regex_match_no_context
case3,regex_baseline,url,ascii,47142907,https://www.ezoic.com/,https://www.ezoic.com,,,,regex_match_no_context
case3,regex_baseline,url,ascii,47143051,https://www.gemius.com,https://www.gemius.com,,,,regex_match_no_context
case3,regex_baseline,url,ascii,47143199,https://nitropay.com/,https://nitropay.com,,,,regex_match_no_context
case3,regex_baseline,url,ascii,47143359,https://fundingchoices.google.com/start/,https://fundingchoices.google.com/start,,,,regex_match_no_context
case3,regex_baseline,url,ascii,47143540,https://www.gravito.net/,https://www.gravito.net,,,,regex_match_no_context
case3,regex_baseline,url,ascii,47143691,https://id-ward.com/enterprise,https://id-ward.com/enterprise,,,,regex_match_no_context
case3,regex_baseline,url,ascii,47143847,https://www.iubenda.com,https://www.iubenda.com,,,,regex_match_no_context
case3,regex_baseline,url,ascii,47143994,https://jumpgroup.it/,https://jumpgroup.it,,,,regex_match_no_context
case3,regex_baseline,url,ascii,47144139,https://liveramp.com/,https://liveramp.com,,,,regex_match_no_context
case3,regex_baseline,url,ascii,47144288,https://madvertise.com/en/,https://madvertise.com/en,,,,regex_match_no_context
case3,regex_baseline,url,ascii,47144459,https://www.mairdumont-netletix.com/,https://www.mairdumont-netletix.com,,,,regex_match_no_context
case3,regex_baseline,url,ascii,47144620,https://www.marfeel.com/,https://www.marfeel.com,,,,regex_match_no_context
case3,regex_baseline,url,ascii,47144936,https://www.consentserve.com/,https://www.consentserve.com,,,,regex_match_no_context
case3,regex_baseline,url,ascii,47145101,https://www.next14.com/,https://www.next14.com,,,,regex_match_no_context
case3,regex_baseline,url,ascii,47145394,https://www.ogury.com/,https://www.ogury.com,,,,regex_match_no_context
case3,regex_baseline,url,ascii,47145538,https://onetag.net,https://onetag.net,,,,regex_match_no_context
case3,regex_baseline,url,ascii,47145682,https://onetrust.com,https://onetrust.com,,,,regex_match_no_context
case3,regex_baseline,url,ascii,47145833,https://www.optad360.com/,https://www.optad360.com,,,,regex_match_no_context
case3,regex_baseline,url,ascii,47145985,https://www.osano.com,https://www.osano.com,,,,regex_match_no_context
case3,regex_baseline,url,ascii,47146130,https://www.playwire.com,https://www.playwire.com,,,,regex_match_no_context
case3,regex_baseline,url,ascii,47146285,https://www.pulselive.com,https://www.pulselive.com,,,,regex_match_no_context
case3,regex_baseline,url,ascii,47146446,https://quantcast.com,https://quantcast.com,,,,regex_match_no_context
case3,regex_baseline,url,ascii,47146605,http://www.rcspubblicita.it/site/home.html,http://www.rcspubblicita.it/site/home.html,,,,regex_match_no_context
case3,regex_baseline,url,ascii,47146793,https://richaudience.com,https://richaudience.com,,,,regex_match_no_context
case3,regex_baseline,url,ascii,47146968,https://www.ringieraxelspringer.pl/en/home/,https://www.ringieraxelspringer.pl/en/home,,,,regex_match_no_context
case3,regex_baseline,url,ascii,47147139,https://secureprivacy.ai/,https://secureprivacy.ai,,,,regex_match_no_context
case3,regex_baseline,url,ascii,47147304,https://securiti.ai/,https://securiti.ai,,,,regex_match_no_context
case3,regex_baseline,url,ascii,47147455,https://www.seznam.cz/,https://www.seznam.cz,,,,regex_match_no_context
case3,regex_baseline,url,ascii,47147604,https://sharethis.com,https://sharethis.com,,,,regex_match_no_context
case3,regex_baseline,url,ascii,47147759,https://www.shinystat.com,https://www.shinystat.com,,,,regex_match_no_context
case3,regex_baseline,url,ascii,47147913,https://sibboventures.com/en/,https://sibboventures.com/en,,,,regex_match_no_context
case3,regex_baseline,url,ascii,47148084,https://www.singlespot.com/en,https://www.singlespot.com/en,,,,regex_match_no_context
case3,regex_baseline,url,ascii,47148246,https://www.sirdata.com,https://www.sirdata.com,,,,regex_match_no_context
case3,regex_baseline,url,ascii,47148391,https://snigel.com,https://snigel.com,,,,regex_match_no_context
case3,regex_baseline,url,ascii,47148544,https://sourcepoint.com,https://sourcepoint.com,,,,regex_match_no_context
case3,regex_baseline,url,ascii,47148702,https://www.pubtech.ai/,https://www.pubtech.ai,,,,regex_match_no_context
case3,regex_baseline,url,ascii,47148859,https://admetricspro.com,https://admetricspro.com,,,,regex_match_no_context
case3,regex_baseline,url,ascii,47149006,https://traffective.com,https://traffective.com,,,,regex_match_no_context
case3,regex_baseline,url,ascii,47149167,https://uniconsent.com,https://uniconsent.com,,,,regex_match_no_context
case3,regex_baseline,url,ascii,47149323,https://trustarc.com/,https://trustarc.com,,,,regex_match_no_context
case3,regex_baseline,url,ascii,47149478,https://usercentrics.com,https://usercentrics.com,,,,regex_match_no_context
case3,regex_baseline,url,ascii,47149687,https://www.webads.nl/,https://www.webads.nl,,,,regex_match_no_context
case3,regex_baseline,url,ascii,47149982,https://www.hubvisor.io,https://www.hubvisor.io,,,,regex_match_no_context
case3,regex_baseline,url,ascii,47150073,https://castle.io,https://castle.io,,,,regex_match_no_context
case3,regex_baseline,url,ascii,47150192,https://www.wigzo.com/,https://www.wigzo.com,,,,regex_match_no_context
case3,regex_baseline,url,ascii,47150309,https://convertful.com/,https://convertful.com,,,,regex_match_no_context
case3,regex_baseline,url,ascii,47150434,https://www.mediawallah.com/,https://www.mediawallah.com,,,,regex_match_no_context
case3,regex_baseline,url,ascii,47150553,http://tpmn.io/,http://tpmn.io,,,,regex_match_no_context
case3,regex_baseline,url,ascii,47150650,https://www.usehero.com/,https://www.usehero.com,,,,regex_match_no_context
case3,regex_baseline,url,ascii,47150777,https://zetaglobal.com/,https://zetaglobal.com,,,,regex_match_no_context
case3,regex_baseline,url,ascii,47150897,https://goadfuel.com/,https://goadfuel.com,,,,regex_match_no_context
case3,regex_baseline,url,ascii,47151028,https://www.prefixbox.com/,https://www.prefixbox.com,,,,regex_match_no_context
case3,regex_baseline,url,ascii,47151167,https://speedsize.com/,https://speedsize.com,,,,regex_match_no_context
case3,regex_baseline,url,ascii,47151336,https://www.vonage.com/communications-apis/video/,https://www.vonage.com/communications-apis/video,,,,regex_match_no_context
case3,regex_baseline,url,ascii,47151485,https://www.checkout.com,https://www.checkout.com,,,,regex_match_no_context
case3,regex_baseline,url,ascii,47151598,https://www.noibu.com,https://www.noibu.com,,,,regex_match_no_context
case3,regex_baseline,url,ascii,47151712,https://clarity.microsoft.com/,https://clarity.microsoft.com,,,,regex_match_no_context
case3,regex_baseline,url,ascii,47151835,https://goinstore.com/,https://goinstore.com,,,,regex_match_no_context
case3,regex_baseline,url,ascii,47151972,https://segmentstream.com/,https://segmentstream.com,,,,regex_match_no_context
case3,regex_baseline,url,ascii,47152107,https://affiliate-program.amazon.co.uk/,https://affiliate-program.amazon.co.uk,,,,regex_match_no_context
case3,regex_baseline,url,ascii,47152251,https://www.dotmetrics.net/,https://www.dotmetrics.net,,,,regex_match_no_context
case3,regex_baseline,url,ascii,47152379,https://truffle.bid/,https://truffle.bid,,,,regex_match_no_context
case3,regex_baseline,url,ascii,47152484,https://hybrid.ai/,https://hybrid.ai,,,,regex_match_no_context
case3,regex_baseline,url,ascii,47152589,https://admanmedia.com/,https://admanmedia.com,,,,regex_match_no_context
case3,regex_baseline,url,ascii,47152713,https://id5.io/,https://id5.io,,,,regex_match_no_context
case3,regex_baseline,url,ascii,47152851,https://www.audiencerate.com/,https://www.audiencerate.com,,,,regex_match_no_context
case3,regex_baseline,url,ascii,47152978,https://www.seedtag.com/,https://www.seedtag.com,,,,regex_match_no_context
case3,regex_baseline,url,ascii,47153094,http://ivitechnologies.com/,http://ivitechnologies.com,,,,regex_match_no_context
case3,regex_baseline,url,ascii,47153215,https://www.sportradar.com/,https://www.sportradar.com,,,,regex_match_no_context
case3,regex_baseline,url,ascii,47153337,https://zeotap.com/,https://zeotap.com,,,,regex_match_no_context
case3,regex_baseline,url,ascii,47153459,https://mediatrust.com/,https://mediatrust.com,,,,regex_match_no_context
case3,regex_baseline,url,ascii,47153582,https://hellogenie.com/,https://hellogenie.com,,,,regex_match_no_context
case3,regex_baseline,url,ascii,47153706,https://www.mediarithmics.com/,https://www.mediarithmics.com,,,,regex_match_no_context
case3,regex_baseline,url,ascii,47153845,https://www.ozoneproject.com/,https://www.ozoneproject.com,,,,regex_match_no_context
case3,regex_baseline,url,ascii,47153973,https://fifty.io/,https://fifty.io,,,,regex_match_no_context
case3,regex_baseline,url,ascii,47154079,https://smadex.com/,https://smadex.com,,,,regex_match_no_context
case3,regex_baseline,url,ascii,47154270,https://www.knorex.com/,https://www.knorex.com,,,,regex_match_no_context
case3,regex_baseline,url,ascii,47154388,https://viafoura.com/,https://viafoura.com,,,,regex_match_no_context
case3,regex_baseline,url,ascii,47154511,https://www.adnami.io/,https://www.adnami.io,,,,regex_match_no_context
case3,regex_baseline,url,ascii,47154636,https://liveramp.com/privacy-legal-compliance/,https://liveramp.com/privacy-legal-compliance,,,,regex_match_no_context
case3,regex_baseline,url,ascii,47154952,https://www.mrpfd.com/,https://www.mrpfd.com,,,,regex_match_no_context
case3,regex_baseline,url,ascii,47155057,https://iprom.eu/,https://iprom.eu,,,,regex_match_no_context
case3,regex_baseline,url,ascii,47169756,https://developer.chrome.com/docs/lighthouse/performance/performance-scoring/),https://developer.chrome.com/docs/lighthouse/performance/performance-scoring/),,,,regex_match_no_context
case3,regex_baseline,url,ascii,47170756,https://developer.chrome.com/docs/lighthouse/accessibility/).,https://developer.chrome.com/docs/lighthouse/accessibility/).,,,,regex_match_no_context
case3,regex_baseline,url,ascii,47171092,https://web.dev/how-to-review/).,https://web.dev/how-to-review/).,,,,regex_match_no_context
case3,regex_baseline,url,ascii,47172954,https://web.dev/learn-core-web-vitals/).,https://web.dev/learn-core-web-vitals/).,,,,regex_match_no_context
case3,regex_baseline,url,ascii,47173039,https://support.google.com/webmasters/answer/35769).,https://support.google.com/webmasters/answer/35769).,,,,regex_match_no_context
case3,regex_baseline,url,ascii,47173433,https://developers.google.com/search/mobile-sites/).,https://developers.google.com/search/mobile-sites/).,,,,regex_match_no_context
case3,regex_baseline,url,ascii,47173945,https://web.dev/pwa-checklist/).,https://web.dev/pwa-checklist/).,,,,regex_match_no_context
case3,regex_baseline,url,ascii,47174067,https://web.dev/pwa-checklist/),https://web.dev/pwa-checklist/),,,,regex_match_no_context
case3,regex_baseline,url,ascii,47194153,https://github.com/GoogleChrome/lighthouse/blob/main/docs/emulation.md,https://github.com/GoogleChrome/lighthouse/blob/main/docs/emulation.md,,,,regex_match_no_context
case3,regex_baseline,url,ascii,47265660,http://mozilla.org/MPL/2.0/.,http://mozilla.org/MPL/2.0/.,,,,regex_match_no_context
case3,regex_baseline,url,ascii,47329654,https://dequeuniversity.com/rules/,https://dequeuniversity.com/rules,,,,regex_match_no_context
case3,regex_baseline,url,ascii,47498845,https://github.com/dequelabs/axe-core/blob/master/doc/context.md,https://github.com/dequelabs/axe-core/blob/master/doc/context.md,,,,regex_match_no_context
case3,regex_baseline,url,ascii,47857933,http://www.gwtproject.org/,http://www.gwtproject.org,,,,regex_match_no_context
case3,regex_baseline,url,ascii,47858527,http://ink.sapo.pt/,http://ink.sapo.pt,,,,regex_match_no_context
case3,regex_baseline,url,ascii,47858670,https://vaadin.com/,https://vaadin.com,,,,regex_match_no_context
case3,regex_baseline,url,ascii,47858833,http://getbootstrap.com/,http://getbootstrap.com,,,,regex_match_no_context
case3,regex_baseline,url,ascii,47859474,https://foundation.zurb.com/,https://foundation.zurb.com,,,,regex_match_no_context
case3,regex_baseline,url,ascii,47859683,https://www.polymer-project.org/,https://www.polymer-project.org,,,,regex_match_no_context
case3,regex_baseline,url,ascii,47859889,https://lit-element.polymer-project.org/,https://lit-element.polymer-project.org,,,,regex_match_no_context
case3,regex_baseline,url,ascii,47860193,https://lit-html.polymer-project.org/,https://lit-html.polymer-project.org,,,,regex_match_no_context
case3,regex_baseline,url,ascii,47860490,http://www.highcharts.com,http://www.highcharts.com,,,,regex_match_no_context
case3,regex_baseline,url,ascii,47860680,http://philogb.github.com/jit/,http://philogb.github.com/jit,,,,regex_match_no_context
case3,regex_baseline,url,ascii,47860860,http://www.flotcharts.org/,http://www.flotcharts.org,,,,regex_match_no_context
case3,regex_baseline,url,ascii,47861033,https://createjs.com/,https://createjs.com,,,,regex_match_no_context
case3,regex_baseline,url,ascii,47861203,https://developers.google.com/maps/,https://developers.google.com/maps,,,,regex_match_no_context
case3,regex_baseline,url,ascii,47861383,http://jquery.com,http://jquery.com,,,,regex_match_no_context
case3,regex_baseline,url,ascii,47861777,http://jqueryui.com,http://jqueryui.com,,,,regex_match_no_context
case3,regex_baseline,url,ascii,47862250,http://dojotoolkit.org,http://dojotoolkit.org,,,,regex_match_no_context
case3,regex_baseline,url,ascii,47862505,http://prototypejs.org,http://prototypejs.org,,,,regex_match_no_context
case3,regex_baseline,url,ascii,47862708,http://script.aculo.us,http://script.aculo.us,,,,regex_match_no_context
case3,regex_baseline,url,ascii,47862897,https://mootools.net/,https://mootools.net,,,,regex_match_no_context
case3,regex_baseline,url,ascii,47863059,http://labs.adobe.com/technologies/spry,http://labs.adobe.com/technologies/spry,,,,regex_match_no_context
case3,regex_baseline,url,ascii,47863211,http://developer.yahoo.com/yui/2/,http://developer.yahoo.com/yui/2,,,,regex_match_no_context
case3,regex_baseline,url,ascii,47863378,https://yuilibrary.com/,https://yuilibrary.com,,,,regex_match_no_context
case3,regex_baseline,url,ascii,47863544,http://www.qooxdoo.org/,http://www.qooxdoo.org,,,,regex_match_no_context
case3,regex_baseline,url,ascii,47863700,https://www.sencha.com/products/extjs/,https://www.sencha.com/products/extjs,,,,regex_match_no_context
case3,regex_baseline,url,ascii,47864053,http://code.google.com/p/base2,http://code.google.com/p/base2,,,,regex_match_no_context
case3,regex_baseline,url,ascii,47864232,https://developers.google.com/closure/library/,https://developers.google.com/closure/library,,,,regex_match_no_context
case3,regex_baseline,url,ascii,47864438,http://dmitrybaranovskiy.github.io/raphael/,http://dmitrybaranovskiy.github.io/raphael,,,,regex_match_no_context
case3,regex_baseline,url,ascii,47864623,https://reactjs.org/,https://reactjs.org,,,,regex_match_no_context
case3,regex_baseline,url,ascii,47865579,https://nextjs.org/,https://nextjs.org,,,,regex_match_no_context
case3,regex_baseline,url,ascii,47865939,https://preactjs.com/,https://preactjs.com,,,,regex_match_no_context
case3,regex_baseline,url,ascii,47866972,https://modernizr.com/,https://modernizr.com,,,,regex_match_no_context
case3,regex_baseline,url,ascii,47867184,http://processingjs.org,http://processingjs.org,,,,regex_match_no_context
case3,regex_baseline,url,ascii,47867382,http://backbonejs.org/,http://backbonejs.org,,,,regex_match_no_context
case3,regex_baseline,url,ascii,47867576,http://leafletjs.com,http://leafletjs.com,,,,regex_match_no_context
case3,regex_baseline,url,ascii,47867777,https://www.mapbox.com/,https://www.mapbox.com,,,,regex_match_no_context
case3,regex_baseline,url,ascii,47867973,https://lodash.com/,https://lodash.com,,,,regex_match_no_context
case3,regex_baseline,url,ascii,47868250,http://underscorejs.org/,http://underscorejs.org,,,,regex_match_no_context
case3,regex_baseline,url,ascii,47868504,http://sammyjs.org,http://sammyjs.org,,,,regex_match_no_context
case3,regex_baseline,url,ascii,47868666,http://openrico.sourceforge.net/examples/index.html,http://openrico.sourceforge.net/examples/index.html,,,,regex_match_no_context
case3,regex_baseline,url,ascii,47868873,https://mochi.github.io/mochikit/,https://mochi.github.io/mochikit,,,,regex_match_no_context
case3,regex_baseline,url,ascii,47869070,https://github.com/DmitryBaranovskiy/g.raphael,https://github.com/DmitryBaranovskiy/g.raphael,,,,regex_match_no_context
case3,regex_baseline,url,ascii,47869234,http://www.bbc.co.uk/glow/,http://www.bbc.co.uk/glow,,,,regex_match_no_context
case3,regex_baseline,url,ascii,47869508,https://socket.io/,https://socket.io,,,,regex_match_no_context
case3,regex_baseline,url,ascii,47869693,http://mustache.github.io/,http://mustache.github.io,,,,regex_match_no_context
case3,regex_baseline,url,ascii,47869890,http://fabricjs.com/,http://fabricjs.com,,,,regex_match_no_context
case3,regex_baseline,url,ascii,47870063,http://fusejs.io/,http://fusejs.io,,,,regex_match_no_context
case3,regex_baseline,url,ascii,47870201,https://github.com/tweenjs/tween.js,https://github.com/tweenjs/tween.js,,,,regex_match_no_context
case3,regex_baseline,url,ascii,47870385,http://sproutcore.com/,http://sproutcore.com,,,,regex_match_no_context
case3,regex_baseline,url,ascii,47870530,http://zeptojs.com,http://zeptojs.com,,,,regex_match_no_context
case3,regex_baseline,url,ascii,47870683,https://threejs.org/,https://threejs.org,,,,regex_match_no_context
case3,regex_baseline,url,ascii,47870879,http://www.senchalabs.org/philogl/,http://www.senchalabs.org/philogl,,,,regex_match_no_context
case3,regex_baseline,url,ascii,47871075,http://camanjs.com/,http://camanjs.com,,,,regex_match_no_context
case3,regex_baseline,url,ascii,47871272,http://yepnopejs.com/,http://yepnopejs.com,,,,regex_match_no_context
case3,regex_baseline,url,ascii,47871419,https://github.com/getify/LABjs,https://github.com/getify/LABjs,,,,regex_match_no_context
case3,regex_baseline,url,ascii,47871577,http://headjs.com/,http://headjs.com,,,,regex_match_no_context
case3,regex_baseline,url,ascii,47871730,http://stevesouders.com/controljs/,http://stevesouders.com/controljs,,,,regex_match_no_context
case3,regex_baseline,url,ascii,47871890,http://requirejs.org/,http://requirejs.org,,,,regex_match_no_context
case3,regex_baseline,url,ascii,47872161,http://rightjs.org/,http://rightjs.org,,,,regex_match_no_context
case3,regex_baseline,url,ascii,47872343,http://jquerytools.github.io/,http://jquerytools.github.io,,,,regex_match_no_context
case3,regex_baseline,url,ascii,47872518,https://pusher.com/docs/,https://pusher.com/docs,,,,regex_match_no_context
case3,regex_baseline,url,ascii,47872707,http://paperjs.org/,http://paperjs.org,,,,regex_match_no_context
case3,regex_baseline,url,ascii,47872876,https://developers.google.com/swiffy/,https://developers.google.com/swiffy,,,,regex_match_no_context
case3,regex_baseline,url,ascii,47873030,https://github.com/rsms/move,https://github.com/rsms/move,,,,regex_match_no_context
case3,regex_baseline,url,ascii,47873217,http://amplifyjs.com/,http://amplifyjs.com,,,,regex_match_no_context
case3,regex_baseline,url,ascii,47873393,https://github.com/mozilla/popcorn-js/,https://github.com/mozilla/popcorn-js,,,,regex_match_no_context
case3,regex_baseline,url,ascii,47873564,https://d3js.org/,https://d3js.org,,,,regex_match_no_context
case3,regex_baseline,url,ascii,47873732,http://handlebarsjs.com/,http://handlebarsjs.com,,,,regex_match_no_context
case3,regex_baseline,url,ascii,47873946,https://handsontable.com/,https://handsontable.com,,,,regex_match_no_context
case3,regex_baseline,url,ascii,47874154,http://knockoutjs.com/,http://knockoutjs.com,,,,regex_match_no_context
case3,regex_baseline,url,ascii,47874326,http://spine.github.io/,http://spine.github.io,,,,regex_match_no_context
case3,regex_baseline,url,ascii,47874515,http://jquerymobile.com/,http://jquerymobile.com,,,,regex_match_no_context
case3,regex_baseline,url,ascii,47874755,https://github.com/typekit/webfontloader,https://github.com/typekit/webfontloader,,,,regex_match_no_context
case3,regex_baseline,url,ascii,47874942,https://angular.io/,https://angular.io,,,,regex_match_no_context
case3,regex_baseline,url,ascii,47875230,https://angularjs.org/,https://angularjs.org,,,,regex_match_no_context
case3,regex_baseline,url,ascii,47875404,https://ionicframework.com/,https://ionicframework.com,,,,regex_match_no_context
case3,regex_baseline,url,ascii,47875619,https://emberjs.com/,https://emberjs.com,,,,regex_match_no_context
case3,regex_baseline,url,ascii,47875810,http://eightmedia.github.io/hammer.js/,http://eightmedia.github.io/hammer.js,,,,regex_match_no_context
case3,regex_baseline,url,ascii,47876017,https://github.com/ai/visibilityjs,https://github.com/ai/visibilityjs,,,,regex_match_no_context
case3,regex_baseline,url,ascii,47876212,http://velocityjs.org/,http://velocityjs.org,,,,regex_match_no_context
case3,regex_baseline,url,ascii,47876532,http://serkanyersen.github.io/ifvisible.js/,http://serkanyersen.github.io/ifvisible.js,,,,regex_match_no_context
case3,regex_baseline,url,ascii,47876760,http://www.pixijs.com/,http://www.pixijs.com,,,,regex_match_no_context
case3,regex_baseline,url,ascii,47876960,http://dc-js.github.io/dc.js/,http://dc-js.github.io/dc.js,,,,regex_match_no_context
case3,regex_baseline,url,ascii,47877151,https://greensock.com/gsap,https://greensock.com/gsap,,,,regex_match_no_context
case3,regex_baseline,url,ascii,47877347,https://github.com/ftlabs/fastclick,https://github.com/ftlabs/fastclick,,,,regex_match_no_context
case3,regex_baseline,url,ascii,47877534,https://isotope.metafizzy.co/,https://isotope.metafizzy.co,,,,regex_match_no_context
case3,regex_baseline,url,ascii,47877727,https://marionettejs.com/,https://marionettejs.com,,,,regex_match_no_context
case3,regex_baseline,url,ascii,47877932,https://canjs.com/,https://canjs.com,,,,regex_match_no_context
case3,regex_baseline,url,ascii,47878087,https://vuejs.org/,https://vuejs.org,,,,regex_match_no_context
case3,regex_baseline,url,ascii,47878570,https://nuxtjs.org/,https://nuxtjs.org,,,,regex_match_no_context
case3,regex_baseline,url,ascii,47878938,https://two.js.org/,https://two.js.org,,,,regex_match_no_context
case3,regex_baseline,url,ascii,47879105,https://robertpataki.github.io/brewser/,https://robertpataki.github.io/brewser,,,,regex_match_no_context
case3,regex_baseline,url,ascii,47879322,https://getmdl.io/,https://getmdl.io,,,,regex_match_no_context
case3,regex_baseline,url,ascii,47879525,https://github.com/telerik/kendo-ui-core,https://github.com/telerik/kendo-ui-core,,,,regex_match_no_context
case3,regex_baseline,url,ascii,47879752,http://brm.io/matter-js/,http://brm.io/matter-js,,,,regex_match_no_context
case3,regex_baseline,url,ascii,47879910,http://riotjs.com/,http://riotjs.com,,,,regex_match_no_context
case3,regex_baseline,url,ascii,47880075,https://seajs.github.io/seajs/docs/,https://seajs.github.io/seajs/docs,,,,regex_match_no_context
case3,regex_baseline,url,ascii,47880267,http://momentjs.com/,http://momentjs.com,,,,regex_match_no_context
case3,regex_baseline,url,ascii,47880482,http://momentjs.com/timezone/,http://momentjs.com/timezone,,,,regex_match_no_context
case3,regex_baseline,url,ascii,47880689,http://scrollmagic.io/,http://scrollmagic.io,,,,regex_match_no_context
case3,regex_baseline,url,ascii,47880894,https://github.com/swfobject/swfobject,https://github.com/swfobject/swfobject,,,,regex_match_no_context
case3,regex_baseline,url,ascii,47881155,https://woocommerce.com/flexslider/,https://woocommerce.com/flexslider,,,,regex_match_no_context
case3,regex_baseline,url,ascii,47881366,https://youtube.github.io/spfjs/,https://youtube.github.io/spfjs,,,,regex_match_no_context
case3,regex_baseline,url,ascii,47881533,http://numeraljs.com/,http://numeraljs.com,,,,regex_match_no_context
case3,regex_baseline,url,ascii,47881723,https://soasta.github.io/boomerang/,https://soasta.github.io/boomerang,,,,regex_match_no_context
case3,regex_baseline,url,ascii,47881927,https://framer.com/,https://framer.com,,,,regex_match_no_context
case3,regex_baseline,url,ascii,47882105,https://markojs.com/,https://markojs.com,,,,regex_match_no_context
case3,regex_baseline,url,ascii,47882303,https://www.npmjs.com/org/ampproject,https://www.npmjs.com/org/ampproject,,,,regex_match_no_context
case3,regex_baseline,url,ascii,47882483,https://www.gatsbyjs.org/,https://www.gatsbyjs.org,,,,regex_match_no_context
case3,regex_baseline,url,ascii,47882816,https://magento.com/,https://magento.com,,,,regex_match_no_context
case3,regex_baseline,url,ascii,47883115,https://wordpress.org/,https://wordpress.org,,,,regex_match_no_context
case3,regex_baseline,url,ascii,47883210,https://api.w.org/,https://api.w.org,,,,regex_match_no_context
case3,regex_baseline,url,ascii,47883776,https://developers.google.com/web/tools/workbox/,https://developers.google.com/web/tools/workbox,,,,regex_match_no_context
case3,regex_baseline,url,ascii,47884794,https://github.com/johnmichel/Library-Detector-for-Chrome/pull/143,https://github.com/johnmichel/Library-Detector-for-Chrome/pull/143,,,,regex_match_no_context
case3,regex_baseline,url,ascii,47884976,https://github.com/johnmichel/Library-Detector-for-Chrome/pull/147,https://github.com/johnmichel/Library-Detector-for-Chrome/pull/147,,,,regex_match_no_context
case3,regex_baseline,url,ascii,47885174,https://github.com/zloirock/core-js,https://github.com/zloirock/core-js,,,,regex_match_no_context
case3,regex_baseline,url,ascii,47885502,https://www.drupal.org/,https://www.drupal.org,,,,regex_match_no_context
case3,regex_baseline,url,ascii,47885971,https://typo3.org/,https://typo3.org,,,,regex_match_no_context
case3,regex_baseline,url,ascii,47886354,https://create-react-app.dev/,https://create-react-app.dev,,,,regex_match_no_context
case3,regex_baseline,url,ascii,47886707,https://guess-js.github.io/,https://guess-js.github.io,,,,regex_match_no_context
case3,regex_baseline,url,ascii,47886875,https://octobercms.com/,https://octobercms.com,,,,regex_match_no_context
case3,regex_baseline,url,ascii,47887356,https://www.joomla.org/,https://www.joomla.org,,,,regex_match_no_context
case3,regex_baseline,url,ascii,47887721,https://sugarjs.com,https://sugarjs.com,,,,regex_match_no_context
case3,regex_baseline,url,ascii,47887921,https://bentojs.dev,https://bentojs.dev,,,,regex_match_no_context
case3,regex_baseline,url,ascii,47887947,https://www.npmjs.com/org/bentoproject,https://www.npmjs.com/org/bentoproject,,,,regex_match_no_context
case3,regex_baseline,url,ascii,47888116,https://wp-rocket.me/,https://wp-rocket.me,,,,regex_match_no_context
case3,regex_baseline,url,ascii,47903303,https://dequeuniversity.com/rules/axe/4.6/accesskeys).,https://dequeuniversity.com/rules/axe/4.6/accesskeys).,,,,regex_match_no_context
case3,regex_baseline,url,ascii,47903994,https://dequeuniversity.com/rules/axe/4.6/aria-allowed-attr).,https://dequeuniversity.com/rules/axe/4.6/aria-allowed-attr).,,,,regex_match_no_context
case3,regex_baseline,url,ascii,47904792,https://dequeuniversity.com/rules/axe/4.6/aria-command-name).,https://dequeuniversity.com/rules/axe/4.6/aria-command-name).,,,,regex_match_no_context
case3,regex_baseline,url,ascii,47905545,https://dequeuniversity.com/rules/axe/4.6/aria-hidden-body).,https://dequeuniversity.com/rules/axe/4.6/aria-hidden-body).,,,,regex_match_no_context
case3,regex_baseline,url,ascii,47906355,https://dequeuniversity.com/rules/axe/4.6/aria-hidden-focus).,https://dequeuniversity.com/rules/axe/4.6/aria-hidden-focus).,,,,regex_match_no_context
case3,regex_baseline,url,ascii,47907093,https://dequeuniversity.com/rules/axe/4.6/aria-input-field-name).,https://dequeuniversity.com/rules/axe/4.6/aria-input-field-name).,,,,regex_match_no_context
case3,regex_baseline,url,ascii,47907855,https://dequeuniversity.com/rules/axe/4.6/aria-meter-name).,https://dequeuniversity.com/rules/axe/4.6/aria-meter-name).,,,,regex_match_no_context
case3,regex_baseline,url,ascii,47908621,https://dequeuniversity.com/rules/axe/4.6/aria-progressbar-name).,https://dequeuniversity.com/rules/axe/4.6/aria-progressbar-name).,,,,regex_match_no_context
case3,regex_baseline,url,ascii,47909347,https://dequeuniversity.com/rules/axe/4.6/aria-required-attr).,https://dequeuniversity.com/rules/axe/4.6/aria-required-attr).,,,,regex_match_no_context
case3,regex_baseline,url,ascii,47910218,https://dequeuniversity.com/rules/axe/4.6/aria-required-children).,https://dequeuniversity.com/rules/axe/4.6/aria-required-children).,,,,regex_match_no_context
case3,regex_baseline,url,ascii,47910994,https://dequeuniversity.com/rules/axe/4.6/aria-required-parent).,https://dequeuniversity.com/rules/axe/4.6/aria-required-parent).,,,,regex_match_no_context
case3,regex_baseline,url,ascii,47911646,https://dequeuniversity.com/rules/axe/4.6/aria-roles).,https://dequeuniversity.com/rules/axe/4.6/aria-roles).,,,,regex_match_no_context
case3,regex_baseline,url,ascii,47912354,https://dequeuniversity.com/rules/axe/4.6/aria-toggle-field-name).,https://dequeuniversity.com/rules/axe/4.6/aria-toggle-field-name).,,,,regex_match_no_context
case3,regex_baseline,url,ascii,47913128,https://dequeuniversity.com/rules/axe/4.6/aria-tooltip-name).,https://dequeuniversity.com/rules/axe/4.6/aria-tooltip-name).,,,,regex_match_no_context
case3,regex_baseline,url,ascii,47913897,https://dequeuniversity.com/rules/axe/4.6/aria-treeitem-name).,https://dequeuniversity.com/rules/axe/4.6/aria-treeitem-name).,,,,regex_match_no_context
case3,regex_baseline,url,ascii,47914592,https://dequeuniversity.com/rules/axe/4.6/aria-valid-attr-value).,https://dequeuniversity.com/rules/axe/4.6/aria-valid-attr-value).,,,,regex_match_no_context
case3,regex_baseline,url,ascii,47915298,https://dequeuniversity.com/rules/axe/4.6/aria-valid-attr).,https://dequeuniversity.com/rules/axe/4.6/aria-valid-attr).,,,,regex_match_no_context
case3,regex_baseline,url,ascii,47916005,https://dequeuniversity.com/rules/axe/4.6/button-name).,https://dequeuniversity.com/rules/axe/4.6/button-name).,,,,regex_match_no_context
case3,regex_baseline,url,ascii,47916693,https://dequeuniversity.com/rules/axe/4.6/bypass).,https://dequeuniversity.com/rules/axe/4.6/bypass).,,,,regex_match_no_context
case3,regex_baseline,url,ascii,47917415,https://dequeuniversity.com/rules/axe/4.6/color-contrast).,https://dequeuniversity.com/rules/axe/4.6/color-contrast).,,,,regex_match_no_context
case3,regex_baseline,url,ascii,47918249,https://dequeuniversity.com/rules/axe/4.6/definition-list).,https://dequeuniversity.com/rules/axe/4.6/definition-list).,,,,regex_match_no_context
case3,regex_baseline,url,ascii,47919002,https://dequeuniversity.com/rules/axe/4.6/dlitem).,https://dequeuniversity.com/rules/axe/4.6/dlitem).,,,,regex_match_no_context
case3,regex_baseline,url,ascii,47919681,https://dequeuniversity.com/rules/axe/4.6/document-title).,https://dequeuniversity.com/rules/axe/4.6/document-title).,,,,regex_match_no_context
case3,regex_baseline,url,ascii,47920386,https://dequeuniversity.com/rules/axe/4.6/duplicate-id-active).,https://dequeuniversity.com/rules/axe/4.6/duplicate-id-active).,,,,regex_match_no_context
case3,regex_baseline,url,ascii,47921046,https://dequeuniversity.com/rules/axe/4.6/duplicate-id-aria).,https://dequeuniversity.com/rules/axe/4.6/duplicate-id-aria).,,,,regex_match_no_context
case3,regex_baseline,url,ascii,47921769,https://dequeuniversity.com/rules/axe/4.6/form-field-multiple-labels).,https://dequeuniversity.com/rules/axe/4.6/form-field-multiple-labels).,,,,regex_match_no_context
case3,regex_baseline,url,ascii,47922519,https://dequeuniversity.com/rules/axe/4.6/frame-title).,https://dequeuniversity.com/rules/axe/4.6/frame-title).,,,,regex_match_no_context
case3,regex_baseline,url,ascii,47923274,https://dequeuniversity.com/rules/axe/4.6/heading-order).,https://dequeuniversity.com/rules/axe/4.6/heading-order).,,,,regex_match_no_context
case3,regex_baseline,url,ascii,47924135,https://dequeuniversity.com/rules/axe/4.6/html-has-lang).,https://dequeuniversity.com/rules/axe/4.6/html-has-lang).,,,,regex_match_no_context
case3,regex_baseline,url,ascii,47924746,https://www.w3.org/International/questions/qa-choosing-language-tags#question),https://www.w3.org/International/questions/qa-choosing-language-tags,,,,regex_match_no_context
case3,regex_baseline,url,ascii,47924910,https://dequeuniversity.com/rules/axe/4.6/html-lang-valid).,https://dequeuniversity.com/rules/axe/4.6/html-lang-valid).,,,,regex_match_no_context
case3,regex_baseline,url,ascii,47925616,https://dequeuniversity.com/rules/axe/4.6/image-alt).,https://dequeuniversity.com/rules/axe/4.6/image-alt).,,,,regex_match_no_context
case3,regex_baseline,url,ascii,47926328,https://dequeuniversity.com/rules/axe/4.6/input-image-alt).,https://dequeuniversity.com/rules/axe/4.6/input-image-alt).,,,,regex_match_no_context
case3,regex_baseline,url,ascii,47926998,https://dequeuniversity.com/rules/axe/4.6/label).,https://dequeuniversity.com/rules/axe/4.6/label).,,,,regex_match_no_context
case3,regex_baseline,url,ascii,47927676,https://dequeuniversity.com/rules/axe/4.6/link-name).,https://dequeuniversity.com/rules/axe/4.6/link-name).,,,,regex_match_no_context
case3,regex_baseline,url,ascii,47928456,https://dequeuniversity.com/rules/axe/4.6/list).,https://dequeuniversity.com/rules/axe/4.6/list).,,,,regex_match_no_context
case3,regex_baseline,url,ascii,47929203,https://dequeuniversity.com/rules/axe/4.6/listitem).,https://dequeuniversity.com/rules/axe/4.6/listitem).,,,,regex_match_no_context
case3,regex_baseline,url,ascii,47930054,https://developer.chrome.com/docs/lighthouse/accessibility/custom-controls-labels/).,https://developer.chrome.com/docs/lighthouse/accessibility/custom-controls-labels/).,,,,regex_match_no_context
case3,regex_baseline,url,ascii,47930483,https://developer.chrome.com/docs/lighthouse/accessibility/custom-control-roles/).,https://developer.chrome.com/docs/lighthouse/accessibility/custom-control-roles/).,,,,regex_match_no_context
case3,regex_baseline,url,ascii,47930913,https://developer.chrome.com/docs/lighthouse/accessibility/focus-traps/).,https://developer.chrome.com/docs/lighthouse/accessibility/focus-traps/).,,,,regex_match_no_context
case3,regex_baseline,url,ascii,47931365,https://developer.chrome.com/docs/lighthouse/accessibility/focusable-controls/).,https://developer.chrome.com/docs/lighthouse/accessibility/focusable-controls/).,,,,regex_match_no_context
case3,regex_baseline,url,ascii,47931911,https://developer.chrome.com/docs/lighthouse/accessibility/interactive-element-affordance/).,https://developer.chrome.com/docs/lighthouse/accessibility/interactive-element-affordance/).,,,,regex_match_no_context
case3,regex_baseline,url,ascii,47932394,https://developer.chrome.com/docs/lighthouse/accessibility/logical-tab-order/).,https://developer.chrome.com/docs/lighthouse/accessibility/logical-tab-order/).,,,,regex_match_no_context
case3,regex_baseline,url,ascii,47932832,https://developer.chrome.com/docs/lighthouse/accessibility/managed-focus/).,https://developer.chrome.com/docs/lighthouse/accessibility/managed-focus/).,,,,regex_match_no_context
case3,regex_baseline,url,ascii,47933295,https://developer.chrome.com/docs/lighthouse/accessibility/offscreen-content-hidden/).,https://developer.chrome.com/docs/lighthouse/accessibility/offscreen-content-hidden/).,,,,regex_match_no_context
case3,regex_baseline,url,ascii,47933789,https://developer.chrome.com/docs/lighthouse/accessibility/use-landmarks/).,https://developer.chrome.com/docs/lighthouse/accessibility/use-landmarks/).,,,,regex_match_no_context
case3,regex_baseline,url,ascii,47934255,https://developer.chrome.com/docs/lighthouse/accessibility/visual-order-follows-dom/).,https://developer.chrome.com/docs/lighthouse/accessibility/visual-order-follows-dom/).,,,,regex_match_no_context
case3,regex_baseline,url,ascii,47934775,https://dequeuniversity.com/rules/axe/4.6/meta-refresh).,https://dequeuniversity.com/rules/axe/4.6/meta-refresh).,,,,regex_match_no_context
case3,regex_baseline,url,ascii,47935641,https://dequeuniversity.com/rules/axe/4.6/meta-viewport).,https://dequeuniversity.com/rules/axe/4.6/meta-viewport).,,,,regex_match_no_context
case3,regex_baseline,url,ascii,47936358,https://dequeuniversity.com/rules/axe/4.6/object-alt).,https://dequeuniversity.com/rules/axe/4.6/object-alt).,,,,regex_match_no_context
case3,regex_baseline,url,ascii,47937117,https://dequeuniversity.com/rules/axe/4.6/tabindex).,https://dequeuniversity.com/rules/axe/4.6/tabindex).,,,,regex_match_no_context
case3,regex_baseline,url,ascii,47938024,https://dequeuniversity.com/rules/axe/4.6/td-headers-attr).,https://dequeuniversity.com/rules/axe/4.6/td-headers-attr).,,,,regex_match_no_context
case3,regex_baseline,url,ascii,47938885,https://dequeuniversity.com/rules/axe/4.6/th-has-data-cells).,https://dequeuniversity.com/rules/axe/4.6/th-has-data-cells).,,,,regex_match_no_context
case3,regex_baseline,url,ascii,47939711,https://dequeuniversity.com/rules/axe/4.6/valid-lang).,https://dequeuniversity.com/rules/axe/4.6/valid-lang).,,,,regex_match_no_context
case3,regex_baseline,url,ascii,47940433,https://dequeuniversity.com/rules/axe/4.6/video-caption).,https://dequeuniversity.com/rules/axe/4.6/video-caption).,,,,regex_match_no_context
case3,regex_baseline,url,ascii,47941229,https://developers.google.com/web/fundamentals/design-and-ux/input/forms#use_metadata_to_enable_auto-complete),https://developers.google.com/web/fundamentals/design-and-ux/input/forms,,,,regex_match_no_context
case3,regex_baseline,url,ascii,47968423,https://developer.chrome.com/docs/lighthouse/performance/bf-cache/),https://developer.chrome.com/docs/lighthouse/performance/bf-cache/),,,,regex_match_no_context
case3,regex_baseline,url,ascii,47978948,https://developer.chrome.com/docs/lighthouse/performance/bootup-time/).,https://developer.chrome.com/docs/lighthouse/performance/bootup-time/).,,,,regex_match_no_context
case3,regex_baseline,url,ascii,48005910,https://developer.chrome.com/docs/lighthouse/performance/efficient-animated-content/),https://developer.chrome.com/docs/lighthouse/performance/efficient-animated-content/),,,,regex_match_no_context
case3,regex_baseline,url,ascii,48017616,https://web.dev/publish-modern-javascript/),https://web.dev/publish-modern-javascript/),,,,regex_match_no_context
case3,regex_baseline,url,ascii,48024774,https://developer.chrome.com/docs/lighthouse/performance/uses-webp-images/).,https://developer.chrome.com/docs/lighthouse/performance/uses-webp-images/).,,,,regex_match_no_context
case3,regex_baseline,url,ascii,48030846,https://developer.chrome.com/docs/lighthouse/performance/offscreen-images/).,https://developer.chrome.com/docs/lighthouse/performance/offscreen-images/).,,,,regex_match_no_context
case3,regex_baseline,url,ascii,48036137,https://developer.chrome.com/docs/lighthouse/performance/render-blocking-resources/).,https://developer.chrome.com/docs/lighthouse/performance/render-blocking-resources/).,,,,regex_match_no_context
case3,regex_baseline,url,ascii,48039968,https://developer.chrome.com/docs/lighthouse/performance/total-byte-weight/).,https://developer.chrome.com/docs/lighthouse/performance/total-byte-weight/).,,,,regex_match_no_context
case3,regex_baseline,url,ascii,48042483,https://developer.chrome.com/docs/lighthouse/performance/unminified-css/).,https://developer.chrome.com/docs/lighthouse/performance/unminified-css/).,,,,regex_match_no_context
case3,regex_baseline,url,ascii,48044098,https://developer.chrome.com/docs/lighthouse/performance/unminified-javascript/).,https://developer.chrome.com/docs/lighthouse/performance/unminified-javascript/).,,,,regex_match_no_context
case3,regex_baseline,url,ascii,48045771,https://developer.chrome.com/docs/lighthouse/performance/unused-css-rules/).,https://developer.chrome.com/docs/lighthouse/performance/unused-css-rules/).,,,,regex_match_no_context
case3,regex_baseline,url,ascii,48048922,https://developer.chrome.com/docs/lighthouse/performance/unused-javascript/).,https://developer.chrome.com/docs/lighthouse/performance/unused-javascript/).,,,,regex_match_no_context
case3,regex_baseline,url,ascii,48051915,https://developer.chrome.com/docs/lighthouse/performance/uses-long-cache-ttl/).,https://developer.chrome.com/docs/lighthouse/performance/uses-long-cache-ttl/).,,,,regex_match_no_context
case3,regex_baseline,url,ascii,48055156,https://developer.chrome.com/docs/lighthouse/performance/uses-optimized-images/).,https://developer.chrome.com/docs/lighthouse/performance/uses-optimized-images/).,,,,regex_match_no_context
case3,regex_baseline,url,ascii,48057885,https://developer.chrome.com/docs/lighthouse/performance/uses-responsive-images/).,https://developer.chrome.com/docs/lighthouse/performance/uses-responsive-images/).,,,,regex_match_no_context
case3,regex_baseline,url,ascii,48061779,https://developer.chrome.com/docs/lighthouse/performance/uses-text-compression/).,https://developer.chrome.com/docs/lighthouse/performance/uses-text-compression/).,,,,regex_match_no_context
case3,regex_baseline,url,ascii,48063179,https://developer.chrome.com/docs/lighthouse/pwa/content-width/).,https://developer.chrome.com/docs/lighthouse/pwa/content-width/).,,,,regex_match_no_context
case3,regex_baseline,url,ascii,48065751,https://developer.chrome.com/docs/lighthouse/performance/critical-request-chains/).,https://developer.chrome.com/docs/lighthouse/performance/critical-request-chains/).,,,,regex_match_no_context
case3,regex_baseline,url,ascii,48106378,https://developer.chrome.com/docs/lighthouse/best-practices/csp-xss/),https://developer.chrome.com/docs/lighthouse/best-practices/csp-xss/),,,,regex_match_no_context
case3,regex_baseline,url,ascii,48118853,https://developer.chrome.com/docs/lighthouse/best-practices/deprecations/).,https://developer.chrome.com/docs/lighthouse/best-practices/deprecations/).,,,,regex_match_no_context
case3,regex_baseline,url,ascii,48125572,https://chromestatus.com/feature/$,https://chromestatus.com/feature/$,,,,regex_match_no_context
case3,regex_baseline,url,ascii,48125659,https://chromiumdash.appspot.com/schedule,https://chromiumdash.appspot.com/schedule,,,,regex_match_no_context
case3,regex_baseline,url,ascii,48128194,https://developer.chrome.com/docs/lighthouse/best-practices/charset/).,https://developer.chrome.com/docs/lighthouse/best-practices/charset/).,,,,regex_match_no_context
case3,regex_baseline,url,ascii,48129521,https://developer.chrome.com/docs/lighthouse/best-practices/doctype/).,https://developer.chrome.com/docs/lighthouse/best-practices/doctype/).,,,,regex_match_no_context
case3,regex_baseline,url,ascii,48131295,https://developers.google.com/web/fundamentals/performance/rendering/reduce-the-scope-and-complexity-of-style-calculations),https://developers.google.com/web/fundamentals/performance/rendering/reduce-the-scope-and-complexity-of-style-calculations),,,,regex_match_no_context
case3,regex_baseline,url,ascii,48131456,https://developers.google.com/speed/articles/reflow).,https://developers.google.com/speed/articles/reflow).,,,,regex_match_no_context
case3,regex_baseline,url,ascii,48131553,https://developer.chrome.com/docs/lighthouse/performance/dom-size/).,https://developer.chrome.com/docs/lighthouse/performance/dom-size/).,,,,regex_match_no_context
case3,regex_baseline,url,ascii,48133981,https://developer.chrome.com/docs/lighthouse/best-practices/geolocation-on-start/).,https://developer.chrome.com/docs/lighthouse/best-practices/geolocation-on-start/).,,,,regex_match_no_context
case3,regex_baseline,url,ascii,48137415,https://developer.chrome.com/docs/lighthouse/best-practices/js-libraries/).,https://developer.chrome.com/docs/lighthouse/best-practices/js-libraries/).,,,,regex_match_no_context
case3,regex_baseline,url,ascii,48138587,https://developer.chrome.com/docs/lighthouse/best-practices/no-document-write/).,https://developer.chrome.com/docs/lighthouse/best-practices/no-document-write/).,,,,regex_match_no_context
case3,regex_baseline,url,ascii,48139636,https://developer.chrome.com/docs/lighthouse/best-practices/notification-on-start/).,https://developer.chrome.com/docs/lighthouse/best-practices/notification-on-start/).,,,,regex_match_no_context
case3,regex_baseline,url,ascii,48140648,https://developer.chrome.com/docs/lighthouse/best-practices/paste-preventing-inputs/).,https://developer.chrome.com/docs/lighthouse/best-practices/paste-preventing-inputs/).,,,,regex_match_no_context
case3,regex_baseline,url,ascii,48141535,https://developer.chrome.com/docs/lighthouse/best-practices/uses-http2/).,https://developer.chrome.com/docs/lighthouse/best-practices/uses-http2/).,,,,regex_match_no_context
case3,regex_baseline,url,ascii,48145028,https://developer.chrome.com/docs/lighthouse/best-practices/uses-passive-event-listeners/).,https://developer.chrome.com/docs/lighthouse/best-practices/uses-passive-event-listeners/).,,,,regex_match_no_context
case3,regex_baseline,url,ascii,48146063,https://developer.chrome.com/docs/lighthouse/best-practices/errors-in-console/),https://developer.chrome.com/docs/lighthouse/best-practices/errors-in-console/),,,,regex_match_no_context
case3,regex_baseline,url,ascii,48148837,https://developer.chrome.com/docs/lighthouse/performance/font-display/).,https://developer.chrome.com/docs/lighthouse/performance/font-display/).,,,,regex_match_no_context
case3,regex_baseline,url,ascii,48151357,https://developer.chrome.com/docs/lighthouse/best-practices/image-aspect-ratio/).,https://developer.chrome.com/docs/lighthouse/best-practices/image-aspect-ratio/).,,,,regex_match_no_context
case3,regex_baseline,url,ascii,48153306,https://web.dev/serve-responsive-images/).,https://web.dev/serve-responsive-images/).,,,,regex_match_no_context
case3,regex_baseline,url,ascii,48159653,https://developer.chrome.com/docs/lighthouse/pwa/installable-manifest/).,https://developer.chrome.com/docs/lighthouse/pwa/installable-manifest/).,,,,regex_match_no_context
case3,regex_baseline,url,ascii,48164891,https://developers.google.com/web/fundamentals/security/prevent-mixed-content/what-is-mixed-content),https://developers.google.com/web/fundamentals/security/prevent-mixed-content/what-is-mixed-content),,,,regex_match_no_context
case3,regex_baseline,url,ascii,48165304,https://developer.chrome.com/docs/lighthouse/pwa/is-on-https/).,https://developer.chrome.com/docs/lighthouse/pwa/is-on-https/).,,,,regex_match_no_context
case3,regex_baseline,url,ascii,48167087,https://developer.chrome.com/docs/lighthouse/performance/lighthouse-largest-contentful-paint/),https://developer.chrome.com/docs/lighthouse/performance/lighthouse-largest-contentful-paint/),,,,regex_match_no_context
case3,regex_baseline,url,ascii,48168722,https://web.dev/optimize-cls/),https://web.dev/optimize-cls/),,,,regex_match_no_context
case3,regex_baseline,url,ascii,48169945,https://web.dev/lcp-lazy-loading/).,https://web.dev/lcp-lazy-loading/).,,,,regex_match_no_context
case3,regex_baseline,url,ascii,48171175,https://web.dev/long-tasks-devtools/),https://web.dev/long-tasks-devtools/),,,,regex_match_no_context
case3,regex_baseline,url,ascii,48173840,https://developer.chrome.com/docs/lighthouse/performance/mainthread-work-breakdown/),https://developer.chrome.com/docs/lighthouse/performance/mainthread-work-breakdown/),,,,regex_match_no_context
case3,regex_baseline,url,ascii,48175552,https://developer.chrome.com/docs/lighthouse/pwa/pwa-cross-browser/).,https://developer.chrome.com/docs/lighthouse/pwa/pwa-cross-browser/).,,,,regex_match_no_context
case3,regex_baseline,url,ascii,48176144,https://developer.chrome.com/docs/lighthouse/pwa/pwa-each-page-has-url/).,https://developer.chrome.com/docs/lighthouse/pwa/pwa-each-page-has-url/).,,,,regex_match_no_context
case3,regex_baseline,url,ascii,48176798,https://developer.chrome.com/docs/lighthouse/pwa/pwa-page-transitions/).,https://developer.chrome.com/docs/lighthouse/pwa/pwa-page-transitions/).,,,,regex_match_no_context
case3,regex_baseline,url,ascii,48177464,https://developer.chrome.com/docs/lighthouse/pwa/maskable-icon-audit/).,https://developer.chrome.com/docs/lighthouse/pwa/maskable-icon-audit/).,,,,regex_match_no_context
case3,regex_baseline,url,ascii,48221846,https://web.dev/cls/).,https://web.dev/cls/).,,,,regex_match_no_context
case3,regex_baseline,url,ascii,48222833,https://web.dev/inp/).,https://web.dev/inp/).,,,,regex_match_no_context
case3,regex_baseline,url,ascii,48224256,https://developers.google.com/web/tools/lighthouse/audits/first-contentful-paint).,https://developers.google.com/web/tools/lighthouse/audits/first-contentful-paint).,,,,regex_match_no_context
case3,regex_baseline,url,ascii,48225129,https://developer.chrome.com/docs/lighthouse/performance/first-contentful-paint/).,https://developer.chrome.com/docs/lighthouse/performance/first-contentful-paint/).,,,,regex_match_no_context
case3,regex_baseline,url,ascii,48226322,https://developer.chrome.com/docs/lighthouse/performance/first-meaningful-paint/).,https://developer.chrome.com/docs/lighthouse/performance/first-meaningful-paint/).,,,,regex_match_no_context
case3,regex_baseline,url,ascii,48227525,https://developer.chrome.com/docs/lighthouse/performance/interactive/).,https://developer.chrome.com/docs/lighthouse/performance/interactive/).,,,,regex_match_no_context
case3,regex_baseline,url,ascii,48229945,https://developer.chrome.com/docs/lighthouse/performance/lighthouse-max-potential-fid/).,https://developer.chrome.com/docs/lighthouse/performance/lighthouse-max-potential-fid/).,,,,regex_match_no_context
case3,regex_baseline,url,ascii,48231044,https://developer.chrome.com/docs/lighthouse/performance/speed-index/).,https://developer.chrome.com/docs/lighthouse/performance/speed-index/).,,,,regex_match_no_context
case3,regex_baseline,url,ascii,48232223,https://developer.chrome.com/docs/lighthouse/performance/lighthouse-total-blocking-time/).,https://developer.chrome.com/docs/lighthouse/performance/lighthouse-total-blocking-time/).,,,,regex_match_no_context
case3,regex_baseline,url,ascii,48235702,https://hpbn.co/primer-on-latency-and-bandwidth/).,https://hpbn.co/primer-on-latency-and-bandwidth/).,,,,regex_match_no_context
case3,regex_baseline,url,ascii,48236993,https://hpbn.co/primer-on-web-performance/#analyzing-the-resource-waterfall).,https://hpbn.co/primer-on-web-performance,,,,regex_match_no_context
case3,regex_baseline,url,ascii,48238441,https://web.dev/bfcache/#never-use-the-unload-event),https://web.dev/bfcache,,,,regex_match_no_context
case3,regex_baseline,url,ascii,48239564,https://developer.chrome.com/docs/lighthouse/performance/non-composited-animations/),https://developer.chrome.com/docs/lighthouse/performance/non-composited-animations/),,,,regex_match_no_context
case3,regex_baseline,url,ascii,48244381,https://developers.google.com/web/tools/lighthouse/audits/budgets).,https://developers.google.com/web/tools/lighthouse/audits/budgets).,,,,regex_match_no_context
case3,regex_baseline,url,ascii,48248531,https://web.dev/preload-optional-fonts/),https://web.dev/preload-optional-fonts/),,,,regex_match_no_context
case3,regex_baseline,url,ascii,48249753,https://web.dev/optimize-lcp/#optimize-when-the-resource-is-discovered).,https://web.dev/optimize-lcp,,,,regex_match_no_context
case3,regex_baseline,url,ascii,48253751,https://developer.chrome.com/docs/lighthouse/performance/redirects/).,https://developer.chrome.com/docs/lighthouse/performance/redirects/).,,,,regex_match_no_context
case3,regex_baseline,url,ascii,48255919,https://web.dev/use-lighthouse-for-performance-budgets/).,https://web.dev/use-lighthouse-for-performance-budgets/).,,,,regex_match_no_context
case3,regex_baseline,url,ascii,48262949,https://developer.chrome.com/docs/lighthouse/seo/canonical/).,https://developer.chrome.com/docs/lighthouse/seo/canonical/).,,,,regex_match_no_context
case3,regex_baseline,url,ascii,48265491,https://support.google.com/webmasters/answer/9112205),https://support.google.com/webmasters/answer/9112205),,,,regex_match_no_context
case3,regex_baseline,url,ascii,48271421,https://developer.chrome.com/docs/lighthouse/seo/font-size/).,https://developer.chrome.com/docs/lighthouse/seo/font-size/).,,,,regex_match_no_context
case3,regex_baseline,url,ascii,48299111,https://developer.chrome.com/docs/lighthouse/seo/hreflang/).,https://developer.chrome.com/docs/lighthouse/seo/hreflang/).,,,,regex_match_no_context
case3,regex_baseline,url,ascii,48301032,https://developer.chrome.com/docs/lighthouse/seo/http-status-code/).,https://developer.chrome.com/docs/lighthouse/seo/http-status-code/).,,,,regex_match_no_context
case3,regex_baseline,url,ascii,48302618,http://robots-relative.samclarke.com/,http://robots-relative.samclarke.com,,,,regex_match_no_context
case3,regex_baseline,url,ascii,48305312,https://developer.chrome.com/docs/lighthouse/seo/is-crawlable/).,https://developer.chrome.com/docs/lighthouse/seo/is-crawlable/).,,,,regex_match_no_context
case3,regex_baseline,url,ascii,48308784,https://developer.chrome.com/docs/lighthouse/seo/link-text/).,https://developer.chrome.com/docs/lighthouse/seo/link-text/).,,,,regex_match_no_context
case3,regex_baseline,url,ascii,48309919,https://search.google.com/structured-data/testing-tool/),https://search.google.com/structured-data/testing-tool/),,,,regex_match_no_context
case3,regex_baseline,url,ascii,48310009,http://linter.structured-data.org/),http://linter.structured-data.org/),,,,regex_match_no_context
case3,regex_baseline,url,ascii,48310109,https://developer.chrome.com/docs/lighthouse/seo/structured-data/).,https://developer.chrome.com/docs/lighthouse/seo/structured-data/).,,,,regex_match_no_context
case3,regex_baseline,url,ascii,48310766,https://developer.chrome.com/docs/lighthouse/seo/meta-description/).,https://developer.chrome.com/docs/lighthouse/seo/meta-description/).,,,,regex_match_no_context
case3,regex_baseline,url,ascii,48311872,https://developer.chrome.com/docs/lighthouse/seo/plugins/).,https://developer.chrome.com/docs/lighthouse/seo/plugins/).,,,,regex_match_no_context
case3,regex_baseline,url,ascii,48313567,https://developer.chrome.com/docs/lighthouse/seo/invalid-robots-txt/).,https://developer.chrome.com/docs/lighthouse/seo/invalid-robots-txt/).,,,,regex_match_no_context
case3,regex_baseline,url,ascii,48317195,https://developer.chrome.com/docs/lighthouse/seo/tap-targets/).,https://developer.chrome.com/docs/lighthouse/seo/tap-targets/).,,,,regex_match_no_context
case3,regex_baseline,url,ascii,48321104,https://developer.chrome.com/docs/lighthouse/performance/time-to-first-byte/).,https://developer.chrome.com/docs/lighthouse/performance/time-to-first-byte/).,,,,regex_match_no_context
case3,regex_baseline,url,ascii,48322637,https://developer.chrome.com/docs/lighthouse/pwa/service-worker/).,https://developer.chrome.com/docs/lighthouse/pwa/service-worker/).,,,,regex_match_no_context
case3,regex_baseline,url,ascii,48325747,https://developer.chrome.com/docs/lighthouse/pwa/splash-screen/).,https://developer.chrome.com/docs/lighthouse/pwa/splash-screen/).,,,,regex_match_no_context
case3,regex_baseline,url,ascii,48326854,https://developer.chrome.com/docs/lighthouse/pwa/themed-omnibox/).,https://developer.chrome.com/docs/lighthouse/pwa/themed-omnibox/).,,,,regex_match_no_context
case3,regex_baseline,url,ascii,48328298,https://developers.google.com/web/fundamentals/performance/optimizing-content-efficiency/loading-third-party-javascript/).,https://developers.google.com/web/fundamentals/performance/optimizing-content-efficiency/loading-third-party-javascript/).,,,,regex_match_no_context
case3,regex_baseline,url,ascii,48331777,https://developer.chrome.com/docs/lighthouse/performance/third-party-facades/).,https://developer.chrome.com/docs/lighthouse/performance/third-party-facades/).,,,,regex_match_no_context
case3,regex_baseline,url,ascii,48337614,https://web.dev/optimize-cls/#images-without-dimensions),https://web.dev/optimize-cls,,,,regex_match_no_context
case3,regex_baseline,url,ascii,48340426,https://developer.chrome.com/docs/lighthouse/performance/user-timings/).,https://developer.chrome.com/docs/lighthouse/performance/user-timings/).,,,,regex_match_no_context
case3,regex_baseline,url,ascii,48342115,https://developer.chrome.com/docs/lighthouse/performance/uses-rel-preconnect/).,https://developer.chrome.com/docs/lighthouse/performance/uses-rel-preconnect/).,,,,regex_match_no_context
case3,regex_baseline,url,ascii,48345763,https://developer.chrome.com/docs/lighthouse/performance/uses-rel-preload/).,https://developer.chrome.com/docs/lighthouse/performance/uses-rel-preload/).,,,,regex_match_no_context
case3,regex_baseline,url,ascii,48350238,https://developers.google.com/web/tools/chrome-devtools/javascript/source-maps).,https://developers.google.com/web/tools/chrome-devtools/javascript/source-maps).,,,,regex_match_no_context
case3,regex_baseline,url,ascii,48352665,https://developer.chrome.com/blog/300ms-tap-delay-gone-away/).,https://developer.chrome.com/blog/300ms-tap-delay-gone-away/).,,,,regex_match_no_context
case3,regex_baseline,url,ascii,48352775,https://developer.chrome.com/docs/lighthouse/pwa/viewport/).,https://developer.chrome.com/docs/lighthouse/pwa/viewport/).,,,,regex_match_no_context
case3,regex_baseline,url,ascii,48360652,https://developers.google.com/publisher-ads-audits/reference),https://developers.google.com/publisher-ads-audits/reference),,,,regex_match_no_context
case3,regex_baseline,url,ascii,48382235,https://developers.google.com/publisher-ads-audits/reference/audits/ad-blocking-tasks).,https://developers.google.com/publisher-ads-audits/reference/audits/ad-blocking-tasks).,,,,regex_match_no_context
case3,regex_baseline,url,ascii,48384434,https://developers.google.com/web/tools/lighthouse/audits/blocking-resources).,https://developers.google.com/web/tools/lighthouse/audits/blocking-resources).,,,,regex_match_no_context
case3,regex_baseline,url,ascii,48389801,https://developers.google.com/publisher-ads-audits/reference/audits/ad-request-critical-path).,https://developers.google.com/publisher-ads-audits/reference/audits/ad-request-critical-path).,,,,regex_match_no_context
case3,regex_baseline,url,ascii,48392841,https://developers.google.com/publisher-ads-audits/reference/audits/bid-request-from-page-start).,https://developers.google.com/publisher-ads-audits/reference/audits/bid-request-from-page-start).,,,,regex_match_no_context
case3,regex_baseline,url,ascii,48394255,https://developers.google.com/publisher-ads-audits/reference/audits/ad-request-from-page-start).,https://developers.google.com/publisher-ads-audits/reference/audits/ad-request-from-page-start).,,,,regex_match_no_context
case3,regex_baseline,url,ascii,48395734,https://developers.google.com/publisher-ads-audits/reference/audits/ad-top-of-viewport).,https://developers.google.com/publisher-ads-audits/reference/audits/ad-top-of-viewport).,,,,regex_match_no_context
case3,regex_baseline,url,ascii,48397550,https://developers.google.com/doubleclick-gpt/reference#googletag.PubAdsService_enableLazyLoad).,https://developers.google.com/doubleclick-gpt/reference,,,,regex_match_no_context
case3,regex_baseline,url,ascii,48397660,https://developers.google.com/publisher-ads-audits/reference/audits/ads-in-viewport).,https://developers.google.com/publisher-ads-audits/reference/audits/ads-in-viewport).,,,,regex_match_no_context
case3,regex_baseline,url,ascii,48399314,https://developers.google.com/publisher-ads-audits/reference/audits/async-ad-tags).,https://developers.google.com/publisher-ads-audits/reference/audits/async-ad-tags).,,,,regex_match_no_context
case3,regex_baseline,url,ascii,48400470,https://developers.google.com/publisher-ads-audits/reference/audits/blocking-load-events).,https://developers.google.com/publisher-ads-audits/reference/audits/blocking-load-events).,,,,regex_match_no_context
case3,regex_baseline,url,ascii,48403567,https://developers.google.com/publisher-ads-audits/reference/audits/bottleneck-requests).,https://developers.google.com/publisher-ads-audits/reference/audits/bottleneck-requests).,,,,regex_match_no_context
case3,regex_baseline,url,ascii,48405299,https://developers.google.com/publisher-ads-audits/reference/audits/duplicate-tags).,https://developers.google.com/publisher-ads-audits/reference/audits/duplicate-tags).,,,,regex_match_no_context
case3,regex_baseline,url,ascii,48408002,https://developers.google.com/publisher-ads-audits/reference/audits/first-ad-render).,https://developers.google.com/publisher-ads-audits/reference/audits/first-ad-render).,,,,regex_match_no_context
case3,regex_baseline,url,ascii,48410798,https://developers.google.com/publisher-ads-audits/reference/audits/gpt-bids-parallel).,https://developers.google.com/publisher-ads-audits/reference/audits/gpt-bids-parallel).,,,,regex_match_no_context
case3,regex_baseline,url,ascii,48412427,https://developers.google.com/publisher-ads-audits/reference/audits/loads-gpt-from-official-source).,https://developers.google.com/publisher-ads-audits/reference/audits/loads-gpt-from-official-source).,,,,regex_match_no_context
case3,regex_baseline,url,ascii,48413509,https://securepubads.g.doubleclick.net/tag/js/gpt.js,https://securepubads.g.doubleclick.net/tag/js/gpt.js,,,,regex_match_no_context
case3,regex_baseline,url,ascii,48413602,https://pagead2.googlesyndication.com/pagead/js/adsbygoogle.js,https://pagead2.googlesyndication.com/pagead/js/adsbygoogle.js,,,,regex_match_no_context
case3,regex_baseline,url,ascii,48413682,https://developers.google.com/publisher-ads-audits/reference/audits/loads-ad-tag-over-https).,https://developers.google.com/publisher-ads-audits/reference/audits/loads-ad-tag-over-https).,,,,regex_match_no_context
case3,regex_baseline,url,ascii,48414882,https://developers.google.com/publisher-ads-audits/reference/audits/script-injected-tags).,https://developers.google.com/publisher-ads-audits/reference/audits/script-injected-tags).,,,,regex_match_no_context
case3,regex_baseline,url,ascii,48417809,https://developers.google.com/publisher-ads-audits/reference/audits/serial-header-bidding).,https://developers.google.com/publisher-ads-audits/reference/audits/serial-header-bidding).,,,,regex_match_no_context
case3,regex_baseline,url,ascii,48421116,https://developers.google.com/publisher-ads-audits/reference/audits/tag-load-time).,https://developers.google.com/publisher-ads-audits/reference/audits/tag-load-time).,,,,regex_match_no_context
case3,regex_baseline,url,ascii,48422426,https://developers.google.com/publisher-ads-audits/reference/audits/viewport-ad-density).,https://developers.google.com/publisher-ads-audits/reference/audits/viewport-ad-density).,,,,regex_match_no_context
case3,regex_baseline,url,ascii,48424271,https://developers.google.com/publisher-ads-audits/reference/audits/cumulative-ad-shift).,https://developers.google.com/publisher-ads-audits/reference/audits/cumulative-ad-shift).,,,,regex_match_no_context
case3,regex_baseline,url,ascii,48426776,https://developers.google.com/publisher-ads-audits/reference/audits/deprecated-gpt-api-usage).,https://developers.google.com/publisher-ads-audits/reference/audits/deprecated-gpt-api-usage).,,,,regex_match_no_context
case3,regex_baseline,url,ascii,48428249,https://developers.google.com/publisher-ads-audits/reference/audits/gpt-errors-overall).,https://developers.google.com/publisher-ads-audits/reference/audits/gpt-errors-overall).,,,,regex_match_no_context
case3,regex_baseline,url,ascii,48429725,https://developers.google.com/publisher-ads-audits/reference/audits/total-ad-blocking-time).,https://developers.google.com/publisher-ads-audits/reference/audits/total-ad-blocking-time).,,,,regex_match_no_context
case3,regex_baseline,url,utf-16le,37514730,https://www.google.com/intl/ko/gmail/about/,https://www.google.com/intl/ko/gmail/about,,,,regex_match_no_context
case3,regex_baseline,url,ascii,50490991,https://developer.chrome.com/blog/new-in-devtools-92/#protocol-monitor,https://developer.chrome.com/blog/new-in-devtools-92,,,,regex_match_no_context
case3,regex_baseline,url,ascii,50491259,https://developer.chrome.com/blog/new-in-devtools-89/#csp,https://developer.chrome.com/blog/new-in-devtools-89,,,,regex_match_no_context
case3,regex_baseline,url,ascii,50491909,https://developer.chrome.com/blog/new-in-devtools-88/#keyboard-shortcuts,https://developer.chrome.com/blog/new-in-devtools-88,,,,regex_match_no_context
case3,regex_baseline,url,ascii,50492823,https://developer.chrome.com/blog/wasm-debugging-2020/,https://developer.chrome.com/blog/wasm-debugging-2020,,,,regex_match_no_context
case3,regex_baseline,url,ascii,50493912,https://developer.chrome.com/blog/new-in-devtools-90/#accesibility-tree,https://developer.chrome.com/blog/new-in-devtools-90,,,,regex_match_no_context
case3,regex_baseline,url,ascii,50493987,https://g.co/devtools/a11y-tree-feedback,https://g.co/devtools/a11y-tree-feedback,,,,regex_match_no_context
case3,regex_baseline,url,ascii,50494767,https://developer.chrome.com/blog/new-in-devtools-96/#length,https://developer.chrome.com/blog/new-in-devtools-96,,,,regex_match_no_context
case3,regex_baseline,url,ascii,50494831,https://g.co/devtools/length-feedback,https://g.co/devtools/length-feedback,,,,regex_match_no_context
case3,regex_baseline,url,ascii,50495725,https://goo.gle/authored-deployed,https://goo.gle/authored-deployed,,,,regex_match_no_context
case3,regex_baseline,url,ascii,50495762,https://goo.gle/authored-deployed-feedback,https://goo.gle/authored-deployed-feedback,,,,regex_match_no_context
case3,regex_baseline,url,ascii,50528774,https://nodejs.org/static/images/logos/nodejs-new-pantone-black.svg,https://nodejs.org/static/images/logos/nodejs-new-pantone-black.svg,,,,regex_match_no_context
case3,regex_baseline,url,ascii,50530527,https://nodejs.org/en/docs/inspector/,https://nodejs.org/en/docs/inspector,,,,regex_match_no_context
case3,regex_baseline,url,ascii,50551824,http://www.w3.org/1999/xhtml,http://www.w3.org/1999/xhtml,,,,regex_match_no_context
case3,regex_baseline,url,ascii,51462153,https://tools.ietf.org/id/draft-ietf-httpbis-header-structure-15.html#rfc.section.4.2.2,https://tools.ietf.org/id/draft-ietf-httpbis-header-structure-15.html,,,,regex_match_no_context
case3,regex_baseline,url,ascii,51462619,https://wicg.github.io/attribution-reporting-api/validate-headers,https://wicg.github.io/attribution-reporting-api/validate-headers,,,,regex_match_no_context
case3,regex_baseline,url,ascii,51468631,https://wicg.github.io/client-hints-infrastructure/,https://wicg.github.io/client-hints-infrastructure,,,,regex_match_no_context
case3,regex_baseline,url,ascii,51471521,https://developers.google.com/web/fundamentals/security/csp#source_allowlists,https://developers.google.com/web/fundamentals/security/csp,,,,regex_match_no_context
case3,regex_baseline,url,ascii,51472272,https://web.dev/trusted-types/#fix-the-violations,https://web.dev/trusted-types,,,,regex_match_no_context
case3,regex_baseline,url,ascii,51483589,https://web.dev/samesite-cookies-explained/,https://web.dev/samesite-cookies-explained,,,,regex_match_no_context
case3,regex_baseline,url,ascii,51485452,https://web.dev/schemeful-samesite/,https://web.dev/schemeful-samesite,,,,regex_match_no_context
case3,regex_baseline,url,ascii,51487599,https://developer.chrome.com/blog/first-party-sets-sameparty/,https://developer.chrome.com/blog/first-party-sets-sameparty,,,,regex_match_no_context
case3,regex_baseline,url,ascii,51497324,https://developer.chrome.com/blog/private-network-access-update,https://developer.chrome.com/blog/private-network-access-update,,,,regex_match_no_context
case3,regex_baseline,url,ascii,51498027,https://web.dev/cross-origin-resource-sharing,https://web.dev/cross-origin-resource-sharing,,,,regex_match_no_context
case3,regex_baseline,url,ascii,51504746,https://web.dev/coop-coep/,https://web.dev/coop-coep,,,,regex_match_no_context
case3,regex_baseline,url,ascii,51504844,https://web.dev/same-site-same-origin/,https://web.dev/same-site-same-origin,,,,regex_match_no_context
case3,regex_baseline,url,ascii,51511262,https://fedidcg.github.io/FedCM/,https://fedidcg.github.io/FedCM,,,,regex_match_no_context
case3,regex_baseline,url,ascii,51518253,https://github.com/WICG/portals#same-origin-communication-channels,https://github.com/WICG/portals,,,,regex_match_no_context
case3,regex_baseline,url,ascii,51518512,https://html.spec.whatwg.org/multipage/forms.html#attr-label-for,https://html.spec.whatwg.org/multipage/forms.html,,,,regex_match_no_context
case3,regex_baseline,url,ascii,51519016,https://web.dev/learn/forms/autofill/#how-does-autofill-work,https://web.dev/learn/forms/autofill,,,,regex_match_no_context
case3,regex_baseline,url,ascii,51519293,https://developer.mozilla.org/en-US/docs/Web/HTML/Element/label,https://developer.mozilla.org/en-US/docs/Web/HTML/Element/label,,,,regex_match_no_context
case3,regex_baseline,url,ascii,51519586,https://developer.mozilla.org/en-US/docs/Web/HTML/Element/input,https://developer.mozilla.org/en-US/docs/Web/HTML/Element/input,,,,regex_match_no_context
case3,regex_baseline,url,ascii,51519913,https://developer.mozilla.org/en-US/docs/Web/HTML/Attributes/autocomplete#values,https://developer.mozilla.org/en-US/docs/Web/HTML/Attributes/autocomplete,,,,regex_match_no_context
case3,regex_baseline,url,ascii,51524127,https://developers.google.com/web/updates/2020/05/heavy-ad-interventions,https://developers.google.com/web/updates/2020/05/heavy-ad-interventions,,,,regex_match_no_context
case3,regex_baseline,url,ascii,51542335,https://web.dev/color-and-contrast-accessibility/,https://web.dev/color-and-contrast-accessibility,,,,regex_match_no_context
case3,regex_baseline,url,ascii,51547306,https://web.dev/what-is-mixed-content/,https://web.dev/what-is-mixed-content,,,,regex_match_no_context
case3,regex_baseline,url,ascii,51549423,https://blog.chromium.org/2021/09/user-agent-reduction-origin-trial-and-dates.html,https://blog.chromium.org/2021/09/user-agent-reduction-origin-trial-and-dates.html,,,,regex_match_no_context
case3,regex_baseline,url,ascii,51551576,https://web.dev/doctype/,https://web.dev/doctype,,,,regex_match_no_context
case3,regex_baseline,url,ascii,51561510,https://blog.chromium.org/2020/06/changes-to-quality-criteria-for-pwas.html,https://blog.chromium.org/2020/06/changes-to-quality-criteria-for-pwas.html,,,,regex_match_no_context
case3,regex_baseline,url,ascii,52451527,https://web.dev/add-manifest/,https://web.dev/add-manifest,,,,regex_match_no_context
case3,regex_baseline,url,ascii,52458585,https://developer.chrome.com/blog/pwa-manifest-id/,https://developer.chrome.com/blog/pwa-manifest-id,,,,regex_match_no_context
case3,regex_baseline,url,ascii,52464232,https://web.dev/maskable-icon/,https://web.dev/maskable-icon,,,,regex_match_no_context
case3,regex_baseline,url,ascii,52472111,https://developer.chrome.com/blog/improved-pwa-offline-detection/,https://developer.chrome.com/blog/improved-pwa-offline-detection,,,,regex_match_no_context
case3,regex_baseline,url,ascii,52485264,https://developer.chrome.com/docs/devtools/storage/localstorage/?utm_source=devtools,https://developer.chrome.com/docs/devtools/storage/localstorage?utm_source=devtools,,,,regex_match_no_context
case3,regex_baseline,url,ascii,52485783,https://developer.chrome.com/docs/devtools/storage/sessionstorage/?utm_source=devtools,https://developer.chrome.com/docs/devtools/storage/sessionstorage?utm_source=devtools,,,,regex_match_no_context
case3,regex_baseline,url,ascii,52486229,https://developer.chrome.com/docs/devtools/storage/indexeddb/?utm_source=devtools,https://developer.chrome.com/docs/devtools/storage/indexeddb?utm_source=devtools,,,,regex_match_no_context
case3,regex_baseline,url,ascii,52486553,https://developer.chrome.com/docs/devtools/storage/websql/?utm_source=devtools,https://developer.chrome.com/docs/devtools/storage/websql?utm_source=devtools,,,,regex_match_no_context
case3,regex_baseline,url,ascii,52487025,https://developer.chrome.com/docs/devtools/storage/cookies/?utm_source=devtools,https://developer.chrome.com/docs/devtools/storage/cookies?utm_source=devtools,,,,regex_match_no_context
case3,regex_baseline,url,ascii,52566523,https://developer.chrome.com/docs/devtools/javascript/background-services/?utm_source=devtools,https://developer.chrome.com/docs/devtools/javascript/background-services?utm_source=devtools,,,,regex_match_no_context
case3,regex_baseline,url,ascii,52673588,https://developer.chrome.com/docs/devtools/storage/cache/?utm_source=devtools,https://developer.chrome.com/docs/devtools/storage/cache?utm_source=devtools,,,,regex_match_no_context
case3,regex_baseline,url,ascii,52761370,https://developer.chrome.com/docs/devtools/progressive-web-apps#opaque-responses,https://developer.chrome.com/docs/devtools/progressive-web-apps,,,,regex_match_no_context
case3,regex_baseline,url,ascii,52850960,https://web.dev/why-coop-coep/,https://web.dev/why-coop-coep,,,,regex_match_no_context
case3,regex_baseline,url,ascii,52854232,https://web.dev/monitor-total-page-memory-usage/,https://web.dev/monitor-total-page-memory-usage,,,,regex_match_no_context
case3,regex_baseline,url,ascii,52887620,https://web.dev/url-protocol-handler/,https://web.dev/url-protocol-handler,,,,regex_match_no_context
case3,regex_baseline,url,ascii,52893532,https://web.dev/reporting-api/#report-status,https://web.dev/reporting-api,,,,regex_match_no_context
case3,regex_baseline,url,ascii,53407343,https://g.co/devtools/css-overview-feedback,https://g.co/devtools/css-overview-feedback,,,,regex_match_no_context
case3,regex_baseline,url,ascii,53407407,https://developer.chrome.com/docs/devtools/css-overview,https://developer.chrome.com/docs/devtools/css-overview,,,,regex_match_no_context
case3,regex_baseline,url,ascii,54462163,https://github.com/GoogleChrome/lighthouse/blob/HEAD/docs/user-flows.md,https://github.com/GoogleChrome/lighthouse/blob/HEAD/docs/user-flows.md,,,,regex_match_no_context
case3,regex_baseline,url,ascii,54462460,https://github.com/GoogleChrome/lighthouse/blob/master/docs/throttling.md#devtools-lighthouse-panel-throttling,https://github.com/GoogleChrome/lighthouse/blob/master/docs/throttling.md,,,,regex_match_no_context
case3,regex_baseline,url,ascii,54691786,http://www.google.com/bot.html),http://www.google.com/bot.html),,,,regex_match_no_context
case3,regex_baseline,url,ascii,54780117,https://developer.chrome.com/docs/devtools/network/?utm_source=devtools&utm_campaign=2019Q1,https://developer.chrome.com/docs/devtools/network?utm_source=devtools&utm_campaign=2019Q1,,,,regex_match_no_context
case3,regex_baseline,url,ascii,54944118,https://developer.chrome.com/en/docs/privacy-sandbox/chips/,https://developer.chrome.com/en/docs/privacy-sandbox/chips,,,,regex_match_no_context
case3,regex_baseline,url,ascii,54973930,https://developer.chrome.com/docs/devtools/network/reference/#provisional-headers,https://developer.chrome.com/docs/devtools/network/reference,,,,regex_match_no_context
case3,regex_baseline,url,ascii,55024027,https://web.dev/custom-metrics/#server-timing-api,https://web.dev/custom-metrics,,,,regex_match_no_context
case3,regex_baseline,url,ascii,55049695,https://github.com/WICG/webpackage,https://github.com/WICG/webpackage,,,,regex_match_no_context
case3,regex_baseline,url,ascii,55140015,https://web.dev/web-bundles/#explaining-web-bundles,https://web.dev/web-bundles,,,,regex_match_no_context
case3,regex_baseline,url,ascii,55155550,https://codepen.io/sosuke/pen/Pjoqqp,https://codepen.io/sosuke/pen/Pjoqqp,,,,regex_match_no_context
case3,regex_baseline,url,ascii,55509118,https://github.com/ChromeDevTools/rfcs/discussions/2,https://github.com/ChromeDevTools/rfcs/discussions/2,,,,regex_match_no_context
case3,regex_baseline,url,ascii,55538854,https://chromedevtools.github.io/devtools-protocol/tot/$,https://chromedevtools.github.io/devtools-protocol/tot/$,,,,regex_match_no_context
case3,regex_baseline,url,ascii,55751605,https://developer.chrome.com/docs/devtools/shortcuts/,https://developer.chrome.com/docs/devtools/shortcuts,,,,regex_match_no_context
case3,regex_baseline,url,ascii,55784895,https://developer.chrome.com/docs/devtools/,https://developer.chrome.com/docs/devtools,,,,regex_match_no_context
case3,regex_baseline,url,ascii,55823681,https://web.dev/user-agent-client-hints/,https://web.dev/user-agent-client-hints,,,,regex_match_no_context
case3,regex_baseline,url,ascii,55876464,https://goo.gle/devtools-loc,https://goo.gle/devtools-loc,,,,regex_match_no_context
case3,regex_baseline,url,ascii,56160492,https://developer.chrome.com/docs/devtools/workspaces/,https://developer.chrome.com/docs/devtools/workspaces,,,,regex_match_no_context
case3,regex_baseline,url,ascii,56161966,https://developers.google.com/web/updates/2018/01/devtools#overrides,https://developers.google.com/web/updates/2018/01/devtools,,,,regex_match_no_context
case3,regex_baseline,url,ascii,56165451,https://developer.chrome.com/extensions/content_scripts,https://developer.chrome.com/extensions/content_scripts,,,,regex_match_no_context
case3,regex_baseline,url,ascii,56166327,https://developer.chrome.com/docs/devtools/javascript/snippets/,https://developer.chrome.com/docs/devtools/javascript/snippets,,,,regex_match_no_context
case3,regex_baseline,url,ascii,56454931,https://web.dev/tbt/,https://web.dev/tbt,,,,regex_match_no_context
case3,regex_baseline,url,ascii,56623322,https://developer.chrome.com/docs/devtools/evaluate-performance/,https://developer.chrome.com/docs/devtools/evaluate-performance,,,,regex_match_no_context
case3,regex_baseline,url,ascii,56705891,https://web.dev/user-centric-performance-metrics/,https://web.dev/user-centric-performance-metrics,,,,regex_match_no_context
case3,regex_baseline,url,ascii,56706131,https://web.dev/lcp/,https://web.dev/lcp,,,,regex_match_no_context
case3,regex_baseline,url,ascii,56706259,https://web.dev/first-contentful-paint/,https://web.dev/first-contentful-paint,,,,regex_match_no_context
case3,regex_baseline,url,ascii,56722296,https://web.dev/cls/,https://web.dev/cls,,,,regex_match_no_context
case3,regex_baseline,url,ascii,56722420,https://web.dev/evolving-cls/,https://web.dev/evolving-cls,,,,regex_match_no_context
case3,regex_baseline,url,ascii,56748962,https://developers.google.com/web/fundamentals/performance/rendering/,https://developers.google.com/web/fundamentals/performance/rendering,,,,regex_match_no_context
case3,regex_baseline,url,ascii,56753648,https://developers.google.com/web/fundamentals/performance/rendering/avoid-large-complex-layouts-and-layout-thrashing#avoid-forced-synchronous-layouts,https://developers.google.com/web/fundamentals/performance/rendering/avoid-large-complex-layouts-and-layout-thrashing,,,,regex_match_no_context
case3,regex_baseline,url,ascii,56754780,https://web.dev/optimize-long-tasks/,https://web.dev/optimize-long-tasks,,,,regex_match_no_context
case3,regex_baseline,url,ascii,56755130,https://github.com/GoogleChrome/devtools-docs/issues/53,https://github.com/GoogleChrome/devtools-docs/issues/53,,,,regex_match_no_context
case3,regex_baseline,url,ascii,56886941,https://developers.google.com/web/updates/2018/05/webauthn,https://developers.google.com/web/updates/2018/05/webauthn,,,,regex_match_no_context
case3,regex_baseline,url,ascii,56933077,https://bugzilla.mozilla.org/show_bug.cgi?id=745678,https://bugzilla.mozilla.org/show_bug.cgi?id=745678,,,,regex_match_no_context
case3,regex_baseline,url,ascii,57042565,https://github.com/acornjs/acorn/issues/575,https://github.com/acornjs/acorn/issues/575,,,,regex_match_no_context
case3,regex_baseline,url,ascii,57060339,https://www.ecma-international.org/ecma-262/8.0/#prod-Pattern,https://www.ecma-international.org/ecma-262/8.0,,,,regex_match_no_context
case3,regex_baseline,url,ascii,57100592,https://github.com/estree/estree/blob/a27003adf4fd7bfad44de9cef372a2eacd527b1c/es5.md#regexpliteral,https://github.com/estree/estree/blob/a27003adf4fd7bfad44de9cef372a2eacd527b1c/es5.md,,,,regex_match_no_context
case3,regex_baseline,url,ascii,57113963,https://developer.mozilla.org/en-US/docs/SpiderMonkey/Parser_API,https://developer.mozilla.org/en-US/docs/SpiderMonkey/Parser_API,,,,regex_match_no_context
case3,regex_baseline,url,ascii,57130745,https://codemirror.net/LICENSE,https://codemirror.net/LICENSE,,,,regex_match_no_context
case3,regex_baseline,url,ascii,57339117,https://github.com/GoogleChrome/Lighthouse/issues,https://github.com/GoogleChrome/Lighthouse/issues,,,,regex_match_no_context
case3,regex_baseline,url,ascii,57347548,https://codepen.io/paulirish/pen/yEVMbP,https://codepen.io/paulirish/pen/yEVMbP,,,,regex_match_no_context
case3,regex_baseline,url,ascii,57362409,https://www.materialui.co/colors,https://www.materialui.co/colors,,,,regex_match_no_context
case3,regex_baseline,url,ascii,57393375,https://chromestatus.com/feature/6730096436051968*/,https://chromestatus.com/feature/6730096436051968*,,,,regex_match_no_context
case3,regex_baseline,url,ascii,57412440,https://web.dev/content-visibility/,https://web.dev/content-visibility,,,,regex_match_no_context
case3,regex_baseline,url,ascii,57417254,https://codepen.io/paulirish/pen/LmzEmK,https://codepen.io/paulirish/pen/LmzEmK,,,,regex_match_no_context
case3,regex_baseline,url,ascii,57434626,https://developers.google.com,https://developers.google.com,,,,regex_match_no_context
case3,regex_baseline,url,ascii,57434660,https://web.dev,https://web.dev,,,,regex_match_no_context
case3,regex_baseline,url,ascii,57434680,https://developer.chrome.com,https://developer.chrome.com,,,,regex_match_no_context
case3,regex_baseline,url,ascii,57444655,https://developers.google.com/web/tools/lighthouse/),https://developers.google.com/web/tools/lighthouse/),,,,regex_match_no_context
case3,regex_baseline,url,ascii,57476183,https://googlechrome.github.io/lighthouse/scorecalc/,https://googlechrome.github.io/lighthouse/scorecalc,,,,regex_match_no_context
case3,regex_baseline,url,ascii,57493068,http://localhost:7333,http://localhost:7333,,,,regex_match_no_context
case3,regex_baseline,url,ascii,57493094,https://googlechrome.github.io/lighthouse,https://googlechrome.github.io/lighthouse,,,,regex_match_no_context
case3,regex_baseline,url,ascii,57522311,https://github.com/GoogleChrome/lighthouse/pull/5065#discussion_r191926212,https://github.com/GoogleChrome/lighthouse/pull/5065,,,,regex_match_no_context
case3,regex_baseline,url,ascii,57522411,https://publicsuffix.org/learn/,https://publicsuffix.org/learn,,,,regex_match_no_context
case3,regex_baseline,url,ascii,57524974,https://...)),https://...)),,,,regex_match_no_context
case3,regex_baseline,url,ascii,57643516,https://github.com/google/safevalues/,https://github.com/google/safevalues,,,,regex_match_no_context
case3,regex_baseline,url,ascii,57643707,https://github.com/GoogleChrome/lighthouse/issues/12868,https://github.com/GoogleChrome/lighthouse/issues/12868,,,,regex_match_no_context
case3,regex_baseline,url,ascii,57646273,https://github.com/GoogleChrome/lighthouse/issues/12011,https://github.com/GoogleChrome/lighthouse/issues/12011,,,,regex_match_no_context
case3,regex_baseline,url,ascii,57670770,https://www.example.com).,https://www.example.com).,,,,regex_match_no_context
case3,regex_baseline,url,ascii,57694791,https://codepen.io/xgad/post/svg-radial-progress-meters,https://codepen.io/xgad/post/svg-radial-progress-meters,,,,regex_match_no_context
case3,regex_baseline,url,ascii,57740888,https://github.com/GoogleChrome/lighthouse/issues/1056,https://github.com/GoogleChrome/lighthouse/issues/1056,,,,regex_match_no_context
case3,regex_baseline,url,ascii,57740954,https://github.com/GoogleChrome/lighthouse/pull/9822,https://github.com/GoogleChrome/lighthouse/pull/9822,,,,regex_match_no_context
case3,regex_baseline,url,ascii,57741533,https://github.com/tc39/proposal-intl-duration-format,https://github.com/tc39/proposal-intl-duration-format,,,,regex_match_no_context
case3,regex_baseline,url,ascii,57778619,https://github.com/ChromeDevTools/devtools-frontend/blob/dd6a6d4153647c2a4203c327c595692c5e0a4256/front_end/dom_extension/DOMExtension.js#L809-L819,https://github.com/ChromeDevTools/devtools-frontend/blob/dd6a6d4153647c2a4203c327c595692c5e0a4256/front_end/dom_extension/DOMExtension.js,,,,regex_match_no_context
case3,regex_baseline,url,ascii,57780803,https://jsbench.me/2gkoxazvjl,https://jsbench.me/2gkoxazvjl,,,,regex_match_no_context
case3,regex_baseline,url,ascii,57797098,http://caniuse.com/#feat=clipboard.,http://caniuse.com,,,,regex_match_no_context
case3,regex_baseline,url,ascii,57818953,https://docs.google.com/document/d/1jnt3BqKB-4q3AE94UWFA0Gqspx8Sd_jivlB7gQMlmfk/edit,https://docs.google.com/document/d/1jnt3BqKB-4q3AE94UWFA0Gqspx8Sd_jivlB7gQMlmfk/edit,,,,regex_match_no_context
case3,regex_baseline,url,ascii,57854696,https://github.com/markedjs/marked,https://github.com/markedjs/marked,,,,regex_match_no_context
case3,regex_baseline,url,ascii,57857889,https://tools.ietf.org/html/rfc3986#section-3,https://tools.ietf.org/html/rfc3986,,,,regex_match_no_context
case3,regex_baseline,url,ascii,57861162,https://marked.js.org/#/USING_ADVANCED.md#options,https://marked.js.org,,,,regex_match_no_context
case3,regex_baseline,url,ascii,57861237,https://stackoverflow.com/a/5450113/806777,https://stackoverflow.com/a/5450113/806777,,,,regex_match_no_context
case3,regex_baseline,url,ascii,57921063,https://github.com/markedjs/marked.,https://github.com/markedjs/marked.,,,,regex_match_no_context
case3,regex_baseline,url,ascii,57930064,https://example.com,https://example.com,,,,regex_match_no_context
case3,regex_baseline,url,ascii,57932478,https://chromedevtools.github.io/devtools-protocol,https://chromedevtools.github.io/devtools-protocol,,,,regex_match_no_context
case3,regex_baseline,url,ascii,57940500,https://developer.chrome.com/extensions/background_pages,https://developer.chrome.com/extensions/background_pages,,,,regex_match_no_context
case3,regex_baseline,url,ascii,57944855,https://developer.mozilla.org/en-US/docs/Web/API/Web_Workers_API,https://developer.mozilla.org/en-US/docs/Web/API/Web_Workers_API,,,,regex_match_no_context
case3,regex_baseline,url,ascii,57956110,https://en.wikipedia.org/wiki/Screen_reader,https://en.wikipedia.org/wiki/Screen_reader,,,,regex_match_no_context
case3,regex_baseline,url,ascii,57956185,https://en.wikipedia.org/wiki/Switch_access,https://en.wikipedia.org/wiki/Switch_access,,,,regex_match_no_context
case3,regex_baseline,url,ascii,57993440,https://www.example.com/,https://www.example.com,,,,regex_match_no_context
case3,regex_baseline,url,ascii,58001739,https://html5demos.com,https://html5demos.com,,,,regex_match_no_context
case3,regex_baseline,url,ascii,58039309,https://github.com/ChromeDevTools/devtools-protocol/pull/113#issuecomment-412603285,https://github.com/ChromeDevTools/devtools-protocol/pull/113,,,,regex_match_no_context
case3,regex_baseline,url,ascii,58046094,https://github.com/aslushnikov/getting-started-with-cdp/blob/HEAD/README.md,https://github.com/aslushnikov/getting-started-with-cdp/blob/HEAD/README.md,,,,regex_match_no_context
case3,regex_baseline,url,ascii,58058934,https://github.com/istanbuljs,https://github.com/istanbuljs,,,,regex_match_no_context
case3,regex_baseline,url,ascii,58058991,https://github.com/istanbuljs/puppeteer-to-istanbul,https://github.com/istanbuljs/puppeteer-to-istanbul,,,,regex_match_no_context
case3,regex_baseline,url,ascii,58076518,https://www.npmjs.com/package/debug,https://www.npmjs.com/package/debug,,,,regex_match_no_context
case3,regex_baseline,url,ascii,58139700,https://developer.mozilla.org/en-US/docs/Web/API/Document/evaluate,https://developer.mozilla.org/en-US/docs/Web/API/Document/evaluate,,,,regex_match_no_context
case3,regex_baseline,url,ascii,58140685,https://google.com,https://google.com,,,,regex_match_no_context
case3,regex_baseline,url,ascii,58140718,https://bbc.com,https://bbc.com,,,,regex_match_no_context
case3,regex_baseline,url,ascii,58142781,https://developer.mozilla.org/en-US/docs/Web/XPath,https://developer.mozilla.org/en-US/docs/Web/XPath,,,,regex_match_no_context
case3,regex_baseline,url,ascii,58153478,https://nodejs.org/api/process.html#process_process_cwd,https://nodejs.org/api/process.html,,,,regex_match_no_context
case3,regex_baseline,url,ascii,58156182,https://developer.mozilla.org/en-US/docs/Web/API/HTMLElement/focus,https://developer.mozilla.org/en-US/docs/Web/API/HTMLElement/focus,,,,regex_match_no_context
case3,regex_baseline,url,ascii,58167872,https://en.wikipedia.org/wiki/Polygon#Simple_polygons,https://en.wikipedia.org/wiki/Polygon,,,,regex_match_no_context
case3,regex_baseline,url,ascii,58181314,https://developer.chrome.com/extensions,https://developer.chrome.com/extensions,,,,regex_match_no_context
case3,regex_baseline,url,ascii,58193416,https://developer.mozilla.org/en-US/docs/Web/HTML/Element/input/file#attr-multiple,https://developer.mozilla.org/en-US/docs/Web/HTML/Element/input/file,,,,regex_match_no_context
case3,regex_baseline,url,ascii,58197779,https://bugzilla.mozilla.org/show_bug.cgi?id=1610855,https://bugzilla.mozilla.org/show_bug.cgi?id=1610855,,,,regex_match_no_context
case3,regex_baseline,url,ascii,58197837,https://bugzilla.mozilla.org/show_bug.cgi?id=1636979,https://bugzilla.mozilla.org/show_bug.cgi?id=1636979,,,,regex_match_no_context
case3,regex_baseline,url,ascii,58212534,https://www.google.com/chrome/browser/canary.html,https://www.google.com/chrome/browser/canary.html,,,,regex_match_no_context
case3,regex_baseline,url,ascii,58215177,https://bugs.chromium.org/p/chromium/issues/detail?id=761295,https://bugs.chromium.org/p/chromium/issues/detail?id=761295,,,,regex_match_no_context
case3,regex_baseline,url,ascii,58218348,https://developer.mozilla.org/en-US/docs/Web/API/History_API,https://developer.mozilla.org/en-US/docs/Web/API/History_API,,,,regex_match_no_context
case3,regex_baseline,url,ascii,58288613,https://www.iana.org/assignments/http-status-codes/http-status-codes.xhtml,https://www.iana.org/assignments/http-status-codes/http-status-codes.xhtml,,,,regex_match_no_context
case3,regex_baseline,url,ascii,58303664,https://github.com/puppeteer/puppeteer/issues/1313,https://github.com/puppeteer/puppeteer/issues/1313,,,,regex_match_no_context
case3,regex_baseline,url,ascii,58305370,https://developer.mozilla.org/en-US/docs/Web/API/KeyboardEvent/repeat,https://developer.mozilla.org/en-US/docs/Web/API/KeyboardEvent/repeat,,,,regex_match_no_context
case3,regex_baseline,url,ascii,58313629,https://developer.mozilla.org/en-US/docs/Web/API/DocumentOrShadowRoot/getSelection,https://developer.mozilla.org/en-US/docs/Web/API/DocumentOrShadowRoot/getSelection,,,,regex_match_no_context
case3,regex_baseline,url,ascii,58318806,https://mdn.mozillademos.org/en-US/docs/Web/API/Element/wheel_event$samples/Scaling_an_element_via_the_wheel?revision=1587366,https://mdn.mozillademos.org/en-US/docs/Web/API/Element/wheel_event$samples/Scaling_an_element_via_the_wheel?revision=1587366,,,,regex_match_no_context
case3,regex_baseline,url,ascii,58335047,https://crrev.com/608658,https://crrev.com/608658,,,,regex_match_no_context
case3,regex_baseline,url,ascii,58352051,https://chromedevtools.github.io/devtools-protocol/tot/Runtime/#type-RemoteObject),https://chromedevtools.github.io/devtools-protocol/tot/Runtime,,,,regex_match_no_context
case3,regex_baseline,url,ascii,58407096,https://crbug.com/750469,https://crbug.com/750469,,,,regex_match_no_context
case3,regex_baseline,url,ascii,58407270,https://crbug.com/883475,https://crbug.com/883475,,,,regex_match_no_context
case3,regex_baseline,url,ascii,58433072,https://pptr.dev/next/guides/request-interception,https://pptr.dev/next/guides/request-interception,,,,regex_match_no_context
case3,regex_baseline,url,ascii,58436413,https://developer.mozilla.org/en-US/docs/Web/CSS/CSS_Selectors,https://developer.mozilla.org/en-US/docs/Web/CSS/CSS_Selectors,,,,regex_match_no_context
case3,regex_baseline,url,ascii,58462975,https://example.com/resource,https://example.com/resource,,,,regex_match_no_context
case3,regex_baseline,url,ascii,58479125,https://source.chromium.org/chromium/chromium/deps/icu.git/+/faee8bc70570192d82d2978a71e2a615788597d1:source/data/misc/metaZones.txt,https://source.chromium.org/chromium/chromium/deps/icu.git/+/faee8bc70570192d82d2978a71e2a615788597d1:source/data/misc/metaZones.txt,,,,regex_match_no_context
case3,regex_baseline,url,ascii,58481093,https://v8.dev/blog/10-years,https://v8.dev/blog/10-years,,,,regex_match_no_context
case3,regex_baseline,url,ascii,58489600,https://chromedevtools.github.io/devtools-protocol/tot/Page/#method-captureScreenshot,https://chromedevtools.github.io/devtools-protocol/tot/Page,,,,regex_match_no_context
case3,regex_baseline,url,ascii,58490273,https://crbug.com/741689,https://crbug.com/741689,,,,regex_match_no_context
case3,regex_baseline,url,ascii,58494204,https://developer.mozilla.org/en-US/docs/Web/CSS/-webkit-print-color-adjust,https://developer.mozilla.org/en-US/docs/Web/CSS/-webkit-print-color-adjust,,,,regex_match_no_context
case3,regex_baseline,url,ascii,58510106,https://api.github.com/users/$,https://api.github.com/users/$,,,,regex_match_no_context
case3,regex_baseline,url,ascii,58515227,https://github.com/puppeteer/puppeteer/issues/3865,https://github.com/puppeteer/puppeteer/issues/3865,,,,regex_match_no_context
case3,regex_baseline,url,ascii,58540230,https://en.wikipedia.org/wiki/Unix_time,https://en.wikipedia.org/wiki/Unix_time,,,,regex_match_no_context
case3,regex_baseline,url,ascii,58541127,https://en.wikipedia.org/wiki/Subject_Alternative_Name,https://en.wikipedia.org/wiki/Subject_Alternative_Name,,,,regex_match_no_context
case3,regex_baseline,url,ascii,58559908,https://chromedevtools.github.io/timeline-viewer/,https://chromedevtools.github.io/timeline-viewer,,,,regex_match_no_context
case3,regex_baseline,url,ascii,58625516,https://github.com/puppeteer/puppeteer/blob/main/src/injected/README.md),https://github.com/puppeteer/puppeteer/blob/main/src/injected/README.md),,,,regex_match_no_context
case3,regex_baseline,url,ascii,58663901,https://storage.googleapis.com,https://storage.googleapis.com,,,,regex_match_no_context
case3,regex_baseline,url,ascii,58663971,https://archive.mozilla.org/pub/firefox/nightly/latest-mozilla-central,https://archive.mozilla.org/pub/firefox/nightly/latest-mozilla-central,,,,regex_match_no_context
case3,regex_baseline,url,ascii,58665663,http://omahaproxy.appspot.com/,http://omahaproxy.appspot.com,,,,regex_match_no_context
case3,regex_baseline,url,ascii,58688776,https://nodejs.org/api/child_process.html#child_process_options_detached,https://nodejs.org/api/child_process.html,,,,regex_match_no_context
case3,regex_baseline,url,ascii,58698178,https://github.com/puppeteer/puppeteer/blob/main/docs/troubleshooting.md,https://github.com/puppeteer/puppeteer/blob/main/docs/troubleshooting.md,,,,regex_match_no_context
case3,regex_baseline,url,ascii,58716852,https://bugzilla.mozilla.org/show_bug.cgi?id=1543115,https://bugzilla.mozilla.org/show_bug.cgi?id=1543115,,,,regex_match_no_context
case3,regex_baseline,url,ascii,58721774,https://bit.ly/bug-1732263),https://bit.ly/bug-1732263),,,,regex_match_no_context
case3,regex_baseline,url,ascii,58723829,https://bugzilla.mozilla.org/show_bug.cgi?id=1710839,https://bugzilla.mozilla.org/show_bug.cgi?id=1710839,,,,regex_match_no_context
case3,regex_baseline,url,ascii,58742062,https://www.chromium.org/getting-involved/dev-channel,https://www.chromium.org/getting-involved/dev-channel,,,,regex_match_no_context
case3,regex_baseline,url,ascii,58742176,https://www.howtogeek.com/202825/what%E2%80%99s-the-difference-between-chromium-and-chrome/,https://www.howtogeek.com/202825/what%E2%80%99s-the-difference-between-chromium-and-chrome,,,,regex_match_no_context
case3,regex_baseline,url,ascii,58742371,https://chromium.googlesource.com/chromium/src/+/lkgr/docs/chromium_browser_vs_google_chrome.md,https://chromium.googlesource.com/chromium/src/+/lkgr/docs/chromium_browser_vs_google_chrome.md,,,,regex_match_no_context
case3,regex_baseline,url,ascii,58840231,https://github.com/WebAssembly/design/blob/master/BinaryEncoding.md,https://github.com/WebAssembly/design/blob/master/BinaryEncoding.md,,,,regex_match_no_context
case3,regex_baseline,url,ascii,58931891,https://github.com/WebAssembly/tool-conventions/blob/master/Linking.md,https://github.com/WebAssembly/tool-conventions/blob/master/Linking.md,,,,regex_match_no_context
case3,regex_baseline,url,ascii,59194983,https://www.w3.org/TR/WCAG21/#contrast-minimum,https://www.w3.org/TR/WCAG21,,,,regex_match_no_context
case3,regex_baseline,url,ascii,59195149,https://developers.google.com/web/updates/2020/08/devtools#accessible-color,https://developers.google.com/web/updates/2020/08/devtools,,,,regex_match_no_context
case3,regex_baseline,url,ascii,59195254,https://web.dev/strict-csp,https://web.dev/strict-csp,,,,regex_match_no_context
case3,regex_baseline,url,ascii,59195709,https://wikipedia.org/wiki/Punycode,https://wikipedia.org/wiki/Punycode,,,,regex_match_no_context
case3,regex_baseline,url,ascii,59195910,https://webrtc.org/web-apis/chrome/unified-plan/,https://webrtc.org/web-apis/chrome/unified-plan,,,,regex_match_no_context
case3,regex_baseline,url,ascii,59196168,https://developer.chrome.com/docs/extensions/mv3/,https://developer.chrome.com/docs/extensions/mv3,,,,regex_match_no_context
case3,regex_baseline,url,ascii,59205330,https://crbug.com/1227651,https://crbug.com/1227651,,,,regex_match_no_context
case3,regex_baseline,url,ascii,59977662,https://github.com/bgrins/spectrum,https://github.com/bgrins/spectrum,,,,regex_match_no_context
case3,regex_baseline,url,ascii,60677107,https://crbug.com/1122511,https://crbug.com/1122511,,,,regex_match_no_context
case3,regex_baseline,url,ascii,60732787,https://w3c.github.io/manifest/#icon-masks,https://w3c.github.io/manifest,,,,regex_match_no_context
case3,regex_baseline,url,ascii,60774546,https://docs.google.com/document/d/1QrSSRsJRzaQBY3zz73ZL84bTcFUV60yMtE5cuu6ED14,https://docs.google.com/document/d/1QrSSRsJRzaQBY3zz73ZL84bTcFUV60yMtE5cuu6ED14,,,,regex_match_no_context
case3,regex_baseline,url,ascii,67302534,https://github.com/,https://github.com,,,,regex_match_no_context
case3,regex_baseline,url,ascii,67550102,https://www.youtube.com/?feature=ytca,https://www.youtube.com?feature=ytca,,,,regex_match_no_context
case3,regex_baseline,url,ascii,68382326,https://www.google.com/images/branding/product/ico/googleg_lodp.ico,https://www.google.com/images/branding/product/ico/googleg_lodp.ico,,,,regex_match_no_context
case3,regex_baseline,url,ascii,68394566,https://comic.naver.com/webtoon/list?titleId=790713&weekday=tue,https://comic.naver.com/webtoon/list?titleId=790713&weekday=tue,,,,regex_match_no_context
case3,regex_baseline,url,ascii,68395142,https://comic.naver.com/webtoon/detail?titleId=790713&no=99,https://comic.naver.com/webtoon/detail?titleId=790713&no=99,,,,regex_match_no_context
case3,regex_baseline,url,ascii,68396438,http://forensic.korea.ac.kr/DFWIKI/index.php/%EB%8C%80%EB%AC%B8,http://forensic.korea.ac.kr/DFWIKI/index.php/%EB%8C%80%EB%AC%B8,,,,regex_match_no_context
case3,regex_baseline,url,ascii,68397158,https://comic.naver.com/webtoon/detail?titleId=790713&no=100,https://comic.naver.com/webtoon/detail?titleId=790713&no=100,,,,regex_match_no_context
case3,regex_baseline,url,ascii,68397590,https://comic.naver.com/webtoon/list?titleId=790713&weekday=fri,https://comic.naver.com/webtoon/list?titleId=790713&weekday=fri,,,,regex_match_no_context
case3,regex_baseline,url,ascii,68398166,https://comic.naver.com/webtoon/detail?titleId=790713&no=101&weekday=,https://comic.naver.com/webtoon/detail?titleId=790713&no=101&weekday=,,,,regex_match_no_context
case3,regex_baseline,url,ascii,68400902,https://comic.naver.com/webtoon/detail?titleId=790713&no=98,https://comic.naver.com/webtoon/detail?titleId=790713&no=98,,,,regex_match_no_context
case3,regex_baseline,url,ascii,68401334,https://comic.naver.com/webtoon/detail?titleId=790713&no=98&weekday=fri,https://comic.naver.com/webtoon/detail?titleId=790713&no=98&weekday=fri,,,,regex_match_no_context
case3,regex_baseline,url,ascii,68402774,https://comic.naver.com/webtoon/list?titleId=64997&weekday=sat,https://comic.naver.com/webtoon/list?titleId=64997&weekday=sat,,,,regex_match_no_context
case3,regex_baseline,url,ascii,68406662,https://ssl.pstatic.net/sstatic/search/favicon/favicon_140327.ico,https://ssl.pstatic.net/sstatic/search/favicon/favicon_140327.ico,,,,regex_match_no_context
case3,regex_baseline,url,ascii,68406806,https://suggest.search.daum.net/sushi/opensearch/pc?q=,https://suggest.search.daum.net/sushi/opensearch/pc?q=,,,,regex_match_no_context
case3,regex_baseline,url,ascii,68407094,https://cdn.sstatic.net/Sites/stackoverflow/Img/favicon.ico?v=ec617d715196,https://cdn.sstatic.net/Sites/stackoverflow/Img/favicon.ico?v=ec617d715196,,,,regex_match_no_context
case3,regex_baseline,url,ascii,68407238,https://en.wikipedia.org/w/index.php?title=Special:Search&search=,https://en.wikipedia.org/w/index.php?title=Special:Search&search=,,,,regex_match_no_context
case3,regex_baseline,url,ascii,68936278,https://accounts.google.com/ServiceLogin?continue=https%3A%2F%2Fmail.google.com%2Fmail%2F&service=mail&hl=ko&authuser=0&passive=true&sarp=1&aodrpl=1&checkedDomains=youtube&checkConnection=youtube%3A271%3A0&pstMsg=1,https://accounts.google.com/ServiceLogin?continue=https%3A%2F%2Fmail.google.com%2Fmail%2F&service=mail&hl=ko&authuser=0&passive=true&sarp=1&aodrpl=1&checkedDomains=youtube&checkConnection=youtube%3A271%3A0&pstMsg=1,,,,regex_match_no_context
case3,regex_baseline,url,ascii,69361126,https://shared-comic.pstatic.net/,https://shared-comic.pstatic.net,,,,regex_match_no_context
case3,regex_baseline,url,ascii,69361238,https://recruit.webtoonscorp.com/,https://recruit.webtoonscorp.com,,,,regex_match_no_context
case3,regex_baseline,url,ascii,69361350,https://static.arxiv.org/,https://static.arxiv.org,,,,regex_match_no_context
case3,regex_baseline,url,ascii,69361462,https://fonts.gstatic.com/,https://fonts.gstatic.com,,,,regex_match_no_context
case3,regex_baseline,url,ascii,69361574,https://comic.naver.com/,https://comic.naver.com,,,,regex_match_no_context
case3,regex_baseline,url,ascii,69361686,https://lh3.googleusercontent.com/,https://lh3.googleusercontent.com,,,,regex_match_no_context
case3,regex_baseline,url,ascii,69362022,https://accounts.youtube.com/,https://accounts.youtube.com,,,,regex_match_no_context
case3,regex_baseline,url,ascii,69362134,https://ssl.gstatic.com/,https://ssl.gstatic.com,,,,regex_match_no_context
case3,regex_baseline,url,ascii,69362246,https://www.gstatic.com/,https://www.gstatic.com,,,,regex_match_no_context
case3,regex_baseline,url,ascii,69362358,https://ssl.pstatic.net/,https://ssl.pstatic.net,,,,regex_match_no_context
case3,regex_baseline,url,ascii,69362470,https://accounts.google.co.kr/,https://accounts.google.co.kr,,,,regex_match_no_context
case3,regex_baseline,url,ascii,69362694,https://www.googletagmanager.com/,https://www.googletagmanager.com,,,,regex_match_no_context
case3,regex_baseline,url,ascii,69362918,https://pm.pstatic.net/,https://pm.pstatic.net,,,,regex_match_no_context
case3,regex_baseline,url,ascii,69405307,https://www.chromium.org/Home,https://www.chromium.org/Home,,,,regex_match_no_context
case3,regex_baseline,url,ascii,69405356,https://www.google.com/search?q=%ED%8F%AC%EB%A0%8C%EC%8B%9D+%EC%9C%84%ED%82%A4&oq=%ED%8F%AC%EB%A0%8C%EC%8B%9D+%EC%9C%84%ED%82%A4&gs_lcrp=EgZjaHJvbWUyBggAEEUYOdIBCDExOTFqMGo3qAIAsAIA&sourceid=chrome&ie=UTF-8,https://www.google.com/search?q=%ED%8F%AC%EB%A0%8C%EC%8B%9D+%EC%9C%84%ED%82%A4&oq=%ED%8F%AC%EB%A0%8C%EC%8B%9D+%EC%9C%84%ED%82%A4&gs_lcrp=EgZjaHJvbWUyBggAEEUYOdIBCDExOTFqMGo3qAIAsAIA&sourceid=chrome&ie=UTF-8,,,,regex_match_no_context
case3,regex_baseline,url,ascii,69406235,https://gmail.com/Gmail:,https://gmail.com/Gmail:,,,,regex_match_no_context
case3,regex_baseline,url,ascii,69406353,https://en.wikipedia.org/Wikipedia,https://en.wikipedia.org/Wikipedia,,,,regex_match_no_context
case3,regex_baseline,url,ascii,69406428,http://forensic.korea.ac.kr/DFRC,http://forensic.korea.ac.kr/DFRC,,,,regex_match_no_context
case3,regex_baseline,url,ascii,69406514,https://www.youtube.com/YouTube,https://www.youtube.com/YouTube,,,,regex_match_no_context
case3,regex_baseline,url,ascii,69406567,https://ieee.org/IEEE,https://ieee.org/IEEE,,,,regex_match_no_context
case3,regex_baseline,url,ascii,69406730,https://stackoverflow.com/Stack,https://stackoverflow.com/Stack,,,,regex_match_no_context
case3,regex_baseline,url,ascii,69406837,https://geun-yeong.tistory.com/Believe,https://geun-yeong.tistory.com/Believe,,,,regex_match_no_context
case3,regex_baseline,url,ascii,69406916,https://arxiv.org/arXiv.org,https://arxiv.org/arXiv.org,,,,regex_match_no_context
case3,regex_baseline,url,ascii,69406979,https://github.com/GitHub:,https://github.com/GitHub:,,,,regex_match_no_context
case3,regex_baseline,url,ascii,69407059,https://www.kakao.com/,https://www.kakao.com,,,,regex_match_no_context
case3,regex_baseline,url,ascii,69407110,https://www.daum.net/Daum,https://www.daum.net/Daum,,,,regex_match_no_context
case3,regex_baseline,url,ascii,69407155,https://www.naver.com/NAVER*,https://www.naver.com/NAVER*,,,,regex_match_no_context
case3,regex_baseline,url,ascii,69407202,https://www.google.com/Google,https://www.google.com/Google,,,,regex_match_no_context
case3,regex_baseline,url,ascii,69407251,https://google.com/Google,https://google.com/Google,,,,regex_match_no_context
case3,regex_baseline,url,ascii,69634253,https://www.chromium.org/,https://www.chromium.org,,,,regex_match_no_context
case3,regex_baseline,url,ascii,69634283,https://www.youtube.com/$,https://www.youtube.com/$,,,,regex_match_no_context
case3,regex_baseline,url,ascii,69634312,https://www.naver.com/,https://www.naver.com,,,,regex_match_no_context
case3,regex_baseline,url,ascii,69635179,https://www.daum.net/,https://www.daum.net,,,,regex_match_no_context
case3,regex_baseline,url,ascii,69635205,https://stackoverflow.com/,https://stackoverflow.com,,,,regex_match_no_context
case3,regex_baseline,url,ascii,69635236,https://ieee.org/,https://ieee.org,,,,regex_match_no_context
case3,regex_baseline,url,ascii,69635281,https://gmail.com/@,https://gmail.com/@,,,,regex_match_no_context
case3,regex_baseline,url,ascii,69635328,https://geun-yeong.tistory.com/,https://geun-yeong.tistory.com,,,,regex_match_no_context
case3,regex_baseline,url,ascii,69635364,https://en.wikipedia.org/,https://en.wikipedia.org,,,,regex_match_no_context
case3,regex_baseline,url,ascii,69635394,https://arxiv.org/,https://arxiv.org,,,,regex_match_no_context
case3,regex_baseline,url,ascii,69635417,http://forensic.korea.ac.kr/,http://forensic.korea.ac.kr,,,,regex_match_no_context
case3,regex_baseline,url,ascii,69749894,https://optimizationguide-pa.googleapis.com/v1:GetHints,https://optimizationguide-pa.googleapis.com/v1:GetHints,,,,regex_match_no_context
case3,regex_baseline,url,ascii,69770534,https://www.google.com/tools/feedback/chrome/__submit,https://www.google.com/tools/feedback/chrome/__submit,,,,regex_match_no_context
case3,regex_baseline,url,ascii,69934968,https://csp.withgoogle.com/csp/chromium-website/,https://csp.withgoogle.com/csp/chromium-website,,,,regex_match_no_context
case3,regex_baseline,url,ascii,70160182,https://myaccount.google.com/data-and-privacy?utm_source=ga-chrome-actions&utm_medium=managePrivacy,https://myaccount.google.com/data-and-privacy?utm_source=ga-chrome-actions&utm_medium=managePrivacy,,,,regex_match_no_context
case3,regex_baseline,url,ascii,70180950,https://myaccount.google.com/find-your-phone?utm_source=ga-chrome-actions&utm_medium=findYourPhone,https://myaccount.google.com/find-your-phone?utm_source=ga-chrome-actions&utm_medium=findYourPhone,,,,regex_match_no_context
case3,regex_baseline,url,ascii,70598218,https://www.ieee.org,https://www.ieee.org,,,,regex_match_no_context
case3,regex_baseline,url,ascii,70872870,https://accounts.google.com/AccountChooser/signinchooser?service=mail&continue=https%3A%2F%2Fmail.google.com%2Fmail%2F&flowName=GlifWebSignIn&flowEntry=AccountChooser,https://accounts.google.com/AccountChooser/signinchooser?service=mail&continue=https%3A%2F%2Fmail.google.com%2Fmail%2F&flowName=GlifWebSignIn&flowEntry=AccountChooser,,,,regex_match_no_context
case3,regex_baseline,url,ascii,70876950,http://forensic.korea.ac.kr/DFWIKI/index.php/%ED%8A%B9%EC%88%98:%EA%B2%80%EC%83%89?search=%ED%8C%8C%EC%9D%BC%EC%8B%9C%EC%8A%A4%ED%85%9C&go=%EC%9D%B4%EB%8F%99,http://forensic.korea.ac.kr/DFWIKI/index.php/%ED%8A%B9%EC%88%98:%EA%B2%80%EC%83%89?search=%ED%8C%8C%EC%9D%BC%EC%8B%9C%EC%8A%A4%ED%85%9C&go=%EC%9D%B4%EB%8F%99,,,,regex_match_no_context
case3,regex_baseline,url,ascii,70959722,http://crl.usertrust.com/USERTrustECCCertificationAuthority.crl0v,http://crl.usertrust.com/USERTrustECCCertificationAuthority.crl0v,,,,regex_match_no_context
case3,regex_baseline,url,ascii,70959880,http://ocsp.usertrust.com0,http://ocsp.usertrust.com0,,,,regex_match_no_context
case3,regex_baseline,url,ascii,71087353,"https://www.chromium.org0,1","https://www.chromium.org0,1",,,,regex_match_no_context
case3,regex_baseline,url,ascii,71175110,https://securitydomain-pa.googleapis.com/v1/,https://securitydomain-pa.googleapis.com/v1,,,,regex_match_no_context
case3,regex_baseline,url,ascii,71328534,https://clients4.google.com/chrome-sync/dev/event,https://clients4.google.com/chrome-sync/dev/event,,,,regex_match_no_context
case3,regex_baseline,url,ascii,71329174,https://clients4.google.com/chrome-sync/dev,https://clients4.google.com/chrome-sync/dev,,,,regex_match_no_context
case3,regex_baseline,url,ascii,71692230,https://search.naver.com/search.naver?ie=&query=&sm=chr_hty,https://search.naver.com/search.naver?ie=&query=&sm=chr_hty,,,,regex_match_no_context
case3,regex_baseline,url,ascii,71693670,https://ac.search.naver.com/nx/ac?of=os&ie=,https://ac.search.naver.com/nx/ac?of=os&ie=,,,,regex_match_no_context
case3,regex_baseline,url,ascii,71693830,https://search.naver.com/search.naver?ie=,https://search.naver.com/search.naver?ie=,,,,regex_match_no_context
case3,regex_baseline,url,ascii,71693990,https://www.bing.com/osjson.aspx?query=,https://www.bing.com/osjson.aspx?query=,,,,regex_match_no_context
case3,regex_baseline,url,ascii,71697990,https://www.bing.com/images/detail/search?iss=sbiupload&FORM=CHROMI#enterInsights,https://www.bing.com/images/detail/search?iss=sbiupload&FORM=CHROMI,,,,regex_match_no_context
case3,regex_baseline,url,ascii,71698470,http://forensic.korea.ac.kr/DFWIKI/index.php/%EC%9A%B4%EC%98%81%EC%B2%B4%EC%A0%9C,http://forensic.korea.ac.kr/DFWIKI/index.php/%EC%9A%B4%EC%98%81%EC%B2%B4%EC%A0%9C,,,,regex_match_no_context
case3,regex_baseline,url,ascii,71699590,https://search.yahoo.com/sugg/chrome?output=fxjson&appid=crmas_sfp&command=,https://search.yahoo.com/sugg/chrome?output=fxjson&appid=crmas_sfp&command=,,,,regex_match_no_context
case3,regex_baseline,url,ascii,71703430,http://forensic.korea.ac.kr/DFWIKI/index.php/%EC%8A%A4%EB%A7%88%ED%8A%B8%ED%8F%B0,http://forensic.korea.ac.kr/DFWIKI/index.php/%EC%8A%A4%EB%A7%88%ED%8A%B8%ED%8F%B0,,,,regex_match_no_context
case3,regex_baseline,url,ascii,71706150,https://comic.naver.com/webtoon/detail?titleId=790713&no=101&weekday=tue,https://comic.naver.com/webtoon/detail?titleId=790713&no=101&weekday=tue,,,,regex_match_no_context
case3,regex_baseline,url,ascii,71706950,https://en.wikipedia.org/w/api.php?action=opensearch&search=,https://en.wikipedia.org/w/api.php?action=opensearch&search=,,,,regex_match_no_context
case3,regex_baseline,url,ascii,71794614,https://en.wikipedia.org/wiki/Digital_evidence,https://en.wikipedia.org/wiki/Digital_evidence,,,,regex_match_no_context
case3,regex_baseline,url,ascii,71826502,https://www.google.com/chrome/tips/,https://www.google.com/chrome/tips,,,,regex_match_no_context
case3,regex_baseline,url,ascii,72468390,https://optimizationguide-pa.googleapis.com/v1:GetModels?key=dummytoken,https://optimizationguide-pa.googleapis.com/v1:GetModels?key=dummytoken,,,,regex_match_no_context
case3,regex_baseline,url,ascii,73614310,https://accounts.google.com/v3/signin/challenge/pwd?TL=ALbfvL0LzpFXMwegg4QFOu3TKUFl0W-heK1rg6fzZ46OPxJuQIrcwoJtEbwy75uy&checkConnection=youtube%3A271%3A0&checkedDomains=youtube&cid=2&continue=https%3A%2F%2Fmail.google.com%2Fmail%2F&dsh=S-502362205%3A1677653382461634&flowEntry=ServiceLogin&flowName=GlifWebSignIn&ifkv=AWnogHdB2R47P8_be1so0fF5AMBtyCl6BDwEB27tq1JXdNxmLP4oSim3J-gghyoQV3HJ_lsNV7yYDw&pstMsg=1&rip=1&service=mail,https://accounts.google.com/v3/signin/challenge/pwd?TL=ALbfvL0LzpFXMwegg4QFOu3TKUFl0W-heK1rg6fzZ46OPxJuQIrcwoJtEbwy75uy&checkConnection=youtube%3A271%3A0&checkedDomains=youtube&cid=2&continue=https%3A%2F%2Fmail.google.com%2Fmail%2F&dsh=S-502362205%3A1677653382461634&flowEntry=ServiceLogin&flowName=GlifWebSignIn&ifkv=AWnogHdB2R47P8_be1so0fF5AMBtyCl6BDwEB27tq1JXdNxmLP4oSim3J-gghyoQV3HJ_lsNV7yYDw&pstMsg=1&rip=1&service=mail,,,,regex_match_no_context
case3,regex_baseline,url,ascii,74348838,https://www.chromium.org/developers/design-documents/multi-process-architecture/e/digital+forensics&language=en&go=Go&cn=app&pid=1&spid=243&hl=en&dm=,https://www.chromium.org/developers/design-documents/multi-process-architecture/e/digital+forensics&language=en&go=Go&cn=app&pid=1&spid=243&hl=en&dm=,,,,regex_match_no_context
case3,regex_baseline,url,ascii,74450742,https://googleusercontent.com/,https://googleusercontent.com,,,,regex_match_no_context
case3,regex_baseline,url,ascii,75601744,http://chromium.org/,http://chromium.org,,,,regex_match_no_context
case3,regex_baseline,url,ascii,75601771,http://gmail.com/@,http://gmail.com/@,,,,regex_match_no_context
case3,regex_baseline,url,ascii,75601795,http://en.wikipedia.org/,http://en.wikipedia.org,,,,regex_match_no_context
case3,regex_baseline,url,ascii,75601861,http://youtube.com/$,http://youtube.com/$,,,,regex_match_no_context
case3,regex_baseline,url,ascii,75601887,http://ieee.org/,http://ieee.org,,,,regex_match_no_context
case3,regex_baseline,url,ascii,75601910,http://arxiv.org/,http://arxiv.org,,,,regex_match_no_context
case3,regex_baseline,url,ascii,75601934,http://stackoverflow.com/,http://stackoverflow.com,,,,regex_match_no_context
case3,regex_baseline,url,ascii,75601966,http://github.com/,http://github.com,,,,regex_match_no_context
case3,regex_baseline,url,ascii,75601991,http://geun-yeong.tistory.com/,http://geun-yeong.tistory.com,,,,regex_match_no_context
case3,regex_baseline,url,ascii,75602028,http://kakao.com/,http://kakao.com,,,,regex_match_no_context
case3,regex_baseline,url,ascii,75602052,http://daum.net/,http://daum.net,,,,regex_match_no_context
case3,regex_baseline,url,ascii,75602075,http://naver.com/,http://naver.com,,,,regex_match_no_context
case3,regex_baseline,url,ascii,75602099,http://google.com/,http://google.com,,,,regex_match_no_context
case3,regex_baseline,url,ascii,75605892,http://gmail.com/,http://gmail.com,,,,regex_match_no_context
case3,regex_baseline,url,ascii,75605976,http://youtube.com/,http://youtube.com,,,,regex_match_no_context
case3,regex_baseline,url,ascii,75637498,https://www.google.com/search?q=%ED%8F%AC%EB%A0%8C%EC%8B%9D+%EC%9C%84%ED%82%A4&sourceid=chrome&ie=UTF-8,https://www.google.com/search?q=%ED%8F%AC%EB%A0%8C%EC%8B%9D+%EC%9C%84%ED%82%A4&sourceid=chrome&ie=UTF-8,,,,regex_match_no_context
case3,regex_baseline,url,ascii,75637797,https://www.google.com/search?q=%ED%81%AC%EB%A1%AC+%EB%B8%8C%EB%9D%BC%EC%9A%B0%EC%A0%80&sourceid=chrome&ie=UTF-8,https://www.google.com/search?q=%ED%81%AC%EB%A1%AC+%EB%B8%8C%EB%9D%BC%EC%9A%B0%EC%A0%80&sourceid=chrome&ie=UTF-8,,,,regex_match_no_context
case3,regex_baseline,url,ascii,75651098,https://forensic.korea.ac.kr/http://forensic.korea.ac.kr/DFWIKI/index.php/%ED%8C%8C%EC%9D%BC%EC%8B%9C%EC%8A%A4%ED%85%9Cforensic.korea.ac.kr/DFWIKI/index.php/,https://forensic.korea.ac.kr/http://forensic.korea.ac.kr/DFWIKI/index.php/%ED%8C%8C%EC%9D%BC%EC%8B%9C%EC%8A%A4%ED%85%9Cforensic.korea.ac.kr/DFWIKI/index.php,,,,regex_match_no_context
case3,regex_baseline,url,ascii,75671325,https://accounts.google.com/v3/signin/challenge/pwd?TL=ALbfvL0LzpFXMwegg4QFOu3TKUFl0W-heK1rg6fzZ46OPxJuQIrcwoJtEbwy75uy&checkConnection=youtube%3A271%3A0&checkedDomains=youtube&cid=2&continue=https%3A%2F%2Fmail.google.com%2Fmail%2F&dsh=S-502362205%3A1677653382461634&flowEntry=ServiceLogin&flowName=GlifWebSignIn&ifkv=AWnogHdB2R47P8_be1so0fF5AMBtyCl6BDwEB27tq1JXdNxmLP4oSim3J-gghyoQV3HJ_lsNV7yYDw&pstMsg=1&rip=1&service=mailL,https://accounts.google.com/v3/signin/challenge/pwd?TL=ALbfvL0LzpFXMwegg4QFOu3TKUFl0W-heK1rg6fzZ46OPxJuQIrcwoJtEbwy75uy&checkConnection=youtube%3A271%3A0&checkedDomains=youtube&cid=2&continue=https%3A%2F%2Fmail.google.com%2Fmail%2F&dsh=S-502362205%3A1677653382461634&flowEntry=ServiceLogin&flowName=GlifWebSignIn&ifkv=AWnogHdB2R47P8_be1so0fF5AMBtyCl6BDwEB27tq1JXdNxmLP4oSim3J-gghyoQV3HJ_lsNV7yYDw&pstMsg=1&rip=1&service=mailL,,,,regex_match_no_context
case3,regex_baseline,url,ascii,75680119,https://comic.naver.com/webtoon/weekdayList?week=sat,https://comic.naver.com/webtoon/weekdayList?week=sat,,,,regex_match_no_context
case3,regex_baseline,url,ascii,75680243,https://www.ieee.org//IEEE,https://www.ieee.org//IEEE,,,,regex_match_no_context
case3,regex_baseline,url,ascii,75682338,https://comic.naver.com/webtoon/weekdayList?week=fri,https://comic.naver.com/webtoon/weekdayList?week=fri,,,,regex_match_no_context
case3,regex_baseline,url,ascii,75683080,https://comic.naver.com/webtoon/weekdayList,https://comic.naver.com/webtoon/weekdayList,,,,regex_match_no_context
case3,regex_baseline,url,ascii,75683193,https://comic.naver.com/webtoon/weekdayList.nhn,https://comic.naver.com/webtoon/weekdayList.nhn,,,,regex_match_no_context
case3,regex_baseline,url,ascii,75683640,https://www.kakaocorp.com/page/,https://www.kakaocorp.com/page,,,,regex_match_no_context
case3,regex_baseline,url,ascii,75683757,https://www.kakaocorp.com/,https://www.kakaocorp.com,,,,regex_match_no_context
case3,regex_baseline,url,ascii,75685159,http://forensic.korea.ac.kr/DFWIKI/index.php/%EB%8D%B0%EC%9D%B4%ED%84%B0_%EA%B5%AC%EC%84%B1_%EB%8B%A8%EC%9C%84,http://forensic.korea.ac.kr/DFWIKI/index.php/%EB%8D%B0%EC%9D%B4%ED%84%B0_%EA%B5%AC%EC%84%B1_%EB%8B%A8%EC%9C%84,,,,regex_match_no_context
case3,regex_baseline,url,ascii,75685341,http://forensic.korea.ac.kr/DFWIKI/index.php/%ED%8C%8C%EC%9D%BC%EC%8B%9C%EC%8A%A4%ED%85%9C,http://forensic.korea.ac.kr/DFWIKI/index.php/%ED%8C%8C%EC%9D%BC%EC%8B%9C%EC%8A%A4%ED%85%9C,,,,regex_match_no_context
case3,regex_baseline,url,ascii,75685494,http://forensic.korea.ac.kr/DFWIKI/index.php/NTFSNTFS,http://forensic.korea.ac.kr/DFWIKI/index.php/NTFSNTFS,,,,regex_match_no_context
case3,regex_baseline,url,ascii,75685596,http://forensic.korea.ac.kr/DFWIKI/index.php/%EB%8C%80%EB%AC%B8Digital,http://forensic.korea.ac.kr/DFWIKI/index.php/%EB%8C%80%EB%AC%B8Digital,,,,regex_match_no_context
case3,regex_baseline,url,ascii,75685963,https://www.google.com/intl/ko_kr/chrome/Chrome,https://www.google.com/intl/ko_kr/chrome/Chrome,,,,regex_match_no_context
case3,regex_baseline,url,ascii,75686044,https://en.wikipedia.org/wiki/BlockchainBlockchain,https://en.wikipedia.org/wiki/BlockchainBlockchain,,,,regex_match_no_context
case3,regex_baseline,url,ascii,75686124,https://en.wikipedia.org/wiki/CryptocurrencyCryptocurrency,https://en.wikipedia.org/wiki/CryptocurrencyCryptocurrency,,,,regex_match_no_context
case3,regex_baseline,url,ascii,75686212,https://en.wikipedia.org/wiki/RansomwareRansomware,https://en.wikipedia.org/wiki/RansomwareRansomware,,,,regex_match_no_context
case3,regex_baseline,url,ascii,75686292,https://en.wikipedia.org/wiki/CybercrimeCybercrime,https://en.wikipedia.org/wiki/CybercrimeCybercrime,,,,regex_match_no_context
case3,regex_baseline,url,ascii,75686372,https://en.wikipedia.org/wiki/Computer_crimeCybercrime,https://en.wikipedia.org/wiki/Computer_crimeCybercrime,,,,regex_match_no_context
case3,regex_baseline,url,ascii,75686456,https://en.wikipedia.org/wiki/Digital_forensicsDigital,https://en.wikipedia.org/wiki/Digital_forensicsDigital,,,,regex_match_no_context
case3,regex_baseline,url,ascii,75686553,https://en.wikipedia.org/w/index.php?search=digital+forensics&title=Special%3ASearch&ns0=1Digital,https://en.wikipedia.org/w/index.php?search=digital+forensics&title=Special%3ASearch&ns0=1Digital,,,,regex_match_no_context
case3,regex_baseline,url,ascii,75686690,https://en.wikipedia.org/wiki/Main_PageWikipedia,https://en.wikipedia.org/wiki/Main_PageWikipedia,,,,regex_match_no_context
case3,regex_baseline,url,ascii,75686782,http://forensic.korea.ac.kr/DFWIKI/index.php/%EB%8D%B0%EC%9D%B4%ED%84%B0%EB%B2%A0%EC%9D%B4%EC%8A%A4,http://forensic.korea.ac.kr/DFWIKI/index.php/%EB%8D%B0%EC%9D%B4%ED%84%B0%EB%B2%A0%EC%9D%B4%EC%8A%A4,,,,regex_match_no_context
case3,regex_baseline,url,ascii,75686946,http://forensic.korea.ac.kr/DFWIKI/index.php/DB,http://forensic.korea.ac.kr/DFWIKI/index.php/DB,,,,regex_match_no_context
case3,regex_baseline,url,ascii,75687058,http://forensic.korea.ac.kr/DFWIKI/index.php/IOSIOS,http://forensic.korea.ac.kr/DFWIKI/index.php/IOSIOS,,,,regex_match_no_context
case3,regex_baseline,url,ascii,75687159,http://forensic.korea.ac.kr/DFWIKI/index.php/%EC%95%88%EB%93%9C%EB%A1%9C%EC%9D%B4%EB%93%9C,http://forensic.korea.ac.kr/DFWIKI/index.php/%EC%95%88%EB%93%9C%EB%A1%9C%EC%9D%B4%EB%93%9C,,,,regex_match_no_context
case3,regex_baseline,url,ascii,75687596,http://forensic.korea.ac.kr/DFWIKI/index.php/ExFATExFAT,http://forensic.korea.ac.kr/DFWIKI/index.php/ExFATExFAT,,,,regex_match_no_context
case3,regex_baseline,url,ascii,75687699,http://forensic.korea.ac.kr/DFWIKI/index.php/FAT32FAT,http://forensic.korea.ac.kr/DFWIKI/index.php/FAT32FAT,,,,regex_match_no_context
case3,regex_baseline,url,ascii,75687799,http://forensic.korea.ac.kr/DFWIKI/index.php/FATFAT,http://forensic.korea.ac.kr/DFWIKI/index.php/FATFAT,,,,regex_match_no_context
case3,regex_baseline,url,ascii,75687898,https://www.youtube.com/?themeRefresh=1YouTube,https://www.youtube.com?themeRefresh=1YouTube,,,,regex_match_no_context
case3,regex_baseline,url,ascii,75704701,https://forensic.korea.ac.kr/http://forensic.korea.ac.kr/DFWIKI/index.php/%EB%8C%80%EB%AC%B8forensic.korea.ac.kr/DFWIKI/index.php/,https://forensic.korea.ac.kr/http://forensic.korea.ac.kr/DFWIKI/index.php/%EB%8C%80%EB%AC%B8forensic.korea.ac.kr/DFWIKI/index.php,,,,regex_match_no_context
case3,regex_baseline,url,ascii,75704857,https://youtube.com/https://www.youtube.com/youtube.comC,https://youtube.com/https://www.youtube.com/youtube.comC,,,,regex_match_no_context
case3,regex_baseline,url,ascii,75704932,https://github.com/https://github.com/github.comG,https://github.com/https://github.com/github.comG,,,,regex_match_no_context
case3,regex_baseline,url,ascii,75705000,https://google.com/https://www.google.com/google.comD,https://google.com/https://www.google.com/google.comD,,,,regex_match_no_context
case3,regex_baseline,url,ascii,75705072,https://naver.com/https://www.naver.com/naver.comD,https://naver.com/https://www.naver.com/naver.comD,,,,regex_match_no_context
case3,regex_baseline,url,ascii,75705141,https://naver.com/https://www.naver.com/naver.com,https://naver.com/https://www.naver.com/naver.com,,,,regex_match_no_context
case3,regex_baseline,url,ascii,75705405,https://forensic.korea.ac.kr/http://forensic.korea.ac.kr/DFWIKI/index.php/%EB%8D%B0%EC%9D%B4%ED%84%B0_%EA%B5%AC%EC%84%B1_%EB%8B%A8%EC%9C%84forensic.korea.ac.kr/DFWIKI/index.php/,https://forensic.korea.ac.kr/http://forensic.korea.ac.kr/DFWIKI/index.php/%EB%8D%B0%EC%9D%B4%ED%84%B0_%EA%B5%AC%EC%84%B1_%EB%8B%A8%EC%9C%84forensic.korea.ac.kr/DFWIKI/index.php,,,,regex_match_no_context
case3,regex_baseline,url,ascii,75705625,https://forensic.korea.ac.kr/http://forensic.korea.ac.kr/DFWIKI/index.php/NTFSforensic.korea.ac.kr/DFWIKI/index.php/NTFS,https://forensic.korea.ac.kr/http://forensic.korea.ac.kr/DFWIKI/index.php/NTFSforensic.korea.ac.kr/DFWIKI/index.php/NTFS,,,,regex_match_no_context
case3,regex_baseline,url,ascii,75705925,https://www.google.com/search?q=%ED%8F%AC%EB%A0%8C%EC%8B%9D+%EC%9C%84%ED%82%A4&sourceid=chrome&ie=UTF-8https://www.google.com/search?q=%ED%8F%AC%EB%A0%8C%EC%8B%9D+%EC%9C%84%ED%82%A4&sourceid=chrome&ie=UTF-8google.com/search?q=,https://www.google.com/search?q=%ED%8F%AC%EB%A0%8C%EC%8B%9D+%EC%9C%84%ED%82%A4&sourceid=chrome&ie=UTF-8https://www.google.com/search?q=%ED%8F%AC%EB%A0%8C%EC%8B%9D+%EC%9C%84%ED%82%A4&sourceid=chrome&ie=UTF-8google.com/search?q=,,,,regex_match_no_context
case3,regex_baseline,url,ascii,75706211,https://google.com/https://www.google.com/intl/ko_kr/chrome/google.com/intl/ko_kr/chrome/,https://google.com/https://www.google.com/intl/ko_kr/chrome/google.com/intl/ko_kr/chrome,,,,regex_match_no_context
case3,regex_baseline,url,ascii,75706323,https://www.google.com/search?q=%ED%81%AC%EB%A1%AC+%EB%B8%8C%EB%9D%BC%EC%9A%B0%EC%A0%80&sourceid=chrome&ie=UTF-8https://www.google.com/search?q=%ED%81%AC%EB%A1%AC+%EB%B8%8C%EB%9D%BC%EC%9A%B0%EC%A0%80&sourceid=chrome&ie=UTF-8google.com/search?q=,https://www.google.com/search?q=%ED%81%AC%EB%A1%AC+%EB%B8%8C%EB%9D%BC%EC%9A%B0%EC%A0%80&sourceid=chrome&ie=UTF-8https://www.google.com/search?q=%ED%81%AC%EB%A1%AC+%EB%B8%8C%EB%9D%BC%EC%9A%B0%EC%A0%80&sourceid=chrome&ie=UTF-8google.com/search?q=,,,,regex_match_no_context
case3,regex_baseline,url,ascii,75706630,https://google.com/https://www.google.com/google.comK,https://google.com/https://www.google.com/google.comK,,,,regex_match_no_context
case3,regex_baseline,url,ascii,75706780,https://comic.naver.com/https://comic.naver.com/webtoon/detail?titleId=790713&no=101&weekday=comic.naver.com/webtoon/detail?titleId=790713&no=101&weekday=,https://comic.naver.com/https://comic.naver.com/webtoon/detail?titleId=790713&no=101&weekday=comic.naver.com/webtoon/detail?titleId=790713&no=101&weekday=,,,,regex_match_no_context
case3,regex_baseline,url,ascii,75706962,https://comic.naver.com/https://comic.naver.com/webtoon/weekdayList?week=fricomic.naver.com/webtoon/weekdayList?week=fri,https://comic.naver.com/https://comic.naver.com/webtoon/weekdayList?week=fricomic.naver.com/webtoon/weekdayList?week=fri,,,,regex_match_no_context
case3,regex_baseline,url,ascii,75707110,https://comic.naver.com/https://comic.naver.com/webtoon/weekdayList?week=satcomic.naver.com/webtoon/weekdayList?week=sat,https://comic.naver.com/https://comic.naver.com/webtoon/weekdayList?week=satcomic.naver.com/webtoon/weekdayList?week=sat,,,,regex_match_no_context
case3,regex_baseline,url,ascii,75707258,https://comic.naver.com/https://comic.naver.com/webtoon/weekdayListcomic.naver.com/webtoon/weekdayListC,https://comic.naver.com/https://comic.naver.com/webtoon/weekdayListcomic.naver.com/webtoon/weekdayListC,,,,regex_match_no_context
case3,regex_baseline,url,ascii,75707379,https://ieee.org/https://www.ieee.org//ieee.org//B,https://ieee.org/https://www.ieee.org//ieee.org//B,,,,regex_match_no_context
case3,regex_baseline,url,ascii,75707447,https://github.com/https://github.com/github.com,https://github.com/https://github.com/github.com,,,,regex_match_no_context
case3,regex_baseline,url,ascii,75707516,https://comic.naver.com/https://comic.naver.com/webtoon/detail?titleId=790713&no=98comic.naver.com/webtoon/detail?titleId=790713&no=98,https://comic.naver.com/https://comic.naver.com/webtoon/detail?titleId=790713&no=98comic.naver.com/webtoon/detail?titleId=790713&no=98,,,,regex_match_no_context
case3,regex_baseline,url,ascii,75707678,https://comic.naver.com/https://comic.naver.com/webtoon/weekdayListcomic.naver.com/webtoon/weekdayListK,https://comic.naver.com/https://comic.naver.com/webtoon/weekdayListcomic.naver.com/webtoon/weekdayListK,,,,regex_match_no_context
case3,regex_baseline,url,ascii,75707807,https://naver.com/https://www.naver.com/naver.comW,https://naver.com/https://www.naver.com/naver.comW,,,,regex_match_no_context
case3,regex_baseline,url,ascii,75707875,https://stackoverflow.com/https://stackoverflow.com/stackoverflow.comf,https://stackoverflow.com/https://stackoverflow.com/stackoverflow.comf,,,,regex_match_no_context
case3,regex_baseline,url,ascii,75707963,https://geun-yeong.tistory.com/https://geun-yeong.tistory.com/geun-yeong.tistory.com?,https://geun-yeong.tistory.com/https://geun-yeong.tistory.com/geun-yeong.tistory.com,,,,regex_match_no_context
case3,regex_baseline,url,ascii,75708066,https://arxiv.org/https://arxiv.org/arxiv.orgB,https://arxiv.org/https://arxiv.org/arxiv.orgB,,,,regex_match_no_context
case3,regex_baseline,url,ascii,75708130,https://github.com/https://github.com/github.comZ,https://github.com/https://github.com/github.comZ,,,,regex_match_no_context
case3,regex_baseline,url,ascii,75708197,https://kakaocorp.com/https://www.kakaocorp.com/page/kakaocorp.com/page/@,https://kakaocorp.com/https://www.kakaocorp.com/page/kakaocorp.com/page/@,,,,regex_match_no_context
case3,regex_baseline,url,ascii,75708288,https://daum.net/https://www.daum.net/daum.netC,https://daum.net/https://www.daum.net/daum.netC,,,,regex_match_no_context
case3,regex_baseline,url,ascii,75708353,https://naver.com/https://www.naver.com/naver.comF,https://naver.com/https://www.naver.com/naver.comF,,,,regex_match_no_context
case3,regex_baseline,url,ascii,75708421,https://google.com/https://www.google.com/google.comF,https://google.com/https://www.google.com/google.comF,,,,regex_match_no_context
case3,regex_baseline,url,ascii,75708492,https://google.com/https://www.google.com/google.comE,https://google.com/https://www.google.com/google.comE,,,,regex_match_no_context
case3,regex_baseline,url,ascii,75708562,https://google.com/https://www.google.com/google.com,https://google.com/https://www.google.com/google.com,,,,regex_match_no_context
case3,regex_baseline,url,ascii,75708709,https://en.wikipedia.org/https://en.wikipedia.org/wiki/Decentralized_financeen.wikipedia.org/wiki/Decentralized_finance,https://en.wikipedia.org/https://en.wikipedia.org/wiki/Decentralized_financeen.wikipedia.org/wiki/Decentralized_finance,,,,regex_match_no_context
case3,regex_baseline,url,ascii,75708849,https://en.wikipedia.org/https://en.wikipedia.org/wiki/Smart_contracten.wikipedia.org/wiki/Smart_contractu,https://en.wikipedia.org/https://en.wikipedia.org/wiki/Smart_contracten.wikipedia.org/wiki/Smart_contractu,,,,regex_match_no_context
case3,regex_baseline,url,ascii,75708975,https://en.wikipedia.org/https://en.wikipedia.org/wiki/Blockchainen.wikipedia.org/wiki/Blockchain,https://en.wikipedia.org/https://en.wikipedia.org/wiki/Blockchainen.wikipedia.org/wiki/Blockchain,,,,regex_match_no_context
case3,regex_baseline,url,ascii,75709093,https://en.wikipedia.org/https://en.wikipedia.org/wiki/Cryptocurrencyen.wikipedia.org/wiki/Cryptocurrencyu,https://en.wikipedia.org/https://en.wikipedia.org/wiki/Cryptocurrencyen.wikipedia.org/wiki/Cryptocurrencyu,,,,regex_match_no_context
case3,regex_baseline,url,ascii,75709219,https://en.wikipedia.org/https://en.wikipedia.org/wiki/Ransomwareen.wikipedia.org/wiki/Ransomwareu,https://en.wikipedia.org/https://en.wikipedia.org/wiki/Ransomwareen.wikipedia.org/wiki/Ransomwareu,,,,regex_match_no_context
case3,regex_baseline,url,ascii,75709337,https://en.wikipedia.org/https://en.wikipedia.org/wiki/Cybercrimeen.wikipedia.org/wiki/Cybercrime,https://en.wikipedia.org/https://en.wikipedia.org/wiki/Cybercrimeen.wikipedia.org/wiki/Cybercrime,,,,regex_match_no_context
case3,regex_baseline,url,ascii,75709456,https://en.wikipedia.org/https://en.wikipedia.org/wiki/Digital_forensicsen.wikipedia.org/wiki/Digital_forensics,https://en.wikipedia.org/https://en.wikipedia.org/wiki/Digital_forensicsen.wikipedia.org/wiki/Digital_forensics,,,,regex_match_no_context
case3,regex_baseline,url,ascii,75709590,https://forensic.korea.ac.kr/http://forensic.korea.ac.kr/DFWIKI/index.php/%EB%8D%B0%EC%9D%B4%ED%84%B0%EB%B2%A0%EC%9D%B4%EC%8A%A4forensic.korea.ac.kr/DFWIKI/index.php/,https://forensic.korea.ac.kr/http://forensic.korea.ac.kr/DFWIKI/index.php/%EB%8D%B0%EC%9D%B4%ED%84%B0%EB%B2%A0%EC%9D%B4%EC%8A%A4forensic.korea.ac.kr/DFWIKI/index.php,,,,regex_match_no_context
case3,regex_baseline,url,ascii,75709796,https://forensic.korea.ac.kr/http://forensic.korea.ac.kr/DFWIKI/index.php/IOSforensic.korea.ac.kr/DFWIKI/index.php/IOS,https://forensic.korea.ac.kr/http://forensic.korea.ac.kr/DFWIKI/index.php/IOSforensic.korea.ac.kr/DFWIKI/index.php/IOS,,,,regex_match_no_context
case3,regex_baseline,url,ascii,75709937,https://forensic.korea.ac.kr/http://forensic.korea.ac.kr/DFWIKI/index.php/%EC%95%88%EB%93%9C%EB%A1%9C%EC%9D%B4%EB%93%9Cforensic.korea.ac.kr/DFWIKI/index.php/,https://forensic.korea.ac.kr/http://forensic.korea.ac.kr/DFWIKI/index.php/%EC%95%88%EB%93%9C%EB%A1%9C%EC%9D%B4%EB%93%9Cforensic.korea.ac.kr/DFWIKI/index.php,,,,regex_match_no_context
case3,regex_baseline,url,ascii,75710132,https://forensic.korea.ac.kr/http://forensic.korea.ac.kr/DFWIKI/index.php/%EC%8A%A4%EB%A7%88%ED%8A%B8%ED%8F%B0forensic.korea.ac.kr/DFWIKI/index.php/,https://forensic.korea.ac.kr/http://forensic.korea.ac.kr/DFWIKI/index.php/%EC%8A%A4%EB%A7%88%ED%8A%B8%ED%8F%B0forensic.korea.ac.kr/DFWIKI/index.php,,,,regex_match_no_context
case3,regex_baseline,url,ascii,75710307,https://forensic.korea.ac.kr/http://forensic.korea.ac.kr/DFWIKI/index.php/%EC%9A%B4%EC%98%81%EC%B2%B4%EC%A0%9Cforensic.korea.ac.kr/DFWIKI/index.php/,https://forensic.korea.ac.kr/http://forensic.korea.ac.kr/DFWIKI/index.php/%EC%9A%B4%EC%98%81%EC%B2%B4%EC%A0%9Cforensic.korea.ac.kr/DFWIKI/index.php,,,,regex_match_no_context
case3,regex_baseline,url,ascii,75710631,https://forensic.korea.ac.kr/http://forensic.korea.ac.kr/DFWIKI/index.php/ExFATforensic.korea.ac.kr/DFWIKI/index.php/ExFAT,https://forensic.korea.ac.kr/http://forensic.korea.ac.kr/DFWIKI/index.php/ExFATforensic.korea.ac.kr/DFWIKI/index.php/ExFAT,,,,regex_match_no_context
case3,regex_baseline,url,ascii,75710775,https://forensic.korea.ac.kr/http://forensic.korea.ac.kr/DFWIKI/index.php/FATforensic.korea.ac.kr/DFWIKI/index.php/FAT,https://forensic.korea.ac.kr/http://forensic.korea.ac.kr/DFWIKI/index.php/FATforensic.korea.ac.kr/DFWIKI/index.php/FAT,,,,regex_match_no_context
case3,regex_baseline,url,ascii,75711288,https://google.com/https://www.google.com/intl/ko/gmail/about/google.com/intl/ko/gmail/about/D,https://google.com/https://www.google.com/intl/ko/gmail/about/google.com/intl/ko/gmail/about/D,,,,regex_match_no_context
case3,regex_baseline,url,ascii,75711471,https://recruit.webtoonscorp.com/https://recruit.webtoonscorp.com/cnts/techrecruit.webtoonscorp.com/cnts/tech,https://recruit.webtoonscorp.com/https://recruit.webtoonscorp.com/cnts/techrecruit.webtoonscorp.com/cnts/tech,,,,regex_match_no_context
case3,regex_baseline,url,ascii,75711602,https://comic.naver.com/https://comic.naver.com/webtoon/list?titleId=64997&weekday=satcomic.naver.com/webtoon/list?titleId=64997&weekday=sat,https://comic.naver.com/https://comic.naver.com/webtoon/list?titleId=64997&weekday=satcomic.naver.com/webtoon/list?titleId=64997&weekday=sat,,,,regex_match_no_context
case3,regex_baseline,url,ascii,75711920,https://comic.naver.com/https://comic.naver.com/webtoon/weekdayListcomic.naver.com/webtoon/weekdayListY,https://comic.naver.com/https://comic.naver.com/webtoon/weekdayListcomic.naver.com/webtoon/weekdayListY,,,,regex_match_no_context
case3,regex_baseline,url,ascii,75712035,https://forensic.korea.ac.kr/http://forensic.korea.ac.kr/forensic.korea.ac.krD,https://forensic.korea.ac.kr/http://forensic.korea.ac.kr/forensic.korea.ac.krD,,,,regex_match_no_context
case3,regex_baseline,url,ascii,75712132,https://ieee.org/https://www.ieee.org//ieee.org//,https://ieee.org/https://www.ieee.org//ieee.org,,,,regex_match_no_context
case3,regex_baseline,url,ascii,75712201,https://kakaocorp.com/https://www.kakaocorp.com/page/kakaocorp.com/page/A,https://kakaocorp.com/https://www.kakaocorp.com/page/kakaocorp.com/page/A,,,,regex_match_no_context
case3,regex_baseline,url,ascii,75712293,https://daum.net/https://www.daum.net/daum.nets,https://daum.net/https://www.daum.net/daum.nets,,,,regex_match_no_context
case3,regex_baseline,url,ascii,75712360,https://en.wikipedia.org/https://en.wikipedia.org/wiki/Main_Pageen.wikipedia.org/wiki/Main_Pageq,https://en.wikipedia.org/https://en.wikipedia.org/wiki/Main_Pageen.wikipedia.org/wiki/Main_Pageq,,,,regex_match_no_context
case3,regex_baseline,url,ascii,75712476,https://en.wikipedia.org/https://en.wikipedia.org/wiki/Mnemonicen.wikipedia.org/wiki/Mnemonic,https://en.wikipedia.org/https://en.wikipedia.org/wiki/Mnemonicen.wikipedia.org/wiki/Mnemonic,,,,regex_match_no_context
case3,regex_baseline,url,ascii,75712591,https://en.wikipedia.org/https://en.wikipedia.org/wiki/Cryptocurrency_walleten.wikipedia.org/wiki/Cryptocurrency_wallet,https://en.wikipedia.org/https://en.wikipedia.org/wiki/Cryptocurrency_walleten.wikipedia.org/wiki/Cryptocurrency_wallet,,,,regex_match_no_context
case3,regex_baseline,url,ascii,75713793,https://accounts.google.com/CheckCookie?continue=https://mail.google.com/mail/&service=mail&checkedDomains=youtube&checkConnection=youtube:271:0&pstMsg=1&flowName=GlifWebSignIn&ifkv=AWnogHdB2R47P8_be1so0fF5AMBtyCl6BDwEB27tq1JXdNxmLP4oSim3J-gghyoQV3HJ_lsNV7yYDw&chtml=LoginDoneHtml&gidl=Em4IGhJiQUVqSEw0UFdyS0xyVU5GNW9oNVRTdUROdVdhU3hfRDhaRl9FRHlGZW00YXBEcXBKbmlOak1ESlowTGRGeFd0ZEl0RkFZVlZTVDhMWlI1SmVmMlByRnZUV1c2aTF6MmNaUXciBggpCEsQAg&flowEntry=ServiceLoginM,https://accounts.google.com/CheckCookie?continue=https://mail.google.com/mail/&service=mail&checkedDomains=youtube&checkConnection=youtube:271:0&pstMsg=1&flowName=GlifWebSignIn&ifkv=AWnogHdB2R47P8_be1so0fF5AMBtyCl6BDwEB27tq1JXdNxmLP4oSim3J-gghyoQV3HJ_lsNV7yYDw&chtml=LoginDoneHtml&gidl=Em4IGhJiQUVqSEw0UFdyS0xyVU5GNW9oNVRTdUROdVdhU3hfRDhaRl9FRHlGZW00YXBEcXBKbmlOak1ESlowTGRGeFd0ZEl0RkFZVlZTVDhMWlI1SmVmMlByRnZUV1c2aTF6MmNaUXciBggpCEsQAg&flowEntry=ServiceLoginM,,,,regex_match_no_context
case3,regex_baseline,url,ascii,75714259,https://accounts.google.com/ServiceLogin?continue=https%3A%2F%2Fmail.google.com%2Fmail%2F&service=mail&hl=ko&authuser=0&passive=true&sarp=1&aodrpl=1&checkedDomains=youtube&checkConnection=youtube%3A271%3A0&pstMsg=1Q,https://accounts.google.com/ServiceLogin?continue=https%3A%2F%2Fmail.google.com%2Fmail%2F&service=mail&hl=ko&authuser=0&passive=true&sarp=1&aodrpl=1&checkedDomains=youtube&checkConnection=youtube%3A271%3A0&pstMsg=1Q,,,,regex_match_no_context
case3,regex_baseline,url,ascii,75715173,https://accounts.google.com/ServiceLogin?service=mail&passive=1209600&osid=1&continue=https://mail.google.com/mail/u/0/&followup=https://mail.google.com/mail/u/0/&emr=1Dx,https://accounts.google.com/ServiceLogin?service=mail&passive=1209600&osid=1&continue=https://mail.google.com/mail/u/0/&followup=https://mail.google.com/mail/u/0/&emr=1Dx,,,,regex_match_no_context
case3,regex_baseline,url,ascii,75715347,https://accounts.google.com/ServiceLogin?continue=https%3A%2F%2Fmail.google.com%2Fmail%2F&service=mail&sacu=1&rip=1J,https://accounts.google.com/ServiceLogin?continue=https%3A%2F%2Fmail.google.com%2Fmail%2F&service=mail&sacu=1&rip=1J,,,,regex_match_no_context
case3,regex_baseline,url,ascii,75715469,https://accounts.google.com/AccountChooser?service=mail&continue=https%3A%2F%2Fmail.google.com%2Fmail%2F&flowName=GlifWebSignIn&flowEntry=AccountChooserI,https://accounts.google.com/AccountChooser?service=mail&continue=https%3A%2F%2Fmail.google.com%2Fmail%2F&flowName=GlifWebSignIn&flowEntry=AccountChooserI,,,,regex_match_no_context
case3,regex_baseline,url,ascii,75715628,https://accounts.google.com/AccountChooser/signinchooser?service=mail&continue=https%3A%2F%2Fmail.google.com%2Fmail%2F&flowName=GlifWebSignIn&flowEntry=AccountChooserH5,https://accounts.google.com/AccountChooser/signinchooser?service=mail&continue=https%3A%2F%2Fmail.google.com%2Fmail%2F&flowName=GlifWebSignIn&flowEntry=AccountChooserH5,,,,regex_match_no_context
case3,regex_baseline,url,ascii,75715799,http://forensic.korea.ac.kr/DFWIKI/index.php/NTFS,http://forensic.korea.ac.kr/DFWIKI/index.php/NTFS,,,,regex_match_no_context
case3,regex_baseline,url,ascii,75715853,"http://forensic.korea.ac.kr/DFWIKI/index.php/IOS,6","http://forensic.korea.ac.kr/DFWIKI/index.php/IOS,6",,,,regex_match_no_context
case3,regex_baseline,url,ascii,75715906,http://forensic.korea.ac.kr/DFWIKI/index.php/FAT32,http://forensic.korea.ac.kr/DFWIKI/index.php/FAT32,,,,regex_match_no_context
case3,regex_baseline,url,ascii,75715961,http://forensic.korea.ac.kr/DFWIKI/index.php/FAT&6,http://forensic.korea.ac.kr/DFWIKI/index.php/FAT&6,,,,regex_match_no_context
case3,regex_baseline,url,ascii,75716014,http://forensic.korea.ac.kr/DFWIKI/index.php/ExFAT(3,http://forensic.korea.ac.kr/DFWIKI/index.php/ExFAT(3,,,,regex_match_no_context
case3,regex_baseline,url,ascii,75716069,http://forensic.korea.ac.kr/DFWIKI/index.php/DB-_,http://forensic.korea.ac.kr/DFWIKI/index.php/DB-_,,,,regex_match_no_context
case3,regex_baseline,url,ascii,75716122,http://forensic.korea.ac.kr/DFWIKI/index.php/%ED%8C%8C%EC%9D%BC%EC%8B%9C%EC%8A%A4%ED%85%9C!V,http://forensic.korea.ac.kr/DFWIKI/index.php/%ED%8C%8C%EC%9D%BC%EC%8B%9C%EC%8A%A4%ED%85%9C!V,,,,regex_match_no_context
case3,regex_baseline,url,ascii,75716218,http://forensic.korea.ac.kr/DFWIKI/index.php/%EC%9A%B4%EC%98%81%EC%B2%B4%EC%A0%9C)_,http://forensic.korea.ac.kr/DFWIKI/index.php/%EC%9A%B4%EC%98%81%EC%B2%B4%EC%A0%9C)_,,,,regex_match_no_context
case3,regex_baseline,url,ascii,75716305,http://forensic.korea.ac.kr/DFWIKI/index.php/%EC%95%88%EB%93%9C%EB%A1%9C%EC%9D%B4%EB%93%9C+V,http://forensic.korea.ac.kr/DFWIKI/index.php/%EC%95%88%EB%93%9C%EB%A1%9C%EC%9D%B4%EB%93%9C+V,,,,regex_match_no_context
case3,regex_baseline,url,ascii,75716401,http://forensic.korea.ac.kr/DFWIKI/index.php/%EC%8A%A4%EB%A7%88%ED%8A%B8%ED%8F%B0*s,http://forensic.korea.ac.kr/DFWIKI/index.php/%EC%8A%A4%EB%A7%88%ED%8A%B8%ED%8F%B0*s,,,,regex_match_no_context
case3,regex_baseline,url,ascii,75716604,http://forensic.korea.ac.kr/DFWIKI/index.php/%EB%8D%B0%EC%9D%B4%ED%84%B0%EB%B2%A0%EC%9D%B4%EC%8A%A4.D,http://forensic.korea.ac.kr/DFWIKI/index.php/%EB%8D%B0%EC%9D%B4%ED%84%B0%EB%B2%A0%EC%9D%B4%EC%8A%A4.D,,,,regex_match_no_context
case3,regex_baseline,url,ascii,75717016,https://bit.ly/2MBojqkX,https://bit.ly/2MBojqkX,,,,regex_match_no_context
case3,regex_baseline,url,ascii,75717091,https://en.wikipedia.org/wiki/Special:Search?search=digital+forensics&go=Go,https://en.wikipedia.org/wiki/Special:Search?search=digital+forensics&go=Go,,,,regex_match_no_context
case3,regex_baseline,url,ascii,75718105,https://en.wikipedia.org/wiki/Best_evidence_rule_2,https://en.wikipedia.org/wiki/Best_evidence_rule_2,,,,regex_match_no_context
case3,regex_baseline,url,ascii,75718209,https://en.wikipedia.org/wiki/Computer_forensics]V,https://en.wikipedia.org/wiki/Computer_forensics]V,,,,regex_match_no_context
case3,regex_baseline,url,ascii,75718263,https://en.wikipedia.org/wiki/Special:Search?go=Go&search=digital+forensics&ns0=1,https://en.wikipedia.org/wiki/Special:Search?go=Go&search=digital+forensics&ns0=1,,,,regex_match_no_context
case3,regex_baseline,url,ascii,75718351,https://gds.google.com/web/chip?ep=p&gdsid=-2084009212&authuser=0&hl=ko&continue=https://accounts.google.com/ServiceLogin?continue%3Dhttps%253A%252F%252Fmail.google.com%252Fmail%252F%26service%3Dmail%26hl%3Dko%26authuser%3D0%26passive%3Dtrue%26sarp%3D1%26aodrpl%3D1%26checkedDomains%3Dyoutube%26checkConnection%3Dyoutube%253A271%253A0%26pstMsg%3D1&service=mail&rapt=AEjHL4PWrKLrUNF5oh5TSuDNuWaSx_D8ZF_EDyFem4apDqpJniNjMDJZ0LdFxWtdItFAYVVST8LZR5Jef2PrFvTWW6i1z2cZQw&pli=1P@,https://gds.google.com/web/chip?ep=p&gdsid=-2084009212&authuser=0&hl=ko&continue=https://accounts.google.com/ServiceLogin?continue%3Dhttps%253A%252F%252Fmail.google.com%252Fmail%252F%26service%3Dmail%26hl%3Dko%26authuser%3D0%26passive%3Dtrue%26sarp%3D1%26aodrpl%3D1%26checkedDomains%3Dyoutube%26checkConnection%3Dyoutube%253A271%253A0%26pstMsg%3D1&service=mail&rapt=AEjHL4PWrKLrUNF5oh5TSuDNuWaSx_D8ZF_EDyFem4apDqpJniNjMDJZ0LdFxWtdItFAYVVST8LZR5Jef2PrFvTWW6i1z2cZQw&pli=1P@,,,,regex_match_no_context
case3,regex_baseline,url,ascii,75719277,https://accounts.google.com/v3/signin/identifier?dsh=S-502362205%3A1677653382461634&continue=https%3A%2F%2Fmail.google.com%2Fmail%2F&rip=1&sacu=1&service=mail&flowName=GlifWebSignIn&flowEntry=ServiceLogin&ifkv=AWnogHdB2R47P8_be1so0fF5AMBtyCl6BDwEB27tq1JXdNxmLP4oSim3J-gghyoQV3HJ_lsNV7yYDwK,https://accounts.google.com/v3/signin/identifier?dsh=S-502362205%3A1677653382461634&continue=https%3A%2F%2Fmail.google.com%2Fmail%2F&rip=1&sacu=1&service=mail&flowName=GlifWebSignIn&flowEntry=ServiceLogin&ifkv=AWnogHdB2R47P8_be1so0fF5AMBtyCl6BDwEB27tq1JXdNxmLP4oSim3J-gghyoQV3HJ_lsNV7yYDwK,,,,regex_match_no_context
case3,regex_baseline,url,ascii,75719827,https://en.wikipedia.org/wiki/Smart_contract7,https://en.wikipedia.org/wiki/Smart_contract7,,,,regex_match_no_context
case3,regex_baseline,url,ascii,75719876,https://en.wikipedia.org/wiki/Ransomware4*,https://en.wikipedia.org/wiki/Ransomware4*,,,,regex_match_no_context
case3,regex_baseline,url,ascii,75719921,https://en.wikipedia.org/wiki/Mnemonic:+,https://en.wikipedia.org/wiki/Mnemonic:+,,,,regex_match_no_context
case3,regex_baseline,url,ascii,75719964,https://en.wikipedia.org/wiki/Main_Page/3,https://en.wikipedia.org/wiki/Main_Page/3,,,,regex_match_no_context
case3,regex_baseline,url,ascii,75720008,https://en.wikipedia.org/wiki/Digital_forensics17,https://en.wikipedia.org/wiki/Digital_forensics17,,,,regex_match_no_context
case3,regex_baseline,url,ascii,75720060,https://en.wikipedia.org/wiki/Decentralized_finance8,https://en.wikipedia.org/wiki/Decentralized_finance8,,,,regex_match_no_context
case3,regex_baseline,url,ascii,75720116,https://en.wikipedia.org/wiki/Cybercrime37,https://en.wikipedia.org/wiki/Cybercrime37,,,,regex_match_no_context
case3,regex_baseline,url,ascii,75720161,https://en.wikipedia.org/wiki/Cryptocurrency_wallet90,https://en.wikipedia.org/wiki/Cryptocurrency_wallet90,,,,regex_match_no_context
case3,regex_baseline,url,ascii,75720217,https://en.wikipedia.org/wiki/Cryptocurrency50,https://en.wikipedia.org/wiki/Cryptocurrency50,,,,regex_match_no_context
case3,regex_baseline,url,ascii,75720266,https://en.wikipedia.org/wiki/Computer_crime2,https://en.wikipedia.org/wiki/Computer_crime2,,,,regex_match_no_context
case3,regex_baseline,url,ascii,75720315,https://en.wikipedia.org/wiki/Blockchain6_,https://en.wikipedia.org/wiki/Blockchain6_,,,,regex_match_no_context
case3,regex_baseline,url,ascii,75720361,https://en.wikipedia.org/w/index.php?search=digital+forensics&title=Special%3ASearch&ns0=10,https://en.wikipedia.org/w/index.php?search=digital+forensics&title=Special%3ASearch&ns0=10,,,,regex_match_no_context
case3,regex_baseline,url,ascii,75720839,https://comic.naver.com/webtoon/list?titleId=64997&weekday=sat=,https://comic.naver.com/webtoon/list?titleId=64997&weekday=sat=,,,,regex_match_no_context
case3,regex_baseline,url,ascii,75721042,https://accounts.google.com/CheckCookie?continue=https://mail.google.com/mail/&service=mail&checkedDomains=youtube&checkConnection=youtube:271:0&pstMsg=1&flowName=GlifWebSignIn&ifkv=AWnogHdB2R47P8_be1so0fF5AMBtyCl6BDwEB27tq1JXdNxmLP4oSim3J-gghyoQV3HJ_lsNV7yYDw&chtml=LoginDoneHtml&gidl=Em4IGhJiQUVqSEw0UFdyS0xyVU5GNW9oNVRTdUROdVdhU3hfRDhaRl9FRHlGZW00YXBEcXBKbmlOak1ESlowTGRGeFd0ZEl0RkFZVlZTVDhMWlI1SmVmMlByRnZUV1c2aTF6MmNaUXciBggpCEsQAg&flowEntry=ServiceLoginGoogle,https://accounts.google.com/CheckCookie?continue=https://mail.google.com/mail/&service=mail&checkedDomains=youtube&checkConnection=youtube:271:0&pstMsg=1&flowName=GlifWebSignIn&ifkv=AWnogHdB2R47P8_be1so0fF5AMBtyCl6BDwEB27tq1JXdNxmLP4oSim3J-gghyoQV3HJ_lsNV7yYDw&chtml=LoginDoneHtml&gidl=Em4IGhJiQUVqSEw0UFdyS0xyVU5GNW9oNVRTdUROdVdhU3hfRDhaRl9FRHlGZW00YXBEcXBKbmlOak1ESlowTGRGeFd0ZEl0RkFZVlZTVDhMWlI1SmVmMlByRnZUV1c2aTF6MmNaUXciBggpCEsQAg&flowEntry=ServiceLoginGoogle,,,,regex_match_no_context
case3,regex_baseline,url,ascii,75721534,https://accounts.google.com/v3/signin/challenge/pwd?TL=ALbfvL0LzpFXMwegg4QFOu3TKUFl0W-heK1rg6fzZ46OPxJuQIrcwoJtEbwy75uy&checkConnection=youtube%3A271%3A0&checkedDomains=youtube&cid=2&continue=https%3A%2F%2Fmail.google.com%2Fmail%2F&dsh=S-502362205%3A1677653382461634&flowEntry=ServiceLogin&flowName=GlifWebSignIn&ifkv=AWnogHdB2R47P8_be1so0fF5AMBtyCl6BDwEB27tq1JXdNxmLP4oSim3J-gghyoQV3HJ_lsNV7yYDw&pstMsg=1&rip=1&service=mailGmail,https://accounts.google.com/v3/signin/challenge/pwd?TL=ALbfvL0LzpFXMwegg4QFOu3TKUFl0W-heK1rg6fzZ46OPxJuQIrcwoJtEbwy75uy&checkConnection=youtube%3A271%3A0&checkedDomains=youtube&cid=2&continue=https%3A%2F%2Fmail.google.com%2Fmail%2F&dsh=S-502362205%3A1677653382461634&flowEntry=ServiceLogin&flowName=GlifWebSignIn&ifkv=AWnogHdB2R47P8_be1so0fF5AMBtyCl6BDwEB27tq1JXdNxmLP4oSim3J-gghyoQV3HJ_lsNV7yYDw&pstMsg=1&rip=1&service=mailGmail,,,,regex_match_no_context
case3,regex_baseline,url,ascii,75721983,https://accounts.google.com/AccountChooser/signinchooser?service=mail&continue=https%3A%2F%2Fmail.google.com%2Fmail%2F&flowName=GlifWebSignIn&flowEntry=AccountChooserGmail,https://accounts.google.com/AccountChooser/signinchooser?service=mail&continue=https%3A%2F%2Fmail.google.com%2Fmail%2F&flowName=GlifWebSignIn&flowEntry=AccountChooserGmail,,,,regex_match_no_context
case3,regex_baseline,url,ascii,75722239,https://mail.google.com/mail/u/0/,https://mail.google.com/mail/u/0,,,,regex_match_no_context
case3,regex_baseline,url,ascii,75722344,https://accounts.google.com/v3/signin/identifier?dsh=S-502362205%3A1677653382461634&continue=https%3A%2F%2Fmail.google.com%2Fmail%2F&rip=1&sacu=1&service=mail&flowName=GlifWebSignIn&flowEntry=ServiceLogin&ifkv=AWnogHdB2R47P8_be1so0fF5AMBtyCl6BDwEB27tq1JXdNxmLP4oSim3J-gghyoQV3HJ_lsNV7yYDwGmail,https://accounts.google.com/v3/signin/identifier?dsh=S-502362205%3A1677653382461634&continue=https%3A%2F%2Fmail.google.com%2Fmail%2F&rip=1&sacu=1&service=mail&flowName=GlifWebSignIn&flowEntry=ServiceLogin&ifkv=AWnogHdB2R47P8_be1so0fF5AMBtyCl6BDwEB27tq1JXdNxmLP4oSim3J-gghyoQV3HJ_lsNV7yYDwGmail,,,,regex_match_no_context
case3,regex_baseline,url,ascii,75722658,https://accounts.google.com/ServiceLogin?continue=https%3A%2F%2Fmail.google.com%2Fmail%2F&service=mail&sacu=1&rip=1Gmail,https://accounts.google.com/ServiceLogin?continue=https%3A%2F%2Fmail.google.com%2Fmail%2F&service=mail&sacu=1&rip=1Gmail,,,,regex_match_no_context
case3,regex_baseline,url,ascii,75722798,https://accounts.google.com/AccountChooser?service=mail&continue=https%3A%2F%2Fmail.google.com%2Fmail%2F&flowName=GlifWebSignIn&flowEntry=AccountChooserGmail,https://accounts.google.com/AccountChooser?service=mail&continue=https%3A%2F%2Fmail.google.com%2Fmail%2F&flowName=GlifWebSignIn&flowEntry=AccountChooserGmail,,,,regex_match_no_context
case3,regex_baseline,url,ascii,75722975,https://www.google.com/intl/ko/gmail/about/Gmail:,https://www.google.com/intl/ko/gmail/about/Gmail:,,,,regex_match_no_context
case3,regex_baseline,url,ascii,75723120,https://www.google.com/intl/ko/mail/help/about.htmlGmail:,https://www.google.com/intl/ko/mail/help/about.htmlGmail:,,,,regex_match_no_context
case3,regex_baseline,url,ascii,75723273,https://mail.google.com/intl/ko/mail/help/about.htmlGmail:,https://mail.google.com/intl/ko/mail/help/about.htmlGmail:,,,,regex_match_no_context
case3,regex_baseline,url,ascii,75723428,https://accounts.google.com/ServiceLogin?service=mail&passive=1209600&osid=1&continue=https://mail.google.com/mail/u/0/&followup=https://mail.google.com/mail/u/0/&emr=1Gmail:,https://accounts.google.com/ServiceLogin?service=mail&passive=1209600&osid=1&continue=https://mail.google.com/mail/u/0/&followup=https://mail.google.com/mail/u/0/&emr=1Gmail:,,,,regex_match_no_context
case3,regex_baseline,url,ascii,75723833,https://mail.google.com/mail/Gmail:,https://mail.google.com/mail/Gmail:,,,,regex_match_no_context
case3,regex_baseline,url,ascii,75723964,https://www.google.com/gmail/Gmail:,https://www.google.com/gmail/Gmail:,,,,regex_match_no_context
case3,regex_baseline,url,ascii,75724212,https://recruit.webtoonscorp.com/cnts/techNAVER,https://recruit.webtoonscorp.com/cnts/techNAVER,,,,regex_match_no_context
case3,regex_baseline,url,ascii,75724293,https://recruit.webtoonscorp.com/NAVER,https://recruit.webtoonscorp.com/NAVER,,,,regex_match_no_context
case3,regex_baseline,url,ascii,75724638,https://en.wikipedia.org/wiki/MnemonicMnemonic,https://en.wikipedia.org/wiki/MnemonicMnemonic,,,,regex_match_no_context
case3,regex_baseline,url,ascii,75724714,https://en.wikipedia.org/wiki/Cryptocurrency_walletCryptocurrency,https://en.wikipedia.org/wiki/Cryptocurrency_walletCryptocurrency,,,,regex_match_no_context
case3,regex_baseline,url,ascii,75724816,https://en.wikipedia.org/wiki/Decentralized_financeDecentralized,https://en.wikipedia.org/wiki/Decentralized_financeDecentralized,,,,regex_match_no_context
case3,regex_baseline,url,ascii,75724919,https://en.wikipedia.org/wiki/Smart_contractSmart,https://en.wikipedia.org/wiki/Smart_contractSmart,,,,regex_match_no_context
case3,regex_baseline,url,ascii,75727581,https://gds.google.com/web/chip?ep=p&gdsid=-2084009212&authuser=0&hl=ko&continue=https://accounts.google.com/ServiceLogin?continue%3Dhttps%253A%252F%252Fmail.google.com%252Fmail%252F%26service%3Dmail%26hl%3Dko%26authuser%3D0%26passive%3Dtrue%26sarp%3D1%26aodrpl%3D1%26checkedDomains%3Dyoutube%26checkConnection%3Dyoutube%253A271%253A0%26pstMsg%3D1&service=mail&rapt=AEjHL4PWrKLrUNF5oh5TSuDNuWaSx_D8ZF_EDyFem4apDqpJniNjMDJZ0LdFxWtdItFAYVVST8LZR5Jef2PrFvTWW6i1z2cZQw&pli=1Google,https://gds.google.com/web/chip?ep=p&gdsid=-2084009212&authuser=0&hl=ko&continue=https://accounts.google.com/ServiceLogin?continue%3Dhttps%253A%252F%252Fmail.google.com%252Fmail%252F%26service%3Dmail%26hl%3Dko%26authuser%3D0%26passive%3Dtrue%26sarp%3D1%26aodrpl%3D1%26checkedDomains%3Dyoutube%26checkConnection%3Dyoutube%253A271%253A0%26pstMsg%3D1&service=mail&rapt=AEjHL4PWrKLrUNF5oh5TSuDNuWaSx_D8ZF_EDyFem4apDqpJniNjMDJZ0LdFxWtdItFAYVVST8LZR5Jef2PrFvTWW6i1z2cZQw&pli=1Google,,,,regex_match_no_context
case3,regex_baseline,url,ascii,75729361,https://www.chromium.org/developers/design-documents/multi-process-architecture/jT,https://www.chromium.org/developers/design-documents/multi-process-architecture/jT,,,,regex_match_no_context
case3,regex_baseline,url,ascii,75729447,https://www.chromium.org/developers/design-documents/multi-process-architectureiW,https://www.chromium.org/developers/design-documents/multi-process-architectureiW,,,,regex_match_no_context
case3,regex_baseline,url,ascii,75729532,https://www.chromium.org/developers/how-tos/getting-around-the-chrome-source-code/hV,https://www.chromium.org/developers/how-tos/getting-around-the-chrome-source-code/hV,,,,regex_match_no_context
case3,regex_baseline,url,ascii,75729620,https://www.chromium.org/developers/how-tos/getting-around-the-chrome-source-codeg(,https://www.chromium.org/developers/how-tos/getting-around-the-chrome-source-codeg(,,,,regex_match_no_context
case3,regex_baseline,url,ascii,75729706,https://www.chromium.org/developers/f,https://www.chromium.org/developers/f,,,,regex_match_no_context
case3,regex_baseline,url,ascii,75729747,https://www.chromium.org/developerse,https://www.chromium.org/developerse,,,,regex_match_no_context
case3,regex_baseline,url,ascii,75729787,https://www.chromium.org/Home/d!,https://www.chromium.org/Home/d!,,,,regex_match_no_context
case3,regex_baseline,url,ascii,75729822,https://www.chromium.org/Homec/,https://www.chromium.org/Homec,,,,regex_match_no_context
case3,regex_baseline,url,ascii,75729856,https://www.chromium.org/chromium-projects/b.,https://www.chromium.org/chromium-projects/b.,,,,regex_match_no_context
case3,regex_baseline,url,ascii,75729904,https://www.chromium.org/chromium-projectsa,https://www.chromium.org/chromium-projectsa,,,,regex_match_no_context
case3,regex_baseline,url,ascii,75730976,https://mail.google.com/mail/u/0/?pli=1V+,https://mail.google.com/mail/u/0?pli=1V+,,,,regex_match_no_context
case3,regex_baseline,url,ascii,75731064,https://mail.google.com/mail/u/0/C,https://mail.google.com/mail/u/0/C,,,,regex_match_no_context
case3,regex_baseline,url,ascii,75731102,https://mail.google.com/mail/?pli=1U!,https://mail.google.com/mail?pli=1U!,,,,regex_match_no_context
case3,regex_baseline,url,ascii,75731142,https://mail.google.com/mail/B8,https://mail.google.com/mail/B8,,,,regex_match_no_context
case3,regex_baseline,url,ascii,75731176,https://mail.google.com/intl/ko/mail/help/about.htmlE,https://mail.google.com/intl/ko/mail/help/about.htmlE,,,,regex_match_no_context
case3,regex_baseline,url,ascii,75731235,https://mail.google.com/accounts/SetOSID?authuser=0&continue=https%3A%2F%2Faccounts.youtube.com%2Faccounts%2FSetSID%3Fssdc%3D1%26sidt%3DALWU2ctlcxJo%252FLfly8H2Lo%252BtT1S7Px4Kdf3mCES0jeBIw2PSDgct4vbLn6Hbe2YqxvMSyD5W1jL4%252Brx2qZ%252FrgyxO%252B1aFhZqxxq2T8gp12sdibe6Ls01EWuIgS9Aw18a1VGciqT1MQkiZKVWPwEhpGbynCYmoYVU6G2ZZ2wJ2JfbD3T7ymTbFgRSKhz%252BKEfAIQjKQyEoNdP4RF7QZl7PCL%252Fmqb7Ws4KgLM%252BASHTbMp9Ex2Rcqesu3DxdD31Tu%252Ft0QbddEAjbgEa%252FNHLpP5%252FckViND5szpG9vMgky8DSVEgMNnhSZO1,https://mail.google.com/accounts/SetOSID?authuser=0&continue=https%3A%2F%2Faccounts.youtube.com%2Faccounts%2FSetSID%3Fssdc%3D1%26sidt%3DALWU2ctlcxJo%252FLfly8H2Lo%252BtT1S7Px4Kdf3mCES0jeBIw2PSDgct4vbLn6Hbe2YqxvMSyD5W1jL4%252Brx2qZ%252FrgyxO%252B1aFhZqxxq2T8gp12sdibe6Ls01EWuIgS9Aw18a1VGciqT1MQkiZKVWPwEhpGbynCYmoYVU6G2ZZ2wJ2JfbD3T7ymTbFgRSKhz%252BKEfAIQjKQyEoNdP4RF7QZl7PCL%252Fmqb7Ws4KgLM%252BASHTbMp9Ex2Rcqesu3DxdD31Tu%252Ft0QbddEAjbgEa%252FNHLpP5%252FckViND5szpG9vMgky8DSVEgMNnhSZO1,,,,regex_match_no_context
case3,regex_baseline,url,ascii,75731728,https://ko.wikipedia.org/wiki/BitlyY,https://ko.wikipedia.org/wiki/BitlyY,,,,regex_match_no_context
case3,regex_baseline,url,ascii,75731768,https://www.wikipedia.org/Z+,https://www.wikipedia.org/Z+,,,,regex_match_no_context
case3,regex_baseline,url,ascii,75731799,https://www.youtube.com/?themeRefresh=1%,https://www.youtube.com?themeRefresh=1%,,,,regex_match_no_context
case3,regex_baseline,url,ascii,75732840,https://www.google.com/intl/ko_kr/chrome/,https://www.google.com/intl/ko_kr/chrome,,,,regex_match_no_context
case3,regex_baseline,url,ascii,75732886,https://www.google.com/intl/ko/mail/help/about.htmlF/,https://www.google.com/intl/ko/mail/help/about.htmlF,,,,regex_match_no_context
case3,regex_baseline,url,ascii,75732942,https://www.google.com/intl/ko/gmail/about/G!,https://www.google.com/intl/ko/gmail/about/G!,,,,regex_match_no_context
case3,regex_baseline,url,ascii,75732990,https://www.google.com/gmail/A,https://www.google.com/gmail/A,,,,regex_match_no_context
case3,regex_baseline,url,ascii,75733109,https://recruit.webtoonscorp.com/cnts/tech?%,https://recruit.webtoonscorp.com/cnts/tech?%,,,,regex_match_no_context
case3,regex_baseline,url,ascii,75737609,https://www.chromium.org/developers/design-documents/multi-process-architectureMulti-process,https://www.chromium.org/developers/design-documents/multi-process-architectureMulti-process,,,,regex_match_no_context
case3,regex_baseline,url,ascii,75737805,https://www.chromium.org/developers/design-documents/multi-process-architecture/Multi-process,https://www.chromium.org/developers/design-documents/multi-process-architecture/Multi-process,,,,regex_match_no_context
case3,regex_baseline,url,ascii,75737932,https://www.chromium.org/developers/how-tos/getting-around-the-chrome-source-codeGetting,https://www.chromium.org/developers/how-tos/getting-around-the-chrome-source-codeGetting,,,,regex_match_no_context
case3,regex_baseline,url,ascii,75738131,https://www.chromium.org/developers/how-tos/getting-around-the-chrome-source-code/Getting,https://www.chromium.org/developers/how-tos/getting-around-the-chrome-source-code/Getting,,,,regex_match_no_context
case3,regex_baseline,url,ascii,75738291,https://www.chromium.org/developersFor,https://www.chromium.org/developersFor,,,,regex_match_no_context
case3,regex_baseline,url,ascii,75738396,https://www.chromium.org/developers/For,https://www.chromium.org/developers/For,,,,regex_match_no_context
case3,regex_baseline,url,ascii,75738465,https://www.chromium.org/Home/Chromium,https://www.chromium.org/Home/Chromium,,,,regex_match_no_context
case3,regex_baseline,url,ascii,75738521,https://www.chromium.org/chromium-projectsHome,https://www.chromium.org/chromium-projectsHome,,,,regex_match_no_context
case3,regex_baseline,url,ascii,75738585,https://www.chromium.org/HomeChromium,https://www.chromium.org/HomeChromium,,,,regex_match_no_context
case3,regex_baseline,url,ascii,75738641,https://www.chromium.org/chromium-projects/Home,https://www.chromium.org/chromium-projects/Home,,,,regex_match_no_context
case3,regex_baseline,url,ascii,75738706,https://en.wikipedia.org/wiki/Best_evidence_ruleBest,https://en.wikipedia.org/wiki/Best_evidence_ruleBest,,,,regex_match_no_context
case3,regex_baseline,url,ascii,75738802,https://en.wikipedia.org/wiki/Digital_evidenceDigital,https://en.wikipedia.org/wiki/Digital_evidenceDigital,,,,regex_match_no_context
case3,regex_baseline,url,ascii,75738895,https://en.wikipedia.org/wiki/Special:Search?search=digital+forensics&go=GoDigital,https://en.wikipedia.org/wiki/Special:Search?search=digital+forensics&go=GoDigital,,,,regex_match_no_context
case3,regex_baseline,url,ascii,75740527,https://en.wikipedia.org/wiki/Computer_forensicsComputer,https://en.wikipedia.org/wiki/Computer_forensicsComputer,,,,regex_match_no_context
case3,regex_baseline,url,ascii,75740623,https://www.wikipedia.org/Wikipedia,https://www.wikipedia.org/Wikipedia,,,,regex_match_no_context
case3,regex_baseline,url,ascii,75740784,https://ko.wikipedia.org/wiki/BitlyBitly,https://ko.wikipedia.org/wiki/BitlyBitly,,,,regex_match_no_context
case3,regex_baseline,url,ascii,75740888,https://bit.ly/2MBojqkBitly,https://bit.ly/2MBojqkBitly,,,,regex_match_no_context
case3,regex_baseline,url,ascii,75741052,https://en.wikipedia.org/wiki/Special:Search?go=Go&search=digital+forensics&ns0=1Digital,https://en.wikipedia.org/wiki/Special:Search?go=Go&search=digital+forensics&ns0=1Digital,,,,regex_match_no_context
case3,regex_baseline,url,ascii,75741180,https://mail.google.com/mail/u/0/?pli=1,https://mail.google.com/mail/u/0?pli=1,,,,regex_match_no_context
case3,regex_baseline,url,ascii,75741288,https://mail.google.com/mail/?pli=1,https://mail.google.com/mail?pli=1,,,,regex_match_no_context
case3,regex_baseline,url,ascii,75741546,https://chromium.org/https://www.chromium.org/developers/chromium.org/developers/,https://chromium.org/https://www.chromium.org/developers/chromium.org/developers,,,,regex_match_no_context
case3,regex_baseline,url,ascii,75741650,https://chromium.org/https://www.chromium.org/developers/how-tos/getting-around-the-chrome-source-code/chromium.org/developers/how-tos/getting-around-the-chrome-source-code/,https://chromium.org/https://www.chromium.org/developers/how-tos/getting-around-the-chrome-source-code/chromium.org/developers/how-tos/getting-around-the-chrome-source-code,,,,regex_match_no_context
case3,regex_baseline,url,ascii,75741844,https://en.wikipedia.org/https://en.wikipedia.org/wiki/Digital_forensicsen.wikipedia.org/wiki/Digital_forensicsF,https://en.wikipedia.org/https://en.wikipedia.org/wiki/Digital_forensicsen.wikipedia.org/wiki/Digital_forensicsF,,,,regex_match_no_context
case3,regex_baseline,url,ascii,75741968,https://chromium.org/https://www.chromium.org/chromium.org,https://chromium.org/https://www.chromium.org/chromium.org,,,,regex_match_no_context
case3,regex_baseline,url,ascii,75742048,https://youtube.com/https://www.youtube.com/youtube.com?,https://youtube.com/https://www.youtube.com/youtube.com,,,,regex_match_no_context
case3,regex_baseline,url,ascii,75742245,https://comic.naver.com/https://comic.naver.com/webtoon/list?titleId=64997&weekday=satcomic.naver.com/webtoon/list?titleId=64997&weekday=satx,https://comic.naver.com/https://comic.naver.com/webtoon/list?titleId=64997&weekday=satcomic.naver.com/webtoon/list?titleId=64997&weekday=satx,,,,regex_match_no_context
case3,regex_baseline,url,ascii,75742397,https://recruit.webtoonscorp.com/https://recruit.webtoonscorp.com/cnts/techrecruit.webtoonscorp.com/cnts/techb,https://recruit.webtoonscorp.com/https://recruit.webtoonscorp.com/cnts/techrecruit.webtoonscorp.com/cnts/techb,,,,regex_match_no_context
case3,regex_baseline,url,ascii,75742518,https://ko.wikipedia.org/https://ko.wikipedia.org/wiki/Bitlyko.wikipedia.org/wiki/Bitly,https://ko.wikipedia.org/https://ko.wikipedia.org/wiki/Bitlyko.wikipedia.org/wiki/Bitly,,,,regex_match_no_context
case3,regex_baseline,url,ascii,75742617,https://naver.com/https://www.naver.com/naver.com@,https://naver.com/https://www.naver.com/naver.com@,,,,regex_match_no_context
case3,regex_baseline,url,ascii,75742686,https://arxiv.org/https://arxiv.org/arxiv.org,https://arxiv.org/https://arxiv.org/arxiv.org,,,,regex_match_no_context
case3,regex_baseline,url,ascii,75743140,https://recruit.webtoonscorp.com/https://recruit.webtoonscorp.com/cnts/techrecruit.webtoonscorp.com/cnts/techj,https://recruit.webtoonscorp.com/https://recruit.webtoonscorp.com/cnts/techrecruit.webtoonscorp.com/cnts/techj,,,,regex_match_no_context
case3,regex_baseline,url,ascii,75743269,https://ko.wikipedia.org/https://ko.wikipedia.org/wiki/Bitlyko.wikipedia.org/wiki/Bitlyj,https://ko.wikipedia.org/https://ko.wikipedia.org/wiki/Bitlyko.wikipedia.org/wiki/Bitlyj,,,,regex_match_no_context
case3,regex_baseline,url,ascii,75743376,https://ko.wikipedia.org/https://ko.wikipedia.org/wiki/Bitlyko.wikipedia.org/wiki/BitlyD,https://ko.wikipedia.org/https://ko.wikipedia.org/wiki/Bitlyko.wikipedia.org/wiki/BitlyD,,,,regex_match_no_context
case3,regex_baseline,url,ascii,75744327,https://chromium.org/https://www.chromium.org/developers/design-documents/multi-process-architecture/chromium.org/developers/design-documents/multi-process-architecture/,https://chromium.org/https://www.chromium.org/developers/design-documents/multi-process-architecture/chromium.org/developers/design-documents/multi-process-architecture,,,,regex_match_no_context
case3,regex_baseline,url,ascii,75744519,https://chromium.org/https://www.chromium.org/developers/how-tos/getting-around-the-chrome-source-code/chromium.org/developers/how-tos/getting-around-the-chrome-source-code/d,https://chromium.org/https://www.chromium.org/developers/how-tos/getting-around-the-chrome-source-code/chromium.org/developers/how-tos/getting-around-the-chrome-source-code/d,,,,regex_match_no_context
case3,regex_baseline,url,ascii,75744712,https://chromium.org/https://www.chromium.org/developers/chromium.org/developers/Q,https://chromium.org/https://www.chromium.org/developers/chromium.org/developers/Q,,,,regex_match_no_context
case3,regex_baseline,url,ascii,75744806,https://chromium.org/https://www.chromium.org/Home/chromium.org/Home/k,https://chromium.org/https://www.chromium.org/Home/chromium.org/Home/k,,,,regex_match_no_context
case3,regex_baseline,url,ascii,75744888,https://chromium.org/https://www.chromium.org/chromium-projects/chromium.org/chromium-projects/P,https://chromium.org/https://www.chromium.org/chromium-projects/chromium.org/chromium-projects/P,,,,regex_match_no_context
case3,regex_baseline,url,ascii,75745003,https://wikipedia.org/https://www.wikipedia.org/wikipedia.org,https://wikipedia.org/https://www.wikipedia.org/wikipedia.org,,,,regex_match_no_context
case3,regex_baseline,url,ascii,75745093,https://en.wikipedia.org/https://en.wikipedia.org/wiki/Computer_forensicsen.wikipedia.org/wiki/Computer_forensics,https://en.wikipedia.org/https://en.wikipedia.org/wiki/Computer_forensicsen.wikipedia.org/wiki/Computer_forensics,,,,regex_match_no_context
case3,regex_baseline,url,ascii,75745235,https://en.wikipedia.org/https://en.wikipedia.org/wiki/Digital_evidenceen.wikipedia.org/wiki/Digital_evidence,https://en.wikipedia.org/https://en.wikipedia.org/wiki/Digital_evidenceen.wikipedia.org/wiki/Digital_evidence,,,,regex_match_no_context
case3,regex_baseline,url,ascii,75745365,https://en.wikipedia.org/https://en.wikipedia.org/wiki/Best_evidence_ruleen.wikipedia.org/wiki/Best_evidence_rule,https://en.wikipedia.org/https://en.wikipedia.org/wiki/Best_evidence_ruleen.wikipedia.org/wiki/Best_evidence_rule,,,,regex_match_no_context
case3,regex_baseline,url,ascii,75918183,https://www.chromium.org/favicon.ico:,https://www.chromium.org/favicon.ico:,,,,regex_match_no_context
case3,regex_baseline,url,ascii,75918225,https://www.wikipedia.org/static/favicon/wikipedia.icoE,https://www.wikipedia.org/static/favicon/wikipedia.icoE,,,,regex_match_no_context
case3,regex_baseline,url,ascii,75918286,https://www.youtube.com/s/desktop/9318de79/img/favicon_32x32.png9,https://www.youtube.com/s/desktop/9318de79/img/favicon_32x32.png9,,,,regex_match_no_context
case3,regex_baseline,url,ascii,75918356,https://ko.wikipedia.org/static/favicon/wikipedia.ico:,https://ko.wikipedia.org/static/favicon/wikipedia.ico:,,,,regex_match_no_context
case3,regex_baseline,url,ascii,75918415,https://ssl.gstatic.com/ui/v1/icons/mail/rfr/gmail.ico+,https://ssl.gstatic.com/ui/v1/icons/mail/rfr/gmail.ico+,,,,regex_match_no_context
case3,regex_baseline,url,ascii,75918475,https://accounts.google.com/favicon.icor,https://accounts.google.com/favicon.icor,,,,regex_match_no_context
case3,regex_baseline,url,ascii,75918521,https://www.google.com/gmail/about/static-2.0/images/favicon.ico?fingerprint=913d48cd5d48ba34313131f246f99d6bX,https://www.google.com/gmail/about/static-2.0/images/favicon.ico?fingerprint=913d48cd5d48ba34313131f246f99d6bX,,,,regex_match_no_context
case3,regex_baseline,url,ascii,75918637,https://recruit.webtoonscorp.com/share/tmplat/webtoon/img/og/webtoon_favicon_32.ico4,https://recruit.webtoonscorp.com/share/tmplat/webtoon/img/og/webtoon_favicon_32.ico4,,,,regex_match_no_context
case3,regex_baseline,url,ascii,75918726,http://forensic.korea.ac.kr/img/logo/favicon.ico9,http://forensic.korea.ac.kr/img/logo/favicon.ico9,,,,regex_match_no_context
case3,regex_baseline,url,ascii,75918780,https://en.wikipedia.org/static/favicon/wikipedia.icoE,https://en.wikipedia.org/static/favicon/wikipedia.icoE,,,,regex_match_no_context
case3,regex_baseline,url,ascii,75918840,https://www.youtube.com/s/desktop/cd64ce7e/img/favicon_32x32.pngK,https://www.youtube.com/s/desktop/cd64ce7e/img/favicon_32x32.pngK,,,,regex_match_no_context
case3,regex_baseline,url,ascii,75918911,https://www.google.com/chrome/static/images/favicons/favicon-32x32.png9,https://www.google.com/chrome/static/images/favicons/favicon-32x32.png9,,,,regex_match_no_context
case3,regex_baseline,url,ascii,75918987,https://www.ieee.org/etc/designs/ieee-org/favicon.icoK,https://www.ieee.org/etc/designs/ieee-org/favicon.icoK,,,,regex_match_no_context
case3,regex_baseline,url,ascii,75919047,https://ssl.pstatic.net/static/comic/favicon/webtoon_favicon_32x32.icoJ,https://ssl.pstatic.net/static/comic/favicon/webtoon_favicon_32x32.icoJ,,,,regex_match_no_context
case3,regex_baseline,url,ascii,75919124,https://static.arxiv.org/static/browse/0.3.4/images/icons/favicon.icoO,https://static.arxiv.org/static/browse/0.3.4/images/icons/favicon.icoO,,,,regex_match_no_context
case3,regex_baseline,url,ascii,75919200,https://cdn.sstatic.net/Sites/stackoverflow/Img/favicon.ico?v=ec617d715196=,https://cdn.sstatic.net/Sites/stackoverflow/Img/favicon.ico?v=ec617d715196=,,,,regex_match_no_context
case3,regex_baseline,url,ascii,75919280,https://github.githubassets.com/favicons/favicon-dark.svg.,https://github.githubassets.com/favicons/favicon-dark.svg.,,,,regex_match_no_context
case3,regex_baseline,url,ascii,75919343,https://geun-yeong.tistory.com/favicon.ico*,https://geun-yeong.tistory.com/favicon.ico*,,,,regex_match_no_context
case3,regex_baseline,url,ascii,75919391,https://t1.daumcdn.net/top/favicon.ico.,https://t1.daumcdn.net/top/favicon.ico.,,,,regex_match_no_context
case3,regex_baseline,url,ascii,75919435,https://www.kakaocorp.com/page/favicon.ico,https://www.kakaocorp.com/page/favicon.ico,,,,regex_match_no_context
case3,regex_baseline,url,ascii,75919483,https://www.naver.com/favicon.ico?1&,https://www.naver.com/favicon.ico?1&,,,,regex_match_no_context
case3,regex_baseline,url,ascii,75919524,https://www.google.com/favicon.ico,https://www.google.com/favicon.ico,,,,regex_match_no_context
case3,regex_baseline,url,ascii,75922938,https://myaccount.google.com/accounts/SetOSID?authuser=0&continue=https%3A%2F%2Fgds.google.com%2Fweb%2Fchip%3Fep%3Dp%26gdsid%3D-2084009212%26authuser%3D0%26hl%3Dko%26continue%3Dhttps%253A%252F%252Faccounts.google.com%252FService,https://myaccount.google.com/accounts/SetOSID?authuser=0&continue=https%3A%2F%2Fgds.google.com%2Fweb%2Fchip%3Fep%3Dp%26gdsid%3D-2084009212%26authuser%3D0%26hl%3Dko%26continue%3Dhttps%253A%252F%252Faccounts.google.com%252FService,,,,regex_match_no_context
case3,regex_baseline,url,ascii,75923178,https://en.wikipedia.org/wiki/Cybercrime%,https://en.wikipedia.org/wiki/Cybercrime%,,,,regex_match_no_context
case3,regex_baseline,url,ascii,75926396,https://www.chromium.org/favicon.ico,https://www.chromium.org/favicon.ico,,,,regex_match_no_context
case3,regex_baseline,url,ascii,75926437,https://www.wikipedia.org/static/favicon/wikipedia.ico,https://www.wikipedia.org/static/favicon/wikipedia.ico,,,,regex_match_no_context
case3,regex_baseline,url,ascii,75926497,https://www.youtube.com/s/desktop/9318de79/img/favicon_32x32.png,https://www.youtube.com/s/desktop/9318de79/img/favicon_32x32.png,,,,regex_match_no_context
case3,regex_baseline,url,ascii,75926566,https://ko.wikipedia.org/static/favicon/wikipedia.ico,https://ko.wikipedia.org/static/favicon/wikipedia.ico,,,,regex_match_no_context
case3,regex_baseline,url,ascii,75926624,https://ssl.gstatic.com/ui/v1/icons/mail/rfr/gmail.ico,https://ssl.gstatic.com/ui/v1/icons/mail/rfr/gmail.ico,,,,regex_match_no_context
case3,regex_baseline,url,ascii,75926683,https://accounts.google.com/favicon.ico,https://accounts.google.com/favicon.ico,,,,regex_match_no_context
case3,regex_baseline,url,ascii,75926728,https://www.google.com/gmail/about/static-2.0/images/favicon.ico?fingerprint=913d48cd5d48ba34313131f246f99d6b,https://www.google.com/gmail/about/static-2.0/images/favicon.ico?fingerprint=913d48cd5d48ba34313131f246f99d6b,,,,regex_match_no_context
case3,regex_baseline,url,ascii,75926843,https://recruit.webtoonscorp.com/share/tmplat/webtoon/img/og/webtoon_favicon_32.ico,https://recruit.webtoonscorp.com/share/tmplat/webtoon/img/og/webtoon_favicon_32.ico,,,,regex_match_no_context
case3,regex_baseline,url,ascii,75926931,http://forensic.korea.ac.kr/img/logo/favicon.ico,http://forensic.korea.ac.kr/img/logo/favicon.ico,,,,regex_match_no_context
case3,regex_baseline,url,ascii,75926984,https://en.wikipedia.org/static/favicon/wikipedia.ico,https://en.wikipedia.org/static/favicon/wikipedia.ico,,,,regex_match_no_context
case3,regex_baseline,url,ascii,75927043,https://www.youtube.com/s/desktop/cd64ce7e/img/favicon_32x32.png,https://www.youtube.com/s/desktop/cd64ce7e/img/favicon_32x32.png,,,,regex_match_no_context
case3,regex_baseline,url,ascii,75927113,https://www.google.com/chrome/static/images/favicons/favicon-32x32.png,https://www.google.com/chrome/static/images/favicons/favicon-32x32.png,,,,regex_match_no_context
case3,regex_baseline,url,ascii,75927188,https://www.ieee.org/etc/designs/ieee-org/favicon.ico,https://www.ieee.org/etc/designs/ieee-org/favicon.ico,,,,regex_match_no_context
case3,regex_baseline,url,ascii,75927247,https://ssl.pstatic.net/static/comic/favicon/webtoon_favicon_32x32.ico,https://ssl.pstatic.net/static/comic/favicon/webtoon_favicon_32x32.ico,,,,regex_match_no_context
case3,regex_baseline,url,ascii,75927323,https://static.arxiv.org/static/browse/0.3.4/images/icons/favicon.ico,https://static.arxiv.org/static/browse/0.3.4/images/icons/favicon.ico,,,,regex_match_no_context
case3,regex_baseline,url,ascii,75927477,https://github.githubassets.com/favicons/favicon-dark.svg,https://github.githubassets.com/favicons/favicon-dark.svg,,,,regex_match_no_context
case3,regex_baseline,url,ascii,75927539,https://geun-yeong.tistory.com/favicon.ico,https://geun-yeong.tistory.com/favicon.ico,,,,regex_match_no_context
case3,regex_baseline,url,ascii,75927586,https://t1.daumcdn.net/top/favicon.ico,https://t1.daumcdn.net/top/favicon.ico,,,,regex_match_no_context
case3,regex_baseline,url,ascii,75927676,https://www.naver.com/favicon.ico?1,https://www.naver.com/favicon.ico?1,,,,regex_match_no_context
case3,regex_baseline,url,ascii,75954506,https://www.google.com/search?q=%ED%8F%AC%EB%A0%8C%EC%8B%9D+%EC%9C%84%ED%82%A4&oq=%ED%8F%AC%EB%A0%8C%EC%8B%9D+%EC%9C%84%ED%82%A4&gs_lcrp=EgZjaHJvbWUyBggAEEUYOdIBCDExOTFqMGo3qAIAsAIA&sourceid=chrome&ie=UTF-8.,https://www.google.com/search?q=%ED%8F%AC%EB%A0%8C%EC%8B%9D+%EC%9C%84%ED%82%A4&oq=%ED%8F%AC%EB%A0%8C%EC%8B%9D+%EC%9C%84%ED%82%A4&gs_lcrp=EgZjaHJvbWUyBggAEEUYOdIBCDExOTFqMGo3qAIAsAIA&sourceid=chrome&ie=UTF-8.,,,,regex_match_no_context
case3,regex_baseline,url,ascii,75956504,https://accounts.google.com/ServiceLogin?continue=https%3A%2F%2Fmail.google.com%2Fmail%2F&service=mail&sacu=1&rip=1,https://accounts.google.com/ServiceLogin?continue=https%3A%2F%2Fmail.google.com%2Fmail%2F&service=mail&sacu=1&rip=1,,,,regex_match_no_context
case3,regex_baseline,url,ascii,75956628,https://accounts.google.com/AccountChooser?service=mail&continue=https%3A%2F%2Fmail.google.com%2Fmail%2F&flowName=GlifWebSignIn&flowEntry=AccountChooser,https://accounts.google.com/AccountChooser?service=mail&continue=https%3A%2F%2Fmail.google.com%2Fmail%2F&flowName=GlifWebSignIn&flowEntry=AccountChooser,,,,regex_match_no_context
case3,regex_baseline,url,ascii,75956962,https://www.google.com/intl/ko/mail/help/about.html,https://www.google.com/intl/ko/mail/help/about.html,,,,regex_match_no_context
case3,regex_baseline,url,ascii,75957070,https://www.google.com/gmail/,https://www.google.com/gmail,,,,regex_match_no_context
case3,regex_baseline,url,ascii,75957146,https://mail.google.com/mail/,https://mail.google.com/mail,,,,regex_match_no_context
case3,regex_baseline,url,ascii,75957182,https://mail.google.com/intl/ko/mail/help/about.html,https://mail.google.com/intl/ko/mail/help/about.html,,,,regex_match_no_context
case3,regex_baseline,url,ascii,75957241,https://gmail.com/,https://gmail.com,,,,regex_match_no_context
case3,regex_baseline,url,ascii,75957268,https://accounts.google.com/ServiceLogin?service=mail&passive=1209600&osid=1&continue=https://mail.google.com/mail/u/0/&followup=https://mail.google.com/mail/u/0/&emr=1,https://accounts.google.com/ServiceLogin?service=mail&passive=1209600&osid=1&continue=https://mail.google.com/mail/u/0/&followup=https://mail.google.com/mail/u/0/&emr=1,,,,regex_match_no_context
case3,regex_baseline,url,ascii,75957443,https://recruit.webtoonscorp.com/cnts/tech,https://recruit.webtoonscorp.com/cnts/tech,,,,regex_match_no_context
case3,regex_baseline,url,ascii,75957669,https://en.wikipedia.org/wiki/Mnemonic,https://en.wikipedia.org/wiki/Mnemonic,,,,regex_match_no_context
case3,regex_baseline,url,ascii,75957714,https://en.wikipedia.org/wiki/Cryptocurrency_wallet,https://en.wikipedia.org/wiki/Cryptocurrency_wallet,,,,regex_match_no_context
case3,regex_baseline,url,ascii,75957772,https://en.wikipedia.org/wiki/Decentralized_finance,https://en.wikipedia.org/wiki/Decentralized_finance,,,,regex_match_no_context
case3,regex_baseline,url,ascii,75957830,https://en.wikipedia.org/wiki/Smart_contract,https://en.wikipedia.org/wiki/Smart_contract,,,,regex_match_no_context
case3,regex_baseline,url,ascii,75957881,https://en.wikipedia.org/wiki/Blockchain,https://en.wikipedia.org/wiki/Blockchain,,,,regex_match_no_context
case3,regex_baseline,url,ascii,75957928,https://en.wikipedia.org/wiki/Cryptocurrency,https://en.wikipedia.org/wiki/Cryptocurrency,,,,regex_match_no_context
case3,regex_baseline,url,ascii,75957979,https://en.wikipedia.org/wiki/Ransomware,https://en.wikipedia.org/wiki/Ransomware,,,,regex_match_no_context
case3,regex_baseline,url,ascii,75958026,https://en.wikipedia.org/wiki/Cybercrime,https://en.wikipedia.org/wiki/Cybercrime,,,,regex_match_no_context
case3,regex_baseline,url,ascii,75958073,https://en.wikipedia.org/wiki/Computer_crime,https://en.wikipedia.org/wiki/Computer_crime,,,,regex_match_no_context
case3,regex_baseline,url,ascii,75958124,https://en.wikipedia.org/wiki/Digital_forensics,https://en.wikipedia.org/wiki/Digital_forensics,,,,regex_match_no_context
case3,regex_baseline,url,ascii,75958179,https://en.wikipedia.org/w/index.php?search=digital+forensics&title=Special%3ASearch&ns0=1,https://en.wikipedia.org/w/index.php?search=digital+forensics&title=Special%3ASearch&ns0=1,,,,regex_match_no_context
case3,regex_baseline,url,ascii,75958276,https://en.wikipedia.org/wiki/Main_Page,https://en.wikipedia.org/wiki/Main_Page,,,,regex_match_no_context
case3,regex_baseline,url,ascii,75958322,https://www.youtube.com/?themeRefresh=1,https://www.youtube.com?themeRefresh=1,,,,regex_match_no_context
case3,regex_baseline,url,ascii,75962603,https://accounts.google.com/CheckCookie?continue=https://mail.google.com/mail/&service=mail&checkedDomains=youtube&checkConnection=youtube:271:0&pstMsg=1&flowName=GlifWebSignIn&ifkv=AWnogHdB2R47P8_be1so0fF5AMBtyCl6BDwEB27tq1JXdNxmLP4oSim3J-gghyoQV3HJ_lsNV7yYDw&chtml=LoginDoneHtml&gidl=Em4IGhJiQUVqSEw0UFdyS0xyVU5GNW9oNVRTdUROdVdhU3hfRDhaRl9FRHlGZW00YXBEcXBKbmlOak1ESlowTGRGeFd0ZEl0RkFZVlZTVDhMWlI1SmVmMlByRnZUV1c2aTF6MmNaUXciBggpCEsQAg&flowEntry=ServiceLogin?x,https://accounts.google.com/CheckCookie?continue=https://mail.google.com/mail/&service=mail&checkedDomains=youtube&checkConnection=youtube:271:0&pstMsg=1&flowName=GlifWebSignIn&ifkv=AWnogHdB2R47P8_be1so0fF5AMBtyCl6BDwEB27tq1JXdNxmLP4oSim3J-gghyoQV3HJ_lsNV7yYDw&chtml=LoginDoneHtml&gidl=Em4IGhJiQUVqSEw0UFdyS0xyVU5GNW9oNVRTdUROdVdhU3hfRDhaRl9FRHlGZW00YXBEcXBKbmlOak1ESlowTGRGeFd0ZEl0RkFZVlZTVDhMWlI1SmVmMlByRnZUV1c2aTF6MmNaUXciBggpCEsQAg&flowEntry=ServiceLogin?x,,,,regex_match_no_context
case3,regex_baseline,url,ascii,75963406,https://accounts.google.com/ServiceLogin?continue=https%3A%2F%2Fgds.google.com%2Fweb%2Fchip%3Fep%3Dp%26gdsid%3D-2084009212%26authuser%3D0%26hl%3Dko%26continue%3Dhttps%253A%252F%252Faccounts.google.com%252FServiceLogin%253Fcontin,https://accounts.google.com/ServiceLogin?continue=https%3A%2F%2Fgds.google.com%2Fweb%2Fchip%3Fep%3Dp%26gdsid%3D-2084009212%26authuser%3D0%26hl%3Dko%26continue%3Dhttps%253A%252F%252Faccounts.google.com%252FServiceLogin%253Fcontin,,,,regex_match_no_context
case3,regex_baseline,url,ascii,75963780,https://accounts.google.com/ServiceLogin?continue=https%3A%2F%2Fmail.google.com%2Fmail%2F&service=mail&hl=ko&authuser=0&passive=true&sarp=1&aodrpl=1&checkedDomains=youtube&checkConnection=youtube%3A271%3A0&pstMsg=1J,https://accounts.google.com/ServiceLogin?continue=https%3A%2F%2Fmail.google.com%2Fmail%2F&service=mail&hl=ko&authuser=0&passive=true&sarp=1&aodrpl=1&checkedDomains=youtube&checkConnection=youtube%3A271%3A0&pstMsg=1J,,,,regex_match_no_context
case3,regex_baseline,url,ascii,75964001,https://accounts.google.co.kr/accounts/SetSID?ssdc=1&sidt=ALWU2csbMlMdJ4YEtWSc1i0t1o952o8pnI8D%2BUV2DrzV96Ou%2BNGSCmgAq8ndZWU2%2BDU9Stt925Ds/GyCJCNZaMvvh6Fr6/I42Faq4lQ7Rx9qQ2l2eAsRYCFXeeqXMbX%2BRQaclpKvE/t9uiPExFyOFS7HNDJzU9YxKO,https://accounts.google.co.kr/accounts/SetSID?ssdc=1&sidt=ALWU2csbMlMdJ4YEtWSc1i0t1o952o8pnI8D%2BUV2DrzV96Ou%2BNGSCmgAq8ndZWU2%2BDU9Stt925Ds/GyCJCNZaMvvh6Fr6/I42Faq4lQ7Rx9qQ2l2eAsRYCFXeeqXMbX%2BRQaclpKvE/t9uiPExFyOFS7HNDJzU9YxKO,,,,regex_match_no_context
case3,regex_baseline,url,ascii,75964239,https://accounts.google.com/ServiceLogin?service=mail&passive=1209600&osid=1&continue=https://mail.google.com/mail/u/0/&followup=https://mail.google.com/mail/u/0/&emr=12,https://accounts.google.com/ServiceLogin?service=mail&passive=1209600&osid=1&continue=https://mail.google.com/mail/u/0/&followup=https://mail.google.com/mail/u/0/&emr=12,,,,regex_match_no_context
case3,regex_baseline,url,ascii,75964414,https://accounts.google.com/AccountChooser/signinchooser?service=mail&continue=https%3A%2F%2Fmail.google.com%2Fmail%2F&flowName=GlifWebSignIn&flowEntry=AccountChooser:,https://accounts.google.com/AccountChooser/signinchooser?service=mail&continue=https%3A%2F%2Fmail.google.com%2Fmail%2F&flowName=GlifWebSignIn&flowEntry=AccountChooser:,,,,regex_match_no_context
case3,regex_baseline,url,ascii,75964585,http://forensic.korea.ac.kr/-,http://forensic.korea.ac.kr/-,,,,regex_match_no_context
case3,regex_baseline,url,ascii,75964847,https://en.wikipedia.org/wiki/Best_evidence_ruleY,https://en.wikipedia.org/wiki/Best_evidence_ruleY,,,,regex_match_no_context
case3,regex_baseline,url,ascii,75964902,https://accounts.google.com/v3/signin/identifier?dsh=S-502362205%3A1677653382461634&continue=https%3A%2F%2Fmail.google.com%2Fmail%2F&rip=1&sacu=1&service=mail&flowName=GlifWebSignIn&flowEntry=ServiceLogin&ifkv=AWnogHdB2R47P8_be1so0fF5AMBtyCl6BDwEB27tq1JXdNxmLP4oSim3J-gghyoQV3HJ_lsNV7yYDw=,https://accounts.google.com/v3/signin/identifier?dsh=S-502362205%3A1677653382461634&continue=https%3A%2F%2Fmail.google.com%2Fmail%2F&rip=1&sacu=1&service=mail&flowName=GlifWebSignIn&flowEntry=ServiceLogin&ifkv=AWnogHdB2R47P8_be1so0fF5AMBtyCl6BDwEB27tq1JXdNxmLP4oSim3J-gghyoQV3HJ_lsNV7yYDw=,,,,regex_match_no_context
case3,regex_baseline,url,ascii,75965211,https://en.wikipedia.org/wiki/Computer_forensicsW7,https://en.wikipedia.org/wiki/Computer_forensicsW7,,,,regex_match_no_context
case3,regex_baseline,url,ascii,75965264,https://en.wikipedia.org/wiki/Cryptocurrency_wallet+0,https://en.wikipedia.org/wiki/Cryptocurrency_wallet+0,,,,regex_match_no_context
case3,regex_baseline,url,ascii,75965369,https://en.wikipedia.org/wiki/Computer_crime$,https://en.wikipedia.org/wiki/Computer_crime$,,,,regex_match_no_context
case3,regex_baseline,url,ascii,75965418,https://bit.ly/2MBojqkQ,https://bit.ly/2MBojqkQ,,,,regex_match_no_context
case3,regex_baseline,url,ascii,75965447,https://accounts.youtube.com/accounts/SetSID?ssdc=1&sidt=ALWU2ctlcxJo/Lfly8H2Lo%2BtT1S7Px4Kdf3mCES0jeBIw2PSDgct4vbLn6Hbe2YqxvMSyD5W1jL4%2Brx2qZ/rgyxO%2B1aFhZqxxq2T8gp12sdibe6Ls01EWuIgS9Aw18a1VGciqT1MQkiZKVWPwEhpGbynCYmoYVU6G2ZZ2,https://accounts.youtube.com/accounts/SetSID?ssdc=1&sidt=ALWU2ctlcxJo/Lfly8H2Lo%2BtT1S7Px4Kdf3mCES0jeBIw2PSDgct4vbLn6Hbe2YqxvMSyD5W1jL4%2Brx2qZ/rgyxO%2B1aFhZqxxq2T8gp12sdibe6Ls01EWuIgS9Aw18a1VGciqT1MQkiZKVWPwEhpGbynCYmoYVU6G2ZZ2,,,,regex_match_no_context
case3,regex_baseline,url,ascii,75965683,https://en.wikipedia.org/wiki/Blockchain(_,https://en.wikipedia.org/wiki/Blockchain(_,,,,regex_match_no_context
case3,regex_baseline,url,ascii,75965824,https://en.wikipedia.org/.8,https://en.wikipedia.org/.8,,,,regex_match_no_context
case3,regex_baseline,url,ascii,75966150,https://comic.naver.com/webtoon/list?titleId=64997&weekday=sat/@,https://comic.naver.com/webtoon/list?titleId=64997&weekday=sat/@,,,,regex_match_no_context
case3,regex_baseline,url,ascii,75975713,https://accounts.google.com/CheckCookie?continue=https://mail.google.com/mail/&service=mail&checkedDomains=youtube&checkConnection=youtube:271:0&pstMsg=1&flowName=GlifWebSignIn&ifkv=AWnogHdB2R47P8_be1so0fF5AMBtyCl6BDwEB27tq1JXdNxmLP4oSim3J-gghyoQV3HJ_lsNV7yYDw&chtml=LoginDoneHtml&gidl=Em4IGhJiQUVqSEw0UFdyS0xyVU5GNW9oNVRTdUROdVdhU3hfRDhaRl9FRHlGZW00YXBEcXBKbmlOak1ESlowTGRGeFd0ZEl0RkFZVlZTVDhMWlI1SmVmMlByRnZUV1c2aTF6MmNaUXciBggpCEsQAg&flowEntry=ServiceLogin,https://accounts.google.com/CheckCookie?continue=https://mail.google.com/mail/&service=mail&checkedDomains=youtube&checkConnection=youtube:271:0&pstMsg=1&flowName=GlifWebSignIn&ifkv=AWnogHdB2R47P8_be1so0fF5AMBtyCl6BDwEB27tq1JXdNxmLP4oSim3J-gghyoQV3HJ_lsNV7yYDw&chtml=LoginDoneHtml&gidl=Em4IGhJiQUVqSEw0UFdyS0xyVU5GNW9oNVRTdUROdVdhU3hfRDhaRl9FRHlGZW00YXBEcXBKbmlOak1ESlowTGRGeFd0ZEl0RkFZVlZTVDhMWlI1SmVmMlByRnZUV1c2aTF6MmNaUXciBggpCEsQAg&flowEntry=ServiceLogin,,,,regex_match_no_context
case3,regex_baseline,url,ascii,75976981,https://en.wikipedia.org/wiki/Special:Search?go=Go&search=digital+forensics&ns0=1U+,https://en.wikipedia.org/wiki/Special:Search?go=Go&search=digital+forensics&ns0=1U+,,,,regex_match_no_context
case3,regex_baseline,url,ascii,75977113,https://mail.google.com/accounts/SetOSID?authuser=0&continue=https%3A%2F%2Faccounts.youtube.com%2Faccounts%2FSetSID%3Fssdc%3D1%26sidt%3DALWU2ctlcxJo%252FLfly8H2Lo%252BtT1S7Px4Kdf3mCES0jeBIw2PSDgct4vbLn6Hbe2YqxvMSyD5W1jL4%252Brx2,https://mail.google.com/accounts/SetOSID?authuser=0&continue=https%3A%2F%2Faccounts.youtube.com%2Faccounts%2FSetSID%3Fssdc%3D1%26sidt%3DALWU2ctlcxJo%252FLfly8H2Lo%252BtT1S7Px4Kdf3mCES0jeBIw2PSDgct4vbLn6Hbe2YqxvMSyD5W1jL4%252Brx2,,,,regex_match_no_context
case3,regex_baseline,url,ascii,75977493,https://en.wikipedia.org/wiki/Digital_evidenceXP,https://en.wikipedia.org/wiki/Digital_evidenceXP,,,,regex_match_no_context
case3,regex_baseline,url,ascii,75977545,https://en.wikipedia.org/wiki/Special:Search?search=digital+forensics&go=GoV%,https://en.wikipedia.org/wiki/Special:Search?search=digital+forensics&go=GoV%,,,,regex_match_no_context
case3,regex_baseline,url,ascii,75977625,https://mail.google.com/mail/u/0/N!,https://mail.google.com/mail/u/0/N!,,,,regex_match_no_context
case3,regex_baseline,url,ascii,75977663,https://mail.google.com/mail/58,https://mail.google.com/mail/58,,,,regex_match_no_context
case3,regex_baseline,url,ascii,75977697,https://mail.google.com/intl/ko/mail/help/about.html4,https://mail.google.com/intl/ko/mail/help/about.html4,,,,regex_match_no_context
case3,regex_baseline,url,ascii,75977799,https://gmail.com/3,https://gmail.com/3,,,,regex_match_no_context
case3,regex_baseline,url,ascii,75977963,https://mail.google.com/mail/?pli=1M,https://mail.google.com/mail?pli=1M,,,,regex_match_no_context
case3,regex_baseline,url,ascii,75978003,https://ko.wikipedia.org/wiki/BitlyR+,https://ko.wikipedia.org/wiki/BitlyR+,,,,regex_match_no_context
case3,regex_baseline,url,ascii,75978043,https://mail.google.com/mail/u/0/?pli=1O,https://mail.google.com/mail/u/0?pli=1O,,,,regex_match_no_context
case3,regex_baseline,url,ascii,75978089,https://gds.google.com/web/chip?ep=p&gdsid=-2084009212&authuser=0&hl=ko&continue=https://accounts.google.com/ServiceLogin?continue%3Dhttps%253A%252F%252Fmail.google.com%252Fmail%252F%26service%3Dmail%26hl%3Dko%26authuser%3D0%26passive%3Dtrue%26sarp%3D1%26aodrpl%3D1%26checkedDomains%3Dyoutube%26checkConnection%3Dyoutube%253A271%253A0%26pstMsg%3D1&service=mail&rapt=AEjHL4PWrKLrUNF5oh5TSuDNuWaSx_D8ZF_EDyFem4apDqpJniNjMDJZ0LdFxWtdItFAYVVST8LZR5Jef2PrFvTWW6i1z2cZQw&pli=1A0,https://gds.google.com/web/chip?ep=p&gdsid=-2084009212&authuser=0&hl=ko&continue=https://accounts.google.com/ServiceLogin?continue%3Dhttps%253A%252F%252Fmail.google.com%252Fmail%252F%26service%3Dmail%26hl%3Dko%26authuser%3D0%26passive%3Dtrue%26sarp%3D1%26aodrpl%3D1%26checkedDomains%3Dyoutube%26checkConnection%3Dyoutube%253A271%253A0%26pstMsg%3D1&service=mail&rapt=AEjHL4PWrKLrUNF5oh5TSuDNuWaSx_D8ZF_EDyFem4apDqpJniNjMDJZ0LdFxWtdItFAYVVST8LZR5Jef2PrFvTWW6i1z2cZQw&pli=1A0,,,,regex_match_no_context
case3,regex_baseline,url,ascii,75978564,https://en.wikipedia.org/wiki/Smart_contract),https://en.wikipedia.org/wiki/Smart_contract),,,,regex_match_no_context
case3,regex_baseline,url,ascii,75978613,https://en.wikipedia.org/wiki/Ransomware&*,https://en.wikipedia.org/wiki/Ransomware&*,,,,regex_match_no_context
case3,regex_baseline,url,ascii,75978658,"https://en.wikipedia.org/wiki/Mnemonic,+","https://en.wikipedia.org/wiki/Mnemonic,+",,,,regex_match_no_context
case3,regex_baseline,url,ascii,75978701,https://en.wikipedia.org/wiki/Main_Page!3,https://en.wikipedia.org/wiki/Main_Page!3,,,,regex_match_no_context
case3,regex_baseline,url,ascii,75978797,https://en.wikipedia.org/wiki/Decentralized_finance*,https://en.wikipedia.org/wiki/Decentralized_finance*,,,,regex_match_no_context
case3,regex_baseline,url,ascii,75982576,https://gds.google.com/web/chip?ep=p&gdsid=-2084009212&authuser=0&hl=ko&continue=https://accounts.google.com/ServiceLogin?continue%3Dhttps%253A%252F%252Fmail.google.com%252Fmail%252F%26service%3Dmail%26hl%3Dko%26authuser%3D0%26passive%3Dtrue%26sarp%3D1%26aodrpl%3D1%26checkedDomains%3Dyoutube%26checkConnection%3Dyoutube%253A271%253A0%26pstMsg%3D1&service=mail&rapt=AEjHL4PWrKLrUNF5oh5TSuDNuWaSx_D8ZF_EDyFem4apDqpJniNjMDJZ0LdFxWtdItFAYVVST8LZR5Jef2PrFvTWW6i1z2cZQw&pli=1,https://gds.google.com/web/chip?ep=p&gdsid=-2084009212&authuser=0&hl=ko&continue=https://accounts.google.com/ServiceLogin?continue%3Dhttps%253A%252F%252Fmail.google.com%252Fmail%252F%26service%3Dmail%26hl%3Dko%26authuser%3D0%26passive%3Dtrue%26sarp%3D1%26aodrpl%3D1%26checkedDomains%3Dyoutube%26checkConnection%3Dyoutube%253A271%253A0%26pstMsg%3D1&service=mail&rapt=AEjHL4PWrKLrUNF5oh5TSuDNuWaSx_D8ZF_EDyFem4apDqpJniNjMDJZ0LdFxWtdItFAYVVST8LZR5Jef2PrFvTWW6i1z2cZQw&pli=1,,,,regex_match_no_context
case3,regex_baseline,url,ascii,75985424,https://mail.google.com/mail/?pli%3D1&ifkv=AWnogHebFQoNrDl50H4EfWWEx6FcgllNsRmB_4iPkR2CqHEgL9znwWOUjue8JiVUHyh2DUqu47pxFQI,https://mail.google.com/mail?pli%3D1&ifkv=AWnogHebFQoNrDl50H4EfWWEx6FcgllNsRmB_4iPkR2CqHEgL9znwWOUjue8JiVUHyh2DUqu47pxFQI,,,,regex_match_no_context
case3,regex_baseline,url,ascii,75989958,https://www.chromium.org/developers/design-documents/multi-process-architecture/,https://www.chromium.org/developers/design-documents/multi-process-architecture,,,,regex_match_no_context
case3,regex_baseline,url,ascii,75990133,https://www.chromium.org/developers/how-tos/getting-around-the-chrome-source-code/,https://www.chromium.org/developers/how-tos/getting-around-the-chrome-source-code,,,,regex_match_no_context
case3,regex_baseline,url,ascii,75990311,https://www.chromium.org/developers/,https://www.chromium.org/developers,,,,regex_match_no_context
case3,regex_baseline,url,ascii,75990469,https://www.chromium.org/chromium-projects/,https://www.chromium.org/chromium-projects,,,,regex_match_no_context
case3,regex_baseline,url,ascii,75990600,https://en.wikipedia.org/wiki/Best_evidence_rule,https://en.wikipedia.org/wiki/Best_evidence_rule,,,,regex_match_no_context
case3,regex_baseline,url,ascii,75990708,https://en.wikipedia.org/wiki/Computer_forensics,https://en.wikipedia.org/wiki/Computer_forensics,,,,regex_match_no_context
case3,regex_baseline,url,ascii,75990935,https://www.wikipedia.org/,https://www.wikipedia.org,,,,regex_match_no_context
case3,regex_baseline,url,ascii,75990999,https://ko.wikipedia.org/wiki/Bitly,https://ko.wikipedia.org/wiki/Bitly,,,,regex_match_no_context
case3,regex_baseline,url,ascii,75991041,https://bit.ly/2MBojqk,https://bit.ly/2MBojqk,,,,regex_match_no_context
case3,regex_baseline,url,ascii,75991578,https://www.chromium.org/developers/design-documents/multi-process-architecture/dT,https://www.chromium.org/developers/design-documents/multi-process-architecture/dT,,,,regex_match_no_context
case3,regex_baseline,url,ascii,75991664,https://www.chromium.org/developers/design-documents/multi-process-architecturecW,https://www.chromium.org/developers/design-documents/multi-process-architecturecW,,,,regex_match_no_context
case3,regex_baseline,url,ascii,75991749,https://www.chromium.org/developers/how-tos/getting-around-the-chrome-source-code/bV,https://www.chromium.org/developers/how-tos/getting-around-the-chrome-source-code/bV,,,,regex_match_no_context
case3,regex_baseline,url,ascii,75991837,https://www.chromium.org/developers/how-tos/getting-around-the-chrome-source-codea(,https://www.chromium.org/developers/how-tos/getting-around-the-chrome-source-codea(,,,,regex_match_no_context
case3,regex_baseline,url,ascii,75991964,https://www.chromium.org/developers_,https://www.chromium.org/developers_,,,,regex_match_no_context
case3,regex_baseline,url,ascii,75992039,https://www.chromium.org/Home]/,https://www.chromium.org/Home],,,,regex_match_no_context
case3,regex_baseline,url,ascii,75992168,https://www.chromium.org/Z.,https://www.chromium.org/Z.,,,,regex_match_no_context
case3,regex_baseline,url,ascii,75992198,https://recruit.webtoonscorp.com/cnts/tech1%,https://recruit.webtoonscorp.com/cnts/tech1%,,,,regex_match_no_context
case3,regex_baseline,url,ascii,75992245,https://recruit.webtoonscorp.com/0,https://recruit.webtoonscorp.com/0,,,,regex_match_no_context
case3,regex_baseline,url,ascii,75992283,https://www.wikipedia.org/T+,https://www.wikipedia.org/T+,,,,regex_match_no_context
case3,regex_baseline,url,ascii,75992358,https://www.youtube.com/S,https://www.youtube.com/S,,,,regex_match_no_context
case3,regex_baseline,url,ascii,75992785,https://www.google.com/search?q=%ED%81%AC%EB%A1%AC+%EB%B8%8C%EB%9D%BC%EC%9A%B0%EC%A0%80&source=hp&ei=lQD3Y8-gOoL_hwPKlpfwAg&iflsig=AK50M_UAAAAAY_cOpTetBCCyiw-9GlObuP6sDitT9UOo&ved=0ahUKEwiPv8Cl-6r9AhWC_2EKHUrLBS4Q4dUDCAo&uact=5&,https://www.google.com/search?q=%ED%81%AC%EB%A1%AC+%EB%B8%8C%EB%9D%BC%EC%9A%B0%EC%A0%80&source=hp&ei=lQD3Y8-gOoL_hwPKlpfwAg&iflsig=AK50M_UAAAAAY_cOpTetBCCyiw-9GlObuP6sDitT9UOo&ved=0ahUKEwiPv8Cl-6r9AhWC_2EKHUrLBS4Q4dUDCAo&uact=5&,,,,regex_match_no_context
case3,regex_baseline,url,ascii,75993067,https://www.google.com/intl/ko/mail/help/about.html9/,https://www.google.com/intl/ko/mail/help/about.html9,,,,regex_match_no_context
case3,regex_baseline,url,ascii,75993123,https://www.google.com/intl/ko/gmail/about/8!,https://www.google.com/intl/ko/gmail/about/8!,,,,regex_match_no_context
case3,regex_baseline,url,ascii,75993171,https://www.google.com/gmail/7,https://www.google.com/gmail/7,,,,regex_match_no_context
case3,regex_baseline,url,ascii,75995657,https://mail.google.com/mail/?pli%3D1&dbus=KR&ifkv=AWnogHeHkHk6Kk6DibuxZgHQhksp-TN16jDtB_1Wti5aLpF2Q4BLHCX-JfVf9y-qUt7MjnqaGnXiXwK,https://mail.google.com/mail?pli%3D1&dbus=KR&ifkv=AWnogHeHkHk6Kk6DibuxZgHQhksp-TN16jDtB_1Wti5aLpF2Q4BLHCX-JfVf9y-qUt7MjnqaGnXiXwK,,,,regex_match_no_context
case3,regex_baseline,url,ascii,76351160,https://www.naver.com/NAVER,https://www.naver.com/NAVER,,,,regex_match_no_context
case3,regex_baseline,url,ascii,76652262,https://issuetracker.google.com/220069903,https://issuetracker.google.com/220069903,,,,regex_match_no_context
case3,regex_baseline,url,ascii,76658422,https://s3.amazonaws.com/,https://s3.amazonaws.com,,,,regex_match_no_context
case3,regex_baseline,url,ascii,76660998,https://ko.wikipedia.org/,https://ko.wikipedia.org,,,,regex_match_no_context
case3,regex_baseline,url,ascii,76661222,https://mail.google.com/,https://mail.google.com,,,,regex_match_no_context
case3,regex_baseline,url,ascii,76814474,http://www.iec.ch,http://www.iec.ch,,,,regex_match_no_context
case3,regex_baseline,url,ascii,77453366,https://clients3.google.com/cast/chromecast/home/wallpaper/collections?rt=b,https://clients3.google.com/cast/chromecast/home/wallpaper/collections?rt=b,,,,regex_match_no_context
case3,regex_baseline,url,ascii,77453526,https://clients3.google.com/cast/chromecast/home/wallpaper/collection-images?rt=b,https://clients3.google.com/cast/chromecast/home/wallpaper/collection-images?rt=b,,,,regex_match_no_context
case3,regex_baseline,url,ascii,78544070,https://www.gstatic.com/chrome/intelligence/assist/ranker/models/translate/2017/03/translate_ranker_model_20170329.pb.bin,https://www.gstatic.com/chrome/intelligence/assist/ranker/models/translate/2017/03/translate_ranker_model_20170329.pb.bin,,,,regex_match_no_context
case3,regex_baseline,url,ascii,78695494,https://github.com/favicon.ico,https://github.com/favicon.ico,,,,regex_match_no_context
case3,regex_baseline,url,ascii,78696742,http://anglebug.com/7036,http://anglebug.com/7036,,,,regex_match_no_context
case3,regex_baseline,url,ascii,78696934,http://anglebug.com/5658,http://anglebug.com/5658,,,,regex_match_no_context
case3,regex_baseline,url,ascii,78697510,https://crbug.com/650547,https://crbug.com/650547,,,,regex_match_no_context
case3,regex_baseline,url,ascii,78697990,https://crbug.com/593024,https://crbug.com/593024,,,,regex_match_no_context
case3,regex_baseline,url,ascii,78698470,http://anglebug.com/6041,http://anglebug.com/6041,,,,regex_match_no_context
case3,regex_baseline,url,ascii,78698662,http://crbug.com/941620,http://crbug.com/941620,,,,regex_match_no_context
case3,regex_baseline,url,ascii,78698758,http://anglebug.com/3682,http://anglebug.com/3682,,,,regex_match_no_context
case3,regex_baseline,url,ascii,78698854,http://anglebug.com/1452,http://anglebug.com/1452,,,,regex_match_no_context
case3,regex_baseline,url,ascii,78698950,https://anglebug.com/7246,https://anglebug.com/7246,,,,regex_match_no_context
case3,regex_baseline,url,ascii,78699526,http://anglebug.com/7724,http://anglebug.com/7724,,,,regex_match_no_context
case3,regex_baseline,url,ascii,78699622,http://anglebug.com/7761,http://anglebug.com/7761,,,,regex_match_no_context
case3,regex_baseline,url,ascii,78699910,http://crbug.com/1165751,http://crbug.com/1165751,,,,regex_match_no_context
case3,regex_baseline,url,ascii,78700006,https://crbug.com/655534,https://crbug.com/655534,,,,regex_match_no_context
case3,regex_baseline,url,ascii,78700198,http://anglebug.com/7760,http://anglebug.com/7760,,,,regex_match_no_context
case3,regex_baseline,url,ascii,78700678,http://anglebug.com/7279,http://anglebug.com/7279,,,,regex_match_no_context
case3,regex_baseline,url,ascii,78700774,http://anglebug.com/3246,http://anglebug.com/3246,,,,regex_match_no_context
case3,regex_baseline,url,ascii,78701350,http://anglebug.com/5007,http://anglebug.com/5007,,,,regex_match_no_context
case3,regex_baseline,url,ascii,78701638,http://anglebug.com/2152,http://anglebug.com/2152,,,,regex_match_no_context
case3,regex_baseline,url,ascii,78702118,http://anglebug.com/5750,http://anglebug.com/5750,,,,regex_match_no_context
case3,regex_baseline,url,ascii,83268148,http://ocsp.digicert.com0@,http://ocsp.digicert.com0@,,,,regex_match_no_context
case3,regex_baseline,url,ascii,83568294,http://forensic.korea.ac.kr/DFWIKI/index.php/%ED%8A%B9%EC%88%98:%EA%B2%80%EC%83%89?search=NTFS&go=%EC%9D%B4%EB%8F%99,http://forensic.korea.ac.kr/DFWIKI/index.php/%ED%8A%B9%EC%88%98:%EA%B2%80%EC%83%89?search=NTFS&go=%EC%9D%B4%EB%8F%99,,,,regex_match_no_context
case3,regex_baseline,url,utf-16le,70595922,https://www.ieee.org/searchresults/index.html,https://www.ieee.org/searchresults/index.html,,,,regex_match_no_context
case3,regex_baseline,url,utf-16le,70598602,https://4490791.fls.doubleclick.net/activityi;dc_pre=CLWa0M2Frf0CFRKI6QUdSUwGvQ;src=4490791;type=trav;cat=globa0;ord=6787742311030;gtm=45fe32m0;auiddc=2083485333.1676632856;ps=1;pcor=593043393;~oref=https%3A%2F%2Fwww.ieee.org%2F%2F?,https://4490791.fls.doubleclick.net/activityi;dc_pre=CLWa0M2Frf0CFRKI6QUdSUwGvQ;src=4490791;type=trav;cat=globa0;ord=6787742311030;gtm=45fe32m0;auiddc=2083485333.1676632856;ps=1;pcor=593043393;~oref=https%3A%2F%2Fwww.ieee.org%2F%2F,,,,regex_match_no_context
case3,regex_baseline,url,utf-16le,70599794,https://td.doubleclick.net/td/fls/rul/activityi;fledge=1;src=4490791;type=trav;cat=globa0;ord=6787742311030;gtm=45fe32m0;auiddc=2083485333.1676632856;ps=1;pcor=593043393;~oref=https%3A%2F%2Fwww.ieee.org%2F%2F?,https://td.doubleclick.net/td/fls/rul/activityi;fledge=1;src=4490791;type=trav;cat=globa0;ord=6787742311030;gtm=45fe32m0;auiddc=2083485333.1676632856;ps=1;pcor=593043393;~oref=https%3A%2F%2Fwww.ieee.org%2F%2F,,,,regex_match_no_context
case3,regex_baseline,url,utf-16le,70602794,https://pixel.sitescout.com/dmp/asyncPixelSync,https://pixel.sitescout.com/dmp/asyncPixelSync,,,,regex_match_no_context
case3,regex_baseline,url,utf-16le,70603618,https://s3.amazonaws.com/ieee-mkto-cross-domain/index.html,https://s3.amazonaws.com/ieee-mkto-cross-domain/index.html,,,,regex_match_no_context
case3,regex_baseline,url,utf-16le,70604466,https://insight.adsrvr.org/track/up?adv=gmwfwzi&ref=https%3A%2F%2Fwww.ieee.org%2F%2F&upid=lp8wud3&upv=1.1.0,https://insight.adsrvr.org/track/up?adv=gmwfwzi&ref=https%3A%2F%2Fwww.ieee.org%2F%2F&upid=lp8wud3&upv=1.1.0,,,,regex_match_no_context
case3,regex_baseline,url,utf-16le,70605410,https://app-ab24.marketo.com/index.php/form/XDFrame,https://app-ab24.marketo.com/index.php/form/XDFrame,,,,regex_match_no_context
case3,regex_baseline,url,utf-16le,70610706,https://4490791.fls.doubleclick.net/activityi;dc_pre=CPu11bOFrf0CFUaC6QUdCLoF3Q;src=4490791;type=trav;cat=globa0;ord=1092133484926;gtm=45fe32m0;auiddc=2083485333.1676632856;ps=1;pcor=711550481;~oref=https%3A%2F%2Fwww.ieee.org%2F%2F?,https://4490791.fls.doubleclick.net/activityi;dc_pre=CPu11bOFrf0CFUaC6QUdCLoF3Q;src=4490791;type=trav;cat=globa0;ord=1092133484926;gtm=45fe32m0;auiddc=2083485333.1676632856;ps=1;pcor=711550481;~oref=https%3A%2F%2Fwww.ieee.org%2F%2F,,,,regex_match_no_context
case3,regex_baseline,url,utf-16le,70611898,https://td.doubleclick.net/td/fls/rul/activityi;fledge=1;src=4490791;type=trav;cat=globa0;ord=1092133484926;gtm=45fe32m0;auiddc=2083485333.1676632856;ps=1;pcor=711550481;~oref=https%3A%2F%2Fwww.ieee.org%2F%2F?,https://td.doubleclick.net/td/fls/rul/activityi;fledge=1;src=4490791;type=trav;cat=globa0;ord=1092133484926;gtm=45fe32m0;auiddc=2083485333.1676632856;ps=1;pcor=711550481;~oref=https%3A%2F%2Fwww.ieee.org%2F%2F,,,,regex_match_no_context
case3,regex_baseline,url,ascii,84097206,https://www.chromium.orggb-page,https://www.chromium.orggb-page,,,,regex_match_no_context
case3,regex_baseline,url,ascii,84150678,http://unisolated.invalid/,http://unisolated.invalid,,,,regex_match_no_context
case3,regex_baseline,url,ascii,84226726,https://chrome.google.com/webstore?hl=en,https://chrome.google.com/webstore?hl=en,,,,regex_match_no_context
case3,regex_baseline,url,ascii,84234566,https://t0.gstatic.com/faviconV2,https://t0.gstatic.com/faviconV2,,,,regex_match_no_context
case3,regex_baseline,url,ascii,84245766,http://www.gstatic.com/generate_204,http://www.gstatic.com/generate_204,,,,regex_match_no_context
case3,regex_baseline,url,ascii,84418342,https://clients3.google.com/cast/chromecast/home/wallpaper/image?rt=b,https://clients3.google.com/cast/chromecast/home/wallpaper/image?rt=b,,,,regex_match_no_context
case3,regex_baseline,url,ascii,84794998,https://fonts.googleapis.com/,https://fonts.googleapis.com,,,,regex_match_no_context
case3,regex_baseline,url,ascii,86013126,https://www.google.com/async/ddljson?async=ntp:2,https://www.google.com/async/ddljson?async=ntp:2,,,,regex_match_no_context
case3,regex_baseline,url,ascii,86616278,http://safebrowsing.googleusercontent.com/safebrowsing/clientreport/chrome-certs,http://safebrowsing.googleusercontent.com/safebrowsing/clientreport/chrome-certs,,,,regex_match_no_context
case3,regex_baseline,url,ascii,86727094,https://www.google.com/search?q=superfetch+%EB%93%B1%EC%9E%A5&oq=&sourceid=chrome&ie=UTF-8,https://www.google.com/search?q=superfetch+%EB%93%B1%EC%9E%A5&oq=&sourceid=chrome&ie=UTF-8,,,,regex_match_no_context
case3,regex_baseline,url,ascii,86729494,https://www.google.com/search?q=superfetch+%EB%93%B1%EC%9E%A5&sourceid=chrome&ie=UTF-8,https://www.google.com/search?q=superfetch+%EB%93%B1%EC%9E%A5&sourceid=chrome&ie=UTF-8,,,,regex_match_no_context
case3,regex_baseline,url,ascii,87611926,https://www.google.com/search?q=windows+8+iso+download&oq=&sourceid=chrome&ie=UTF-8,https://www.google.com/search?q=windows+8+iso+download&oq=&sourceid=chrome&ie=UTF-8,,,,regex_match_no_context
case3,regex_baseline,url,ascii,87612566,https://www.google.com/search?q=windows+xp+iso+download&sourceid=chrome&ie=UTF-8,https://www.google.com/search?q=windows+xp+iso+download&sourceid=chrome&ie=UTF-8,,,,regex_match_no_context
case3,regex_baseline,url,ascii,87613046,https://www.google.com/search?q=windows+xp+iso+download&oq=&sourceid=chrome&ie=UTF-8,https://www.google.com/search?q=windows+xp+iso+download&oq=&sourceid=chrome&ie=UTF-8,,,,regex_match_no_context
case3,regex_baseline,url,ascii,87614646,https://www.google.com/search?q=windows+7+iso+download&oq=&sourceid=chrome&ie=UTF-8,https://www.google.com/search?q=windows+7+iso+download&oq=&sourceid=chrome&ie=UTF-8,,,,regex_match_no_context
case3,regex_baseline,url,ascii,87673990,http://ocsp2.globalsign.com/rootr30,http://ocsp2.globalsign.com/rootr30,,,,regex_match_no_context
case3,regex_baseline,url,ascii,87674038,http://secure.globalsign.com/cacert/root-r3.crt06,http://secure.globalsign.com/cacert/root-r3.crt06,,,,regex_match_no_context
case3,regex_baseline,url,ascii,87674104,http://crl.globalsign.com/root-r3.crl0G,http://crl.globalsign.com/root-r3.crl0G,,,,regex_match_no_context
case3,regex_baseline,url,ascii,87674176,https://www.globalsign.com/repository/0,https://www.globalsign.com/repository/0,,,,regex_match_no_context
case3,regex_baseline,url,ascii,87846438,"https://www.chromium.org:443,*","https://www.chromium.org:443,*",,,,regex_match_no_context
case3,regex_baseline,url,ascii,88037461,https://www.verisign.com/CPS04,https://www.verisign.com/CPS04,,,,regex_match_no_context
case3,regex_baseline,url,ascii,88037594,http://crl.verisign.com/pca3.crl0,http://crl.verisign.com/pca3.crl0,,,,regex_match_no_context
case3,regex_baseline,url,ascii,88144040,http://crl.usertrust.com/USERTrustRSACertificationAuthority.crl0v,http://crl.usertrust.com/USERTrustRSACertificationAuthority.crl0v,,,,regex_match_no_context
case3,regex_baseline,url,ascii,88206536,http://ocsp.digicert.com0A,http://ocsp.digicert.com0a,,,,regex_match_no_context
case3,regex_baseline,url,ascii,88210170,https://www.alphassl.com/repository/03,https://www.alphassl.com/repository/03,,,,regex_match_no_context
case3,regex_baseline,url,ascii,88210225,http://crl.globalsign.net/root.crl0=,http://crl.globalsign.net/root.crl0=,,,,regex_match_no_context
case3,regex_baseline,url,ascii,88210289,http://ocsp.globalsign.com/rootr10,http://ocsp.globalsign.com/rootr10,,,,regex_match_no_context
case3,regex_baseline,url,ascii,88211380,http://ocsp.digicert.com0B,http://ocsp.digicert.com0b,,,,regex_match_no_context
case3,regex_baseline,url,ascii,88211507,https://www.digicert.com/CPS0,https://www.digicert.com/CPS0,,,,regex_match_no_context
case3,regex_baseline,url,ascii,88236633,http://x1.i.lencr.org/0,http://x1.i.lencr.org/0,,,,regex_match_no_context
case3,regex_baseline,url,ascii,88236674,http://x1.c.lencr.org/0,http://x1.c.lencr.org/0,,,,regex_match_no_context
case3,regex_baseline,url,ascii,88239560,http://www.microsoft.com/pki/certs/MicRooCerAut_2010-06-23.crt0,http://www.microsoft.com/pki/certs/MicRooCerAut_2010-06-23.crt0,,,,regex_match_no_context
case3,regex_baseline,url,ascii,88246905,http://secure.globalsign.com/cacert/root-r1.crt03,http://secure.globalsign.com/cacert/root-r1.crt03,,,,regex_match_no_context
case3,regex_baseline,url,ascii,88246971,http://crl.globalsign.com/root.crl0!,http://crl.globalsign.com/root.crl0!,,,,regex_match_no_context
case3,regex_baseline,url,ascii,88248001,http://ocsp2.globalsign.com/rootr306,http://ocsp2.globalsign.com/rootr306,,,,regex_match_no_context
case3,regex_baseline,url,ascii,88320230,https://www.youtube.com/results?search_query=,https://www.youtube.com/results?search_query=,,,,regex_match_no_context
case3,regex_baseline,url,ascii,88320406,https://www.youtube.com/results?search_query=&page=&utm_source=opensearch,https://www.youtube.com/results?search_query=&page=&utm_source=opensearch,,,,regex_match_no_context
case3,regex_baseline,url,ascii,88322694,https://search.yahoo.com/search?ei=&fr=crmas_sfp&p=,https://search.yahoo.com/search?ei=&fr=crmas_sfp&p=,,,,regex_match_no_context
case3,regex_baseline,url,ascii,88327446,https://search.yahoo.com/search,https://search.yahoo.com/search,,,,regex_match_no_context
case3,regex_baseline,url,ascii,88566966,https://ogs.google.com/u/0/widget/app?origin=chrome-untrusted%3A%2F%2Fnew-tab-page&origin=chrome%3A%2F%2Fnew-tab-page&cn=app&pid=1&spid=243&hl=en,https://ogs.google.com/u/0/widget/app?origin=chrome-untrusted%3A%2F%2Fnew-tab-page&origin=chrome%3A%2F%2Fnew-tab-page&cn=app&pid=1&spid=243&hl=en,,,,regex_match_no_context
case3,regex_baseline,url,ascii,89088626,https://t1.daumcdn.net,https://t1.daumcdn.net,,,,regex_match_no_context
case3,regex_baseline,url,ascii,89281373,http://crl3.digicert.com/DigiCertTLSHybridECCSHA3842020CA1-1.crl0F,http://crl3.digicert.com/DigiCertTLSHybridECCSHA3842020CA1-1.crl0F,,,,regex_match_no_context
case3,regex_baseline,url,ascii,89281445,http://crl4.digicert.com/DigiCertTLSHybridECCSHA3842020CA1-1.crl0,http://crl4.digicert.com/DigiCertTLSHybridECCSHA3842020CA1-1.crl0,,,,regex_match_no_context
case3,regex_baseline,url,ascii,89281546,http://www.digicert.com/CPS0,http://www.digicert.com/CPS0,,,,regex_match_no_context
case3,regex_baseline,url,ascii,89281604,http://ocsp.digicert.com0O,http://ocsp.digicert.com0o,,,,regex_match_no_context
case3,regex_baseline,url,ascii,89517410,https://gds.google.com,https://gds.google.com,,,,regex_match_no_context
case3,regex_baseline,url,ascii,89535997,https://contacts.google.com/widget/hovercard/v/2?hl=ko&origin=https%3A%2F%2Fmail.google.com&usegapi=1&jsh=m%3B%2F_%2Fscs%2Fabc-static%2F_%2Fjs%2Fk%3Dgapi.gapi.en.yHsE3XoyXLE.O%2Fd%3D1%2Frs%3DAHpOoo8LDClD0V3IE-5SJcudVO91TD73Qw%2Fm%3D__features__#id=__HC_94253229&_gfid=__HC_94253229&parent=https%3A%2F%2Fmail.google.com&pfname=&rpctoken=32727641,https://contacts.google.com/widget/hovercard/v/2?hl=ko&origin=https%3A%2F%2Fmail.google.com&usegapi=1&jsh=m%3B%2F_%2Fscs%2Fabc-static%2F_%2Fjs%2Fk%3Dgapi.gapi.en.yHsE3XoyXLE.O%2Fd%3D1%2Frs%3DAHpOoo8LDClD0V3IE-5SJcudVO91TD73Qw%2Fm%3D__features__,,,,regex_match_no_context
case3,regex_baseline,url,ascii,89536498,https://contacts.google.com,https://contacts.google.com,,,,regex_match_no_context
case3,regex_baseline,url,ascii,90328438,https://www.google.com/search?q=https%3A%2F%2Fwww.wikipedia.org&sourceid=chrome&ie=UTF-8,https://www.google.com/search?q=https%3A%2F%2Fwww.wikipedia.org&sourceid=chrome&ie=UTF-8,,,,regex_match_no_context
case3,regex_baseline,url,ascii,90385078,https://www.google.com/search?q=https+%2F%2Fwww.wikipedia.org+shqip&sourceid=chrome&ie=UTF-8,https://www.google.com/search?q=https+%2F%2Fwww.wikipedia.org+shqip&sourceid=chrome&ie=UTF-8,,,,regex_match_no_context
case3,regex_baseline,url,ascii,90494630,https://chromium-i18n.appspot.com/ssl-aggregate-address/,https://chromium-i18n.appspot.com/ssl-aggregate-address,,,,regex_match_no_context
case3,regex_baseline,url,ascii,90715750,https://www.google.com/search?q=https%3A%2F%2Fwww.chromium.org%2FHome%2F&sourceid=chrome&ie=UTF-8,https://www.google.com/search?q=https%3A%2F%2Fwww.chromium.org%2FHome%2F&sourceid=chrome&ie=UTF-8,,,,regex_match_no_context
case3,regex_baseline,url,ascii,90721030,https://www.google.com/search?q=https%3A%2F%2Fwww.chromium.org%2Fhome%2F&sourceid=chrome&ie=UTF-8,https://www.google.com/search?q=https%3A%2F%2Fwww.chromium.org%2Fhome%2F&sourceid=chrome&ie=UTF-8,,,,regex_match_no_context
case3,regex_baseline,url,ascii,90722966,http://google.com/search?q=%ED%8F%AC%EB%A0%8C%EC%8B%9D+%EC%9C%84%ED%82%A4&sourceid=chrome&ie=UTF-8,http://google.com/search?q=%ED%8F%AC%EB%A0%8C%EC%8B%9D+%EC%9C%84%ED%82%A4&sourceid=chrome&ie=UTF-8,,,,regex_match_no_context
case3,regex_baseline,url,ascii,90723142,http://google.com/search?q=%ED%81%AC%EB%A1%AC+%EB%B8%8C%EB%9D%BC%EC%9A%B0%EC%A0%80&sourceid=chrome&ie=UTF-8,http://google.com/search?q=%ED%81%AC%EB%A1%AC+%EB%B8%8C%EB%9D%BC%EC%9A%B0%EC%A0%80&sourceid=chrome&ie=UTF-8,,,,regex_match_no_context
case3,regex_baseline,url,ascii,91962694,https://t1.kakaocdn.net/,https://t1.kakaocdn.net,,,,regex_match_no_context
case3,regex_baseline,url,ascii,91963478,https://myaccount.google.com/,https://myaccount.google.com,,,,regex_match_no_context
case3,regex_baseline,url,ascii,91963702,https://github.githubassets.com/,https://github.githubassets.com,,,,regex_match_no_context
case3,regex_baseline,url,ascii,91963926,https://cdnjs.cloudflare.com/,https://cdnjs.cloudflare.com,,,,regex_match_no_context
case3,regex_baseline,url,ascii,91964038,https://ad.doubleclick.net/,https://ad.doubleclick.net,,,,regex_match_no_context
case3,regex_baseline,url,ascii,91964150,https://app-ab24.marketo.com/,https://app-ab24.marketo.com,,,,regex_match_no_context
case3,regex_baseline,url,ascii,91964374,https://s3-us-west-2.amazonaws.com/,https://s3-us-west-2.amazonaws.com,,,,regex_match_no_context
case3,regex_baseline,url,ascii,91964710,https://cdn.sstatic.net/,https://cdn.sstatic.net,,,,regex_match_no_context
case3,regex_baseline,url,ascii,91965046,https://ajax.googleapis.com/,https://ajax.googleapis.com,,,,regex_match_no_context
case3,regex_baseline,url,ascii,92183462,https://www.chromium.org/chromium-os/,https://www.chromium.org/chromium-os,,,,regex_match_no_context
case3,regex_baseline,url,ascii,92187718,https://chromium.org/chromium-os/,https://chromium.org/chromium-os,,,,regex_match_no_context
case3,regex_baseline,url,ascii,92257942,https://www.chromium.org/updates/ua-reduction,https://www.chromium.org/updates/ua-reduction,,,,regex_match_no_context
case3,regex_baseline,url,ascii,92260854,https://chromium.org/chromium-projects/,https://chromium.org/chromium-projects,,,,regex_match_no_context
case3,regex_baseline,url,ascii,92299494,https://chromium.org/updates/ua-reduction,https://chromium.org/updates/ua-reduction,,,,regex_match_no_context
case3,regex_baseline,url,ascii,92469942,https://tistory1.daumcdn.net/,https://tistory1.daumcdn.net,,,,regex_match_no_context
case3,regex_baseline,url,ascii,92470054,https://cdn.jsdelivr.net/,https://cdn.jsdelivr.net,,,,regex_match_no_context
case3,regex_baseline,url,ascii,94156878,http://www.microsoft.com/pki/certs/MicCodSigPCA_2010-07-06.crt0,http://www.microsoft.com/pki/certs/MicCodSigPCA_2010-07-06.crt0,,,,regex_match_no_context
case3,regex_baseline,url,ascii,94159213,https://wwww.microsoft.com0,https://wwww.microsoft.com0,,,,regex_match_no_context
case3,regex_baseline,url,ascii,96593814,https://accountcapabilities-pa.googleapis.com/v1/accountcapabilities:batchGet,https://accountcapabilities-pa.googleapis.com/v1/accountcapabilities:batchGet,,,,regex_match_no_context
case3,regex_baseline,url,ascii,96599574,https://accounts.google.com/encryption/unlock/desktop?kdi=CAIaDgoKY2hyb21lc3luYxAB,https://accounts.google.com/encryption/unlock/desktop?kdi=CAIaDgoKY2hyb21lc3luYxAB,,,,regex_match_no_context
case3,regex_baseline,url,ascii,96601814,https://safebrowsing.google.com/safebrowsing/clientreport/chrome-sct-auditing,https://safebrowsing.google.com/safebrowsing/clientreport/chrome-sct-auditing,,,,regex_match_no_context
case3,regex_baseline,url,ascii,96602134,https://sctauditing-pa.googleapis.com/v1/knownscts/length/$1/prefix/$2?key=dummytoken,https://sctauditing-pa.googleapis.com/v1/knownscts/length/$1/prefix/$2?key=dummytoken,,,,regex_match_no_context
case3,regex_baseline,url,ascii,97372806,https://accounts.google.com/embedded/setup/kidsignup/chromeos,https://accounts.google.com/embedded/setup/kidsignup/chromeos,,,,regex_match_no_context
case3,regex_baseline,url,ascii,97373670,https://accounts.google.com/embedded/setup/kidsignin/chromeos,https://accounts.google.com/embedded/setup/kidsignin/chromeos,,,,regex_match_no_context
case3,regex_baseline,url,ascii,97373814,https://accounts.google.com/embedded/setup/chrome/usermenu,https://accounts.google.com/embedded/setup/chrome/usermenu,,,,regex_match_no_context
case3,regex_baseline,url,ascii,97385334,https://oauthaccountmanager.googleapis.com/,https://oauthaccountmanager.googleapis.com,,,,regex_match_no_context
case3,regex_baseline,url,ascii,97385894,https://accounts.google.com/Logout,https://accounts.google.com/Logout,,,,regex_match_no_context
case3,regex_baseline,url,ascii,97386118,https://accounts.google.com/AddSession,https://accounts.google.com/AddSession,,,,regex_match_no_context
case3,regex_baseline,url,ascii,97387126,https://accounts.google.com/MergeSession,https://accounts.google.com/MergeSession,,,,regex_match_no_context
case3,regex_baseline,url,ascii,97387798,https://accounts.google.com/OAuthLogin,https://accounts.google.com/OAuthLogin,,,,regex_match_no_context
case3,regex_baseline,url,ascii,97969654,https://stackoverflow.com/search?q=,https://stackoverflow.com/search?q=,,,,regex_match_no_context
case3,regex_baseline,url,ascii,97970166,https://search.daum.net/search?w=tot&DA=JU5&q=,https://search.daum.net/search?w=tot&DA=JU5&q=,,,,regex_match_no_context
case3,regex_baseline,url,ascii,97971446,https://www.bing.com/search?q=,https://www.bing.com/search?q=,,,,regex_match_no_context
case3,regex_baseline,url,ascii,97972214,https://github.com/search?q=&ref=opensearch,https://github.com/search?q=&ref=opensearch,,,,regex_match_no_context
case3,regex_baseline,url,ascii,97974518,https://github.com/search?q=,https://github.com/search?q=,,,,regex_match_no_context
case3,regex_baseline,url,ascii,97992566,https://www.bing.com/search?q=&PC=U316&FORM=CHROMN,https://www.bing.com/search?q=&PC=U316&FORM=CHROMN,,,,regex_match_no_context
case3,regex_baseline,url,ascii,98018294,http://forensic.korea.ac.kr/DFWIKI/index.php/FAT,http://forensic.korea.ac.kr/DFWIKI/index.php/FAT,,,,regex_match_no_context
case3,regex_baseline,url,ascii,98018678,http://forensic.korea.ac.kr/DFWIKI/index.php/ExFAT,http://forensic.korea.ac.kr/DFWIKI/index.php/ExFAT,,,,regex_match_no_context
case3,regex_baseline,url,ascii,98019318,http://forensic.korea.ac.kr/DFWIKI/index.php/IOS,http://forensic.korea.ac.kr/DFWIKI/index.php/IOS,,,,regex_match_no_context
case3,regex_baseline,url,ascii,98024182,https://www.bing.com/sa/simg/bing_p_rr_teal_min.ico,https://www.bing.com/sa/simg/bing_p_rr_teal_min.ico,,,,regex_match_no_context
case3,regex_baseline,url,ascii,98700694,http://clients2.google.com/time/1/current,http://clients2.google.com/time/1/current,,,,regex_match_no_context
case3,regex_baseline,url,ascii,98702358,https://chromereporting-pa.googleapis.com/v1/record,https://chromereporting-pa.googleapis.com/v1/record,,,,regex_match_no_context
case3,regex_baseline,url,ascii,98703254,https://chromereporting-pa.googleapis.com/v1/events,https://chromereporting-pa.googleapis.com/v1/events,,,,regex_match_no_context
case3,regex_baseline,url,ascii,98736774,https://m.google.com/devicemanagement/data/api,https://m.google.com/devicemanagement/data/api,,,,regex_match_no_context
case3,regex_baseline,url,ascii,98782296,https://lh3.googleusercontent.com/-_Lg7SdDKzcU/AAAAAAAAAAI/AAAAAAAAAAA/KIhM3z6R60Q/s48-c/photo.jpg,https://lh3.googleusercontent.com/-_Lg7SdDKzcU/AAAAAAAAAAI/AAAAAAAAAAA/KIhM3z6R60Q/s48-c/photo.jpg,,,,regex_match_no_context
case3,regex_baseline,url,ascii,99336001,https://www.google-analytics.com/,https://www.google-analytics.com,,,,regex_match_no_context
case3,regex_baseline,url,ascii,99366422,https://www.chromium.org/developers/design-documents/multi-process-architecture/chromium.org/developers/design-documents/multi-process-architecture/ode/,https://www.chromium.org/developers/design-documents/multi-process-architecture/chromium.org/developers/design-documents/multi-process-architecture/ode,,,,regex_match_no_context
case3,regex_baseline,url,ascii,99412093,https://www.youtube.com/sw.js,https://www.youtube.com/sw.js,,,,regex_match_no_context
case3,regex_baseline,url,ascii,100271574,"https://geun-yeong.tistory.com:443,*","https://geun-yeong.tistory.com:443,*",,,,regex_match_no_context
case3,regex_baseline,url,ascii,100275830,"https://accounts.google.com:443,*","https://accounts.google.com:443,*",,,,regex_match_no_context
case3,regex_baseline,url,ascii,100276166,"http://forensic.korea.ac.kr:80,*","http://forensic.korea.ac.kr:80,*",,,,regex_match_no_context
case3,regex_baseline,url,ascii,100330262,"https://accounts.youtube.com:443,*","https://accounts.youtube.com:443,*",,,,regex_match_no_context
case3,regex_baseline,url,ascii,100332278,"https://myaccount.google.com:443,*","https://myaccount.google.com:443,*",,,,regex_match_no_context
case3,regex_baseline,url,ascii,100333734,"https://accounts.google.co.kr:443,*","https://accounts.google.co.kr:443,*",,,,regex_match_no_context
case3,regex_baseline,url,ascii,100464070,"https://recruit.webtoonscorp.com:443,*","https://recruit.webtoonscorp.com:443,*",,,,regex_match_no_context
case3,regex_baseline,url,ascii,100574006,"https://en.wikipedia.org:443,*","https://en.wikipedia.org:443,*",,,,regex_match_no_context
case3,regex_baseline,url,ascii,100574390,"https://github.com:443,*","https://github.com:443,*",,,,regex_match_no_context
case3,regex_baseline,url,ascii,100575254,"https://www.youtube.com:443,*","https://www.youtube.com:443,*",,,,regex_match_no_context
case3,regex_baseline,url,ascii,100575542,"https://gds.google.com:443,*","https://gds.google.com:443,*",,,,regex_match_no_context
case3,regex_baseline,url,ascii,100576118,"https://www.google.com:443,*","https://www.google.com:443,*",,,,regex_match_no_context
case3,regex_baseline,url,ascii,100578806,"https://mail.google.com:443,*","https://mail.google.com:443,*",,,,regex_match_no_context
case3,regex_baseline,url,ascii,100579190,"https://arxiv.org:443,*","https://arxiv.org:443,*",,,,regex_match_no_context
case3,regex_baseline,url,ascii,100579574,"https://comic.naver.com:443,*","https://comic.naver.com:443,*",,,,regex_match_no_context
case3,regex_baseline,url,ascii,100580342,"https://ko.wikipedia.org:443,*","https://ko.wikipedia.org:443,*",,,,regex_match_no_context
case3,regex_baseline,url,ascii,100580438,"https://www.kakaocorp.com:443,*","https://www.kakaocorp.com:443,*",,,,regex_match_no_context
case3,regex_baseline,url,ascii,100580534,"https://www.naver.com:443,*","https://www.naver.com:443,*",,,,regex_match_no_context
case3,regex_baseline,url,ascii,100581206,"https://stackoverflow.com:443,*","https://stackoverflow.com:443,*",,,,regex_match_no_context
case3,regex_baseline,url,ascii,100582166,"https://www.ieee.org:443,*","https://www.ieee.org:443,*",,,,regex_match_no_context
case3,regex_baseline,url,ascii,100582934,"https://www.daum.net:443,*","https://www.daum.net:443,*",,,,regex_match_no_context
case3,regex_baseline,url,utf-16le,87322418,https://www.wikipedia.org/search-redirect.php,https://www.wikipedia.org/search-redirect.php,,,,regex_match_no_context
case3,regex_baseline,url,utf-16le,88648874,https://search.naver.com/search.naver,https://search.naver.com/search.naver,,,,regex_match_no_context
case3,regex_baseline,url,utf-16le,88656194,https://www.naver.com/shoppingbox/shoppingboxnew/main.nhn?mode=plusdeal&domain=N,https://www.naver.com/shoppingbox/shoppingboxnew/main.nhn?mode=plusdeal&domain=N,,,,regex_match_no_context
case3,regex_baseline,url,utf-16le,88657042,https://siape.veta.naver.com/fxshow?su=SU10641&nrefreshx=0#frameId=da_public_left_tgtLREC&origin=https%3A%2F%2Fwww.naver.com&msgToken=2477069670.63438&isFluid=false&runtime=NDPSDK,https://siape.veta.naver.com/fxshow?su=SU10641&nrefreshx=0,,,,regex_match_no_context
case3,regex_baseline,url,utf-16le,88658130,https://siape.veta.naver.com/fxshow?su=SU10642&nrefreshx=0#frameId=da_public_right_tgtLREC&origin=https%3A%2F%2Fwww.naver.com&msgToken=2313972086.9858847&isFluid=false&runtime=NDPSDK,https://siape.veta.naver.com/fxshow?su=SU10642&nrefreshx=0,,,,regex_match_no_context
case3,regex_baseline,url,utf-16le,88659226,https://siape.veta.naver.com/fxshow?su=SU10640&nrefreshx=0#frameId=veta_time2_tgtLREC&origin=https%3A%2F%2Fwww.naver.com&msgToken=2560411333.67971&isFluid=false&runtime=NDPSDK,https://siape.veta.naver.com/fxshow?su=SU10640&nrefreshx=0,,,,regex_match_no_context
case3,regex_baseline,url,utf-16le,88739362,https://comic.naver.com/search,https://comic.naver.com/search,,,,regex_match_no_context
case3,regex_baseline,url,utf-16le,89011002,https://comic.naver.com/comment/comment?titleId=790713&no=99,https://comic.naver.com/comment/comment?titleId=790713&no=99,,,,regex_match_no_context
case3,regex_baseline,url,utf-16le,89026114,https://comic.naver.com/comment/comment?titleId=790713&no=98,https://comic.naver.com/comment/comment?titleId=790713&no=98,,,,regex_match_no_context
case3,regex_baseline,url,utf-16le,89031626,https://4490791.fls.doubleclick.net/activityi;dc_pre=CNP2lZC4nP0CFQs1lgodGkgAtw;src=4490791;type=trav;cat=globa0;ord=7795888127637;gtm=45fe32f0;auiddc=2083485333.1676632856;ps=1;pcor=899172580;~oref=https%3A%2F%2Fwww.ieee.org%2F%2F?,https://4490791.fls.doubleclick.net/activityi;dc_pre=CNP2lZC4nP0CFQs1lgodGkgAtw;src=4490791;type=trav;cat=globa0;ord=7795888127637;gtm=45fe32f0;auiddc=2083485333.1676632856;ps=1;pcor=899172580;~oref=https%3A%2F%2Fwww.ieee.org%2F%2F,,,,regex_match_no_context
case3,regex_baseline,url,utf-16le,89032818,https://td.doubleclick.net/td/fls/rul/activityi;fledge=1;src=4490791;type=trav;cat=globa0;ord=7795888127637;gtm=45fe32f0;auiddc=2083485333.1676632856;ps=1;pcor=899172580;~oref=https%3A%2F%2Fwww.ieee.org%2F%2F?,https://td.doubleclick.net/td/fls/rul/activityi;fledge=1;src=4490791;type=trav;cat=globa0;ord=7795888127637;gtm=45fe32f0;auiddc=2083485333.1676632856;ps=1;pcor=899172580;~oref=https%3A%2F%2Fwww.ieee.org%2F%2F,,,,regex_match_no_context
case3,regex_baseline,url,utf-16le,89035818,https://pixel.sitescout.com/dmp/asyncPixelSync?cookieQ=1,https://pixel.sitescout.com/dmp/asyncPixelSync?cookieQ=1,,,,regex_match_no_context
case3,regex_baseline,url,utf-16le,89049682,https://siape.veta.naver.com/fxshow?su=SU10641&nrefreshx=1&calp=1#frameId=da_public_left_tgtLREC&origin=https%3A%2F%2Fwww.naver.com&msgToken=1751493909.5530617&isFluid=false&runtime=NDPSDK,https://siape.veta.naver.com/fxshow?su=SU10641&nrefreshx=1&calp=1,,,,regex_match_no_context
case3,regex_baseline,url,utf-16le,89050786,https://siape.veta.naver.com/fxshow?su=SU10642&nrefreshx=1&calp=1#frameId=da_public_right_tgtLREC&origin=https%3A%2F%2Fwww.naver.com&msgToken=2514043428.4119062&isFluid=false&runtime=NDPSDK,https://siape.veta.naver.com/fxshow?su=SU10642&nrefreshx=1&calp=1,,,,regex_match_no_context
case3,regex_baseline,url,utf-16le,89051898,https://siape.veta.naver.com/fxshow?su=SU10640&nrefreshx=1&calp=1#frameId=veta_time2_tgtLREC&origin=https%3A%2F%2Fwww.naver.com&msgToken=2873041103.8675056&isFluid=false&runtime=NDPSDK,https://siape.veta.naver.com/fxshow?su=SU10640&nrefreshx=1&calp=1,,,,regex_match_no_context
case3,regex_baseline,url,utf-16le,89087146,https://shop-redapi.daum.net/red-apigate/daumtop/v6/planmall,https://shop-redapi.daum.net/red-apigate/daumtop/v6/planmall,,,,regex_match_no_context
case3,regex_baseline,url,utf-16le,89087994,https://t1.daumcdn.net/adfit/adunit_style/a47f783b63ef539c670cd0f5cd1f7ba5ac08a4bf?surl=https%3A%2F%2Fwww.daum.net%2F,https://t1.daumcdn.net/adfit/adunit_style/a47f783b63ef539c670cd0f5cd1f7ba5ac08a4bf?surl=https%3A%2F%2Fwww.daum.net%2F,,,,regex_match_no_context
case3,regex_baseline,url,utf-16le,89089274,https://t1.daumcdn.net/adfit/adunit_style/8a0a23dd56c80bf1ccf5f7ea3ee73e45d5b5374c?surl=https%3A%2F%2Fwww.daum.net%2F,https://t1.daumcdn.net/adfit/adunit_style/8a0a23dd56c80bf1ccf5f7ea3ee73e45d5b5374c?surl=https%3A%2F%2Fwww.daum.net%2F,,,,regex_match_no_context
case3,regex_baseline,url,utf-16le,89090554,https://t1.daumcdn.net/kas/static/safeframe.html,https://t1.daumcdn.net/kas/static/safeframe.html,,,,regex_match_no_context
case3,regex_baseline,url,utf-16le,89117386,https://comic.naver.com/comment/comment?titleId=790713&no=101,https://comic.naver.com/comment/comment?titleId=790713&no=101,,,,regex_match_no_context
case3,regex_baseline,url,utf-16le,89128706,https://comic.naver.com/comment/comment?titleId=790713&no=100,https://comic.naver.com/comment/comment?titleId=790713&no=100,,,,regex_match_no_context
case3,regex_baseline,url,utf-16le,89200802,http://forensic.korea.ac.kr/DFWIKI/index.php/%ED%8A%B9%EC%88%98:%EA%B2%80%EC%83%89,http://forensic.korea.ac.kr/DFWIKI/index.php/%ED%8A%B9%EC%88%98:%EA%B2%80%EC%83%89,,,,regex_match_no_context
case3,regex_baseline,url,utf-16le,89305450,https://ogs.google.com/widget/app/so?origin=chrome-untrusted%3A%2F%2Fnew-tab-page&origin=chrome%3A%2F%2Fnew-tab-page&cn=app&pid=1&spid=243&hl=en,https://ogs.google.com/widget/app/so?origin=chrome-untrusted%3A%2F%2Fnew-tab-page&origin=chrome%3A%2F%2Fnew-tab-page&cn=app&pid=1&spid=243&hl=en,,,,regex_match_no_context
case3,regex_baseline,url,utf-16le,89381922,http://forensic.korea.ac.kr/DFWIKI/index.php,http://forensic.korea.ac.kr/DFWIKI/index.php,,,,regex_match_no_context
case3,regex_baseline,url,utf-16le,89496018,https://siape.veta.naver.com/fxshow?su=SU10321#frameId=onlyRightAd_tgtLREC&origin=https%3A%2F%2Fcomic.naver.com&msgToken=1223116452.0479808&isFluid=false&runtime=NDPSDK,https://siape.veta.naver.com/fxshow?su=SU10321,,,,regex_match_no_context
case3,regex_baseline,url,utf-16le,89503186,https://t1.daumcdn.net/adfit/adunit_style/c9f6323bb1dafc6fd3d328b4c72d1c5ec300d5dd?surl=https%3A%2F%2Fwww.daum.net%2F,https://t1.daumcdn.net/adfit/adunit_style/c9f6323bb1dafc6fd3d328b4c72d1c5ec300d5dd?surl=https%3A%2F%2Fwww.daum.net%2F,,,,regex_match_no_context
case3,regex_baseline,url,utf-16le,89504466,https://t1.daumcdn.net/adfit/adunit_style/daafa197e301ccace9d59ce163e100aff59c5bd4?surl=https%3A%2F%2Fwww.daum.net%2F,https://t1.daumcdn.net/adfit/adunit_style/daafa197e301ccace9d59ce163e100aff59c5bd4?surl=https%3A%2F%2Fwww.daum.net%2F,,,,regex_match_no_context
case3,regex_baseline,url,utf-16le,89520730,https://accounts.youtube.com/accounts/CheckConnection?pmpo=https%3A%2F%2Faccounts.google.com&v=138873353&timestamp=1677653382770,https://accounts.youtube.com/accounts/CheckConnection?pmpo=https%3A%2F%2Faccounts.google.com&v=138873353&timestamp=1677653382770,,,,regex_match_no_context
case3,regex_baseline,url,utf-16le,89521730,https://accounts.google.com/_/bscframe,https://accounts.google.com/_/bscframe,,,,regex_match_no_context
case3,regex_baseline,url,utf-16le,89522642,https://accounts.google.com/v3/signin/,https://accounts.google.com/v3/signin,,,,regex_match_no_context
case3,regex_baseline,url,utf-16le,89534106,https://ogs.google.com/u/0/widget/app?origin=https%3A%2F%2Fmail.google.com&cn=app&pid=23&spid=23&hl=ko,https://ogs.google.com/u/0/widget/app?origin=https%3A%2F%2Fmail.google.com&cn=app&pid=23&spid=23&hl=ko,,,,regex_match_no_context
case3,regex_baseline,url,utf-16le,89539146,https://ogs.google.com/u/0/widget/app?origin=chrome-untrusted%3A%2F%2Fnew-tab-page&origin=chrome%3A%2F%2Fnew-tab-page&cn=app&pid=1&spid=243&hl=en&dm=,https://ogs.google.com/u/0/widget/app?origin=chrome-untrusted%3A%2F%2Fnew-tab-page&origin=chrome%3A%2F%2Fnew-tab-page&cn=app&pid=1&spid=243&hl=en&dm=,,,,regex_match_no_context
case3,regex_baseline,url,utf-16le,89642994,"https://mail.google.com/mail/u/0/data?sw=2&token=%5B%22cftp%22,%225e89acedd4%22,%22gmail.pinto-server_20230222.06_p0%22,%22ZyMrc6cBAw-rFZnvtXyj5A%5Cu003d%5Cu003d%22,%227677,7841,7393,6792,7500,7518,7446,7594,7758,7773,7278,7137,7618,7189,7158,7407,7682,6807,7418,7468,7798,7569,7164,7419,7027,7113,7236%22,3%5D&dilte=0&gme=1&sme=1&pt=ji","https://mail.google.com/mail/u/0/data?sw=2&token=%5B%22cftp%22,%225e89acedd4%22,%22gmail.pinto-server_20230222.06_p0%22,%22ZyMrc6cBAw-rFZnvtXyj5A%5Cu003d%5Cu003d%22,%227677,7841,7393,6792,7500,7518,7446,7594,7758,7773,7278,7137,7618,7189,7158,7407,7682,6807,7418,7468,7798,7569,7164,7419,7027,7113,7236%22,3%5D&dilte=0&gme=1&sme=1&pt=ji",,,,regex_match_no_context
case3,regex_baseline,url,utf-16le,90180794,https://ko.wikipedia.org/w/index.php,https://ko.wikipedia.org/w/index.php,,,,regex_match_no_context
case3,regex_baseline,url,utf-16le,90235162,https://arxiv.org/search,https://arxiv.org/search,,,,regex_match_no_context
case3,regex_baseline,url,utf-16le,90235858,https://arxiv.org/multi,https://arxiv.org/multi,,,,regex_match_no_context
case3,regex_baseline,url,utf-16le,90237690,https://ogs.google.com/u/0/widget/callout/sid?prid=19022560&pgid=19022552&puid=8a68602575c7e3d5&dc=1&origin=https%3A%2F%2Fwww.google.com&cn=callout&pid=1&spid=538&hl=ko,https://ogs.google.com/u/0/widget/callout/sid?prid=19022560&pgid=19022552&puid=8a68602575c7e3d5&dc=1&origin=https%3A%2F%2Fwww.google.com&cn=callout&pid=1&spid=538&hl=ko,,,,regex_match_no_context
case3,regex_baseline,url,utf-16le,90238754,https://ogs.google.com/u/0/widget/app?origin=https%3A%2F%2Fwww.google.com&cn=app&pid=1&spid=538&hl=ko&dm=,https://ogs.google.com/u/0/widget/app?origin=https%3A%2F%2Fwww.google.com&cn=app&pid=1&spid=538&hl=ko&dm=,,,,regex_match_no_context
case3,regex_baseline,url,utf-16le,90265458,https://ogs.google.com/u/0/widget/account?amf=1&sea=1&sev=1&origin=chrome-untrusted%3A%2F%2Fnew-tab-page&origin=chrome%3A%2F%2Fnew-tab-page&cn=account&pid=1&spid=243&hl=en,https://ogs.google.com/u/0/widget/account?amf=1&sea=1&sev=1&origin=chrome-untrusted%3A%2F%2Fnew-tab-page&origin=chrome%3A%2F%2Fnew-tab-page&cn=account&pid=1&spid=243&hl=en,,,,regex_match_no_context
case3,regex_baseline,url,utf-16le,90681782,https://www.chromium.org/developers/version-numbers,https://www.chromium.org/developers/version-numbers,,,,regex_match_no_context
case3,regex_baseline,url,utf-16le,91067878,https://www.chromium.org/home/chromium-security/root-ca-policy/,https://www.chromium.org/home/chromium-security/root-ca-policy,,,,regex_match_no_context
case3,regex_baseline,url,utf-16le,94007983,https://docs.microsoft.com/typography/aboutMicrosoft,https://docs.microsoft.com/typography/aboutMicrosoft,,,,regex_match_no_context
case3,regex_baseline,url,utf-16le,94009075,http://en.wikipedia.org/wiki/MIT_License),http://en.wikipedia.org/wiki/MIT_License),,,,regex_match_no_context
case3,regex_baseline,url,utf-16le,95204896,https://go.microsoft.com/fwlink/?linkid=852747,https://go.microsoft.com/fwlink?linkid=852747,,,,regex_match_no_context
case3,regex_baseline,url,utf-16le,95206994,https://go.microsoft.com/fwlink/?linkid=851152,https://go.microsoft.com/fwlink?linkid=851152,,,,regex_match_no_context
case3,regex_baseline,url,utf-16le,95213864,https://aka.ms/wsl2kernel,https://aka.ms/wsl2kernel,,,,regex_match_no_context
case3,regex_baseline,url,utf-16le,95488176,http://go.microsoft.com/fwlink/?LinkId=228610,http://go.microsoft.com/fwlink?LinkId=228610,,,,regex_match_no_context
case3,regex_baseline,url,utf-16le,95550468,http://go.microsoft.com/fwlink/?LinkId=168895,http://go.microsoft.com/fwlink?LinkId=168895,,,,regex_match_no_context
case3,regex_baseline,url,utf-16le,95997780,https://go.microsoft.com/fwlink/?linkid=850659,https://go.microsoft.com/fwlink?linkid=850659,,,,regex_match_no_context
case3,regex_baseline,url,utf-16le,95999152,https://aka.ms/hcsadmin,https://aka.ms/hcsadmin,,,,regex_match_no_context
case3,regex_baseline,url,ascii,102144318,https://en.wikipedia.org/w/load.php?lang=en&modules=ext.cite.styles%7Cext.uls.interlanguage%7Cext.visualEditor.desktopArticleTarget.noscript%7Cext.wikimediaBadges%7Cjquery.makeCollapsible.styles%7Cmediawiki.ui.button%2Cicon%7Cskins.vector.icons%2Cstyles%7Cwikibase.client.init&only=styles&skin=vector-2022,https://en.wikipedia.org/w/load.php?lang=en&modules=ext.cite.styles%7Cext.uls.interlanguage%7Cext.visualEditor.desktopArticleTarget.noscript%7Cext.wikimediaBadges%7Cjquery.makeCollapsible.styles%7Cmediawiki.ui.button%2Cicon%7Cskins.vector.icons%2Cstyles%7Cwikibase.client.init&only=styles&skin=vector-2022,,,,regex_match_no_context
case3,regex_baseline,url,ascii,104639114,"https://www.wikipedia.org0,1","https://www.wikipedia.org0,1",,,,regex_match_no_context
case3,regex_baseline,url,ascii,104639286,"http://forensic.korea.ac.kr0,1DFRC","http://forensic.korea.ac.kr0,1dfrc",,,,regex_match_no_context
case3,regex_baseline,url,ascii,104640133,http://forensic.korea.ac.kr/DFWIKI/index.php/%EB%8C%80%EB%AC%B8http://forensic.korea.ac.kr/DFWIKI/index.php/,http://forensic.korea.ac.kr/DFWIKI/index.php/%EB%8C%80%EB%AC%B8http://forensic.korea.ac.kr/DFWIKI/index.php,,,,regex_match_no_context
case3,regex_baseline,url,ascii,104641642,"https://arxiv.org0,1","https://arxiv.org0,1",,,,regex_match_no_context
case3,regex_baseline,url,ascii,104642228,"https://www.google.comhttps://www.google.com/www.google.com0,1Google0,0","https://www.google.comhttps://www.google.com/www.google.com0,1Google0,0",,,,regex_match_no_context
case3,regex_baseline,url,ascii,105516350,https://upload.wikimedia.org/wikipedia/commons/thumb/1/16/DST_Countries_Map.png/60px-DST_Countries_Map.png,https://upload.wikimedia.org/wikipedia/commons/thumb/1/16/DST_Countries_Map.png/60px-DST_Countries_Map.png,,,,regex_match_no_context
case3,regex_baseline,url,ascii,105517374,https://upload.wikimedia.org/wikipedia/commons/thumb/7/7a/Hard_disk.jpg/480px-Hard_disk.jpg,https://upload.wikimedia.org/wikipedia/commons/thumb/7/7a/Hard_disk.jpg/480px-Hard_disk.jpg,,,,regex_match_no_context
case3,regex_baseline,url,ascii,105521534,https://en.wikipedia.org/static/images/footer/wikimedia-button.png,https://en.wikipedia.org/static/images/footer/wikimedia-button.png,,,,regex_match_no_context
case3,regex_baseline,url,ascii,106574904,https://up.pixel.ad/,https://up.pixel.ad,,,,regex_match_no_context
case3,regex_baseline,url,ascii,106581084,https://www.google.com/search?q=https%3A%2F%2Fwww.chromium.org%2FHome%2F&sourceid=chrome&ie=UTF-8f,https://www.google.com/search?q=https%3A%2F%2Fwww.chromium.org%2FHome%2F&sourceid=chrome&ie=UTF-8f,,,,regex_match_no_context
case3,regex_baseline,url,ascii,106582336,https://www.google.com/D,https://www.google.com/D,,,,regex_match_no_context
case3,regex_baseline,url,ascii,106727010,https://www.google.com/search?q=https%3A%2F%2Fwww.chromium.org%2F&sourceid=chrome&ie=UTF-8,https://www.google.com/search?q=https%3A%2F%2Fwww.chromium.org%2F&sourceid=chrome&ie=UTF-8,,,,regex_match_no_context
case3,regex_baseline,url,utf-16le,111271558,https://docs.microsoft.com/typography/about,https://docs.microsoft.com/typography/about,,,,regex_match_no_context
case3,regex_baseline,url,utf-16le,111275266,https://docs.microsoft.com/typography,https://docs.microsoft.com/typography,,,,regex_match_no_context
case3,regex_baseline,url,utf-16le,111385594,http://www.microsoft.com/typography/fonts/,http://www.microsoft.com/typography/fonts,,,,regex_match_no_context
case3,regex_baseline,url,utf-16le,111459666,http://www.sandoll.co.kr,http://www.sandoll.co.kr,,,,regex_match_no_context
case3,regex_baseline,url,utf-16le,111461094,http://www.microsoft.com,http://www.microsoft.com,,,,regex_match_no_context
case3,regex_baseline,url,utf-16le,111606170,http://lucasfonts.com,http://lucasfonts.com,,,,regex_match_no_context
case3,regex_baseline,url,utf-16le,111939058,http://www.goodfont.co.kr,http://www.goodfont.co.kr,,,,regex_match_no_context
case3,regex_baseline,url,utf-16le,111945906,http://www.nhncorp.com,http://www.nhncorp.com,,,,regex_match_no_context
case3,regex_baseline,url,utf-16le,111970154,http://fontrix.co.kr,http://fontrix.co.kr,,,,regex_match_no_context
case3,regex_baseline,url,utf-16le,111970414,http://dev.naver.com/wiki/nanumfont/index.php/OpenFontLicense,http://dev.naver.com/wiki/nanumfont/index.php/OpenFontLicense,,,,regex_match_no_context
case3,regex_baseline,url,utf-16le,111983282,http://www.fontrix.co.kr,http://www.fontrix.co.kr,,,,regex_match_no_context
case3,regex_baseline,url,utf-16le,111989210,http://www.YoonDesign.com,http://www.yoondesign.com,,,,regex_match_no_context
case3,regex_baseline,url,utf-16le,111989354,http://www.nhncorp.com/license,http://www.nhncorp.com/license,,,,regex_match_no_context
case3,regex_baseline,url,utf-16le,112009922,http://www.navercorp.com/,http://www.navercorp.com,,,,regex_match_no_context
case3,regex_baseline,url,utf-16le,112070286,http://sajatypeworks.com,http://sajatypeworks.com,,,,regex_match_no_context
case3,regex_baseline,url,utf-16le,112071370,https://scripts.sil.org/OFL),https://scripts.sil.org/OFL),,,,regex_match_no_context
case3,regex_baseline,url,utf-16le,112071630,https://github.com/microsoft/cascadia-code/blob/main/LICENSE).,https://github.com/microsoft/cascadia-code/blob/main/LICENSE).,,,,regex_match_no_context
case3,regex_baseline,url,utf-16le,112076190,https://scripts.sil.org/OFL,https://scripts.sil.org/OFL,,,,regex_match_no_context
case3,regex_baseline,url,utf-16le,112123446,https://github.com/microsoft/cascadia-code/blob/master/LICENSE).,https://github.com/microsoft/cascadia-code/blob/master/LICENSE).,,,,regex_match_no_context
case3,regex_baseline,url,utf-16le,112310910,http://www.monotype.com/html/designer/des_index.html,http://www.monotype.com/html/designer/des_index.html,,,,regex_match_no_context
case3,regex_baseline,url,utf-16le,112312498,http://www.monotype.com/html/mtname/ms_welcome.html,http://www.monotype.com/html/mtname/ms_welcome.html,,,,regex_match_no_context
case3,regex_baseline,url,utf-16le,112685586,http://www.zhongyicts.com.cn,http://www.zhongyicts.com.cn,,,,regex_match_no_context
case3,regex_baseline,url,utf-16le,112839038,http://www.jiyu-kobo.co.jp/,http://www.jiyu-kobo.co.jp,,,,regex_match_no_context
case3,regex_baseline,url,utf-16le,113037970,http://www.fonts.com,http://www.fonts.com,,,,regex_match_no_context
case3,regex_baseline,url,utf-16le,113039826,http://www.microsoft.com/typography/ctfonts,http://www.microsoft.com/typography/ctfonts,,,,regex_match_no_context
case3,regex_baseline,url,utf-16le,113040830,http://www.microsoft.com/typography/fonts/default.aspx,http://www.microsoft.com/typography/fonts/default.aspx,,,,regex_match_no_context
case3,regex_baseline,url,utf-16le,114990114,http://www.microsoft.com/typography,http://www.microsoft.com/typography,,,,regex_match_no_context
case3,regex_baseline,url,utf-16le,115289350,http://fontfabrik.com,http://fontfabrik.com,,,,regex_match_no_context
case3,regex_baseline,url,utf-16le,115382782,http://www.monotypeimaging.com,http://www.monotypeimaging.com,,,,regex_match_no_context
case3,regex_baseline,url,utf-16le,115470098,http://www.founder.com.cn/cn,http://www.founder.com.cn/cn,,,,regex_match_no_context
case3,regex_baseline,url,utf-16le,116787334,http://www.tiro.com,http://www.tiro.com,,,,regex_match_no_context
case3,regex_baseline,url,utf-16le,118402634,http://www.microsoft.com/truetype/fonts/wingdings/,http://www.microsoft.com/truetype/fonts/wingdings,,,,regex_match_no_context
case3,regex_baseline,url,utf-16le,119136110,http://www.agfamonotype.com/html/designer/des_index.html,http://www.agfamonotype.com/html/designer/des_index.html,,,,regex_match_no_context
case3,regex_baseline,url,utf-16le,119136262,http://www.agfamonotype.com,http://www.agfamonotype.com,,,,regex_match_no_context
case3,regex_baseline,url,utf-16le,119139470,http://www.agfamonotype.com/html/type/license.html,http://www.agfamonotype.com/html/type/license.html,,,,regex_match_no_context
case3,regex_baseline,url,utf-16le,120262538,http://www.monotype.com/html/type/license.html,http://www.monotype.com/html/type/license.html,,,,regex_match_no_context
case3,regex_baseline,url,utf-16le,122468130,http://www.sajatypeworks.com,http://www.sajatypeworks.com,,,,regex_match_no_context
case3,regex_baseline,url,utf-16le,122534030,http://www.munchfonts.com,http://www.munchfonts.com,,,,regex_match_no_context
case3,regex_baseline,url,utf-16le,122537466,http://www.monotype.com,http://www.monotype.com,,,,regex_match_no_context
case3,regex_baseline,url,utf-16le,122538114,https://docs.microsoft.com/typography/vendors/,https://docs.microsoft.com/typography/vendors,,,,regex_match_no_context
case3,regex_baseline,url,utf-16le,122571858,http://www.typography.net,http://www.typography.net,,,,regex_match_no_context
case3,regex_baseline,url,utf-16le,122604402,http://www.itcfonts.com,http://www.itcfonts.com,,,,regex_match_no_context
case3,regex_baseline,url,utf-16le,122610546,http://www.itcfonts.com/itc/licensing.html,http://www.itcfonts.com/itc/licensing.html,,,,regex_match_no_context
case3,regex_baseline,url,utf-16le,122833966,http://www.monotype.com/studio,http://www.monotype.com/studio,,,,regex_match_no_context
case3,regex_baseline,url,utf-16le,122834106,http://www.google.com/get/noto/,http://www.google.com/get/noto,,,,regex_match_no_context
case3,regex_baseline,url,utf-16le,122834842,http://scripts.sil.org/OFL,http://scripts.sil.org/OFL,,,,regex_match_no_context
case3,regex_baseline,url,utf-16le,122890850,http://www.carterandcone.com,http://www.carterandcone.com,,,,regex_match_no_context
case3,regex_baseline,url,utf-16le,123131826,http://www.monotype.com/html/mtname/ms_symbol.html,http://www.monotype.com/html/mtname/ms_symbol.html,,,,regex_match_no_context
case3,regex_baseline,url,utf-16le,123135298,http://www.microsoft.com/truetype/,http://www.microsoft.com/truetype,,,,regex_match_no_context
case3,regex_baseline,url,utf-16le,123203402,http://www.fontbureau.com/designers,http://www.fontbureau.com/designers,,,,regex_match_no_context
case3,regex_baseline,url,utf-16le,123204394,http://www.fontbureau.com,http://www.fontbureau.com,,,,regex_match_no_context
case3,regex_baseline,url,utf-16le,123249118,http://www.urwpp.de,http://www.urwpp.de,,,,regex_match_no_context
case3,regex_baseline,url,utf-16le,123542710,http://monotype.com/html/mtname/ms_welcome.html,http://monotype.com/html/mtname/ms_welcome.html,,,,regex_match_no_context
case3,regex_baseline,url,utf-16le,123708442,http://www.fontbureau.com/designers/frere-jones.html,http://www.fontbureau.com/designers/frere-jones.html,,,,regex_match_no_context
case3,regex_baseline,url,utf-16le,123744054,http://www.ascendercorp.com/typedesigners.html,http://www.ascendercorp.com/typedesigners.html,,,,regex_match_no_context
case3,regex_baseline,url,utf-16le,123773850,http://www.fontbureau.com/designers/cabarga.html,http://www.fontbureau.com/designers/cabarga.html,,,,regex_match_no_context
case3,regex_baseline,url,utf-16le,123777862,http://www.galapagosdesign.com/staff/dennis.htm,http://www.galapagosdesign.com/staff/dennis.htm,,,,regex_match_no_context
case3,regex_baseline,url,utf-16le,123780582,http://www.galapagosdesign.com/,http://www.galapagosdesign.com,,,,regex_match_no_context
case3,regex_baseline,url,utf-16le,123789682,http://www.sakkal.com,http://www.sakkal.com,,,,regex_match_no_context
case3,regex_baseline,url,utf-16le,123989786,http://yoonfont.co.kr/,http://yoonfont.co.kr,,,,regex_match_no_context
case3,regex_baseline,url,utf-16le,124009394,http://www.yoondesign.com/license,http://www.yoondesign.com/license,,,,regex_match_no_context
case3,regex_baseline,url,utf-16le,124019242,http://www.hancom.com,http://www.hancom.com,,,,regex_match_no_context
case3,regex_baseline,url,utf-16le,124024358,http://www.yoonfont.co.kr,http://www.yoonfont.co.kr,,,,regex_match_no_context
case3,regex_baseline,url,ascii,137557216,http://ocsp.pki.goog/s/gts1d4/95x3SSehFj801,http://ocsp.pki.goog/s/gts1d4/95x3SSehFj801,,,,regex_match_no_context
case3,regex_baseline,url,ascii,137557271,http://pki.goog/repo/certs/gts1d4.der0,http://pki.goog/repo/certs/gts1d4.der0,,,,regex_match_no_context
case3,regex_baseline,url,ascii,137557391,http://crls.pki.goog/gts1d4/TCKytZRd7jA.crl0,http://crls.pki.goog/gts1d4/TCKytZRd7jA.crl0,,,,regex_match_no_context
case3,regex_baseline,url,ascii,137972470,https://www.google.com/search?q=carpe&sourceid=chrome&ie=UTF-8,https://www.google.com/search?q=carpe&sourceid=chrome&ie=UTF-8,,,,regex_match_no_context
case3,regex_baseline,url,ascii,138205526,https://www.google.com/search?q=carpe.github&oq=&sourceid=chrome&ie=UTF-8,https://www.google.com/search?q=carpe.github&oq=&sourceid=chrome&ie=UTF-8,,,,regex_match_no_context
case3,regex_baseline,url,ascii,138206246,https://www.google.com/search?q=windows+7+iso+download&sourceid=chrome&ie=UTF-8,https://www.google.com/search?q=windows+7+iso+download&sourceid=chrome&ie=UTF-8,,,,regex_match_no_context
case3,regex_baseline,url,ascii,138206966,https://www.google.com/search?q=windows+7+iso&oq=&sourceid=chrome&ie=UTF-8,https://www.google.com/search?q=windows+7+iso&oq=&sourceid=chrome&ie=UTF-8,,,,regex_match_no_context
case3,regex_baseline,url,ascii,138208406,https://www.google.com/search?q=carpe&oq=&sourceid=chrome&ie=UTF-8,https://www.google.com/search?q=carpe&oq=&sourceid=chrome&ie=UTF-8,,,,regex_match_no_context
case3,regex_baseline,url,ascii,138209126,https://www.google.com/search?q=carpe+github&oq=&sourceid=chrome&ie=UTF-8,https://www.google.com/search?q=carpe+github&oq=&sourceid=chrome&ie=UTF-8,,,,regex_match_no_context
case3,regex_baseline,url,ascii,138210710,https://www.google.com/search?q=windows+7+iso&sourceid=chrome&ie=UTF-8,https://www.google.com/search?q=windows+7+iso&sourceid=chrome&ie=UTF-8,,,,regex_match_no_context
case3,regex_baseline,url,ascii,138210854,https://www.google.com/search?q=windows+8+iso+download&sourceid=chrome&ie=UTF-8,https://www.google.com/search?q=windows+8+iso+download&sourceid=chrome&ie=UTF-8,,,,regex_match_no_context
case3,regex_baseline,url,ascii,138211430,https://www.google.com/search?q=carpe.github&sourceid=chrome&ie=UTF-8,https://www.google.com/search?q=carpe.github&sourceid=chrome&ie=UTF-8,,,,regex_match_no_context
case3,regex_baseline,url,ascii,138211718,https://www.google.com/search?q=carpe+github&sourceid=chrome&ie=UTF-8,https://www.google.com/search?q=carpe+github&sourceid=chrome&ie=UTF-8,,,,regex_match_no_context
case3,regex_baseline,url,ascii,138221641,https://www.google.com/webhp?authuser=$authuser,https://www.google.com/webhp?authuser=$authuser,,,,regex_match_no_context
case3,regex_baseline,url,ascii,138221708,https://accounts.google.com/ListAccounts?listPages=0,https://accounts.google.com/ListAccounts?listPages=0,,,,regex_match_no_context
case3,regex_baseline,url,ascii,138221927,https://accounts.google.com/AccountChooser?source=ogb,https://accounts.google.com/AccountChooser?source=ogb,,,,regex_match_no_context
case3,regex_baseline,url,ascii,138222041,https://accounts.google.com/RemoveLocalAccount?source=ogb,https://accounts.google.com/RemoveLocalAccount?source=ogb,,,,regex_match_no_context
case3,regex_baseline,url,ascii,138222537,https://apis.google.com,https://apis.google.com,,,,regex_match_no_context
case3,regex_baseline,url,ascii,138223066,"https://www.gstatic.com/og/_/js/k=og.qtm.en_US.x3ks5OQMuEM.2019.O/rt=j/m=qgl,q_dnp,qmd,qcwid,qbd,qapid,qald/exm=qaaw,qabr,qadd,qaid,qalo,qebr,qein,qhaw,qhba,qhbr,qhch,qhga,qhid,qhin,qhlo,qhmn,qhpc,qhpr,qhsf,qhtt/d=1/ed=1/rs=AA2YrTsLMDC5ShDgua5PEfbsQVpNWEqjoQ","https://www.gstatic.com/og/_/js/k=og.qtm.en_US.x3ks5OQMuEM.2019.O/rt=j/m=qgl,q_dnp,qmd,qcwid,qbd,qapid,qald/exm=qaaw,qabr,qadd,qaid,qalo,qebr,qein,qhaw,qhba,qhbr,qhch,qhga,qhid,qhin,qhlo,qhmn,qhpc,qhpr,qhsf,qhtt/d=1/ed=1/rs=AA2YrTsLMDC5ShDgua5PEfbsQVpNWEqjoQ",,,,regex_match_no_context
case3,regex_baseline,url,ascii,138223344,"https://www.gstatic.com/og/_/ss/k=og.qtm.iN01Z40G9Cg.L.W.O/m=qmd,qcwid/excm=qaaw,qabr,qadd,qaid,qalo,qebr,qein,qhaw,qhba,qhbr,qhch,qhga,qhid,qhin,qhlo,qhmn,qhpc,qhpr,qhsf,qhtt/d=1/ed=1/ct=zgms/rs=AA2YrTsQlHCws7t2r7Egcs1hOau_HvMlbg","https://www.gstatic.com/og/_/ss/k=og.qtm.iN01Z40G9Cg.L.W.O/m=qmd,qcwid/excm=qaaw,qabr,qadd,qaid,qalo,qebr,qein,qhaw,qhba,qhbr,qhch,qhga,qhid,qhin,qhlo,qhmn,qhpc,qhpr,qhsf,qhtt/d=1/ed=1/ct=zgms/rs=AA2YrTsQlHCws7t2r7Egcs1hOau_HvMlbg",,,,regex_match_no_context
case3,regex_baseline,url,ascii,138223623,https://ogs.google.com/u/0/widget/app,https://ogs.google.com/u/0/widget/app,,,,regex_match_no_context
case3,regex_baseline,url,ascii,138223696,https://www.google.co.kr/intl/en/about/products?tab=rh,https://www.google.co.kr/intl/en/about/products?tab=rh,,,,regex_match_no_context
case3,regex_baseline,url,ascii,138224001,https://ogs.google.com/u/0/widget/account?amf=1,https://ogs.google.com/u/0/widget/account?amf=1,,,,regex_match_no_context
case3,regex_baseline,url,ascii,138224106,https://accounts.google.com/SignOutOptions?hl=en,https://accounts.google.com/SignOutOptions?hl=en,,,,regex_match_no_context
case3,regex_baseline,url,ascii,138224169,https://www.google.com%3Fhl%3Den-US,https://www.google.com%3fhl%3den-us,,,,regex_match_no_context
case3,regex_baseline,url,ascii,138224576,https://accounts.google.com/AddSession?hl=en,https://accounts.google.com/AddSession?hl=en,,,,regex_match_no_context
case3,regex_baseline,url,ascii,138224689,https://accounts.google.com/Logout?hl=en,https://accounts.google.com/Logout?hl=en,,,,regex_match_no_context
case3,regex_baseline,url,ascii,138247603,https://fonts.googleapis.com/css?lang=en&family=Product+Sans,https://fonts.googleapis.com/css?lang=en&family=Product+Sans,,,,regex_match_no_context
case3,regex_baseline,url,ascii,138265790,https://www.gstatic.com/images/branding/googlelogo/svg/googlelogo_clr_74x24px.svg,https://www.gstatic.com/images/branding/googlelogo/svg/googlelogo_clr_74x24px.svg,,,,regex_match_no_context
case3,regex_baseline,url,ascii,138266484,https://www.gstatic.com/images/branding/googlelogo/svg/googlelogo_light_clr_74x24px.svg,https://www.gstatic.com/images/branding/googlelogo/svg/googlelogo_light_clr_74x24px.svg,,,,regex_match_no_context
case3,regex_baseline,url,ascii,138266615,https://www.gstatic.com/images/branding/googlelogo/svg/googlelogo_dark_clr_74x24px.svg,https://www.gstatic.com/images/branding/googlelogo/svg/googlelogo_dark_clr_74x24px.svg,,,,regex_match_no_context
case3,regex_baseline,url,ascii,138329838,https://www.gstatic.com/images/icons/material/system/1x/search_black_24dp.png,https://www.gstatic.com/images/icons/material/system/1x/search_black_24dp.png,,,,regex_match_no_context
case3,regex_baseline,url,ascii,138332013,https://www.gstatic.com/images/icons/material/system/1x/broken_image_grey600_18dp.png,https://www.gstatic.com/images/icons/material/system/1x/broken_image_grey600_18dp.png,,,,regex_match_no_context
case3,regex_baseline,url,ascii,138332205,https://www.gstatic.com/images/icons/material/system/2x/broken_image_grey600_18dp.png,https://www.gstatic.com/images/icons/material/system/2x/broken_image_grey600_18dp.png,,,,regex_match_no_context
case3,regex_baseline,url,ascii,138495738,https://mail.google.com/mail/?tab=rm&amp;ogbl,https://mail.google.com/mail?tab=rm&amp;ogbl,,,,regex_match_no_context
case3,regex_baseline,url,ascii,138495921,https://www.google.co.kr/imghp?hl=en&amp;tab=ri&amp;ogbl,https://www.google.co.kr/imghp?hl=en&amp;tab=ri&amp;ogbl,,,,regex_match_no_context
case3,regex_baseline,url,ascii,138497137,https://accounts.google.com/SignOutOptions?hl=en&amp;continue=https://www.google.com%3Fhl%3Den-US,https://accounts.google.com/SignOutOptions?hl=en&amp;continue=https://www.google.com%3Fhl%3Den-US,,,,regex_match_no_context
case3,regex_baseline,url,ascii,138497291,https://lh3.googleusercontent.com/ogw/AAEL6sh7ZG_CA9O7V48FkZ6Y2KRZQqlG7EAgg8ZJXar-=s32-c-mo,https://lh3.googleusercontent.com/ogw/AAEL6sh7ZG_CA9O7V48FkZ6Y2KRZQqlG7EAgg8ZJXar-=s32-c-mo,,,,regex_match_no_context
case3,regex_baseline,url,ascii,138497488,https://lh3.googleusercontent.com/ogw/AAEL6sh7ZG_CA9O7V48FkZ6Y2KRZQqlG7EAgg8ZJXar-=s64-c-mo,https://lh3.googleusercontent.com/ogw/AAEL6sh7ZG_CA9O7V48FkZ6Y2KRZQqlG7EAgg8ZJXar-=s64-c-mo,,,,regex_match_no_context
case3,regex_baseline,url,ascii,138498081,https://id.google.com/verify/AFEi1d88wRR4iZjjI40HQAEmWWtrRPphpbCI-ZYDFMr7vbpX-jf4GoBGt9iojjurP6uxQUOt6LdMBY4L-Hfaz9kMCH55J0ipjrDNe2vpLimu1Q,https://id.google.com/verify/AFEi1d88wRR4iZjjI40HQAEmWWtrRPphpbCI-ZYDFMr7vbpX-jf4GoBGt9iojjurP6uxQUOt6LdMBY4L-Hfaz9kMCH55J0ipjrDNe2vpLimu1Q,,,,regex_match_no_context
case3,regex_baseline,url,ascii,140306214,https://www.googleapis.com/auth/photos.image.readonly,https://www.googleapis.com/auth/photos.image.readonly,,,,regex_match_no_context
case3,regex_baseline,url,ascii,140307238,https://www.googleapis.com/auth/photos.firstparty.readonly,https://www.googleapis.com/auth/photos.firstparty.readonly,,,,regex_match_no_context
case3,regex_baseline,url,ascii,141306726,https://content-autofill.googleapis.com/,https://content-autofill.googleapis.com,,,,regex_match_no_context
case3,regex_baseline,url,ascii,142162790,http://dns-tunnel-check.googlezip.net/connect,http://dns-tunnel-check.googlezip.net/connect,,,,regex_match_no_context
case3,regex_baseline,url,ascii,142783334,https://www.google.com/search?q=https+%2F%2Fwww.wikipedia.org+shqip&oq=https%3A%2F%2Fwww.wikipedia.org&sourceid=chrome&ie=UTF-8,https://www.google.com/search?q=https+%2F%2Fwww.wikipedia.org+shqip&oq=https%3A%2F%2Fwww.wikipedia.org&sourceid=chrome&ie=UTF-8,,,,regex_match_no_context
case3,regex_baseline,url,ascii,144939110,https://en.wikipedia.org/static/apple-touch/wikipedia.png,https://en.wikipedia.org/static/apple-touch/wikipedia.png,,,,regex_match_no_context
case3,regex_baseline,url,ascii,149487686,https://ogs.google.com/,https://ogs.google.com,,,,regex_match_no_context
case3,regex_baseline,url,ascii,150680134,https://www.google.com/search?q=https+%2F%2Fwww.wikipedia.org+random+page&sourceid=chrome&ie=UTF-8,https://www.google.com/search?q=https+%2F%2Fwww.wikipedia.org+random+page&sourceid=chrome&ie=UTF-8,,,,regex_match_no_context
case3,regex_baseline,url,ascii,150687702,https://www.google.com/search?q=https+%2F%2Fwww.wikipedia.org+malayalam&sourceid=chrome&ie=UTF-8,https://www.google.com/search?q=https+%2F%2Fwww.wikipedia.org+malayalam&sourceid=chrome&ie=UTF-8,,,,regex_match_no_context
case3,regex_baseline,url,ascii,150826262,https://www.google.com/async/newtab_promos,https://www.google.com/async/newtab_promos,,,,regex_match_no_context
case3,regex_baseline,url,ascii,150888150,http://en.wikipedia.org/wiki/Best_evidence_rule,http://en.wikipedia.org/wiki/Best_evidence_rule,,,,regex_match_no_context
case3,regex_baseline,url,utf-16le,142620538,https://ogs.google.com/u/0/widget/,https://ogs.google.com/u/0/widget,,,,regex_match_no_context
case3,regex_baseline,url,utf-16le,144752118,https://en.wikipedia.org/wiki/main_page,https://en.wikipedia.org/wiki/main_page,,,,regex_match_no_context
case3,regex_baseline,url,utf-16le,144830374,http://forensic.korea.ac.kr/dfwiki/index.php/,http://forensic.korea.ac.kr/dfwiki/index.php,,,,regex_match_no_context
case3,regex_baseline,url,utf-16le,144883302,https://bit.ly/2mbojqk,https://bit.ly/2mbojqk,,,,regex_match_no_context
case3,regex_baseline,url,ascii,151626118,https://chromium.org/developers/version-numbers,https://chromium.org/developers/version-numbers,,,,regex_match_no_context
case3,regex_baseline,url,ascii,152378374,https://www.google.com/search?q=https+%2F%2Fwww.wikipedia.org+random&oq=https%3A%2F%2Fwww.wikipedia.org&sourceid=chrome&ie=UTF-8,https://www.google.com/search?q=https+%2F%2Fwww.wikipedia.org+random&oq=https%3A%2F%2Fwww.wikipedia.org&sourceid=chrome&ie=UTF-8,,,,regex_match_no_context
case3,regex_baseline,url,ascii,152378582,https://www.google.com/search?q=https+%2F%2Fwww.wikipedia.org+random+page&oq=https%3A%2F%2Fwww.wikipedia.org&sourceid=chrome&ie=UTF-8,https://www.google.com/search?q=https+%2F%2Fwww.wikipedia.org+random+page&oq=https%3A%2F%2Fwww.wikipedia.org&sourceid=chrome&ie=UTF-8,,,,regex_match_no_context
case3,regex_baseline,url,ascii,152384614,https://www.google.com/search?q=https+%2F%2Fwww.wikipedia.org+malayalam&oq=https%3A%2F%2Fwww.wikipedia.org&sourceid=chrome&ie=UTF-8,https://www.google.com/search?q=https+%2F%2Fwww.wikipedia.org+malayalam&oq=https%3A%2F%2Fwww.wikipedia.org&sourceid=chrome&ie=UTF-8,,,,regex_match_no_context
case3,regex_baseline,url,ascii,152552326,https://www.chromium.org/Ho,https://www.chromium.org/Ho,,,,regex_match_no_context
case3,regex_baseline,url,ascii,152554054,https://www.chromium.org/Hom,https://www.chromium.org/Hom,,,,regex_match_no_context
case3,regex_baseline,url,ascii,152554246,https://www.chromium.org/H,https://www.chromium.org/H,,,,regex_match_no_context
case3,regex_baseline,url,ascii,152564998,https://www.chromium.org/hsts,https://www.chromium.org/hsts,,,,regex_match_no_context
case3,regex_baseline,url,ascii,152572678,https://chromium.org/hsts,https://chromium.org/hsts,,,,regex_match_no_context
case3,regex_baseline,url,ascii,166864425,http://www.microsoft.com/pki/certs/MicrosoftTimeStampPCA.crt0,http://www.microsoft.com/pki/certs/MicrosoftTimeStampPCA.crt0,,,,regex_match_no_context
case3,regex_baseline,url,ascii,166867167,http://crl.microsoft.com/pki/crl/products/microsoftrootcert.crl0T,http://crl.microsoft.com/pki/crl/products/microsoftrootcert.crl0T,,,,regex_match_no_context
case3,regex_baseline,url,ascii,166870124,http://www.microsoft.com/Typography,http://www.microsoft.com/Typography,,,,regex_match_no_context
case3,regex_baseline,url,ascii,167484486,http://recruit.webtoonscorp.com/,http://recruit.webtoonscorp.com,,,,regex_match_no_context
case3,regex_baseline,url,ascii,167491990,https://www.wikipedia.org/wiki/roanoke_colony,https://www.wikipedia.org/wiki/roanoke_colony,,,,regex_match_no_context
case3,regex_baseline,url,utf-16le,166740836,http://www.microsoft.comhttp://www.sandoll.co.krMicrosoft,http://www.microsoft.comhttp://www.sandoll.co.krMicrosoft,,,,regex_match_no_context
case3,regex_baseline,url,utf-16le,166741836,http://www.microsoft.com/typography/font,http://www.microsoft.com/typography/font,,,,regex_match_no_context
case3,regex_baseline,url,ascii,169019318,https://www.google.com/search?q=https%3A%2F%2Fwww.chromium.org%2Fhom&sourceid=chrome&ie=UTF-8,https://www.google.com/search?q=https%3A%2F%2Fwww.chromium.org%2Fhom&sourceid=chrome&ie=UTF-8,,,,regex_match_no_context
case3,regex_baseline,url,ascii,169019958,https://www.google.com/search?q=https%3A%2F%2Fwww.chromium.org%2Fhome&sourceid=chrome&ie=UTF-8,https://www.google.com/search?q=https%3A%2F%2Fwww.chromium.org%2Fhome&sourceid=chrome&ie=UTF-8,,,,regex_match_no_context
case3,regex_baseline,url,ascii,169020118,https://www.google.com/search?q=https%3A%2F%2Fwww.chromium.org%2FHo&sourceid=chrome&ie=UTF-8,https://www.google.com/search?q=https%3A%2F%2Fwww.chromium.org%2FHo&sourceid=chrome&ie=UTF-8,,,,regex_match_no_context
case3,regex_baseline,url,ascii,169020438,https://www.google.com/search?q=https%3A%2F%2Fwww.chromium.org%2FHom&sourceid=chrome&ie=UTF-8,https://www.google.com/search?q=https%3A%2F%2Fwww.chromium.org%2FHom&sourceid=chrome&ie=UTF-8,,,,regex_match_no_context
case3,regex_baseline,url,ascii,169020758,https://www.google.com/search?q=https%3A%2F%2Fwww.chromium.org%2FHome&sourceid=chrome&ie=UTF-8,https://www.google.com/search?q=https%3A%2F%2Fwww.chromium.org%2FHome&sourceid=chrome&ie=UTF-8,,,,regex_match_no_context
case3,regex_baseline,url,ascii,169021558,https://www.google.com/search?q=https%3A%2F%2Fwww.chromium.org%2Fho&sourceid=chrome&ie=UTF-8,https://www.google.com/search?q=https%3A%2F%2Fwww.chromium.org%2Fho&sourceid=chrome&ie=UTF-8,,,,regex_match_no_context
case3,regex_baseline,url,ascii,169029238,https://www.google.com/search?q=https%3A%2F%2Fwww.chromium.org&sourceid=chrome&ie=UTF-8,https://www.google.com/search?q=https%3A%2F%2Fwww.chromium.org&sourceid=chrome&ie=UTF-8,,,,regex_match_no_context
case3,regex_baseline,url,ascii,169030358,http://google.com/search?q=https%3A%2F%2Fwww.chromium.org&sourceid=chrome&ie=UTF-8,http://google.com/search?q=https%3A%2F%2Fwww.chromium.org&sourceid=chrome&ie=UTF-8,,,,regex_match_no_context
case3,regex_baseline,url,ascii,169033718,https://www.google.com/search?q=https%3A%2F%2Fwww.chromium.org%2FH&sourceid=chrome&ie=UTF-8,https://www.google.com/search?q=https%3A%2F%2Fwww.chromium.org%2FH&sourceid=chrome&ie=UTF-8,,,,regex_match_no_context
case3,regex_baseline,url,ascii,169035318,https://www.google.com/search?q=https%3A%2F%2Fwww.chromium.org%2Fh&sourceid=chrome&ie=UTF-8,https://www.google.com/search?q=https%3A%2F%2Fwww.chromium.org%2Fh&sourceid=chrome&ie=UTF-8,,,,regex_match_no_context
case3,regex_baseline,url,ascii,169140761,http://ocsp.pki.goog/gtsr100,http://ocsp.pki.goog/gtsr100,,,,regex_match_no_context
case3,regex_baseline,url,ascii,169140801,http://pki.goog/repo/certs/gtsr1.der04,http://pki.goog/repo/certs/gtsr1.der04,,,,regex_match_no_context
case3,regex_baseline,url,ascii,169140856,http://crl.pki.goog/gtsr1/gtsr1.crl0M,http://crl.pki.goog/gtsr1/gtsr1.crl0M,,,,regex_match_no_context
case3,regex_baseline,url,ascii,169140942,https://pki.goog/repository/0,https://pki.goog/repository/0,,,,regex_match_no_context
case3,regex_baseline,url,ascii,169853446,https://chromium.org/home/chromium-security/root-ca-policy/,https://chromium.org/home/chromium-security/root-ca-policy,,,,regex_match_no_context
case3,regex_baseline,url,ascii,170045206,https://intake-logging.wikimedia.org/v1/events?stream=w3c.reportingapi.network_error&schema_uri=/w3c/reportingapi/network_error/1.0.0,https://intake-logging.wikimedia.org/v1/events?stream=w3c.reportingapi.network_error&schema_uri=/w3c/reportingapi/network_error/1.0.0,,,,regex_match_no_context
case3,regex_baseline,url,ascii,170168454,http://comic.naver.com/,http://comic.naver.com,,,,regex_match_no_context
case3,regex_baseline,url,ascii,170251286,"https://www.wikipedia.org:443,*","https://www.wikipedia.org:443,*",,,,regex_match_no_context
case3,regex_baseline,url,ascii,170807734,https://www.wikipedia.org/search-redirect.php?family=Wikipedia&language=en&search=digital+forensics&language=en&go=Go,https://www.wikipedia.org/search-redirect.php?family=Wikipedia&language=en&search=digital+forensics&language=en&go=Go,,,,regex_match_no_context
case3,regex_baseline,url,ascii,173802582,https://en.wikipedia.org/w/index.php,https://en.wikipedia.org/w/index.php,,,,regex_match_no_context
case3,regex_baseline,url,utf-16le,169881478,https://www.chromium.org/hom,https://www.chromium.org/hom,,,,regex_match_no_context
case3,regex_baseline,url,utf-16le,169882374,https://www.chromium.org/home,https://www.chromium.org/home,,,,regex_match_no_context
case3,regex_baseline,url,utf-16le,169882502,https://www.chromium.org/ho,https://www.chromium.org/ho,,,,regex_match_no_context
case3,regex_baseline,url,utf-16le,169883654,https://www.chromium.org/h,https://www.chromium.org/h,,,,regex_match_no_context
case3,regex_baseline,url,utf-16le,170130438,http://www.,http://www.,,,,regex_match_no_context
case3,regex_baseline,url,utf-16le,170131878,https://www.,https://www.,,,,regex_match_no_context
case3,regex_baseline,url,ascii,202906681,https://crashpad.chromium.org/,https://crashpad.chromium.org,,,,regex_match_no_context
case3,regex_baseline,url,ascii,202906712,https://crashpad.chromium.org/bug/new,https://crashpad.chromium.org/bug/new,,,,regex_match_no_context
case3,regex_baseline,url,ascii,232373294,https://sp.ask.com/sh/i/a16/favicon/favicon.ico,https://sp.ask.com/sh/i/a16/favicon/favicon.ico,,,,regex_match_no_context
case3,regex_baseline,url,ascii,232373342,https://www.ask.com/web?q=,https://www.ask.com/web?q=,,,,regex_match_no_context
case3,regex_baseline,url,ascii,232373388,https://lss.sse-iacapps.com/query?q=,https://lss.sse-iacapps.com/query?q=,,,,regex_match_no_context
case3,regex_baseline,url,ascii,232373470,https://www.baidu.com/favicon.ico,https://www.baidu.com/favicon.ico,,,,regex_match_no_context
case3,regex_baseline,url,ascii,232373504,https://www.baidu.com/#ie=,https://www.baidu.com,,,,regex_match_no_context
case3,regex_baseline,url,ascii,232373563,https://suggestion.baidu.com/su?wd=,https://suggestion.baidu.com/su?wd=,,,,regex_match_no_context
case3,regex_baseline,url,ascii,232374070,https://coccoc.com/favicon.ico,https://coccoc.com/favicon.ico,,,,regex_match_no_context
case3,regex_baseline,url,ascii,232374101,https://coccoc.com/search#query=,https://coccoc.com/search,,,,regex_match_no_context
case3,regex_baseline,url,ascii,232374400,https://duckduckgo.com/favicon.ico,https://duckduckgo.com/favicon.ico,,,,regex_match_no_context
case3,regex_baseline,url,ascii,232374435,https://duckduckgo.com/?q=,https://duckduckgo.com?q=,,,,regex_match_no_context
case3,regex_baseline,url,ascii,232374475,https://duckduckgo.com/ac/?q=,https://duckduckgo.com/ac?q=,,,,regex_match_no_context
case3,regex_baseline,url,ascii,232374528,https://duckduckgo.com/chrome_newtab,https://duckduckgo.com/chrome_newtab,,,,regex_match_no_context
case3,regex_baseline,url,ascii,232374602,https://cdn.ecosia.org/assets/images/ico/favicon.ico,https://cdn.ecosia.org/assets/images/ico/favicon.ico,,,,regex_match_no_context
case3,regex_baseline,url,ascii,232374655,https://www.ecosia.org/search?q=,https://www.ecosia.org/search?q=,,,,regex_match_no_context
case3,regex_baseline,url,ascii,232374718,https://ac.ecosia.org/autocomplete?q=,https://ac.ecosia.org/autocomplete?q=,,,,regex_match_no_context
case3,regex_baseline,url,ascii,232374779,https://www.ecosia.org/newtab/,https://www.ecosia.org/newtab,,,,regex_match_no_context
case3,regex_baseline,url,ascii,232376118,https://go.imgsmail.ru/favicon.ico,https://go.imgsmail.ru/favicon.ico,,,,regex_match_no_context
case3,regex_baseline,url,ascii,232376153,https://go.mail.ru/search?q=,https://go.mail.ru/search?q=,,,,regex_match_no_context
case3,regex_baseline,url,ascii,232376229,https://suggests.go.mail.ru/chrome?q=,https://suggests.go.mail.ru/chrome?q=,,,,regex_match_no_context
case3,regex_baseline,url,ascii,232376280,https://go.mail.ru/chrome/newtab/,https://go.mail.ru/chrome/newtab,,,,regex_match_no_context
case3,regex_baseline,url,ascii,232376650,https://search-static-dre.dbankcdn.com/pc/v1/favicon.ico,https://search-static-dre.dbankcdn.com/pc/v1/favicon.ico,,,,regex_match_no_context
case3,regex_baseline,url,ascii,232376707,https://petalsearch.com/search?query=,https://petalsearch.com/search?query=,,,,regex_match_no_context
case3,regex_baseline,url,ascii,232376790,https://www.qwant.com/favicon.ico,https://www.qwant.com/favicon.ico,,,,regex_match_no_context
case3,regex_baseline,url,ascii,232376824,https://www.qwant.com/?q=,https://www.qwant.com?q=,,,,regex_match_no_context
case3,regex_baseline,url,ascii,232376881,https://api.qwant.com/api/suggest/?q=,https://api.qwant.com/api/suggest?q=,,,,regex_match_no_context
case3,regex_baseline,url,ascii,232376984,https://search.seznam.cz/favicon.ico,https://search.seznam.cz/favicon.ico,,,,regex_match_no_context
case3,regex_baseline,url,ascii,232377021,https://search.seznam.cz/?q=,https://search.seznam.cz?q=,,,,regex_match_no_context
case3,regex_baseline,url,ascii,232377063,https://suggest.seznam.cz/fulltext_ff?phrase=,https://suggest.seznam.cz/fulltext_ff?phrase=,,,,regex_match_no_context
case3,regex_baseline,url,ascii,232377142,https://search.seznam.sk/favicon.ico,https://search.seznam.sk/favicon.ico,,,,regex_match_no_context
case3,regex_baseline,url,ascii,232377179,https://search.seznam.sk/?q=,https://search.seznam.sk?q=,,,,regex_match_no_context
case3,regex_baseline,url,ascii,232377221,https://suggest.seznam.sk/fulltext_ff?phrase=,https://suggest.seznam.sk/fulltext_ff?phrase=,,,,regex_match_no_context
case3,regex_baseline,url,ascii,232377302,https://www.so.com/favicon.ico,https://www.so.com/favicon.ico,,,,regex_match_no_context
case3,regex_baseline,url,ascii,232377333,https://www.so.com/s?ie=,https://www.so.com/s?ie=,,,,regex_match_no_context
case3,regex_baseline,url,ascii,232377389,https://sug.so.360.cn/suggest?encodein=,https://sug.so.360.cn/suggest?encodein=,,,,regex_match_no_context
case3,regex_baseline,url,ascii,232377534,https://www.sogou.com/images/logo/old/favicon.ico,https://www.sogou.com/images/logo/old/favicon.ico,,,,regex_match_no_context
case3,regex_baseline,url,ascii,232377584,https://www.sogou.com/web?ie=,https://www.sogou.com/web?ie=,,,,regex_match_no_context
case3,regex_baseline,url,ascii,232377649,https://sugg.sogou.com/sugg/ajaj_json.jsp?type=addrbar&key=,https://sugg.sogou.com/sugg/ajaj_json.jsp?type=addrbar&key=,,,,regex_match_no_context
case3,regex_baseline,url,ascii,232378114,https://ar.search.yahoo.com/favicon.ico,https://ar.search.yahoo.com/favicon.ico,,,,regex_match_no_context
case3,regex_baseline,url,ascii,232378154,https://ar.search.yahoo.com/search,https://ar.search.yahoo.com/search,,,,regex_match_no_context
case3,regex_baseline,url,ascii,232378254,https://ar.search.yahoo.com/sugg/chrome?output=fxjson&appid=crmas&command=,https://ar.search.yahoo.com/sugg/chrome?output=fxjson&appid=crmas&command=,,,,regex_match_no_context
case3,regex_baseline,url,ascii,232378404,https://at.search.yahoo.com/favicon.ico,https://at.search.yahoo.com/favicon.ico,,,,regex_match_no_context
case3,regex_baseline,url,ascii,232378444,https://at.search.yahoo.com/search,https://at.search.yahoo.com/search,,,,regex_match_no_context
case3,regex_baseline,url,ascii,232378544,https://at.search.yahoo.com/sugg/chrome?output=fxjson&appid=crmas&command=,https://at.search.yahoo.com/sugg/chrome?output=fxjson&appid=crmas&command=,,,,regex_match_no_context
case3,regex_baseline,url,ascii,232378674,https://au.search.yahoo.com/favicon.ico,https://au.search.yahoo.com/favicon.ico,,,,regex_match_no_context
case3,regex_baseline,url,ascii,232378714,https://au.search.yahoo.com/search,https://au.search.yahoo.com/search,,,,regex_match_no_context
case3,regex_baseline,url,ascii,232378814,https://au.search.yahoo.com/sugg/chrome?output=fxjson&appid=crmas&command=,https://au.search.yahoo.com/sugg/chrome?output=fxjson&appid=crmas&command=,,,,regex_match_no_context
case3,regex_baseline,url,ascii,232378956,https://br.search.yahoo.com/favicon.ico,https://br.search.yahoo.com/favicon.ico,,,,regex_match_no_context
case3,regex_baseline,url,ascii,232378996,https://br.search.yahoo.com/search,https://br.search.yahoo.com/search,,,,regex_match_no_context
case3,regex_baseline,url,ascii,232379096,https://br.search.yahoo.com/sugg/chrome?output=fxjson&appid=crmas&command=,https://br.search.yahoo.com/sugg/chrome?output=fxjson&appid=crmas&command=,,,,regex_match_no_context
case3,regex_baseline,url,ascii,232379238,https://ca.search.yahoo.com/favicon.ico,https://ca.search.yahoo.com/favicon.ico,,,,regex_match_no_context
case3,regex_baseline,url,ascii,232379278,https://ca.search.yahoo.com/search,https://ca.search.yahoo.com/search,,,,regex_match_no_context
case3,regex_baseline,url,ascii,232379378,https://ca.search.yahoo.com/sugg/chrome?output=fxjson&appid=crmas&command=,https://ca.search.yahoo.com/sugg/chrome?output=fxjson&appid=crmas&command=,,,,regex_match_no_context
case3,regex_baseline,url,ascii,232379522,https://ch.search.yahoo.com/favicon.ico,https://ch.search.yahoo.com/favicon.ico,,,,regex_match_no_context
case3,regex_baseline,url,ascii,232379562,https://ch.search.yahoo.com/search,https://ch.search.yahoo.com/search,,,,regex_match_no_context
case3,regex_baseline,url,ascii,232379662,https://ch.search.yahoo.com/sugg/chrome?output=fxjson&appid=crmas&command=,https://ch.search.yahoo.com/sugg/chrome?output=fxjson&appid=crmas&command=,,,,regex_match_no_context
case3,regex_baseline,url,ascii,232379802,https://cl.search.yahoo.com/favicon.ico,https://cl.search.yahoo.com/favicon.ico,,,,regex_match_no_context
case3,regex_baseline,url,ascii,232379842,https://cl.search.yahoo.com/search,https://cl.search.yahoo.com/search,,,,regex_match_no_context
case3,regex_baseline,url,ascii,232379942,https://cl.search.yahoo.com/sugg/chrome?output=fxjson&appid=crmas&command=,https://cl.search.yahoo.com/sugg/chrome?output=fxjson&appid=crmas&command=,,,,regex_match_no_context
case3,regex_baseline,url,ascii,232380088,https://co.search.yahoo.com/favicon.ico,https://co.search.yahoo.com/favicon.ico,,,,regex_match_no_context
case3,regex_baseline,url,ascii,232380128,https://co.search.yahoo.com/search,https://co.search.yahoo.com/search,,,,regex_match_no_context
case3,regex_baseline,url,ascii,232380228,https://co.search.yahoo.com/sugg/chrome?output=fxjson&appid=crmas&command=,https://co.search.yahoo.com/sugg/chrome?output=fxjson&appid=crmas&command=,,,,regex_match_no_context
case3,regex_baseline,url,ascii,232380380,https://de.search.yahoo.com/favicon.ico,https://de.search.yahoo.com/favicon.ico,,,,regex_match_no_context
case3,regex_baseline,url,ascii,232380420,https://de.search.yahoo.com/search,https://de.search.yahoo.com/search,,,,regex_match_no_context
case3,regex_baseline,url,ascii,232380520,https://de.search.yahoo.com/sugg/chrome?output=fxjson&appid=crmas&command=,https://de.search.yahoo.com/sugg/chrome?output=fxjson&appid=crmas&command=,,,,regex_match_no_context
case3,regex_baseline,url,ascii,232380664,https://dk.search.yahoo.com/favicon.ico,https://dk.search.yahoo.com/favicon.ico,,,,regex_match_no_context
case3,regex_baseline,url,ascii,232380704,https://dk.search.yahoo.com/search,https://dk.search.yahoo.com/search,,,,regex_match_no_context
case3,regex_baseline,url,ascii,232380858,https://es.search.yahoo.com/favicon.ico,https://es.search.yahoo.com/favicon.ico,,,,regex_match_no_context
case3,regex_baseline,url,ascii,232380898,https://es.search.yahoo.com/search,https://es.search.yahoo.com/search,,,,regex_match_no_context
case3,regex_baseline,url,ascii,232380998,https://es.search.yahoo.com/sugg/chrome?output=fxjson&appid=crmas&command=,https://es.search.yahoo.com/sugg/chrome?output=fxjson&appid=crmas&command=,,,,regex_match_no_context
case3,regex_baseline,url,ascii,232381138,https://fi.search.yahoo.com/favicon.ico,https://fi.search.yahoo.com/favicon.ico,,,,regex_match_no_context
case3,regex_baseline,url,ascii,232381178,https://fi.search.yahoo.com/search,https://fi.search.yahoo.com/search,,,,regex_match_no_context
case3,regex_baseline,url,ascii,232381332,https://fr.search.yahoo.com/favicon.ico,https://fr.search.yahoo.com/favicon.ico,,,,regex_match_no_context
case3,regex_baseline,url,ascii,232381372,https://fr.search.yahoo.com/search,https://fr.search.yahoo.com/search,,,,regex_match_no_context
case3,regex_baseline,url,ascii,232381472,https://fr.search.yahoo.com/sugg/chrome?output=fxjson&appid=crmas&command=,https://fr.search.yahoo.com/sugg/chrome?output=fxjson&appid=crmas&command=,,,,regex_match_no_context
case3,regex_baseline,url,ascii,232381620,https://hk.search.yahoo.com/favicon.ico,https://hk.search.yahoo.com/favicon.ico,,,,regex_match_no_context
case3,regex_baseline,url,ascii,232381660,https://hk.search.yahoo.com/search,https://hk.search.yahoo.com/search,,,,regex_match_no_context
case3,regex_baseline,url,ascii,232381760,https://hk.search.yahoo.com/sugg/chrome?output=fxjson&appid=crmas&command=,https://hk.search.yahoo.com/sugg/chrome?output=fxjson&appid=crmas&command=,,,,regex_match_no_context
case3,regex_baseline,url,ascii,232381908,https://id.search.yahoo.com/favicon.ico,https://id.search.yahoo.com/favicon.ico,,,,regex_match_no_context
case3,regex_baseline,url,ascii,232381948,https://id.search.yahoo.com/search,https://id.search.yahoo.com/search,,,,regex_match_no_context
case3,regex_baseline,url,ascii,232382048,https://id.search.yahoo.com/sugg/chrome?output=fxjson&appid=crmas&command=,https://id.search.yahoo.com/sugg/chrome?output=fxjson&appid=crmas&command=,,,,regex_match_no_context
case3,regex_baseline,url,ascii,232382188,https://in.search.yahoo.com/favicon.ico,https://in.search.yahoo.com/favicon.ico,,,,regex_match_no_context
case3,regex_baseline,url,ascii,232382228,https://in.search.yahoo.com/search,https://in.search.yahoo.com/search,,,,regex_match_no_context
case3,regex_baseline,url,ascii,232382328,https://in.search.yahoo.com/sugg/chrome?output=fxjson&appid=crmas&command=,https://in.search.yahoo.com/sugg/chrome?output=fxjson&appid=crmas&command=,,,,regex_match_no_context
case3,regex_baseline,url,ascii,232382466,https://search.yahoo.co.jp/favicon.ico,https://search.yahoo.co.jp/favicon.ico,,,,regex_match_no_context
case3,regex_baseline,url,ascii,232382505,https://search.yahoo.co.jp/search,https://search.yahoo.co.jp/search,,,,regex_match_no_context
case3,regex_baseline,url,ascii,232382604,https://search.yahooapis.jp/AssistSearchService/V2/webassistSearch?p=,https://search.yahooapis.jp/AssistSearchService/V2/webassistSearch?p=,,,,regex_match_no_context
case3,regex_baseline,url,ascii,232382840,https://mx.search.yahoo.com/favicon.ico,https://mx.search.yahoo.com/favicon.ico,,,,regex_match_no_context
case3,regex_baseline,url,ascii,232382880,https://mx.search.yahoo.com/search,https://mx.search.yahoo.com/search,,,,regex_match_no_context
case3,regex_baseline,url,ascii,232382980,https://mx.search.yahoo.com/sugg/chrome?output=fxjson&appid=crmas&command=,https://mx.search.yahoo.com/sugg/chrome?output=fxjson&appid=crmas&command=,,,,regex_match_no_context
case3,regex_baseline,url,ascii,232383138,https://malaysia.search.yahoo.com/favicon.ico,https://malaysia.search.yahoo.com/favicon.ico,,,,regex_match_no_context
case3,regex_baseline,url,ascii,232383184,https://malaysia.search.yahoo.com/search,https://malaysia.search.yahoo.com/search,,,,regex_match_no_context
case3,regex_baseline,url,ascii,232383290,https://malaysia.search.yahoo.com/sugg/chrome?output=fxjson&appid=crmas&command=,https://malaysia.search.yahoo.com/sugg/chrome?output=fxjson&appid=crmas&command=,,,,regex_match_no_context
case3,regex_baseline,url,ascii,232383444,https://nl.search.yahoo.com/favicon.ico,https://nl.search.yahoo.com/favicon.ico,,,,regex_match_no_context
case3,regex_baseline,url,ascii,232383484,https://nl.search.yahoo.com/search,https://nl.search.yahoo.com/search,,,,regex_match_no_context
case3,regex_baseline,url,ascii,232383584,https://nl.search.yahoo.com/sugg/chrome?output=fxjson&appid=crmas&command=,https://nl.search.yahoo.com/sugg/chrome?output=fxjson&appid=crmas&command=,,,,regex_match_no_context
case3,regex_baseline,url,ascii,232383736,https://nz.search.yahoo.com/favicon.ico,https://nz.search.yahoo.com/favicon.ico,,,,regex_match_no_context
case3,regex_baseline,url,ascii,232383776,https://nz.search.yahoo.com/search,https://nz.search.yahoo.com/search,,,,regex_match_no_context
case3,regex_baseline,url,ascii,232383876,https://nz.search.yahoo.com/sugg/chrome?output=fxjson&appid=crmas&command=,https://nz.search.yahoo.com/sugg/chrome?output=fxjson&appid=crmas&command=,,,,regex_match_no_context
case3,regex_baseline,url,ascii,232384014,https://pe.search.yahoo.com/favicon.ico,https://pe.search.yahoo.com/favicon.ico,,,,regex_match_no_context
case3,regex_baseline,url,ascii,232384054,https://pe.search.yahoo.com/search,https://pe.search.yahoo.com/search,,,,regex_match_no_context
case3,regex_baseline,url,ascii,232384154,https://pe.search.yahoo.com/sugg/chrome?output=fxjson&appid=crmas&command=,https://pe.search.yahoo.com/sugg/chrome?output=fxjson&appid=crmas&command=,,,,regex_match_no_context
case3,regex_baseline,url,ascii,232384306,https://ph.search.yahoo.com/favicon.ico,https://ph.search.yahoo.com/favicon.ico,,,,regex_match_no_context
case3,regex_baseline,url,ascii,232384346,https://ph.search.yahoo.com/search,https://ph.search.yahoo.com/search,,,,regex_match_no_context
case3,regex_baseline,url,ascii,232384446,https://ph.search.yahoo.com/sugg/chrome?output=fxjson&appid=crmas&command=,https://ph.search.yahoo.com/sugg/chrome?output=fxjson&appid=crmas&command=,,,,regex_match_no_context
case3,regex_baseline,url,ascii,232384590,https://se.search.yahoo.com/favicon.ico,https://se.search.yahoo.com/favicon.ico,,,,regex_match_no_context
case3,regex_baseline,url,ascii,232384630,https://se.search.yahoo.com/search,https://se.search.yahoo.com/search,,,,regex_match_no_context
case3,regex_baseline,url,ascii,232384790,https://sg.search.yahoo.com/favicon.ico,https://sg.search.yahoo.com/favicon.ico,,,,regex_match_no_context
case3,regex_baseline,url,ascii,232384830,https://sg.search.yahoo.com/search,https://sg.search.yahoo.com/search,,,,regex_match_no_context
case3,regex_baseline,url,ascii,232384930,https://sg.search.yahoo.com/sugg/chrome?output=fxjson&appid=crmas&command=,https://sg.search.yahoo.com/sugg/chrome?output=fxjson&appid=crmas&command=,,,,regex_match_no_context
case3,regex_baseline,url,ascii,232385078,https://th.search.yahoo.com/favicon.ico,https://th.search.yahoo.com/favicon.ico,,,,regex_match_no_context
case3,regex_baseline,url,ascii,232385118,https://th.search.yahoo.com/search,https://th.search.yahoo.com/search,,,,regex_match_no_context
case3,regex_baseline,url,ascii,232385218,https://th.search.yahoo.com/sugg/chrome?output=fxjson&appid=crmas&command=,https://th.search.yahoo.com/sugg/chrome?output=fxjson&appid=crmas&command=,,,,regex_match_no_context
case3,regex_baseline,url,ascii,232385362,https://tr.search.yahoo.com/favicon.ico,https://tr.search.yahoo.com/favicon.ico,,,,regex_match_no_context
case3,regex_baseline,url,ascii,232385402,https://tr.search.yahoo.com/search,https://tr.search.yahoo.com/search,,,,regex_match_no_context
case3,regex_baseline,url,ascii,232385546,https://tw.search.yahoo.com/favicon.ico,https://tw.search.yahoo.com/favicon.ico,,,,regex_match_no_context
case3,regex_baseline,url,ascii,232385586,https://tw.search.yahoo.com/search,https://tw.search.yahoo.com/search,,,,regex_match_no_context
case3,regex_baseline,url,ascii,232385686,https://tw.search.yahoo.com/sugg/chrome?output=fxjson&appid=crmas&command=,https://tw.search.yahoo.com/sugg/chrome?output=fxjson&appid=crmas&command=,,,,regex_match_no_context
case3,regex_baseline,url,ascii,232385840,https://uk.search.yahoo.com/favicon.ico,https://uk.search.yahoo.com/favicon.ico,,,,regex_match_no_context
case3,regex_baseline,url,ascii,232385880,https://uk.search.yahoo.com/search,https://uk.search.yahoo.com/search,,,,regex_match_no_context
case3,regex_baseline,url,ascii,232385980,https://uk.search.yahoo.com/sugg/chrome?output=fxjson&appid=crmas&command=,https://uk.search.yahoo.com/sugg/chrome?output=fxjson&appid=crmas&command=,,,,regex_match_no_context
case3,regex_baseline,url,ascii,232386128,https://ve.search.yahoo.com/favicon.ico,https://ve.search.yahoo.com/favicon.ico,,,,regex_match_no_context
case3,regex_baseline,url,ascii,232386168,https://ve.search.yahoo.com/search,https://ve.search.yahoo.com/search,,,,regex_match_no_context
case3,regex_baseline,url,ascii,232386268,https://ve.search.yahoo.com/sugg/chrome?output=fxjson&appid=crmas&command=,https://ve.search.yahoo.com/sugg/chrome?output=fxjson&appid=crmas&command=,,,,regex_match_no_context
case3,regex_baseline,url,ascii,232386414,https://vn.search.yahoo.com/favicon.ico,https://vn.search.yahoo.com/favicon.ico,,,,regex_match_no_context
case3,regex_baseline,url,ascii,232386454,https://vn.search.yahoo.com/search,https://vn.search.yahoo.com/search,,,,regex_match_no_context
case3,regex_baseline,url,ascii,232386554,https://vn.search.yahoo.com/sugg/chrome?output=fxjson&appid=crmas&command=,https://vn.search.yahoo.com/sugg/chrome?output=fxjson&appid=crmas&command=,,,,regex_match_no_context
case3,regex_baseline,url,ascii,232386676,https://yastatic.net/lego/_/pDu9OWAQKB0s2J9IojKpiS_Eho.ico,https://yastatic.net/lego/_/pDu9OWAQKB0s2J9IojKpiS_Eho.ico,,,,regex_match_no_context
case3,regex_baseline,url,ascii,232386735,https://yandex.by/,https://yandex.by,,,,regex_match_no_context
case3,regex_baseline,url,ascii,232386792,https://suggest.yandex.by/suggest-ff.cgi?part=,https://suggest.yandex.by/suggest-ff.cgi?part=,,,,regex_match_no_context
case3,regex_baseline,url,ascii,232386876,https://yandex.by/images/search/?rpt=imageview,https://yandex.by/images/search?rpt=imageview,,,,regex_match_no_context
case3,regex_baseline,url,ascii,232386923,https://www.yandex.by/chrome/newtab,https://www.yandex.by/chrome/newtab,,,,regex_match_no_context
case3,regex_baseline,url,ascii,232386959,https://storage.ape.yandex.net/get/browser/Doodles/yandex/drawable-xxhdpi/yandex.png,https://storage.ape.yandex.net/get/browser/Doodles/yandex/drawable-xxhdpi/yandex.png,,,,regex_match_no_context
case3,regex_baseline,url,ascii,232387206,https://yastatic.net/lego/_/rBTjd6UOPk5913OSn5ZQVYMTQWQ.ico,https://yastatic.net/lego/_/rBTjd6UOPk5913OSn5ZQVYMTQWQ.ico,,,,regex_match_no_context
case3,regex_baseline,url,ascii,232387266,https://yandex.com/search/?text=,https://yandex.com/search?text=,,,,regex_match_no_context
case3,regex_baseline,url,ascii,232387333,https://suggest.yandex.com/suggest-ff.cgi?part=,https://suggest.yandex.com/suggest-ff.cgi?part=,,,,regex_match_no_context
case3,regex_baseline,url,ascii,232387434,https://yandex.com/images/search?rpt=imageview,https://yandex.com/images/search?rpt=imageview,,,,regex_match_no_context
case3,regex_baseline,url,ascii,232387502,https://yandex.kz/,https://yandex.kz,,,,regex_match_no_context
case3,regex_baseline,url,ascii,232387559,https://suggest.yandex.kz/suggest-ff.cgi?part=,https://suggest.yandex.kz/suggest-ff.cgi?part=,,,,regex_match_no_context
case3,regex_baseline,url,ascii,232387643,https://yandex.kz/images/search/?rpt=imageview,https://yandex.kz/images/search?rpt=imageview,,,,regex_match_no_context
case3,regex_baseline,url,ascii,232387690,https://www.yandex.kz/chrome/newtab,https://www.yandex.kz/chrome/newtab,,,,regex_match_no_context
case3,regex_baseline,url,ascii,232387823,https://suggest.yandex.ru/suggest-ff.cgi?part=,https://suggest.yandex.ru/suggest-ff.cgi?part=,,,,regex_match_no_context
case3,regex_baseline,url,ascii,232387907,https://yandex.ru/images/search/?rpt=imageview,https://yandex.ru/images/search?rpt=imageview,,,,regex_match_no_context
case3,regex_baseline,url,ascii,232387954,https://www.yandex.ru/chrome/newtab,https://www.yandex.ru/chrome/newtab,,,,regex_match_no_context
case3,regex_baseline,url,ascii,232388018,https://www.yandex.com.tr/,https://www.yandex.com.tr,,,,regex_match_no_context
case3,regex_baseline,url,ascii,232388083,https://suggest.yandex.com.tr/suggest-ff.cgi?part=,https://suggest.yandex.com.tr/suggest-ff.cgi?part=,,,,regex_match_no_context
case3,regex_baseline,url,ascii,232388171,https://yandex.com.tr/gorsel/search?rpt=imageview,https://yandex.com.tr/gorsel/search?rpt=imageview,,,,regex_match_no_context
case3,regex_baseline,url,ascii,232388221,https://www.yandex.com.tr/chrome/newtab,https://www.yandex.com.tr/chrome/newtab,,,,regex_match_no_context
case3,regex_baseline,url,ascii,232388282,https://yandex.ua/,https://yandex.ua,,,,regex_match_no_context
case3,regex_baseline,url,ascii,232388339,https://suggest.yandex.ua/suggest-ff.cgi?part=,https://suggest.yandex.ua/suggest-ff.cgi?part=,,,,regex_match_no_context
case3,regex_baseline,url,ascii,232388423,https://yandex.ua/images/search/?rpt=imageview,https://yandex.ua/images/search?rpt=imageview,,,,regex_match_no_context
case3,regex_baseline,url,ascii,232388470,https://www.yandex.ua/chrome/newtab,https://www.yandex.ua/chrome/newtab,,,,regex_match_no_context
case3,regex_baseline,url,ascii,232388542,https://searchatlas.centrum.cz/favicon.ico,https://searchatlas.centrum.cz/favicon.ico,,,,regex_match_no_context
case3,regex_baseline,url,ascii,232388585,https://searchatlas.centrum.cz/?q=,https://searchatlas.centrum.cz?q=,,,,regex_match_no_context
case3,regex_baseline,url,ascii,232388633,http://radce.centrum.cz/?q=,http://radce.centrum.cz?q=,,,,regex_match_no_context
case3,regex_baseline,url,ascii,232388716,http://static.mediacentrum.sk/katalog/atlas.sk/images/favicon.ico,http://static.mediacentrum.sk/katalog/atlas.sk/images/favicon.ico,,,,regex_match_no_context
case3,regex_baseline,url,ascii,232388782,https://hladaj.atlas.sk/fulltext/?phrase=,https://hladaj.atlas.sk/fulltext?phrase=,,,,regex_match_no_context
case3,regex_baseline,url,ascii,232388876,http://search.avg.com/favicon.ico,http://search.avg.com/favicon.ico,,,,regex_match_no_context
case3,regex_baseline,url,ascii,232388910,http://search.avg.com/search?q=,http://search.avg.com/search?q=,,,,regex_match_no_context
case3,regex_baseline,url,ascii,232389010,http://search.babylon.com/favicon.ico,http://search.babylon.com/favicon.ico,,,,regex_match_no_context
case3,regex_baseline,url,ascii,232389048,http://search.babylon.com/home?q=,http://search.babylon.com/home?q=,,,,regex_match_no_context
case3,regex_baseline,url,ascii,232389136,http://www.conduit.com/favicon.ico,http://www.conduit.com/favicon.ico,,,,regex_match_no_context
case3,regex_baseline,url,ascii,232389171,http://www.conduit.com/search?q=,http://www.conduit.com/search?q=,,,,regex_match_no_context
case3,regex_baseline,url,ascii,232389320,https://www.delfi.lt/favicon.ico,https://www.delfi.lt/favicon.ico,,,,regex_match_no_context
case3,regex_baseline,url,ascii,232389353,https://www.delfi.lt/paieska/?q=,https://www.delfi.lt/paieska?q=,,,,regex_match_no_context
case3,regex_baseline,url,ascii,232389418,http://g1.delphi.lv/favicon.ico,http://g1.delphi.lv/favicon.ico,,,,regex_match_no_context
case3,regex_baseline,url,ascii,232389450,http://www.delfi.lv/search_all/?ie=,http://www.delfi.lv/search_all?ie=,,,,regex_match_no_context
case3,regex_baseline,url,ascii,232389640,http://www.delta-search.com/favicon.ico,http://www.delta-search.com/favicon.ico,,,,regex_match_no_context
case3,regex_baseline,url,ascii,232389680,http://www.delta-search.com/home?q=,http://www.delta-search.com/home?q=,,,,regex_match_no_context
case3,regex_baseline,url,ascii,232389786,http://searchfunmoods.com/favicon.ico,http://searchfunmoods.com/favicon.ico,,,,regex_match_no_context
case3,regex_baseline,url,ascii,232389824,http://searchfunmoods.com/results.php?q=,http://searchfunmoods.com/results.php?q=,,,,regex_match_no_context
case3,regex_baseline,url,ascii,232389914,https://www.givero.com/favicon.ico,https://www.givero.com/favicon.ico,,,,regex_match_no_context
case3,regex_baseline,url,ascii,232389949,https://www.givero.com/search?q=,https://www.givero.com/search?q=,,,,regex_match_no_context
case3,regex_baseline,url,ascii,232389995,https://www.givero.com/suggest?q=,https://www.givero.com/suggest?q=,,,,regex_match_no_context
case3,regex_baseline,url,ascii,232390094,https://dl.gmx.com/apps/favicon.ico,https://dl.gmx.com/apps/favicon.ico,,,,regex_match_no_context
case3,regex_baseline,url,ascii,232390130,https://search.gmx.com/web/result?q=,https://search.gmx.com/web/result?q=,,,,regex_match_no_context
case3,regex_baseline,url,ascii,232390185,https://suggestplugin.gmx.com/s?q=,https://suggestplugin.gmx.com/s?q=,,,,regex_match_no_context
case3,regex_baseline,url,ascii,232390318,https://suche.gmx.at/web/result?q=,https://suche.gmx.at/web/result?q=,,,,regex_match_no_context
case3,regex_baseline,url,ascii,232390371,https://suggestplugin.gmx.at/s?q=,https://suggestplugin.gmx.at/s?q=,,,,regex_match_no_context
case3,regex_baseline,url,ascii,232390484,https://suche.gmx.net/web/result?q=,https://suche.gmx.net/web/result?q=,,,,regex_match_no_context
case3,regex_baseline,url,ascii,232390538,https://suggestplugin.gmx.net/s?q=,https://suggestplugin.gmx.net/s?q=,,,,regex_match_no_context
case3,regex_baseline,url,ascii,232390650,https://search.gmx.es/web/result?q=,https://search.gmx.es/web/result?q=,,,,regex_match_no_context
case3,regex_baseline,url,ascii,232390704,https://suggestplugin.gmx.es/s?q=,https://suggestplugin.gmx.es/s?q=,,,,regex_match_no_context
case3,regex_baseline,url,ascii,232390816,https://search.gmx.fr/web/result?q=,https://search.gmx.fr/web/result?q=,,,,regex_match_no_context
case3,regex_baseline,url,ascii,232390870,https://suggestplugin.gmx.fr/s?q=,https://suggestplugin.gmx.fr/s?q=,,,,regex_match_no_context
case3,regex_baseline,url,ascii,232390988,https://search.gmx.co.uk/web/result?q=,https://search.gmx.co.uk/web/result?q=,,,,regex_match_no_context
case3,regex_baseline,url,ascii,232391045,https://suggestplugin.gmx.co.uk/s?q=,https://suggestplugin.gmx.co.uk/s?q=,,,,regex_match_no_context
case3,regex_baseline,url,ascii,232391176,https://search.goo.ne.jp/cdn/common/img/favicon.ico,https://search.goo.ne.jp/cdn/common/img/favicon.ico,,,,regex_match_no_context
case3,regex_baseline,url,ascii,232391228,https://search.goo.ne.jp/web.jsp?MT=,https://search.goo.ne.jp/web.jsp?MT=,,,,regex_match_no_context
case3,regex_baseline,url,ascii,232391304,https://search.goo.ne.jp/sgt.jsp?MT=,https://search.goo.ne.jp/sgt.jsp?MT=,,,,regex_match_no_context
case3,regex_baseline,url,ascii,232391438,http://search.imesh.net/favicon.ico,http://search.imesh.net/favicon.ico,,,,regex_match_no_context
case3,regex_baseline,url,ascii,232391474,http://search.imesh.net/music?hl=,http://search.imesh.net/music?hl=,,,,regex_match_no_context
case3,regex_baseline,url,ascii,232391586,http://search.iminent.com/Shared/Images/favicon_gl.ico,http://search.iminent.com/Shared/Images/favicon_gl.ico,,,,regex_match_no_context
case3,regex_baseline,url,ascii,232391641,http://search.iminent.com/?q=,http://search.iminent.com?q=,,,,regex_match_no_context
case3,regex_baseline,url,ascii,232391696,http://find.in.gr/Themes/1/Default/Media/Layout/icon_in.png,http://find.in.gr/Themes/1/Default/Media/Layout/icon_in.png,,,,regex_match_no_context
case3,regex_baseline,url,ascii,232391756,http://find.in.gr/?q=,http://find.in.gr?q=,,,,regex_match_no_context
case3,regex_baseline,url,ascii,232391932,http://search.incredibar.com/favicon.ico,http://search.incredibar.com/favicon.ico,,,,regex_match_no_context
case3,regex_baseline,url,ascii,232391973,http://search.incredibar.com/search.php?q=,http://search.incredibar.com/search.php?q=,,,,regex_match_no_context
case3,regex_baseline,url,ascii,232392066,https://www.info.com/static/www.info.com/favicon.ico,https://www.info.com/static/www.info.com/favicon.ico,,,,regex_match_no_context
case3,regex_baseline,url,ascii,232392119,https://www.info.com/serp?q=,https://www.info.com/serp?q=,,,,regex_match_no_context
case3,regex_baseline,url,ascii,232392214,http://ms1.iol.it/graph_hf/v.8.3.04/themes/default/img/favicon.ico,http://ms1.iol.it/graph_hf/v.8.3.04/themes/default/img/favicon.ico,,,,regex_match_no_context
case3,regex_baseline,url,ascii,232392281,http://arianna.libero.it/search/abin/integrata.cgi?query=,http://arianna.libero.it/search/abin/integrata.cgi?query=,,,,regex_match_no_context
case3,regex_baseline,url,ascii,232392402,https://metager.de/favicon.ico,https://metager.de/favicon.ico,,,,regex_match_no_context
case3,regex_baseline,url,ascii,232392433,https://metager.de/meta/meta.ger3?eingabe=,https://metager.de/meta/meta.ger3?eingabe=,,,,regex_match_no_context
case3,regex_baseline,url,ascii,232392514,https://metager.org/meta/meta.ger3?eingabe=,https://metager.org/meta/meta.ger3?eingabe=,,,,regex_match_no_context
case3,regex_baseline,url,ascii,232392598,http://www.neti.ee/favicon.ico,http://www.neti.ee/favicon.ico,,,,regex_match_no_context
case3,regex_baseline,url,ascii,232392629,http://www.neti.ee/cgi-bin/otsing?query=,http://www.neti.ee/cgi-bin/otsing?query=,,,,regex_match_no_context
case3,regex_baseline,url,ascii,232392683,http://www.neti.ee/api/suggestOS?suggestQuery=,http://www.neti.ee/api/suggestOS?suggestQuery=,,,,regex_match_no_context
case3,regex_baseline,url,ascii,232392774,http://nigma.ru/themes/nigma/img/favicon.ico,http://nigma.ru/themes/nigma/img/favicon.ico,,,,regex_match_no_context
case3,regex_baseline,url,ascii,232392819,http://nigma.ru/?s=,http://nigma.ru?s=,,,,regex_match_no_context
case3,regex_baseline,url,ascii,232392852,http://autocomplete.nigma.ru/complete/query_help.php?suggest=true&q=,http://autocomplete.nigma.ru/complete/query_help.php?suggest=true&q=,,,,regex_match_no_context
case3,regex_baseline,url,ascii,232392986,https://oceanhero.today/favicon.ico,https://oceanhero.today/favicon.ico,,,,regex_match_no_context
case3,regex_baseline,url,ascii,232393022,https://oceanhero.today/web?q=,https://oceanhero.today/web?q=,,,,regex_match_no_context
case3,regex_baseline,url,ascii,232393066,https://api.oceanhero.today/suggestions?q=,https://api.oceanhero.today/suggestions?q=,,,,regex_match_no_context
case3,regex_baseline,url,ascii,232393146,http://ok.hu/gfx/favicon.ico,http://ok.hu/gfx/favicon.ico,,,,regex_match_no_context
case3,regex_baseline,url,ascii,232393175,http://ok.hu/katalogus?q=,http://ok.hu/katalogus?q=,,,,regex_match_no_context
case3,regex_baseline,url,ascii,232393282,https://www.privacywall.org/images/favicon_32x32.ico,https://www.privacywall.org/images/favicon_32x32.ico,,,,regex_match_no_context
case3,regex_baseline,url,ascii,232393335,https://www.privacywall.org/search/secure/?q=,https://www.privacywall.org/search/secure?q=,,,,regex_match_no_context
case3,regex_baseline,url,ascii,232393394,https://search.privacywall.org/suggest.php?q=,https://search.privacywall.org/suggest.php?q=,,,,regex_match_no_context
case3,regex_baseline,url,ascii,232393492,http://i.rl0.ru/2011/icons/rambler.ico,http://i.rl0.ru/2011/icons/rambler.ico,,,,regex_match_no_context
case3,regex_baseline,url,ascii,232393531,http://nova.rambler.ru/search?query=,http://nova.rambler.ru/search?query=,,,,regex_match_no_context
case3,regex_baseline,url,ascii,232393581,http://nova.rambler.ru/suggest?v=3&query=,http://nova.rambler.ru/suggest?v=3&query=,,,,regex_match_no_context
case3,regex_baseline,url,ascii,232393662,http://imgs.sapo.pt/images/sapo.ico,http://imgs.sapo.pt/images/sapo.ico,,,,regex_match_no_context
case3,regex_baseline,url,ascii,232393698,http://pesquisa.sapo.pt/?q=,http://pesquisa.sapo.pt?q=,,,,regex_match_no_context
case3,regex_baseline,url,ascii,232393739,http://pesquisa.sapo.pt/livesapo?q=,http://pesquisa.sapo.pt/livesapo?q=,,,,regex_match_no_context
case3,regex_baseline,url,ascii,232393832,http://www.searchnu.com/favicon.ico,http://www.searchnu.com/favicon.ico,,,,regex_match_no_context
case3,regex_baseline,url,ascii,232393868,http://www.searchnu.com/web?hl=,http://www.searchnu.com/web?hl=,,,,regex_match_no_context
case3,regex_baseline,url,ascii,232393996,http://ak.apnstatic.com/media/images/favicon_search-results.ico,http://ak.apnstatic.com/media/images/favicon_search-results.ico,,,,regex_match_no_context
case3,regex_baseline,url,ascii,232394060,http://dts.search-results.com/sr?lng=,http://dts.search-results.com/sr?lng=,,,,regex_match_no_context
case3,regex_baseline,url,ascii,232394182,http://linkurystoragenorthus.blob.core.windows.net/static/favicon.ico,http://linkurystoragenorthus.blob.core.windows.net/static/favicon.ico,,,,regex_match_no_context
case3,regex_baseline,url,ascii,232394252,http://search.snapdo.com/?q=,http://search.snapdo.com?q=,,,,regex_match_no_context
case3,regex_baseline,url,ascii,232394352,http://search.softonic.com/img/favicon.ico,http://search.softonic.com/img/favicon.ico,,,,regex_match_no_context
case3,regex_baseline,url,ascii,232394395,http://search.softonic.com/?q=,http://search.softonic.com?q=,,,,regex_match_no_context
case3,regex_baseline,url,ascii,232394490,http://search.sweetim.com/favicon.ico,http://search.sweetim.com/favicon.ico,,,,regex_match_no_context
case3,regex_baseline,url,ascii,232394528,http://search.sweetim.com/search.asp?q=,http://search.sweetim.com/search.asp?q=,,,,regex_match_no_context
case3,regex_baseline,url,ascii,232394660,http://start.sweetpacks.com/favicon.ico,http://start.sweetpacks.com/favicon.ico,,,,regex_match_no_context
case3,regex_baseline,url,ascii,232394700,http://start.sweetpacks.com/search.asp?q=,http://start.sweetpacks.com/search.asp?q=,,,,regex_match_no_context
case3,regex_baseline,url,ascii,232394828,http://buscar.terra.com.ar/favicon.ico,http://buscar.terra.com.ar/favicon.ico,,,,regex_match_no_context
case3,regex_baseline,url,ascii,232394867,http://buscar.terra.com.ar/Default.aspx?source=Search&ca=s&query=,http://buscar.terra.com.ar/Default.aspx?source=Search&ca=s&query=,,,,regex_match_no_context
case3,regex_baseline,url,ascii,232394976,http://buscador.terra.es/favicon.ico,http://buscador.terra.es/favicon.ico,,,,regex_match_no_context
case3,regex_baseline,url,ascii,232395013,http://buscador.terra.es/Default.aspx?source=Search&ca=s&query=,http://buscador.terra.es/Default.aspx?source=Search&ca=s&query=,,,,regex_match_no_context
case3,regex_baseline,url,ascii,232395118,http://search.tut.by/favicon.ico,http://search.tut.by/favicon.ico,,,,regex_match_no_context
case3,regex_baseline,url,ascii,232395151,http://search.tut.by/?ru=1&query=,http://search.tut.by?ru=1&query=,,,,regex_match_no_context
case3,regex_baseline,url,ascii,232395198,http://suggest.yandex.ru/suggest-ff.cgi?part=,http://suggest.yandex.ru/suggest-ff.cgi?part=,,,,regex_match_no_context
case3,regex_baseline,url,ascii,232395304,http://www.walla.co.il/favicon.ico,http://www.walla.co.il/favicon.ico,,,,regex_match_no_context
case3,regex_baseline,url,ascii,232395339,http://search.walla.co.il/?q=,http://search.walla.co.il?q=,,,,regex_match_no_context
case3,regex_baseline,url,ascii,232395428,http://i.wp.pl/a/i/stg/500/favicon.ico,http://i.wp.pl/a/i/stg/500/favicon.ico,,,,regex_match_no_context
case3,regex_baseline,url,ascii,232395467,http://szukaj.wp.pl/szukaj.html?q=,http://szukaj.wp.pl/szukaj.html?q=,,,,regex_match_no_context
case3,regex_baseline,url,ascii,232395570,https://qc.search.yahoo.com/favicon.ico,https://qc.search.yahoo.com/favicon.ico,,,,regex_match_no_context
case3,regex_baseline,url,ascii,232395610,https://qc.search.yahoo.com/search,https://qc.search.yahoo.com/search,,,,regex_match_no_context
case3,regex_baseline,url,ascii,232395710,https://qc.search.yahoo.com/sugg/chrome?output=fxjson&appid=crmas&command=,https://qc.search.yahoo.com/sugg/chrome?output=fxjson&appid=crmas&command=,,,,regex_match_no_context
case3,regex_baseline,url,ascii,232395832,https://www.zoznam.sk/favicon.ico,https://www.zoznam.sk/favicon.ico,,,,regex_match_no_context
case3,regex_baseline,url,ascii,232395866,https://www.zoznam.sk/hladaj.fcgi?s=,https://www.zoznam.sk/hladaj.fcgi?s=,,,,regex_match_no_context
case3,regex_baseline,url,ascii,232395929,https://www.baidu.com/s?ie=,https://www.baidu.com/s?ie=,,,,regex_match_no_context
case3,regex_baseline,url,ascii,232396323,https://go.mail.ru/msearch?q=,https://go.mail.ru/msearch?q=,,,,regex_match_no_context
case3,regex_baseline,url,ascii,232396386,https://m.so.com/s?ie=,https://m.so.com/s?ie=,,,,regex_match_no_context
case3,regex_baseline,url,ascii,232396440,https://m.so.com/index.php?ie=,https://m.so.com/index.php?ie=,,,,regex_match_no_context
case3,regex_baseline,url,ascii,232396502,https://m.sogou.com/web/,https://m.sogou.com/web,,,,regex_match_no_context
case3,regex_baseline,url,ascii,232396589,http://searchatlas.centrum.cz/?q=,http://searchatlas.centrum.cz?q=,,,,regex_match_no_context
case3,regex_baseline,url,ascii,232396636,http://hladaj.atlas.sk/fulltext/?phrase=,http://hladaj.atlas.sk/fulltext?phrase=,,,,regex_match_no_context
case3,regex_baseline,url,ascii,232396690,http://isearch.avg.com/search?q=,http://isearch.avg.com/search?q=,,,,regex_match_no_context
case3,regex_baseline,url,ascii,232396736,http://search.avg.com/route/?q=,http://search.avg.com/route?q=,,,,regex_match_no_context
case3,regex_baseline,url,ascii,232396796,https://isearch.avg.com/search?q=,https://isearch.avg.com/search?q=,,,,regex_match_no_context
case3,regex_baseline,url,ascii,232396843,https://search.avg.com/route/?q=,https://search.avg.com/route?q=,,,,regex_match_no_context
case3,regex_baseline,url,ascii,232396904,http://search.babylon.com/?q=,http://search.babylon.com?q=,,,,regex_match_no_context
case3,regex_baseline,url,ascii,232396947,http://search.conduit.com/Results.aspx?q=,http://search.conduit.com/Results.aspx?q=,,,,regex_match_no_context
case3,regex_baseline,url,ascii,232397002,http://www.delfi.lt/paieska/?q=,http://www.delfi.lt/paieska?q=,,,,regex_match_no_context
case3,regex_baseline,url,ascii,232397047,http://www.delta-search.com/?q=,http://www.delta-search.com?q=,,,,regex_match_no_context
case3,regex_baseline,url,ascii,232397092,http://www1.delta-search.com/home?q=,http://www1.delta-search.com/home?q=,,,,regex_match_no_context
case3,regex_baseline,url,ascii,232397142,http://www1.delta-search.com/?q=,http://www1.delta-search.com?q=,,,,regex_match_no_context
case3,regex_baseline,url,ascii,232397188,http://www2.delta-search.com/home?q=,http://www2.delta-search.com/home?q=,,,,regex_match_no_context
case3,regex_baseline,url,ascii,232397238,http://www2.delta-search.com/?q=,http://www2.delta-search.com?q=,,,,regex_match_no_context
case3,regex_baseline,url,ascii,232397284,http://www.search.delta-search.com/home?q=,http://www.search.delta-search.com/home?q=,,,,regex_match_no_context
case3,regex_baseline,url,ascii,232397340,http://www.search.delta-search.com/?q=,http://www.search.delta-search.com?q=,,,,regex_match_no_context
case3,regex_baseline,url,ascii,232397392,http://www.yhs.delta-search.com/home?q=,http://www.yhs.delta-search.com/home?q=,,,,regex_match_no_context
case3,regex_baseline,url,ascii,232397445,http://www.yhs.delta-search.com/?q=,http://www.yhs.delta-search.com?q=,,,,regex_match_no_context
case3,regex_baseline,url,ascii,232397494,http://mixidj.delta-search.com/home?q=,http://mixidj.delta-search.com/home?q=,,,,regex_match_no_context
case3,regex_baseline,url,ascii,232397546,http://mixidj.delta-search.com/?q=,http://mixidj.delta-search.com?q=,,,,regex_match_no_context
case3,regex_baseline,url,ascii,232397594,http://search.goo.ne.jp/web.jsp?MT=,http://search.goo.ne.jp/web.jsp?MT=,,,,regex_match_no_context
case3,regex_baseline,url,ascii,232397662,http://search.goo.ne.jp/sgt.jsp?MT=,http://search.goo.ne.jp/sgt.jsp?MT=,,,,regex_match_no_context
case3,regex_baseline,url,ascii,232397748,http://search.iminent.com/SearchTheWeb/v6/1033/homepage/Default.aspx#q=,http://search.iminent.com/SearchTheWeb/v6/1033/homepage/Default.aspx,,,,regex_match_no_context
case3,regex_baseline,url,ascii,232397833,http://search.iminent.com/SearchTheWeb/v6/1033/homepage/Result.aspx#q=,http://search.iminent.com/SearchTheWeb/v6/1033/homepage/Result.aspx,,,,regex_match_no_context
case3,regex_baseline,url,ascii,232397917,http://start.iminent.com/?q=,http://start.iminent.com?q=,,,,regex_match_no_context
case3,regex_baseline,url,ascii,232397959,http://start.iminent.com/StartWeb/1033/homepage/#q=,http://start.iminent.com/StartWeb/1033/homepage,,,,regex_match_no_context
case3,regex_baseline,url,ascii,232398024,http://search.incredibar.com/?q=,http://search.incredibar.com?q=,,,,regex_match_no_context
case3,regex_baseline,url,ascii,232398070,http://mystart.incredibar.com/?search=,http://mystart.incredibar.com?search=,,,,regex_match_no_context
case3,regex_baseline,url,ascii,232398122,https://www.neti.ee/cgi-bin/otsing?query=,https://www.neti.ee/cgi-bin/otsing?query=,,,,regex_match_no_context
case3,regex_baseline,url,ascii,232398185,https://www.neti.ee/api/suggestOS?suggestVersion=1&suggestQuery=,https://www.neti.ee/api/suggestOS?suggestVersion=1&suggestQuery=,,,,regex_match_no_context
case3,regex_baseline,url,ascii,232398263,https://nova.rambler.ru/search?query=,https://nova.rambler.ru/search?query=,,,,regex_match_no_context
case3,regex_baseline,url,ascii,232398314,https://nova.rambler.ru/suggest?v=3&query=,https://nova.rambler.ru/suggest?v=3&query=,,,,regex_match_no_context
case3,regex_baseline,url,ascii,232398370,http://www.search-results.com/web?q=,http://www.search-results.com/web?q=,,,,regex_match_no_context
case3,regex_baseline,url,ascii,232398420,http://search.snap.do/?q=,http://search.snap.do?q=,,,,regex_match_no_context
case3,regex_baseline,url,ascii,232398459,http://feed.snapdo.com/?q=,http://feed.snapdo.com?q=,,,,regex_match_no_context
case3,regex_baseline,url,ascii,232398499,http://feed.snap.do/?q=,http://feed.snap.do?q=,,,,regex_match_no_context
case3,regex_baseline,url,ascii,232398536,http://en.softonic.com/s/,http://en.softonic.com/s,,,,regex_match_no_context
case3,regex_baseline,url,ascii,232398575,http://www.softonic.com/s/,http://www.softonic.com/s,,,,regex_match_no_context
case3,regex_baseline,url,ascii,232398615,http://www.softonic.com.br/s/,http://www.softonic.com.br/s,,,,regex_match_no_context
case3,regex_baseline,url,ascii,232398658,http://buscador.softonic.com/?q=,http://buscador.softonic.com?q=,,,,regex_match_no_context
case3,regex_baseline,url,ascii,232398704,http://nl.softonic.com/s/,http://nl.softonic.com/s,,,,regex_match_no_context
case3,regex_baseline,url,ascii,232398743,https://search.softonic.com/?q=,https://search.softonic.com?q=,,,,regex_match_no_context
case3,regex_baseline,url,ascii,232398788,https://en.softonic.com/s/,https://en.softonic.com/s,,,,regex_match_no_context
case3,regex_baseline,url,ascii,232398828,https://www.softonic.com/s/,https://www.softonic.com/s,,,,regex_match_no_context
case3,regex_baseline,url,ascii,232398869,https://www.softonic.com.br/s/,https://www.softonic.com.br/s,,,,regex_match_no_context
case3,regex_baseline,url,ascii,232398913,https://buscador.softonic.com/?q=,https://buscador.softonic.com?q=,,,,regex_match_no_context
case3,regex_baseline,url,ascii,232398960,https://nl.softonic.com/s/,https://nl.softonic.com/s,,,,regex_match_no_context
case3,regex_baseline,url,ascii,232399000,http://start.sweetpacks.com/?q=,http://start.sweetpacks.com?q=,,,,regex_match_no_context
case3,regex_baseline,url,ascii,232399045,http://mysearch.sweetpacks.com/?q=,http://mysearch.sweetpacks.com?q=,,,,regex_match_no_context
case3,regex_baseline,url,ascii,232399093,https://buscador.terra.com.ar/Default.aspx?source=Search&ca=s&query=,https://buscador.terra.com.ar/Default.aspx?source=Search&ca=s&query=,,,,regex_match_no_context
case3,regex_baseline,url,ascii,232399175,https://buscador.terra.es/Default.aspx?source=Search&ca=s&query=,https://buscador.terra.es/Default.aspx?source=Search&ca=s&query=,,,,regex_match_no_context
case3,regex_baseline,url,ascii,232399253,https://search.walla.co.il/?q=,https://search.walla.co.il?q=,,,,regex_match_no_context
case3,regex_baseline,url,ascii,232399297,http://www.zoznam.sk/hladaj.fcgi?s=,http://www.zoznam.sk/hladaj.fcgi?s=,,,,regex_match_no_context
case3,regex_baseline,url,ascii,232432499,https://bugs.chromium.org/p/chromium/issues/list?q=component:Services,https://bugs.chromium.org/p/chromium/issues/list?q=component:Services,,,,regex_match_no_context
case3,regex_baseline,url,ascii,233043179,https://crbug.com/778929.,https://crbug.com/778929.,,,,regex_match_no_context
case3,regex_baseline,url,ascii,233072774,https://www.tensorflow.org/lite/guide/ops_select,https://www.tensorflow.org/lite/guide/ops_select,,,,regex_match_no_context
case3,regex_baseline,url,ascii,233072889,https://www.tensorflow.org/lite/guide/ops_custom,https://www.tensorflow.org/lite/guide/ops_custom,,,,regex_match_no_context
case3,regex_baseline,url,ascii,236422805,https://beacons.gcp.gvt2.com/domainreliability/upload,https://beacons.gcp.gvt2.com/domainreliability/upload,,,,regex_match_no_context
case3,regex_baseline,url,ascii,236422859,https://beacons.gvt2.com/domainreliability/upload,https://beacons.gvt2.com/domainreliability/upload,,,,regex_match_no_context
case3,regex_baseline,url,ascii,236422909,https://beacons2.gvt2.com/domainreliability/upload,https://beacons2.gvt2.com/domainreliability/upload,,,,regex_match_no_context
case3,regex_baseline,url,ascii,236422960,https://beacons3.gvt2.com/domainreliability/upload,https://beacons3.gvt2.com/domainreliability/upload,,,,regex_match_no_context
case3,regex_baseline,url,ascii,236423011,https://beacons4.gvt2.com/domainreliability/upload,https://beacons4.gvt2.com/domainreliability/upload,,,,regex_match_no_context
case3,regex_baseline,url,ascii,236423062,https://beacons5.gvt2.com/domainreliability/upload,https://beacons5.gvt2.com/domainreliability/upload,,,,regex_match_no_context
case3,regex_baseline,url,ascii,236423113,https://beacons5.gvt3.com/domainreliability/upload,https://beacons5.gvt3.com/domainreliability/upload,,,,regex_match_no_context
case3,regex_baseline,url,ascii,236423164,https://clients2.google.com/domainreliability/upload,https://clients2.google.com/domainreliability/upload,,,,regex_match_no_context
case3,regex_baseline,url,ascii,236440217,https://c.android.clients.google.com/,https://c.android.clients.google.com,,,,regex_match_no_context
case3,regex_baseline,url,ascii,236441047,https://c.bigcache.googleapis.com/,https://c.bigcache.googleapis.com,,,,regex_match_no_context
case3,regex_baseline,url,ascii,236441875,https://c.doc-0-0-sj.sj.googleusercontent.com/,https://c.doc-0-0-sj.sj.googleusercontent.com,,,,regex_match_no_context
case3,regex_baseline,url,ascii,236442715,https://c.docs.google.com/,https://c.docs.google.com,,,,regex_match_no_context
case3,regex_baseline,url,ascii,236443534,https://c.drive.google.com/,https://c.drive.google.com,,,,regex_match_no_context
case3,regex_baseline,url,ascii,236444354,https://c.googlesyndication.com/,https://c.googlesyndication.com,,,,regex_match_no_context
case3,regex_baseline,url,ascii,236445180,https://c.pack.google.com/,https://c.pack.google.com,,,,regex_match_no_context
case3,regex_baseline,url,ascii,236445999,https://c.play.google.com/,https://c.play.google.com,,,,regex_match_no_context
case3,regex_baseline,url,ascii,236446818,https://c.youtube.com/,https://c.youtube.com,,,,regex_match_no_context
case3,regex_baseline,url,ascii,236447634,https://clients2.google.com/,https://clients2.google.com,,,,regex_match_no_context
case3,regex_baseline,url,ascii,236448276,https://docs.google.com/,https://docs.google.com,,,,regex_match_no_context
case3,regex_baseline,url,ascii,236448941,https://gcp.gvt2.com/,https://gcp.gvt2.com,,,,regex_match_no_context
case3,regex_baseline,url,ascii,236449576,https://gcp.gvt6.com/,https://gcp.gvt6.com,,,,regex_match_no_context
case3,regex_baseline,url,ascii,236450211,https://google-analytics.com/,https://google-analytics.com,,,,regex_match_no_context
case3,regex_baseline,url,ascii,236450869,https://googlevideo.com/,https://googlevideo.com,,,,regex_match_no_context
case3,regex_baseline,url,ascii,236451687,https://gvt1.com/,https://gvt1.com,,,,regex_match_no_context
case3,regex_baseline,url,ascii,236452498,https://gvt2.com/,https://gvt2.com,,,,regex_match_no_context
case3,regex_baseline,url,ascii,236453129,https://gvt6.com/,https://gvt6.com,,,,regex_match_no_context
case3,regex_baseline,url,ascii,274517195,https://crbug.com/1058527.,https://crbug.com/1058527.,,,,regex_match_no_context
case3,regex_baseline,url,ascii,285704363,https://support.microsoft.com/en-us/topic/media-feature-pack-for-windows-10-n-may-2020-ebbdf559-b84c-0fc2-bd51-e23c9f6a4439,https://support.microsoft.com/en-us/topic/media-feature-pack-for-windows-10-n-may-2020-ebbdf559-b84c-0fc2-bd51-e23c9f6a4439,,,,regex_match_no_context
case3,regex_baseline,url,ascii,301164588,https://source.chromium.org/chromium/chromium/src/+/main:ui/gfx/color_transform.cc;l=541),https://source.chromium.org/chromium/chromium/src/+/main:ui/gfx/color_transform.cc;l=541),,,,regex_match_no_context
case3,regex_baseline,url,ascii,301192021,https://bugs.chromium.org/p/dawn/issues/detail?id=42,https://bugs.chromium.org/p/dawn/issues/detail?id=42,,,,regex_match_no_context
case3,regex_baseline,url,ascii,301192162,https://bugs.chromium.org/p/dawn/issues/detail?id=955,https://bugs.chromium.org/p/dawn/issues/detail?id=955,,,,regex_match_no_context
case3,regex_baseline,url,ascii,301192370,https://bugs.chromium.org/p/dawn/issues/detail?id=434,https://bugs.chromium.org/p/dawn/issues/detail?id=434,,,,regex_match_no_context
case3,regex_baseline,url,ascii,301192620,https://bugs.chromium.org/p/dawn/issues/detail?id=1178,https://bugs.chromium.org/p/dawn/issues/detail?id=1178,,,,regex_match_no_context
case3,regex_baseline,url,ascii,301192742,https://bugs.chromium.org/p/dawn/issues/detail?id=690,https://bugs.chromium.org/p/dawn/issues/detail?id=690,,,,regex_match_no_context
case3,regex_baseline,url,ascii,301192870,https://bugs.chromium.org/p/tint/issues/detail?id=1497,https://bugs.chromium.org/p/tint/issues/detail?id=1497,,,,regex_match_no_context
case3,regex_baseline,url,ascii,301193011,https://bugs.chromium.org/p/dawn/issues/detail?id=1197,https://bugs.chromium.org/p/dawn/issues/detail?id=1197,,,,regex_match_no_context
case3,regex_baseline,url,ascii,301193122,https://bugs.chromium.org/p/dawn/issues/detail?id=1510,https://bugs.chromium.org/p/dawn/issues/detail?id=1510,,,,regex_match_no_context
case3,regex_baseline,url,ascii,301193338,https://bugs.chromium.org/p/dawn/issues/detail?id=1518,https://bugs.chromium.org/p/dawn/issues/detail?id=1518,,,,regex_match_no_context
case3,regex_baseline,url,ascii,301193475,https://bugs.chromium.org/p/dawn/issues/detail?id=1591,https://bugs.chromium.org/p/dawn/issues/detail?id=1591,,,,regex_match_no_context
case3,regex_baseline,url,ascii,301193700,https://dawn.googlesource.com/dawn/+/refs/heads/main/docs/dawn/features/dawn_internal_usages.md,https://dawn.googlesource.com/dawn/+/refs/heads/main/docs/dawn/features/dawn_internal_usages.md,,,,regex_match_no_context
case3,regex_baseline,url,ascii,301193881,https://bugs.chromium.org/p/dawn/issues/detail?id=551,https://bugs.chromium.org/p/dawn/issues/detail?id=551,,,,regex_match_no_context
case3,regex_baseline,url,ascii,301193988,https://dawn.googlesource.com/dawn/+/refs/heads/main/docs/dawn/features/dawn_native.md,https://dawn.googlesource.com/dawn/+/refs/heads/main/docs/dawn/features/dawn_native.md,,,,regex_match_no_context
case3,regex_baseline,url,ascii,302238274,https://crbug.com/dawn/56,https://crbug.com/dawn/56,,,,regex_match_no_context
case3,regex_baseline,url,ascii,302238539,https://crbug.com/dawn/145,https://crbug.com/dawn/145,,,,regex_match_no_context
case3,regex_baseline,url,ascii,302239400,https://crbug.com/dawn/237,https://crbug.com/dawn/237,,,,regex_match_no_context
case3,regex_baseline,url,ascii,302239883,https://github.com/KhronosGroup/Vulkan-Docs/issues/1005),https://github.com/KhronosGroup/Vulkan-Docs/issues/1005),,,,regex_match_no_context
case3,regex_baseline,url,ascii,302239958,https://crbug.com/dawn/42,https://crbug.com/dawn/42,,,,regex_match_no_context
case3,regex_baseline,url,ascii,302240189,https://crbug.com/dawn/27,https://crbug.com/dawn/27,,,,regex_match_no_context
case3,regex_baseline,url,ascii,302240424,https://crbug.com/dawn/36,https://crbug.com/dawn/36,,,,regex_match_no_context
case3,regex_baseline,url,ascii,302240801,https://crbug.com/dawn/193,https://crbug.com/dawn/193,,,,regex_match_no_context
case3,regex_baseline,url,ascii,302241029,https://crbug.com/1313172,https://crbug.com/1313172,,,,regex_match_no_context
case3,regex_baseline,url,ascii,302241115,https://crbug.com/dawn/271,https://crbug.com/dawn/271,,,,regex_match_no_context
case3,regex_baseline,url,ascii,302241359,https://crbug.com/dawn/286,https://crbug.com/dawn/286,,,,regex_match_no_context
case3,regex_baseline,url,ascii,302241590,https://crbug.com/dawn/666,https://crbug.com/dawn/666,,,,regex_match_no_context
case3,regex_baseline,url,ascii,302241735,https://crbug.com/dawn/342,https://crbug.com/dawn/342,,,,regex_match_no_context
case3,regex_baseline,url,ascii,302242059,https://crbug.com/dawn/434,https://crbug.com/dawn/434,,,,regex_match_no_context
case3,regex_baseline,url,ascii,302242187,https://crbug.com/dawn/343,https://crbug.com/dawn/343,,,,regex_match_no_context
case3,regex_baseline,url,ascii,302242434,https://crbug.com/dawn/582,https://crbug.com/dawn/582,,,,regex_match_no_context
case3,regex_baseline,url,ascii,302242557,https://crbug.com/dawn/667,https://crbug.com/dawn/667,,,,regex_match_no_context
case3,regex_baseline,url,ascii,302242986,https://crbug.com/dawn/1393,https://crbug.com/dawn/1393,,,,regex_match_no_context
case3,regex_baseline,url,ascii,302243128,https://crbug.com/dawn/673,https://crbug.com/dawn/673,,,,regex_match_no_context
case3,regex_baseline,url,ascii,302243330,https://crbug.com/dawn/155,https://crbug.com/dawn/155,,,,regex_match_no_context
case3,regex_baseline,url,ascii,302243459,https://crbug.com/dawn/402,https://crbug.com/dawn/402,,,,regex_match_no_context
case3,regex_baseline,url,ascii,302243534,https://crbug.com/dawn/480,https://crbug.com/dawn/480,,,,regex_match_no_context
case3,regex_baseline,url,ascii,302243778,http://crbug.com/1138528,http://crbug.com/1138528,,,,regex_match_no_context
case3,regex_baseline,url,ascii,302243904,https://crbug.com/dawn/633,https://crbug.com/dawn/633,,,,regex_match_no_context
case3,regex_baseline,url,ascii,302244470,https://crbug.com/1161355,https://crbug.com/1161355,,,,regex_match_no_context
case3,regex_baseline,url,ascii,302244695,https://crbug.com/dawn/776,https://crbug.com/dawn/776,,,,regex_match_no_context
case3,regex_baseline,url,ascii,302244946,https://crbug.com/1214923,https://crbug.com/1214923,,,,regex_match_no_context
case3,regex_baseline,url,ascii,302245140,https://crbug.com/dawn/792,https://crbug.com/dawn/792,,,,regex_match_no_context
case3,regex_baseline,url,ascii,302245405,https://crbug.com/dawn/960,https://crbug.com/dawn/960,,,,regex_match_no_context
case3,regex_baseline,url,ascii,302245526,https://crbug.com/tint/1003,https://crbug.com/tint/1003,,,,regex_match_no_context
case3,regex_baseline,url,ascii,302245641,https://crbug.com/dawn/1016,https://crbug.com/dawn/1016,,,,regex_match_no_context
case3,regex_baseline,url,ascii,302245791,https://crbug.com/dawn/840,https://crbug.com/dawn/840,,,,regex_match_no_context
case3,regex_baseline,url,ascii,302246132,https://crbug.com/dawn/136,https://crbug.com/dawn/136,,,,regex_match_no_context
case3,regex_baseline,url,ascii,302246313,https://crbug.com/dawn/1203,https://crbug.com/dawn/1203,,,,regex_match_no_context
case3,regex_baseline,url,ascii,302246654,https://crbug.com/dawn/1264,https://crbug.com/dawn/1264,,,,regex_match_no_context
case3,regex_baseline,url,ascii,302246778,https://crbug.com/dawn/1305,https://crbug.com/dawn/1305,,,,regex_match_no_context
case3,regex_baseline,url,ascii,302246998,https://crbug.com/dawn/1302,https://crbug.com/dawn/1302,,,,regex_match_no_context
case3,regex_baseline,url,ascii,302247516,https://crbug.com/dawn/1289,https://crbug.com/dawn/1289,,,,regex_match_no_context
case3,regex_baseline,url,ascii,302247862,https://crbug.com/dawn/1071,https://crbug.com/dawn/1071,,,,regex_match_no_context
case3,regex_baseline,url,ascii,302248057,https://crbug.com/dawn/549,https://crbug.com/dawn/549,,,,regex_match_no_context
case3,regex_baseline,url,ascii,302248343,https://crbug.com/dawn/1487,https://crbug.com/dawn/1487,,,,regex_match_no_context
case3,regex_baseline,url,ascii,302248829,https://crbug.com/dawn/1276,https://crbug.com/dawn/1276,,,,regex_match_no_context
case3,regex_baseline,url,ascii,302249203,https://crbug.com/dawn/949,https://crbug.com/dawn/949,,,,regex_match_no_context
case3,regex_baseline,url,ascii,302249568,https://crbug.com/dawn/727,https://crbug.com/dawn/727,,,,regex_match_no_context
case3,regex_baseline,url,ascii,302249869,https://crbug.com/dawn/1216,https://crbug.com/dawn/1216,,,,regex_match_no_context
case3,regex_baseline,url,ascii,302250541,https://crbug.com/dawn/537,https://crbug.com/dawn/537,,,,regex_match_no_context
case3,regex_baseline,url,ascii,302250842,https://crbug.com/dawn/1473,https://crbug.com/dawn/1473,,,,regex_match_no_context
case3,regex_baseline,url,ascii,302251223,https://crbug.com/dawn/1564,https://crbug.com/dawn/1564,,,,regex_match_no_context
case3,regex_baseline,url,ascii,302251581,https://crbug.com/1237175,https://crbug.com/1237175,,,,regex_match_no_context
case3,regex_baseline,url,ascii,302252096,https://crbug.com/dawn/1389,https://crbug.com/dawn/1389,,,,regex_match_no_context
case3,regex_baseline,url,ascii,302252897,https://crbug.com/dawn/838,https://crbug.com/dawn/838,,,,regex_match_no_context
case3,regex_baseline,url,ascii,302253615,https://crbug.com/dawn/1083,https://crbug.com/dawn/1083,,,,regex_match_no_context
case3,regex_baseline,url,ascii,302253901,https://crbug.com/dawn/1579,https://crbug.com/dawn/1579,,,,regex_match_no_context
case3,regex_baseline,url,ascii,302254168,https://crbug.com/dawn/1563,https://crbug.com/dawn/1563,,,,regex_match_no_context
case3,regex_baseline,url,ascii,302254403,https://crbug.com/tint/1798,https://crbug.com/tint/1798,,,,regex_match_no_context
case3,regex_baseline,url,ascii,302254683,https://crbug.com/dawn/1462,https://crbug.com/dawn/1462,,,,regex_match_no_context
case3,regex_baseline,url,ascii,302254894,https://crbug.com/dawn/966,https://crbug.com/dawn/966,,,,regex_match_no_context
case3,regex_baseline,url,ascii,302308841,https://crbug.com/tint.,https://crbug.com/tint.,,,,regex_match_no_context
case3,regex_baseline,url,ascii,302360367,https://crbug.com/1338622.,https://crbug.com/1338622.,,,,regex_match_no_context
case3,regex_baseline,url,ascii,302605134,https://gpuweb.github.io/gpuweb/wgsl/#texel-formats,https://gpuweb.github.io/gpuweb/wgsl,,,,regex_match_no_context
case3,regex_baseline,url,ascii,465371952,https://crbug.com/1088650,https://crbug.com/1088650,,,,regex_match_no_context
case3,regex_baseline,url,ascii,521902598,https://android.clients.google.com/checkin,https://android.clients.google.com/checkin,,,,regex_match_no_context
case3,regex_baseline,url,ascii,521902822,https://android.clients.google.com/c2dm/register3,https://android.clients.google.com/c2dm/register3,,,,regex_match_no_context
case3,regex_baseline,url,ascii,521903006,https://%s:%d,https://%s:%d,,,,regex_match_no_context
case3,regex_baseline,url,ascii,566413679,http://support.google.com/chrome/?p=tab_search,http://support.google.com/chrome?p=tab_search,,,,regex_match_no_context
case3,regex_baseline,url,ascii,639604704,https://bit.ly/3rpDuEX.,https://bit.ly/3rpDuEX.,,,,regex_match_no_context
case3,regex_baseline,url,ascii,639604996,https://crbug.com/1154140,https://crbug.com/1154140,,,,regex_match_no_context
case3,regex_baseline,url,ascii,644881127,https://lens.google.com/,https://lens.google.com,,,,regex_match_no_context
case3,regex_baseline,url,ascii,702657260,http://ns.adobe.com/AcrobatAdhocWorkflow/1.0/,http://ns.adobe.com/AcrobatAdhocWorkflow/1.0,,,,regex_match_no_context
case3,regex_baseline,url,ascii,703355069,http://ns.adobe.com/xdp/pdf/,http://ns.adobe.com/xdp/pdf,,,,regex_match_no_context
case3,regex_baseline,url,ascii,703389304,http://ns.adobe.com/xdp/,http://ns.adobe.com/xdp,,,,regex_match_no_context
case3,regex_baseline,url,ascii,703393748,http://ns.adobe.com/data-description/,http://ns.adobe.com/data-description,,,,regex_match_no_context
case3,regex_baseline,url,ascii,703395706,http://www.xfa.com/schema/xfa-package/,http://www.xfa.com/schema/xfa-package,,,,regex_match_no_context
case3,regex_baseline,url,ascii,703395745,http://www.xfa.org/schema/xfa-package/,http://www.xfa.org/schema/xfa-package,,,,regex_match_no_context
case3,regex_baseline,url,ascii,703395784,http://www.w3.org/2001/XMLSchema-instance,http://www.w3.org/2001/XMLSchema-instance,,,,regex_match_no_context
case3,regex_baseline,url,ascii,703395888,http://www.xfa.org/schema/xfa-data/1.0/,http://www.xfa.org/schema/xfa-data/1.0,,,,regex_match_no_context
case3,regex_baseline,url,ascii,703472246,http://www.xfa.org/schema/xfa-source-set/,http://www.xfa.org/schema/xfa-source-set,,,,regex_match_no_context
case3,regex_baseline,url,ascii,703472325,http://www.xfa.org/schema/xdc/,http://www.xfa.org/schema/xdc,,,,regex_match_no_context
case3,regex_baseline,url,ascii,703472393,http://ns.adobe.com/xmpmeta/,http://ns.adobe.com/xmpmeta,,,,regex_match_no_context
case3,regex_baseline,url,ascii,703472427,http://ns.adobe.com/xfdf/,http://ns.adobe.com/xfdf,,,,regex_match_no_context
case3,regex_baseline,url,ascii,703472460,http://www.xfa.org/schema/xci/,http://www.xfa.org/schema/xci,,,,regex_match_no_context
case3,regex_baseline,url,ascii,703472501,http://www.xfa.org/schema/xfa-locale-set/,http://www.xfa.org/schema/xfa-locale-set,,,,regex_match_no_context
case3,regex_baseline,url,ascii,703472554,http://www.w3.org/1999/XSL/Transform,http://www.w3.org/1999/XSL/Transform,,,,regex_match_no_context
case3,regex_baseline,url,ascii,703472600,http://www.xfa.org/schema/xfa-template/,http://www.xfa.org/schema/xfa-template,,,,regex_match_no_context
case3,regex_baseline,url,ascii,703472640,http://www.w3.org/2000/09/xmldsig#,http://www.w3.org/2000/09/xmldsig,,,,regex_match_no_context
case3,regex_baseline,url,ascii,703472675,http://www.xfa.org/schema/xfa-data/,http://www.xfa.org/schema/xfa-data,,,,regex_match_no_context
case3,regex_baseline,url,ascii,703472711,http://www.xfa.org/schema/xfa-form/,http://www.xfa.org/schema/xfa-form,,,,regex_match_no_context
case3,regex_baseline,url,ascii,703472761,http://www.xfa.org/schema/xfa-connection-set/,http://www.xfa.org/schema/xfa-connection-set,,,,regex_match_no_context
case3,regex_baseline,url,ascii,793082461,https://github.com/WebBluetoothCG/web-bluetooth/blob/main/implementation-status.md,https://github.com/WebBluetoothCG/web-bluetooth/blob/main/implementation-status.md,,,,regex_match_no_context
case3,regex_baseline,url,ascii,793089192,https://goo.gl/J6ASzs,https://goo.gl/J6ASzs,,,,regex_match_no_context
case3,regex_baseline,url,ascii,793089899,https://goo.gl/4NeimX,https://goo.gl/4NeimX,,,,regex_match_no_context
case3,regex_baseline,url,ascii,793090283,https://goo.gl/HxfxSQ,https://goo.gl/HxfxSQ,,,,regex_match_no_context
case3,regex_baseline,url,ascii,793101055,https://www.bluetooth.com/specifications/gatt/services,https://www.bluetooth.com/specifications/gatt/services,,,,regex_match_no_context
case3,regex_baseline,url,ascii,793101137,https://www.bluetooth.com/specifications/gatt/characteristics,https://www.bluetooth.com/specifications/gatt/characteristics,,,,regex_match_no_context
case3,regex_baseline,url,ascii,793101238,https://www.bluetooth.com/specifications/gatt/descriptors,https://www.bluetooth.com/specifications/gatt/descriptors,,,,regex_match_no_context
case3,regex_baseline,url,ascii,793150990,https://html.spec.whatwg.org/multipage/canvas.html#concept-canvas-will-read-frequently,https://html.spec.whatwg.org/multipage/canvas.html,,,,regex_match_no_context
case3,regex_baseline,url,ascii,793177998,https://goo.gl/EuHzyv,https://goo.gl/EuHzyv,,,,regex_match_no_context
case3,regex_baseline,url,ascii,793213286,https://chromium.googlesource.com/chromium/src/+/main/content/browser/webauth/pub_key_cred_params.md,https://chromium.googlesource.com/chromium/src/+/main/content/browser/webauth/pub_key_cred_params.md,,,,regex_match_no_context
case3,regex_baseline,url,ascii,793216543,https://www.w3.org/TR/webauthn-2/#sctn-privacy-considerations-client.,https://www.w3.org/TR/webauthn-2,,,,regex_match_no_context
case3,regex_baseline,url,ascii,793217702,https://chromium.googlesource.com/chromium/src/+/main/content/browser/webauth/origins.md,https://chromium.googlesource.com/chromium/src/+/main/content/browser/webauth/origins.md,,,,regex_match_no_context
case3,regex_baseline,url,ascii,793219594,https://crbug.com/1393662).,https://crbug.com/1393662).,,,,regex_match_no_context
case3,regex_baseline,url,ascii,793263288,https://github.com/w3c/webappsec-permissions-policy/blob/master/features.md#sensor-features,https://github.com/w3c/webappsec-permissions-policy/blob/master/features.md,,,,regex_match_no_context
case3,regex_baseline,url,ascii,793342799,https://github.com/w3c/gamepad/pull/120,https://github.com/w3c/gamepad/pull/120,,,,regex_match_no_context
case3,regex_baseline,url,ascii,793572038,https://crbug.com/1144908,https://crbug.com/1144908,,,,regex_match_no_context
case3,regex_baseline,url,ascii,793729142,https://google.com/pay,https://google.com/pay,,,,regex_match_no_context
case3,regex_baseline,url,ascii,793729174,https://android.com/pay,https://android.com/pay,,,,regex_match_no_context
case3,regex_baseline,url,ascii,793729590,https://play.google.com/billing,https://play.google.com/billing,,,,regex_match_no_context
case3,regex_baseline,url,ascii,793756268,https://datatracker.ietf.org/doc/draft-ietf-rtcweb-ip-handling.,https://datatracker.ietf.org/doc/draft-ietf-rtcweb-ip-handling.,,,,regex_match_no_context
case3,regex_baseline,url,ascii,793785544,https://example.org,https://example.org,,,,regex_match_no_context
case3,regex_baseline,url,ascii,793979527,https://www.chromestatus.com/feature/5682658461876224.,https://www.chromestatus.com/feature/5682658461876224.,,,,regex_match_no_context
case3,regex_baseline,url,ascii,793979683,https://www.chromestatus.com/feature/5644273861001216.,https://www.chromestatus.com/feature/5644273861001216.,,,,regex_match_no_context
case3,regex_baseline,url,ascii,793995206,https://goo.gl/7K7WLu,https://goo.gl/7K7WLu,,,,regex_match_no_context
case3,regex_baseline,url,ascii,794064549,https://bit.ly/audio-worklet),https://bit.ly/audio-worklet),,,,regex_match_no_context
case3,regex_baseline,url,ascii,859738702,http://crbug.com/619103.,http://crbug.com/619103.,,,,regex_match_no_context
case3,regex_baseline,url,ascii,859738757,https://crbug.com/619103.,https://crbug.com/619103.,,,,regex_match_no_context
case3,regex_baseline,url,ascii,859925599,https://goo.gl/Y0ZkNV).,https://goo.gl/Y0ZkNV).,,,,regex_match_no_context
case3,regex_baseline,url,ascii,860064159,https://dev.chromium.org/throttling,https://dev.chromium.org/throttling,,,,regex_match_no_context
case3,regex_baseline,url,ascii,860080231,https://www.chromestatus.com/feature/5527160148197376,https://www.chromestatus.com/feature/5527160148197376,,,,regex_match_no_context
case3,regex_baseline,url,ascii,862570001,http://dictionaryperceptionrevolutionfoundationpx;height:successfulsupportersmillenniumhis,http://dictionaryperceptionrevolutionfoundationpx;height:successfulsupportersmillenniumhis,,,,regex_match_no_context
case3,regex_baseline,url,ascii,862578576,http://mathematicsmargin-top:eventually,http://mathematicsmargin-top:eventually,,,,regex_match_no_context
case3,regex_baseline,url,ascii,862579445,http://Descriptionrelatively,http://descriptionrelatively,,,,regex_match_no_context
case3,regex_baseline,url,ascii,862589491,http://applicationslink,http://applicationslink,,,,regex_match_no_context
case3,regex_baseline,url,ascii,862591699,http://navigation,http://navigation,,,,regex_match_no_context
case3,regex_baseline,url,ascii,862594971,http://www.years,http://www.years,,,,regex_match_no_context
case3,regex_baseline,url,ascii,862603017,http://interested,http://interested,,,,regex_match_no_context
case3,regex_baseline,url,ascii,862605019,http://familiar,http://familiar,,,,regex_match_no_context
case3,regex_baseline,url,ascii,862609224,https://was,https://was,,,,regex_match_no_context
case3,regex_baseline,url,ascii,862609811,https://aIn,https://ain,,,,regex_match_no_context
case3,regex_baseline,url,ascii,862610709,http://whether,http://whether,,,,regex_match_no_context
case3,regex_baseline,url,ascii,862613579,http://interpreted,http://interpreted,,,,regex_match_no_context
case3,regex_baseline,url,ascii,862619823,http://addEventListenerresponsible,http://addeventlistenerresponsible,,,,regex_match_no_context
case3,regex_baseline,url,ascii,862621523,http://.jpg,http://.jpg,,,,regex_match_no_context
case3,regex_baseline,url,ascii,862621931,http://according,http://according,,,,regex_match_no_context
case3,regex_baseline,url,ascii,862622097,http://www.interpretation,http://www.interpretation,,,,regex_match_no_context
case3,regex_baseline,url,ascii,862623972,http://s;text-align:centerfont-weight:,http://s;text-align:centerfont-weight:,,,,regex_match_no_context
case3,regex_baseline,url,ascii,862624099,http://html4/loose.dtd,http://html4/loose.dtd,,,,regex_match_no_context
case3,regex_baseline,url,ascii,862624387,http://style=,http://style=,,,,regex_match_no_context
case3,regex_baseline,url,ascii,862624903,http://staticsuggested,http://staticsuggested,,,,regex_match_no_context
case3,regex_baseline,url,ascii,862624941,http://www.a,http://www.a,,,,regex_match_no_context
case3,regex_baseline,url,ascii,862625876,https://www.recent,https://www.recent,,,,regex_match_no_context
case3,regex_baseline,url,ascii,862628444,http://www./div,http://www./div,,,,regex_match_no_context
case3,regex_baseline,url,ascii,862628505,http://cript,http://cript,,,,regex_match_no_context
case3,regex_baseline,url,ascii,862628557,http://www.wencodeURIComponent(,http://www.wencodeuricomponent(,,,,regex_match_no_context
case3,regex_baseline,url,ascii,862628828,http://encoding=,http://encoding=,,,,regex_match_no_context
case3,regex_baseline,url,ascii,862628881,http://www.icon,http://www.icon,,,,regex_match_no_context
case3,regex_baseline,url,ascii,862629282,http://imEnglish,http://imenglish,,,,regex_match_no_context
case3,regex_baseline,url,ascii,862630731,http://site_name,http://site_name,,,,regex_match_no_context
case3,regex_baseline,url,ascii,862630967,http://www.hortcut,http://www.hortcut,,,,regex_match_no_context
case3,regex_baseline,url,ascii,862632210,http://iparticipation,http://iparticipation,,,,regex_match_no_context
case3,regex_baseline,url,ascii,862633367,http://www.w3.org/shortcut,http://www.w3.org/shortcut,,,,regex_match_no_context
case3,regex_baseline,url,ascii,862633504,http://xt/css,http://xt/css,,,,regex_match_no_context
case3,regex_baseline,url,ascii,862633525,http://link,http://link,,,,regex_match_no_context
case3,regex_baseline,url,ascii,862633668,http://www.text-decoration:underthe,http://www.text-decoration:underthe,,,,regex_match_no_context
case3,regex_baseline,url,ascii,862633819,http://option,http://option,,,,regex_match_no_context
case3,regex_baseline,url,ascii,862633942,http://www,http://www,,,,regex_match_no_context
case3,regex_baseline,url,ascii,862634707,http://.css,http://.css,,,,regex_match_no_context
case3,regex_baseline,url,ascii,862635011,http://www.style=,http://www.style=,,,,regex_match_no_context
case3,regex_baseline,url,ascii,862635473,http://www.css,http://www.css,,,,regex_match_no_context
case3,regex_baseline,url,ascii,862635675,http://ator,http://ator,,,,regex_match_no_context
case3,regex_baseline,url,ascii,862635715,http://www.language=,http://www.language=,,,,regex_match_no_context
case3,regex_baseline,url,ascii,862636095,http://www-//W3C//DTD,http://www-//W3C//DTD,,,,regex_match_no_context
case3,regex_baseline,url,ascii,862636351,http://UA-Compatible,http://ua-compatible,,,,regex_match_no_context
case3,regex_baseline,url,ascii,862636907,http://www.C//DTD,http://www.c//DTD,,,,regex_match_no_context
case3,regex_baseline,url,ascii,958975524,https://github.com/WICG/construct-stylesheets/issues/119#issuecomment-588352418.,https://github.com/WICG/construct-stylesheets/issues/119,,,,regex_match_no_context
case3,regex_baseline,url,ascii,959178080,https://www.chromestatus.com/feature/5636954674692096,https://www.chromestatus.com/feature/5636954674692096,,,,regex_match_no_context
case3,regex_baseline,url,ascii,959355778,https://www.chromestatus.com/feature/5745543795965952,https://www.chromestatus.com/feature/5745543795965952,,,,regex_match_no_context
case3,regex_baseline,url,ascii,959603218,https://www.chromestatus.com/feature/5093566007214080,https://www.chromestatus.com/feature/5093566007214080,,,,regex_match_no_context
case3,regex_baseline,url,ascii,959607569,https://www.chromestatus.com/feature/6662647093133312,https://www.chromestatus.com/feature/6662647093133312,,,,regex_match_no_context
case3,regex_baseline,url,ascii,959743660,https://www.chromestatus.com/feature/5629582019395584.,https://www.chromestatus.com/feature/5629582019395584.,,,,regex_match_no_context
case3,regex_baseline,url,ascii,959744058,https://www.chromestatus.com/feature/5851021045661696.,https://www.chromestatus.com/feature/5851021045661696.,,,,regex_match_no_context
case3,regex_baseline,url,ascii,959771213,https://crbug.com/1038223.,https://crbug.com/1038223.,,,,regex_match_no_context
case3,regex_baseline,url,ascii,959925564,https://crbug.com/1412729,https://crbug.com/1412729,,,,regex_match_no_context
case3,regex_baseline,url,ascii,960117650,https://html.spec.whatwg.org/multipage/dom.html#custom-data-attribute.,https://html.spec.whatwg.org/multipage/dom.html,,,,regex_match_no_context
case3,regex_baseline,url,ascii,960117794,https://chromestatus.com/feature/5463833265045504.,https://chromestatus.com/feature/5463833265045504.,,,,regex_match_no_context
case3,regex_baseline,url,ascii,960151660,https://goo.gl/ximf56,https://goo.gl/ximf56,,,,regex_match_no_context
case3,regex_baseline,url,ascii,960252852,https://goo.gl/xX8pDD,https://goo.gl/xX8pDD,,,,regex_match_no_context
case3,regex_baseline,url,ascii,960263683,https://goo.gl/LdLk22,https://goo.gl/LdLk22,,,,regex_match_no_context
case3,regex_baseline,url,ascii,960291401,https://www.chromium.org/blink/origin-trials/portals.,https://www.chromium.org/blink/origin-trials/portals.,,,,regex_match_no_context
case3,regex_baseline,url,ascii,960686383,https://github.com/WICG/view-transitions/blob/main/debugging_overflow_on_images.md,https://github.com/WICG/view-transitions/blob/main/debugging_overflow_on_images.md,,,,regex_match_no_context
case3,regex_baseline,url,ascii,961225598,https://chromestatus.com/feature/5105856067141632.,https://chromestatus.com/feature/5105856067141632.,,,,regex_match_no_context
case3,regex_baseline,url,ascii,961268730,https://blog.chromium.org/2019/10/no-more-mixed-messages-about-https.html,https://blog.chromium.org/2019/10/no-more-mixed-messages-about-https.html,,,,regex_match_no_context
case3,regex_baseline,url,ascii,961292708,https://crbug.com/981419,https://crbug.com/981419,,,,regex_match_no_context
case3,regex_baseline,url,ascii,961308138,https://www.chromestatus.com/feature/5738264052891648,https://www.chromestatus.com/feature/5738264052891648,,,,regex_match_no_context
case3,regex_baseline,url,ascii,961381567,https://crbug.com/850954,https://crbug.com/850954,,,,regex_match_no_context
case3,regex_baseline,url,ascii,961600481,https://www.chromestatus.com/feature/5718547946799104,https://www.chromestatus.com/feature/5718547946799104,,,,regex_match_no_context
case3,regex_baseline,url,ascii,961617735,https://crbug.com/927119,https://crbug.com/927119,,,,regex_match_no_context
case3,regex_baseline,url,ascii,961622026,https://github.com/w3c/ServiceWorker/issues/1356.,https://github.com/w3c/ServiceWorker/issues/1356.,,,,regex_match_no_context
case3,regex_baseline,url,ascii,961928199,https://github.com/w3c/webappsec-trusted-types/wiki/Trusted-Types-for-function-constructor,https://github.com/w3c/webappsec-trusted-types/wiki/Trusted-Types-for-function-constructor,,,,regex_match_no_context
case3,regex_baseline,url,ascii,961988699,http://www.w3.org/XML/1998/namespace,http://www.w3.org/XML/1998/namespace,,,,regex_match_no_context
case3,regex_baseline,url,ascii,961989320,http://www.w3.org/TR/xhtml,http://www.w3.org/TR/xhtml,,,,regex_match_no_context
case3,regex_baseline,url,ascii,961989347,http://www.w3.org/Graphics/SVG,http://www.w3.org/Graphics/SVG,,,,regex_match_no_context
case3,regex_baseline,url,ascii,962004774,http://exslt.org/common,http://exslt.org/common,,,,regex_match_no_context
case3,regex_baseline,url,ascii,962006073,http://www.w3.org/TR/xhtml1/DTD/xhtml1-strict.dtd,http://www.w3.org/TR/xhtml1/DTD/xhtml1-strict.dtd,,,,regex_match_no_context
case3,regex_baseline,url,ascii,962014320,https://www.chromestatus.com/feature/4664843055398912,https://www.chromestatus.com/feature/4664843055398912,,,,regex_match_no_context
case3,regex_baseline,url,ascii,962366646,http://www.w3.org/1998/Math/MathML,http://www.w3.org/1998/Math/MathML,,,,regex_match_no_context
case3,regex_baseline,url,ascii,962394974,http://www.w3.org/2000/xmlns/,http://www.w3.org/2000/xmlns,,,,regex_match_no_context
case3,regex_baseline,url,ascii,962413151,https://www.chromestatus.com/feature/5082396709879808,https://www.chromestatus.com/feature/5082396709879808,,,,regex_match_no_context
case3,regex_baseline,url,ascii,962413853,https://developers.google.com/web/updates/2016/08/removing-document-write,https://developers.google.com/web/updates/2016/08/removing-document-write,,,,regex_match_no_context
case3,regex_baseline,url,ascii,962459243,http://www.ibm.com/data/dtd/v11/ibmxhtml1-transitional.dtd,http://www.ibm.com/data/dtd/v11/ibmxhtml1-transitional.dtd,,,,regex_match_no_context
case3,regex_baseline,url,ascii,964226258,http://www.w3.org/2002/08/xquery-functions,http://www.w3.org/2002/08/xquery-functions,,,,regex_match_no_context
case3,regex_baseline,url,ascii,964233522,http://www.w3.org/TR/xhtml1/DTD/xhtml1-frameset.dtd,http://www.w3.org/TR/xhtml1/DTD/xhtml1-frameset.dtd,,,,regex_match_no_context
case3,regex_baseline,url,ascii,964233574,http://www.w3.org/TR/xhtml1/DTD/xhtml1-transitional.dtd,http://www.w3.org/TR/xhtml1/DTD/xhtml1-transitional.dtd,,,,regex_match_no_context
case3,regex_baseline,url,ascii,964255027,http://icl.com/saxon,http://icl.com/saxon,,,,regex_match_no_context
case3,regex_baseline,url,ascii,964259430,http://www.w3.org/TR/1999/REC-html401-19991224/frameset.dtd,http://www.w3.org/TR/1999/REC-html401-19991224/frameset.dtd,,,,regex_match_no_context
case3,regex_baseline,url,ascii,964259527,http://www.w3.org/TR/1999/REC-html401-19991224/strict.dtd,http://www.w3.org/TR/1999/REC-html401-19991224/strict.dtd,,,,regex_match_no_context
case3,regex_baseline,url,ascii,964259634,http://www.w3.org/TR/1999/REC-html401-19991224/loose.dtd,http://www.w3.org/TR/1999/REC-html401-19991224/loose.dtd,,,,regex_match_no_context
case3,regex_baseline,url,ascii,964259706,http://www.w3.org/TR/html4/strict.dtd,http://www.w3.org/TR/html4/strict.dtd,,,,regex_match_no_context
case3,regex_baseline,url,ascii,964259753,http://www.w3.org/TR/html4/loose.dtd,http://www.w3.org/TR/html4/loose.dtd,,,,regex_match_no_context
case3,regex_baseline,url,ascii,964259799,http://www.w3.org/TR/html4/frameset.dtd,http://www.w3.org/TR/html4/frameset.dtd,,,,regex_match_no_context
case3,regex_baseline,url,ascii,964261801,http://xmlsoft.org/XSLT/namespace,http://xmlsoft.org/XSLT/namespace,,,,regex_match_no_context
case3,regex_baseline,url,ascii,964261835,http://www.jclark.com/xt,http://www.jclark.com/xt,,,,regex_match_no_context
case3,regex_baseline,url,ascii,964261949,http://xmlsoft.org/XSLT/,http://xmlsoft.org/XSLT,,,,regex_match_no_context
case3,regex_baseline,url,ascii,964321711,http://www.w3.org/TR/REC-html40/loose.dtd,http://www.w3.org/TR/REC-html40/loose.dtd,,,,regex_match_no_context
case3,regex_baseline,url,ascii,1024988995,https://crbug.com/v8/8520,https://crbug.com/v8/8520,,,,regex_match_no_context
case3,regex_baseline,url,ascii,1036264397,https://tools.ietf.org/html/rfc6960,https://tools.ietf.org/html/rfc6960,,,,regex_match_no_context
case3,regex_baseline,url,ascii,1036264449,https://tools.ietf.org/html/rfc5280#section-4.2.1.13,https://tools.ietf.org/html/rfc5280,,,,regex_match_no_context
case3,regex_baseline,url,ascii,1054030262,https://cs.chromium.org/,https://cs.chromium.org,,,,regex_match_no_context
case3,regex_baseline,url,ascii,1054030294,https://cs.chromium.org/chromium/src/,https://cs.chromium.org/chromium/src,,,,regex_match_no_context
case3,regex_baseline,url,ascii,1057386971,https://streams.videolan.org/upload/,https://streams.videolan.org/upload,,,,regex_match_no_context
case3,regex_baseline,url,ascii,1086405373,http://www.microsoft.com/networking/WLAN/profile/v1,http://www.microsoft.com/networking/WLAN/profile/v1,,,,regex_match_no_context
case3,regex_baseline,url,ascii,1087482054,https://support.google.com/chrome?p=bluetooth,https://support.google.com/chrome?p=bluetooth,,,,regex_match_no_context
case3,regex_baseline,url,ascii,1096409768,http://schemas.microsoft.com/windows/2003/08/printing/printschemaframework,http://schemas.microsoft.com/windows/2003/08/printing/printschemaframework,,,,regex_match_no_context
case3,regex_baseline,url,ascii,1096409855,http://schemas.microsoft.com/windows/2003/08/printing/printschemakeywords,http://schemas.microsoft.com/windows/2003/08/printing/printschemakeywords,,,,regex_match_no_context
case3,regex_baseline,url,ascii,1097126694,http://schemas.microsoft.com/xps/2005/06,http://schemas.microsoft.com/xps/2005/06,,,,regex_match_no_context
case3,regex_baseline,url,ascii,1110829654,https://secureconnect-pa.clients6.google.com/v1:getManagedAccountsSigninRestriction,https://secureconnect-pa.clients6.google.com/v1:getManagedAccountsSigninRestriction,,,,regex_match_no_context
case3,regex_baseline,url,ascii,1110876118,https://source.chromium.org/chromium/chromium/src/+/main:%s;l=%i;drc:%s,https://source.chromium.org/chromium/chromium/src/+/main:%s;l=%i;drc:%s,,,,regex_match_no_context
case3,regex_baseline,url,ascii,1110893120,http://crbug.com,http://crbug.com,,,,regex_match_no_context
case3,regex_baseline,url,ascii,1118884632,http://www.google.com,http://www.google.com,,,,regex_match_no_context
case3,regex_baseline,url,ascii,1118894388,https://...,https://...,,,,regex_match_no_context
case3,regex_baseline,url,ascii,1118894694,https://www.google.com/accounts/OAuthLogin,https://www.google.com/accounts/OAuthLogin,,,,regex_match_no_context
case3,regex_baseline,url,ascii,1118894742,https://www.googleapis.com/auth/chromeosdevicemanagement,https://www.googleapis.com/auth/chromeosdevicemanagement,,,,regex_match_no_context
case3,regex_baseline,url,ascii,1118894806,https://www.googleapis.com/auth/any-api,https://www.googleapis.com/auth/any-api,,,,regex_match_no_context
case3,regex_baseline,url,ascii,1118894854,https://www.googleapis.com/auth/chromesync,https://www.googleapis.com/auth/chromesync,,,,regex_match_no_context
case3,regex_baseline,url,ascii,1118894902,https://www.googleapis.com/auth/chromesync_playpen,https://www.googleapis.com/auth/chromesync_playpen,,,,regex_match_no_context
case3,regex_baseline,url,ascii,1118894966,https://www.googleapis.com/auth/kid.management.privileged,https://www.googleapis.com/auth/kid.management.privileged,,,,regex_match_no_context
case3,regex_baseline,url,ascii,1118895030,https://www.googleapis.com/auth/kids.supervision.setup.child,https://www.googleapis.com/auth/kids.supervision.setup.child,,,,regex_match_no_context
case3,regex_baseline,url,ascii,1118895094,https://www.googleapis.com/auth/googletalk,https://www.googleapis.com/auth/googletalk,,,,regex_match_no_context
case3,regex_baseline,url,ascii,1118895142,https://www.googleapis.com/auth/userinfo.email,https://www.googleapis.com/auth/userinfo.email,,,,regex_match_no_context
case3,regex_baseline,url,ascii,1118895190,https://www.googleapis.com/auth/userinfo.profile,https://www.googleapis.com/auth/userinfo.profile,,,,regex_match_no_context
case3,regex_baseline,url,ascii,1118895254,https://www.googleapis.com/auth/kids.parentapproval,https://www.googleapis.com/auth/kids.parentapproval,,,,regex_match_no_context
case3,regex_baseline,url,ascii,1118895318,https://www.googleapis.com/auth/peopleapi.readonly,https://www.googleapis.com/auth/peopleapi.readonly,,,,regex_match_no_context
case3,regex_baseline,url,ascii,1118895382,https://www.googleapis.com/auth/accounts.programmaticchallenge,https://www.googleapis.com/auth/accounts.programmaticchallenge,,,,regex_match_no_context
case3,regex_baseline,url,ascii,1118895446,https://www.googleapis.com/auth/accounts.reauth,https://www.googleapis.com/auth/accounts.reauth,,,,regex_match_no_context
case3,regex_baseline,url,ascii,1118895494,https://www.googleapis.com/auth/auditrecording-pa,https://www.googleapis.com/auth/auditrecording-pa,,,,regex_match_no_context
case3,regex_baseline,url,ascii,1118895558,https://www.googleapis.com/auth/cclog,https://www.googleapis.com/auth/cclog,,,,regex_match_no_context
case3,regex_baseline,url,ascii,1118895606,https://www.googleapis.com/auth/firebase.messaging,https://www.googleapis.com/auth/firebase.messaging,,,,regex_match_no_context
case3,regex_baseline,url,ascii,1118895670,https://www.googleapis.com/auth/tachyon,https://www.googleapis.com/auth/tachyon,,,,regex_match_no_context
case3,regex_baseline,url,ascii,1118895718,https://www.googleapis.com/auth/photos,https://www.googleapis.com/auth/photos,,,,regex_match_no_context
case3,regex_baseline,url,ascii,1118895766,https://www.googleapis.com/auth/bce.secureconnect,https://www.googleapis.com/auth/bce.secureconnect,,,,regex_match_no_context
case3,regex_baseline,url,ascii,1118895830,https://www.googleapis.com/auth/cast.backdrop,https://www.googleapis.com/auth/cast.backdrop,,,,regex_match_no_context
case3,regex_baseline,url,ascii,1118895878,https://www.googleapis.com/auth/cloud-translation,https://www.googleapis.com/auth/cloud-translation,,,,regex_match_no_context
case3,regex_baseline,url,ascii,1118895942,https://www.googleapis.com/auth/identity.passwords.leak.check,https://www.googleapis.com/auth/identity.passwords.leak.check,,,,regex_match_no_context
case3,regex_baseline,url,ascii,1118896006,https://www.googleapis.com/auth/chrome-safe-browsing,https://www.googleapis.com/auth/chrome-safe-browsing,,,,regex_match_no_context
case3,regex_baseline,url,ascii,1118896070,https://www.googleapis.com/auth/kid.permission,https://www.googleapis.com/auth/kid.permission,,,,regex_match_no_context
case3,regex_baseline,url,ascii,1118896118,https://www.googleapis.com/auth/kid.family.readonly,https://www.googleapis.com/auth/kid.family.readonly,,,,regex_match_no_context
case3,regex_baseline,url,ascii,1118896182,https://www.googleapis.com/auth/wallet.chrome,https://www.googleapis.com/auth/wallet.chrome,,,,regex_match_no_context
case3,regex_baseline,url,ascii,1118896230,https://www.googleapis.com/auth/cryptauth,https://www.googleapis.com/auth/cryptauth,,,,regex_match_no_context
case3,regex_baseline,url,ascii,1118896278,https://www.googleapis.com/auth/drive,https://www.googleapis.com/auth/drive,,,,regex_match_no_context
case3,regex_baseline,url,ascii,1118896326,https://www.googleapis.com/auth/drive.readonly,https://www.googleapis.com/auth/drive.readonly,,,,regex_match_no_context
case3,regex_baseline,url,ascii,1118896374,https://www.googleapis.com/auth/assistant-sdk-prototype,https://www.googleapis.com/auth/assistant-sdk-prototype,,,,regex_match_no_context
case3,regex_baseline,url,ascii,1118896438,https://www.googleapis.com/auth/cloudplatformprojects,https://www.googleapis.com/auth/cloudplatformprojects,,,,regex_match_no_context
case3,regex_baseline,url,ascii,1118896502,https://www.googleapis.com/auth/nearbysharing-pa,https://www.googleapis.com/auth/nearbysharing-pa,,,,regex_match_no_context
case3,regex_baseline,url,ascii,1118896566,https://www.googleapis.com/auth/gcm,https://www.googleapis.com/auth/gcm,,,,regex_match_no_context
case3,regex_baseline,url,ascii,1118896614,https://www.googleapis.com/auth/android_checkin,https://www.googleapis.com/auth/android_checkin,,,,regex_match_no_context
case3,regex_baseline,url,ascii,1118896662,https://www.googleapis.com/auth/chromewebstore.readonly,https://www.googleapis.com/auth/chromewebstore.readonly,,,,regex_match_no_context
case3,regex_baseline,url,ascii,1118896726,https://www.googleapis.com/auth/account.capabilities,https://www.googleapis.com/auth/account.capabilities,,,,regex_match_no_context
case3,regex_baseline,url,ascii,1118896790,https://www.googleapis.com/auth/supportcontent,https://www.googleapis.com/auth/supportcontent,,,,regex_match_no_context
case3,regex_baseline,url,ascii,1118896966,https://www.googleapis.com/auth/googlenow,https://www.googleapis.com/auth/googlenow,,,,regex_match_no_context
case3,regex_baseline,url,ascii,1118897014,https://www.googleapis.com/auth/chromekanonymity,https://www.googleapis.com/auth/chromekanonymity,,,,regex_match_no_context
case3,regex_baseline,url,ascii,1118897078,https://www.googleapis.com/auth/calendar.readonly,https://www.googleapis.com/auth/calendar.readonly,,,,regex_match_no_context
case3,regex_baseline,url,ascii,1118897142,https://www.googleapis.com/auth/tasks.readonly,https://www.googleapis.com/auth/tasks.readonly,,,,regex_match_no_context
case3,regex_baseline,url,ascii,1118897190,https://www.googleapis.com/auth/tasks,https://www.googleapis.com/auth/tasks,,,,regex_match_no_context
case3,regex_baseline,url,ascii,1118898316,https://developers.google.com/identity/protocols,https://developers.google.com/identity/protocols,,,,regex_match_no_context
case3,regex_baseline,url,ascii,1118918454,https://www.chromium.org/developers/how-tos/api-keys,https://www.chromium.org/developers/how-tos/api-keys,,,,regex_match_no_context
case3,regex_baseline,url,ascii,1137474310,https://clientservices.googleapis.com/chrome-variations/seed,https://clientservices.googleapis.com/chrome-variations/seed,,,,regex_match_no_context
case3,regex_baseline,url,ascii,1137474374,http://clientservices.googleapis.com/chrome-variations/seed,http://clientservices.googleapis.com/chrome-variations/seed,,,,regex_match_no_context
case3,regex_baseline,url,ascii,1175185088,https://crbug.com/703369,https://crbug.com/703369,,,,regex_match_no_context
case3,regex_baseline,url,ascii,1203021871,https://tools.ietf.org/html/rfc3492),https://tools.ietf.org/html/rfc3492),,,,regex_match_no_context
case3,regex_baseline,url,ascii,1203021993,http://tools.ietf.org/html/rfc3986#section-2.1),http://tools.ietf.org/html/rfc3986,,,,regex_match_no_context
case3,regex_baseline,url,ascii,1203047822,http://%s:80,http://%s:80,,,,regex_match_no_context
case3,regex_baseline,url,ascii,1203052246,https://wicg.github.io/nav-speculation/no-vary-search.html,https://wicg.github.io/nav-speculation/no-vary-search.html,,,,regex_match_no_context
case3,regex_baseline,url,ascii,1203052310,https://www.rfc-editor.org/rfc/rfc8941.html#name-dictionaries,https://www.rfc-editor.org/rfc/rfc8941.html,,,,regex_match_no_context
case3,regex_baseline,url,ascii,1281758374,http://www.webrtc.org/experiments/rtp-hdrext/abs-send-time,http://www.webrtc.org/experiments/rtp-hdrext/abs-send-time,,,,regex_match_no_context
case3,regex_baseline,url,ascii,1281758438,http://www.webrtc.org/experiments/rtp-hdrext/abs-capture-time,http://www.webrtc.org/experiments/rtp-hdrext/abs-capture-time,,,,regex_match_no_context
case3,regex_baseline,url,ascii,1281758534,http://www.webrtc.org/experiments/rtp-hdrext/video-content-type,http://www.webrtc.org/experiments/rtp-hdrext/video-content-type,,,,regex_match_no_context
case3,regex_baseline,url,ascii,1281758598,http://www.webrtc.org/experiments/rtp-hdrext/video-timing,http://www.webrtc.org/experiments/rtp-hdrext/video-timing,,,,regex_match_no_context
case3,regex_baseline,url,ascii,1281758662,http://www.webrtc.org/experiments/rtp-hdrext/generic-frame-descriptor-00,http://www.webrtc.org/experiments/rtp-hdrext/generic-frame-descriptor-00,,,,regex_match_no_context
case3,regex_baseline,url,ascii,1281758742,https://aomediacodec.github.io/av1-rtp-spec/#dependency-descriptor-rtp-header-extension,https://aomediacodec.github.io/av1-rtp-spec,,,,regex_match_no_context
case3,regex_baseline,url,ascii,1281758838,http://www.webrtc.org/experiments/rtp-hdrext/video-layers-allocation00,http://www.webrtc.org/experiments/rtp-hdrext/video-layers-allocation00,,,,regex_match_no_context
case3,regex_baseline,url,ascii,1281758918,http://www.ietf.org/id/draft-holmer-rmcat-transport-wide-cc-extensions-01,http://www.ietf.org/id/draft-holmer-rmcat-transport-wide-cc-extensions-01,,,,regex_match_no_context
case3,regex_baseline,url,ascii,1281758998,http://www.webrtc.org/experiments/rtp-hdrext/transport-wide-cc-02,http://www.webrtc.org/experiments/rtp-hdrext/transport-wide-cc-02,,,,regex_match_no_context
case3,regex_baseline,url,ascii,1281759078,http://www.webrtc.org/experiments/rtp-hdrext/playout-delay,http://www.webrtc.org/experiments/rtp-hdrext/playout-delay,,,,regex_match_no_context
case3,regex_baseline,url,ascii,1281759142,http://www.webrtc.org/experiments/rtp-hdrext/color-space,http://www.webrtc.org/experiments/rtp-hdrext/color-space,,,,regex_match_no_context
case3,regex_baseline,url,ascii,1281759366,http://www.webrtc.org/experiments/rtp-hdrext/video-frame-tracking-id,http://www.webrtc.org/experiments/rtp-hdrext/video-frame-tracking-id,,,,regex_match_no_context
case3,regex_baseline,url,ascii,1282552401,https://crbug.com/1053756,https://crbug.com/1053756,,,,regex_match_no_context
case3,regex_baseline,url,ascii,1282614058,http://crl.globalsign.net/root-r2.crl0,http://crl.globalsign.net/root-r2.crl0,,,,regex_match_no_context
case3,regex_baseline,url,ascii,1282624888,http://www2.public-trust.com/crl/ct/ctroot.crl0,http://www2.public-trust.com/crl/ct/ctroot.crl0,,,,regex_match_no_context
case3,regex_baseline,url,ascii,1282720214,http://www.webrtc.org/experiments/rtp-hdrext/inband-cn,http://www.webrtc.org/experiments/rtp-hdrext/inband-cn,,,,regex_match_no_context
case3,regex_baseline,url,ascii,1283220450,https://webrtc.googlesource.com/src/+/refs/heads/main/docs/native-code/rtp-hdrext/playout-delay/,https://webrtc.googlesource.com/src/+/refs/heads/main/docs/native-code/rtp-hdrext/playout-delay,,,,regex_match_no_context
case3,regex_baseline,url,ascii,1301214199,https://chromium.googlesource.com/chromium/src/+/main/net/tools/stitch_net_log_files.py,https://chromium.googlesource.com/chromium/src/+/main/net/tools/stitch_net_log_files.py,,,,regex_match_no_context
case3,regex_baseline,url,ascii,1301255980,https://my-pac-script.invalid/wpad.dat,https://my-pac-script.invalid/wpad.dat,,,,regex_match_no_context
case3,regex_baseline,url,ascii,1301259126,http://wpad/wpad.dat,http://wpad/wpad.dat,,,,regex_match_no_context
case3,regex_baseline,url,ascii,1301453005,http://www.firmaprofesional.com/cps0,http://www.firmaprofesional.com/cps0,,,,regex_match_no_context
case3,regex_baseline,url,ascii,1301463119,http://www.d-trust.net/crl/d-trust_root_class_3_ca_2_2009.crl0,http://www.d-trust.net/crl/d-trust_root_class_3_ca_2_2009.crl0,,,,regex_match_no_context
case3,regex_baseline,url,ascii,1301464211,http://www.d-trust.net/crl/d-trust_root_class_3_ca_2_ev_2009.crl0,http://www.d-trust.net/crl/d-trust_root_class_3_ca_2_ev_2009.crl0,,,,regex_match_no_context
case3,regex_baseline,url,ascii,1301467438,https://wwww.certigna.fr/autorites/0m,https://wwww.certigna.fr/autorites/0m,,,,regex_match_no_context
case3,regex_baseline,url,ascii,1301467492,http://crl.certigna.fr/certignarootca.crl01,http://crl.certigna.fr/certignarootca.crl01,,,,regex_match_no_context
case3,regex_baseline,url,ascii,1301467541,http://crl.dhimyotis.com/certignarootca.crl0,http://crl.dhimyotis.com/certignarootca.crl0,,,,regex_match_no_context
case3,regex_baseline,url,ascii,1301509035,http://www.accv.es/fileadmin/Archivos/certificados/raizaccv1.crt0,http://www.accv.es/fileadmin/Archivos/certificados/raizaccv1.crt0,,,,regex_match_no_context
case3,regex_baseline,url,ascii,1301509113,http://ocsp.accv.es0,http://ocsp.accv.es0,,,,regex_match_no_context
case3,regex_baseline,url,ascii,1301509552,http://www.accv.es/legislacion_c.htm0U,http://www.accv.es/legislacion_c.htm0U,,,,regex_match_no_context
case3,regex_baseline,url,ascii,1301511102,http://www.cert.fnmt.es/dpcs/0,http://www.cert.fnmt.es/dpcs/0,,,,regex_match_no_context
case3,regex_baseline,url,ascii,1301528894,http://www.quovadisglobal.com/cps0,http://www.quovadisglobal.com/cps0,,,,regex_match_no_context
case3,regex_baseline,url,ascii,1301543982,http://crl.securetrust.com/SGCA.crl0,http://crl.securetrust.com/SGCA.crl0,,,,regex_match_no_context
case3,regex_baseline,url,ascii,1301547843,http://crl.xrampsecurity.com/XGCA.crl0,http://crl.xrampsecurity.com/XGCA.crl0,,,,regex_match_no_context
case3,regex_baseline,url,ascii,1301548801,http://crl.securetrust.com/STCA.crl0,http://crl.securetrust.com/STCA.crl0,,,,regex_match_no_context
case3,regex_baseline,url,ascii,1301557109,http://repository.swisssign.com/0,http://repository.swisssign.com/0,,,,regex_match_no_context
case3,regex_baseline,url,ascii,1301676409,https://alekberg.net/privacy,https://alekberg.net/privacy,,,,regex_match_no_context
case3,regex_baseline,url,ascii,1301676456,https://dnsnl.alekberg.net/dns-query,https://dnsnl.alekberg.net/dns-query,,,,regex_match_no_context
case3,regex_baseline,url,ascii,1301676510,https://doh.cleanbrowsing.org/doh/adult-filter,https://doh.cleanbrowsing.org/doh/adult-filter,,,,regex_match_no_context
case3,regex_baseline,url,ascii,1301676677,https://cleanbrowsing.org/privacy,https://cleanbrowsing.org/privacy,,,,regex_match_no_context
case3,regex_baseline,url,ascii,1301676741,https://doh.cleanbrowsing.org/doh/family-filter,https://doh.cleanbrowsing.org/doh/family-filter,,,,regex_match_no_context
case3,regex_baseline,url,ascii,1301676911,https://doh.cleanbrowsing.org/doh/security-filter,https://doh.cleanbrowsing.org/doh/security-filter,,,,regex_match_no_context
case3,regex_baseline,url,ascii,1301677083,https://developers.cloudflare.com/1.1.1.1/privacy/public-dns-resolver/,https://developers.cloudflare.com/1.1.1.1/privacy/public-dns-resolver,,,,regex_match_no_context
case3,regex_baseline,url,ascii,1301677175,https://chrome.cloudflare-dns.com/dns-query,https://chrome.cloudflare-dns.com/dns-query,,,,regex_match_no_context
case3,regex_baseline,url,ascii,1301677337,https://doh.xfinity.com/dns-query,https://doh.xfinity.com/dns-query,,,,regex_match_no_context
case3,regex_baseline,url,ascii,1301677459,https://doh.cox.net/dns-query,https://doh.cox.net/dns-query,,,,regex_match_no_context
case3,regex_baseline,url,ascii,1301677550,https://www.nic.cz/odvr/,https://www.nic.cz/odvr,,,,regex_match_no_context
case3,regex_baseline,url,ascii,1301677587,https://odvr.nic.cz/doh,https://odvr.nic.cz/doh,,,,regex_match_no_context
case3,regex_baseline,url,ascii,1301677696,https://dns.sb/privacy/,https://dns.sb/privacy,,,,regex_match_no_context
case3,regex_baseline,url,ascii,1301677727,https://doh.dns.sb/dns-query,https://doh.dns.sb/dns-query,,,,regex_match_no_context
case3,regex_baseline,url,ascii,1301677817,https://developers.google.com/speed/public-dns/privacy,https://developers.google.com/speed/public-dns/privacy,,,,regex_match_no_context
case3,regex_baseline,url,ascii,1301677892,https://dns.google/dns-query,https://dns.google/dns-query,,,,regex_match_no_context
case3,regex_baseline,url,ascii,1301678023,https://dns64.dns.google/dns-query,https://dns64.dns.google/dns-query,,,,regex_match_no_context
case3,regex_baseline,url,ascii,1301678136,https://public.dns.iij.jp/,https://public.dns.iij.jp,,,,regex_match_no_context
case3,regex_baseline,url,ascii,1301678180,https://public.dns.iij.jp/dns-query,https://public.dns.iij.jp/dns-query,,,,regex_match_no_context
case3,regex_baseline,url,ascii,1301678223,https://nextdns.io/privacy,https://nextdns.io/privacy,,,,regex_match_no_context
case3,regex_baseline,url,ascii,1301678258,https://chromium.dns.nextdns.io,https://chromium.dns.nextdns.io,,,,regex_match_no_context
case3,regex_baseline,url,ascii,1301678298,https://www.cisco.com/c/en/us/about/legal/privacy-full.html,https://www.cisco.com/c/en/us/about/legal/privacy-full.html,,,,regex_match_no_context
case3,regex_baseline,url,ascii,1301678366,https://doh.opendns.com/dns-query,https://doh.opendns.com/dns-query,,,,regex_match_no_context
case3,regex_baseline,url,ascii,1301678468,https://doh.familyshield.opendns.com/dns-query,https://doh.familyshield.opendns.com/dns-query,,,,regex_match_no_context
case3,regex_baseline,url,ascii,1301678599,https://dns11.quad9.net/dns-query,https://dns11.quad9.net/dns-query,,,,regex_match_no_context
case3,regex_baseline,url,ascii,1301678709,https://dns10.quad9.net/dns-query,https://dns10.quad9.net/dns-query,,,,regex_match_no_context
case3,regex_baseline,url,ascii,1301678824,https://www.quad9.net/home/privacy/,https://www.quad9.net/home/privacy,,,,regex_match_no_context
case3,regex_baseline,url,ascii,1301678876,https://dns.quad9.net/dns-query,https://dns.quad9.net/dns-query,,,,regex_match_no_context
case3,regex_baseline,url,ascii,1301678996,https://doh.quickline.ch/dns-query,https://doh.quickline.ch/dns-query,,,,regex_match_no_context
case3,regex_baseline,url,ascii,1301679134,https://doh-01.spectrum.com/dns-query,https://doh-01.spectrum.com/dns-query,,,,regex_match_no_context
case3,regex_baseline,url,ascii,1301679260,https://doh-02.spectrum.com/dns-query,https://doh-02.spectrum.com/dns-query,,,,regex_match_no_context
case3,regex_baseline,url,ascii,1303210934,https://log.getdropbox.com/hpkp,https://log.getdropbox.com/hpkp,,,,regex_match_no_context
case3,regex_baseline,url,ascii,1303211110,http://clients3.google.com/cert_upload_json,http://clients3.google.com/cert_upload_json,,,,regex_match_no_context
case3,regex_baseline,url,ascii,1303211222,http://report-example.test/test,http://report-example.test/test,,,,regex_match_no_context
case3,regex_baseline,url,ascii,1303211686,http://l.twimg.com/i/hpkp_report,http://l.twimg.com/i/hpkp_report,,,,regex_match_no_context
case3,regex_baseline,url,ascii,1303212038,http://csp.yahoo.com/beacon/csp?src=yahoocom-hpkp-report-only,http://csp.yahoo.com/beacon/csp?src=yahoocom-hpkp-report-only,,,,regex_match_no_context
case3,regex_baseline,url,utf-16le,1301509503,http://www.accv.e,http://www.accv.e,,,,regex_match_no_context
case3,regex_baseline,url,ascii,1333072472,https://crbug.com/new,https://crbug.com/new,,,,regex_match_no_context
case3,regex_baseline,url,ascii,1333948067,https://www.w3.org/TR/mse-byte-stream-format-isobmff/#movie-fragment-relative-addressing,https://www.w3.org/TR/mse-byte-stream-format-isobmff,,,,regex_match_no_context
case3,regex_baseline,url,ascii,1356831542,http://ns.adobe.com/xap/1.0/,http://ns.adobe.com/xap/1.0,,,,regex_match_no_context
case3,regex_baseline,url,ascii,1357375734,http://www.color.org,http://www.color.org,,,,regex_match_no_context
case3,regex_baseline,url,ascii,1357387588,http://www.w3.org/1999/02/22-rdf-syntax-ns#,http://www.w3.org/1999/02/22-rdf-syntax-ns,,,,regex_match_no_context
case3,regex_baseline,url,ascii,1357387717,http://purl.org/dc/elements/1.1/,http://purl.org/dc/elements/1.1,,,,regex_match_no_context
case3,regex_baseline,url,ascii,1357387765,http://ns.adobe.com/xap/1.0/mm/,http://ns.adobe.com/xap/1.0/mm,,,,regex_match_no_context
case3,regex_baseline,url,ascii,1357387810,http://ns.adobe.com/pdf/1.3/,http://ns.adobe.com/pdf/1.3,,,,regex_match_no_context
case3,regex_baseline,url,ascii,1357387855,http://www.aiim.org/pdfa/ns/id/,http://www.aiim.org/pdfa/ns/id,,,,regex_match_no_context
case3,regex_baseline,url,ascii,1445009350,https://server1.example,https://server1.example,,,,regex_match_no_context
case3,regex_baseline,url,ascii,1445009374,https://server2.example,https://server2.example,,,,regex_match_no_context
case3,regex_baseline,url,ascii,1445016913,https://github.com/WICG/attribution-reporting-api).,https://github.com/WICG/attribution-reporting-api).,,,,regex_match_no_context
case3,regex_baseline,url,ascii,1445017834,https://publickeyservice.aws.privacysandboxservices.com/v1alpha/publicKeys,https://publickeyservice.aws.privacysandboxservices.com/v1alpha/publicKeys,,,,regex_match_no_context
case3,regex_baseline,url,ascii,1445241126,https://chrome-devtools-frontend.appspot.com/serve_rev/%s/%s.html,https://chrome-devtools-frontend.appspot.com/serve_rev/%s/%s.html,,,,regex_match_no_context
case3,regex_baseline,url,ascii,1445648993,https://w3c.github.io/encrypted-media/#direct-individualization.,https://w3c.github.io/encrypted-media,,,,regex_match_no_context
case3,regex_baseline,url,ascii,1445700399,https://www.chromium.org/blink/origin-trials/portals,https://www.chromium.org/blink/origin-trials/portals,,,,regex_match_no_context
case3,regex_baseline,url,ascii,1445743445,https://crbug.com/1176054,https://crbug.com/1176054,,,,regex_match_no_context
case3,regex_baseline,url,ascii,1445754184,https://crbug.com/401439).,https://crbug.com/401439).,,,,regex_match_no_context
case3,regex_baseline,url,ascii,1445786061,https://www.w3.org/TR/powerful-features/#potentially-trustworthy-origin,https://www.w3.org/TR/powerful-features,,,,regex_match_no_context
case3,regex_baseline,url,ascii,1445786137,https://html.spec.whatwg.org/#the-cross-origin-opener-policy-header.,https://html.spec.whatwg.org,,,,regex_match_no_context
case3,regex_baseline,url,ascii,1445933217,https://developer.chrome.com/en/docs/privacy-sandbox/fenced-frame/#examples,https://developer.chrome.com/en/docs/privacy-sandbox/fenced-frame,,,,regex_match_no_context
case3,regex_baseline,url,ascii,1445937899,https://www.chromestatus.com/feature/5669008342777856,https://www.chromestatus.com/feature/5669008342777856,,,,regex_match_no_context
case3,regex_baseline,url,ascii,1445938489,https://www.chromestatus.com/feature/5742188281462784.,https://www.chromestatus.com/feature/5742188281462784.,,,,regex_match_no_context
case3,regex_baseline,url,ascii,1445995670,https://monitoring.url.loader.factory.invalid,https://monitoring.url.loader.factory.invalid,,,,regex_match_no_context
case3,regex_baseline,url,ascii,1446001366,https://www.gstatic.com/securitykey/origins.json,https://www.gstatic.com/securitykey/origins.json,,,,regex_match_no_context
case3,regex_baseline,url,ascii,1446001430,https://www.gstatic.com/securitykey/a/google.com/origins.json,https://www.gstatic.com/securitykey/a/google.com/origins.json,,,,regex_match_no_context
case3,regex_baseline,url,ascii,1446322705,https://www.chromestatus.com/feature/5148698084376576,https://www.chromestatus.com/feature/5148698084376576,,,,regex_match_no_context
case3,regex_baseline,url,ascii,1446332172,https://crbug.com/1376879#c44),https://crbug.com/1376879,,,,regex_match_no_context
case3,regex_baseline,url,ascii,1446373765,https://goo.gl/yabPex,https://goo.gl/yabPex,,,,regex_match_no_context
case3,regex_baseline,url,ascii,1446503638,https://www.google.com/speech-api/full-duplex/v1,https://www.google.com/speech-api/full-duplex/v1,,,,regex_match_no_context
case3,regex_baseline,url,ascii,1446741110,https://www.googleapis.com/geolocation/v1/geolocate,https://www.googleapis.com/geolocation/v1/geolocate,,,,regex_match_no_context
case3,regex_baseline,url,ascii,1447769270,https://crbug.com/845683,https://crbug.com/845683,,,,regex_match_no_context
case3,regex_baseline,url,ascii,1447819379,https://goo.gl/rStTGz,https://goo.gl/rStTGz,,,,regex_match_no_context
case3,regex_baseline,url,ascii,1448601909,http://www.winimage.com/zLibDll,http://www.winimage.com/zLibDll,,,,regex_match_no_context
case3,regex_baseline,url,ascii,1679758774,https://passwordsleakcheck-pa.googleapis.com/v1/leaks:lookupSingle,https://passwordsleakcheck-pa.googleapis.com/v1/leaks:lookupSingle,,,,regex_match_no_context
case3,regex_baseline,url,ascii,1680006275,https://www.chromestatus.com/feature/5706745674465280,https://www.chromestatus.com/feature/5706745674465280,,,,regex_match_no_context
case3,regex_baseline,url,ascii,1680006427,https://www.chromestatus.com/feature/6311883621531648,https://www.chromestatus.com/feature/6311883621531648,,,,regex_match_no_context
case3,regex_baseline,url,ascii,1680035624,https://www.chromestatus.com/feature/6443143280984064,https://www.chromestatus.com/feature/6443143280984064,,,,regex_match_no_context
case3,regex_baseline,url,ascii,1680045344,https://support.google.com/webtools/answer/9799048.,https://support.google.com/webtools/answer/9799048.,,,,regex_match_no_context
case3,regex_baseline,url,ascii,1680046019,https://support.google.com/webtools/answer/9799048,https://support.google.com/webtools/answer/9799048,,,,regex_match_no_context
case3,regex_baseline,url,ascii,1680064230,https://webpermissionpredictions.googleapis.com/v1:generatePredictions,https://webpermissionpredictions.googleapis.com/v1:generatePredictions,,,,regex_match_no_context
case3,regex_baseline,url,ascii,1680121190,https://safebrowsing.google.com/safebrowsing,https://safebrowsing.google.com/safebrowsing,,,,regex_match_no_context
case3,regex_baseline,url,ascii,1680121318,https://safebrowsing.googleapis.com/v4,https://safebrowsing.googleapis.com/v4,,,,regex_match_no_context
case3,regex_baseline,url,ascii,1680147654,https://sb-ssl.google.com/safebrowsing/clientreport/login,https://sb-ssl.google.com/safebrowsing/clientreport/login,,,,regex_match_no_context
case3,regex_baseline,url,ascii,1680178150,https://chrome.google.com/webstore/detail/%s,https://chrome.google.com/webstore/detail/%s,,,,regex_match_no_context
case3,regex_baseline,url,ascii,1680343339,http://crbug.com/454513,http://crbug.com/454513,,,,regex_match_no_context
case3,regex_baseline,url,ascii,1680430758,https://developer.chrome.com/apps/declare_permissions.html,https://developer.chrome.com/apps/declare_permissions.html,,,,regex_match_no_context
case3,regex_baseline,url,ascii,1680430822,https://developer.chrome.com/extensions/manifest.html#permissions,https://developer.chrome.com/extensions/manifest.html,,,,regex_match_no_context
case3,regex_baseline,url,ascii,1680462902,http://www.google.com/update2/response,http://www.google.com/update2/response,,,,regex_match_no_context
case3,regex_baseline,url,ascii,1681176877,https://goo.gle/improved-pwa-offline-detection,https://goo.gle/improved-pwa-offline-detection,,,,regex_match_no_context
case3,regex_baseline,url,ascii,1681193990,https://google.com/cast#__castAppId__=,https://google.com/cast,,,,regex_match_no_context
case3,regex_baseline,url,ascii,1681267782,https://sb-ssl.google.com/safebrowsing/clientreport/phishing,https://sb-ssl.google.com/safebrowsing/clientreport/phishing,,,,regex_match_no_context
case3,regex_baseline,url,ascii,1681282886,https://history.google.com/history/api/lookup?client=aesb,https://history.google.com/history/api/lookup?client=aesb,,,,regex_match_no_context
case3,regex_baseline,url,ascii,1681323478,https://www.googleapis.com/spelling/v%d/spelling/check?key=%s,https://www.googleapis.com/spelling/v%d/spelling/check?key=%s,,,,regex_match_no_context
case3,regex_baseline,url,ascii,1682002946,https://%s%s,https://%s%s,,,,regex_match_no_context
case3,regex_baseline,url,ascii,1682094438,https://safesearch.googleapis.com/v1:classify,https://safesearch.googleapis.com/v1:classify,,,,regex_match_no_context
case3,regex_baseline,url,ascii,1682249809,https://www.chromestatus.com/feature/5243055179300864,https://www.chromestatus.com/feature/5243055179300864,,,,regex_match_no_context
case3,regex_baseline,url,ascii,1682274966,https://memex-pa.googleapis.com/v1/shopping/subscriptions,https://memex-pa.googleapis.com/v1/shopping/subscriptions,,,,regex_match_no_context
case3,regex_baseline,url,ascii,1682281254,https://www.googleapis.com/auth/chromememex,https://www.googleapis.com/auth/chromememex,,,,regex_match_no_context
case3,regex_baseline,url,ascii,1682281382,https://memex-pa.googleapis.com/v1/notifications/preferences,https://memex-pa.googleapis.com/v1/notifications/preferences,,,,regex_match_no_context
case3,regex_baseline,url,ascii,1682281494,https://history.google.com/history/api/lookup?client=web_app,https://history.google.com/history/api/lookup?client=web_app,,,,regex_match_no_context
case3,regex_baseline,url,ascii,1682468678,https://connectivitycheck.gstatic.com/generate_204,https://connectivitycheck.gstatic.com/generate_204,,,,regex_match_no_context
case3,regex_baseline,url,ascii,1682608998,https://dl.google.com/dl/softwareremovaltool/win/,https://dl.google.com/dl/softwareremovaltool/win,,,,regex_match_no_context
case3,regex_baseline,url,ascii,1682695926,https://discover-pa.googleapis.com/,https://discover-pa.googleapis.com,,,,regex_match_no_context
case3,regex_baseline,url,ascii,1682697190,https://www.google.com/httpservice/noretry/TrellisClankService/FeedQuery,https://www.google.com/httpservice/noretry/TrellisClankService/FeedQuery,,,,regex_match_no_context
case3,regex_baseline,url,ascii,1682697263,https://www.google.com/httpservice/retry/TrellisClankService/NextPageQuery,https://www.google.com/httpservice/retry/TrellisClankService/NextPageQuery,,,,regex_match_no_context
case3,regex_baseline,url,ascii,1682697338,https://www.google.com/httpservice/retry/TrellisClankService/FeedQuery,https://www.google.com/httpservice/retry/TrellisClankService/FeedQuery,,,,regex_match_no_context
case3,regex_baseline,url,ascii,1682758522,https://www.chromestatus.com/feature/4800491902992384?utm_source=devtools,https://www.chromestatus.com/feature/4800491902992384?utm_source=devtools,,,,regex_match_no_context
case3,regex_baseline,url,ascii,1682781569,https://ckintersect-pa.googleapis.com/v1/intersect/pixels,https://ckintersect-pa.googleapis.com/v1/intersect/pixels,,,,regex_match_no_context
case3,regex_baseline,url,ascii,1682781644,https://ckintersect-pa.googleapis.com/v1/intersect/langs,https://ckintersect-pa.googleapis.com/v1/intersect/langs,,,,regex_match_no_context
case3,regex_baseline,url,ascii,1682817624,https://remotedesktop.google.com,https://remotedesktop.google.com,,,,regex_match_no_context
case3,regex_baseline,url,ascii,1682817657,https://remotedesktop.corp.google.com,https://remotedesktop.corp.google.com,,,,regex_match_no_context
case3,regex_baseline,url,ascii,1683224187,http://schemas.microsoft.com/office/word/2003/wordml,http://schemas.microsoft.com/office/word/2003/wordml,,,,regex_match_no_context
case3,regex_baseline,url,ascii,1683431123,https://chromestatus.com/feature/5680742077038592,https://chromestatus.com/feature/5680742077038592,,,,regex_match_no_context
case3,regex_baseline,url,ascii,1683468454,https://g.co/Pixelbook/legal,https://g.co/Pixelbook/legal,,,,regex_match_no_context
case3,regex_baseline,url,ascii,1683468486,https://g.co/PixelSlate/legal,https://g.co/PixelSlate/legal,,,,regex_match_no_context
case3,regex_baseline,url,ascii,1683471910,https://support.google.com/chrome/a/?p=cast_to_class_teacher,https://support.google.com/chrome/a?p=cast_to_class_teacher,,,,regex_match_no_context
case3,regex_baseline,url,ascii,1683471974,https://support.google.com/chrome/?p=image_descriptions,https://support.google.com/chrome?p=image_descriptions,,,,regex_match_no_context
case3,regex_baseline,url,ascii,1683472038,https://support.google.com/chrome/?p=ad_privacy,https://support.google.com/chrome?p=ad_privacy,,,,regex_match_no_context
case3,regex_baseline,url,ascii,1683472086,https://support.google.com/chrome/?p=ui_automatic_settings_reset,https://support.google.com/chrome?p=ui_automatic_settings_reset,,,,regex_match_no_context
case3,regex_baseline,url,ascii,1683472166,https://support.google.com/accounts/accounts?p=safe-browsing,https://support.google.com/accounts/accounts?p=safe-browsing,,,,regex_match_no_context
case3,regex_baseline,url,ascii,1683472278,https://support.google.com/chrome/?p=chrome_battery_saver,https://support.google.com/chrome?p=chrome_battery_saver,,,,regex_match_no_context
case3,regex_baseline,url,ascii,1683472390,https://support.google.com/chromecast/?p=casting_cloud_services,https://support.google.com/chromecast?p=casting_cloud_services,,,,regex_match_no_context
case3,regex_baseline,url,ascii,1683472454,https://support.google.com/chromecast/?p=no_cast_destination,https://support.google.com/chromecast?p=no_cast_destination,,,,regex_match_no_context
case3,regex_baseline,url,ascii,1683472518,https://support.google.com/chrome?p=webhid,https://support.google.com/chrome?p=webhid,,,,regex_match_no_context
case3,regex_baseline,url,ascii,1683472566,https://support.google.com/chrome?p=webserial,https://support.google.com/chrome?p=webserial,,,,regex_match_no_context
case3,regex_baseline,url,ascii,1683472614,https://support.google.com/chrome?p=webusb,https://support.google.com/chrome?p=webusb,,,,regex_match_no_context
case3,regex_baseline,url,ascii,1683472662,https://support.google.com/chrome/?p=beta_forum,https://support.google.com/chrome?p=beta_forum,,,,regex_match_no_context
case3,regex_baseline,url,ascii,1683472710,https://support.google.com/chrome?p=fix_chrome_updates,https://support.google.com/chrome?p=fix_chrome_updates,,,,regex_match_no_context
case3,regex_baseline,url,ascii,1683472774,https://support.google.com/chrome/?p=help&ctx=keyboard,https://support.google.com/chrome?p=help&ctx=keyboard,,,,regex_match_no_context
case3,regex_baseline,url,ascii,1683472838,https://support.google.com/chrome/?p=help&ctx=menu,https://support.google.com/chrome?p=help&ctx=menu,,,,regex_match_no_context
case3,regex_baseline,url,ascii,1683472902,https://support.google.com/chrome/?p=help&ctx=settings,https://support.google.com/chrome?p=help&ctx=settings,,,,regex_match_no_context
case3,regex_baseline,url,ascii,1683473222,https://support.google.com/chrome/?p=settings_manage_exceptions,https://support.google.com/chrome?p=settings_manage_exceptions,,,,regex_match_no_context
case3,regex_baseline,url,ascii,1683473286,https://support.google.com/chrome?p=cpn_cookies,https://support.google.com/chrome?p=cpn_cookies,,,,regex_match_no_context
case3,regex_baseline,url,ascii,1683473334,https://support.google.com/chrome/?p=e_awsnap,https://support.google.com/chrome?p=e_awsnap,,,,regex_match_no_context
case3,regex_baseline,url,ascii,1683473382,https://support.google.com/chrome/?p=e_awsnap_rl,https://support.google.com/chrome?p=e_awsnap_rl,,,,regex_match_no_context
case3,regex_baseline,url,ascii,1683473446,https://support.google.com/chrome/?p=settings_do_not_track,https://support.google.com/chrome?p=settings_do_not_track,,,,regex_match_no_context
case3,regex_baseline,url,ascii,1683473510,https://support.google.com/chrome/?p=ui_download_errors,https://support.google.com/chrome?p=ui_download_errors,,,,regex_match_no_context
case3,regex_baseline,url,ascii,1683473574,https://support.google.com/chrome/?p=ib_download_blocked,https://support.google.com/chrome?p=ib_download_blocked,,,,regex_match_no_context
case3,regex_baseline,url,ascii,1683473638,https://support.google.com/chrome/?p=ui_settings_api_extension,https://support.google.com/chrome?p=ui_settings_api_extension,,,,regex_match_no_context
case3,regex_baseline,url,ascii,1683473734,https://developer.chrome.com/docs/privacy-sandbox/first-party-sets/,https://developer.chrome.com/docs/privacy-sandbox/first-party-sets,,,,regex_match_no_context
case3,regex_baseline,url,ascii,1683473814,https://blog.chromium.org/2017/07/so-long-and-thanks-for-all-flash.html,https://blog.chromium.org/2017/07/so-long-and-thanks-for-all-flash.html,,,,regex_match_no_context
case3,regex_baseline,url,ascii,1683473894,https://myaccount.google.com/activitycontrols/search,https://myaccount.google.com/activitycontrols/search,,,,regex_match_no_context
case3,regex_baseline,url,ascii,1683473958,https://myaccount.google.com/activitycontrols/search&utm_source=chrome&utm_medium=privacy-guide,https://myaccount.google.com/activitycontrols/search&utm_source=chrome&utm_medium=privacy-guide,,,,regex_match_no_context
case3,regex_baseline,url,ascii,1683474054,https://myaccount.google.com/language,https://myaccount.google.com/language,,,,regex_match_no_context
case3,regex_baseline,url,ascii,1683474134,https://accounts.google.com/AccountChooser,https://accounts.google.com/AccountChooser,,,,regex_match_no_context
case3,regex_baseline,url,ascii,1683474182,https://myaccount.google.com/device-activity?utm_source=chrome,https://myaccount.google.com/device-activity?utm_source=chrome,,,,regex_match_no_context
case3,regex_baseline,url,ascii,1683474246,https://passwords.google.com,https://passwords.google.com,,,,regex_match_no_context
case3,regex_baseline,url,ascii,1683474278,https://photos.google.com,https://photos.google.com,,,,regex_match_no_context
case3,regex_baseline,url,ascii,1683474310,https://support.google.com/chrome/?p=chrome_memory_saver,https://support.google.com/chrome?p=chrome_memory_saver,,,,regex_match_no_context
case3,regex_baseline,url,ascii,1683474374,https://support.google.com/chrome/?p=ui_usagestat,https://support.google.com/chrome?p=ui_usagestat,,,,regex_match_no_context
case3,regex_baseline,url,ascii,1683474438,https://support.google.com/chrome/?p=is_chrome_managed,https://support.google.com/chrome?p=is_chrome_managed,,,,regex_match_no_context
case3,regex_baseline,url,ascii,1683474502,https://support.google.com/chrome/?p=mixed_content_downloads,https://support.google.com/chrome?p=mixed_content_downloads,,,,regex_match_no_context
case3,regex_baseline,url,ascii,1683474566,https://myactivity.google.com/myactivity?utm_source=chrome_cbd,https://myactivity.google.com/myactivity?utm_source=chrome_cbd,,,,regex_match_no_context
case3,regex_baseline,url,ascii,1683474630,https://support.google.com/chrome/?p=settings_omnibox,https://support.google.com/chrome?p=settings_omnibox,,,,regex_match_no_context
case3,regex_baseline,url,ascii,1683474694,https://support.google.com/chrome/?p=ui_security_indicator,https://support.google.com/chrome?p=ui_security_indicator,,,,regex_match_no_context
case3,regex_baseline,url,ascii,1683474758,https://support.google.com/chrome/?p=settings_password#leak_detection_privacy,https://support.google.com/chrome?p=settings_password,,,,regex_match_no_context
case3,regex_baseline,url,ascii,1683474838,https://support.google.com/chrome/answer/7570435,https://support.google.com/chrome/answer/7570435,,,,regex_match_no_context
case3,regex_baseline,url,ascii,1683474966,https://pay.google.com/payments/home?utm_source=chrome&utm_medium=settings&utm_campaign=chrome-payment#paymentMethods,https://pay.google.com/payments/home?utm_source=chrome&utm_medium=settings&utm_campaign=chrome-payment,,,,regex_match_no_context
case3,regex_baseline,url,ascii,1683475094,https://support.google.com/chrome/answer/142893?visit_id=636857416902558798-696405304&p=settings_autofill&rd=1,https://support.google.com/chrome/answer/142893?visit_id=636857416902558798-696405304&p=settings_autofill&rd=1,,,,regex_match_no_context
case3,regex_baseline,url,ascii,1683475206,https://support.google.com/chrome/?p=settings_privacy,https://support.google.com/chrome?p=settings_privacy,,,,regex_match_no_context
case3,regex_baseline,url,ascii,1683475270,https://support.google.com/chrome/?p=ui_remove_non_cws_extensions,https://support.google.com/chrome?p=ui_remove_non_cws_extensions,,,,regex_match_no_context
case3,regex_baseline,url,ascii,1683475350,https://support.google.com/chrome/?p=ui_reset_settings,https://support.google.com/chrome?p=ui_reset_settings,,,,regex_match_no_context
case3,regex_baseline,url,ascii,1683475414,https://support.google.com/chrome?p=cpn_safe_browsing,https://support.google.com/chrome?p=cpn_safe_browsing,,,,regex_match_no_context
case3,regex_baseline,url,ascii,1683475478,https://support.google.com/chrome/?p=safety_tip,https://support.google.com/chrome?p=safety_tip,,,,regex_match_no_context
case3,regex_baseline,url,ascii,1683475526,https://myactivity.google.com/product/search?utm_source=chrome_cbd,https://myactivity.google.com/product/search?utm_source=chrome_cbd,,,,regex_match_no_context
case3,regex_baseline,url,ascii,1683475606,https://support.google.com/accounts/answer/32040,https://support.google.com/accounts/answer/32040,,,,regex_match_no_context
case3,regex_baseline,url,ascii,1683475670,https://support.google.com/chrome/?p=settings_search_help,https://support.google.com/chrome?p=settings_search_help,,,,regex_match_no_context
case3,regex_baseline,url,ascii,1683475734,https://support.google.com/chrome?p=syncgoogleservices,https://support.google.com/chrome?p=syncgoogleservices,,,,regex_match_no_context
case3,regex_baseline,url,ascii,1683475798,https://support.google.com/chrome/?p=settings_encryption,https://support.google.com/chrome?p=settings_encryption,,,,regex_match_no_context
case3,regex_baseline,url,ascii,1683475862,https://support.google.com/chrome/?p=settings_sync_error,https://support.google.com/chrome?p=settings_sync_error,,,,regex_match_no_context
case3,regex_baseline,url,ascii,1683475926,https://www.google.com/settings/chrome/sync,https://www.google.com/settings/chrome/sync,,,,regex_match_no_context
case3,regex_baseline,url,ascii,1683475974,https://support.google.com/chrome/?p=settings_sign_in,https://support.google.com/chrome?p=settings_sign_in,,,,regex_match_no_context
case3,regex_baseline,url,ascii,1683476038,https://support.google.com/chrome/a/?p=profile_separation,https://support.google.com/chrome/a?p=profile_separation,,,,regex_match_no_context
case3,regex_baseline,url,ascii,1683476102,https://passwords.google.com/encryption/enroll?utm_source=chrome&utm_medium=desktop&utm_campaign=encryption_enroll,https://passwords.google.com/encryption/enroll?utm_source=chrome&utm_medium=desktop&utm_campaign=encryption_enroll,,,,regex_match_no_context
case3,regex_baseline,url,ascii,1683476230,https://support.google.com/accounts?p=settings_password_ode,https://support.google.com/accounts?p=settings_password_ode,,,,regex_match_no_context
case3,regex_baseline,url,ascii,1683476294,https://support.google.com/installer/?product=,https://support.google.com/installer?product=,,,,regex_match_no_context
case3,regex_baseline,url,ascii,1683476390,https://support.google.com/chrome?p=your_administrator,https://support.google.com/chrome?p=your_administrator,,,,regex_match_no_context
case3,regex_baseline,url,ascii,1683476454,https://support.google.com/chrome?p=cws_enhanced_safe_browsing,https://support.google.com/chrome?p=cws_enhanced_safe_browsing,,,,regex_match_no_context
case3,regex_baseline,url,ascii,1683476518,https://support.google.com/chrome/?p=chrome_cleanup_tool,https://support.google.com/chrome?p=chrome_cleanup_tool,,,,regex_match_no_context
case3,regex_baseline,url,ascii,1683476582,https://chrome.blogspot.com/2015/11/updates-to-chrome-platform-support.html,https://chrome.blogspot.com/2015/11/updates-to-chrome-platform-support.html,,,,regex_match_no_context
case3,regex_baseline,url,ascii,1683476662,https://support.google.com/chrome/?p=unsupported_windows,https://support.google.com/chrome?p=unsupported_windows,,,,regex_match_no_context
case3,regex_baseline,url,ascii,1683476726,https://support.google.com/chrome/answer/165139,https://support.google.com/chrome/answer/165139,,,,regex_match_no_context
case3,regex_baseline,url,ascii,1683476774,https://support.google.com/chrome/?p=ib_outdated_plugin,https://support.google.com/chrome?p=ib_outdated_plugin,,,,regex_match_no_context
case3,regex_baseline,url,ascii,1683476838,https://support.google.com/chromebook/?p=multidevice,https://support.google.com/chromebook?p=multidevice,,,,regex_match_no_context
case3,regex_baseline,url,ascii,1683476902,https://support.google.com/chrome/?p=chrome_app_deprecation,https://support.google.com/chrome?p=chrome_app_deprecation,,,,regex_match_no_context
case3,regex_baseline,url,ascii,1683476966,https://support.google.com/chrome?p=root_store,https://support.google.com/chrome?p=root_store,,,,regex_match_no_context
case3,regex_baseline,url,ascii,1683584422,http://localhost:*,http://localhost:*,,,,regex_match_no_context
case3,regex_baseline,url,ascii,1683584441,http://127.0.0.1:*,http://127.0.0.1:*,,,,regex_match_no_context
case3,regex_baseline,url,ascii,1683610017,https://developer.chrome.com/blog/mv2-transition/,https://developer.chrome.com/blog/mv2-transition,,,,regex_match_no_context
case3,regex_baseline,url,ascii,1684285094,https://transparencyreport.google.com/safe-browsing/search?url=%s,https://transparencyreport.google.com/safe-browsing/search?url=%s,,,,regex_match_no_context
case3,regex_baseline,url,ascii,1684285190,https://safebrowsing.google.com/safebrowsing/report_error/?url=%s,https://safebrowsing.google.com/safebrowsing/report_error?url=%s,,,,regex_match_no_context
case3,regex_baseline,url,ascii,1684286822,https://support.google.com/chrome/,https://support.google.com/chrome,,,,regex_match_no_context
case3,regex_baseline,url,ascii,1684296273,https://www.google.com/feed-api/following,https://www.google.com/feed-api/following,,,,regex_match_no_context
case3,regex_baseline,url,ascii,1684309766,https://play.google.com/store/apps/details?id=,https://play.google.com/store/apps/details?id=,,,,regex_match_no_context
case3,regex_baseline,url,ascii,1684436784,https://safebrowsing.googleapis.com/v5alpha1/hashes:search?$req=%s&$ct=application/x-protobuf,https://safebrowsing.googleapis.com/v5alpha1/hashes:search?$req=%s&$ct=application/x-protobuf,,,,regex_match_no_context
case3,regex_baseline,url,ascii,1685613207,https://myaccount.google.com/signinoptions/password?utm_source=Google&utm_campaign=PhishGuard,https://myaccount.google.com/signinoptions/password?utm_source=Google&utm_campaign=PhishGuard,,,,regex_match_no_context
case3,regex_baseline,url,ascii,1685613301,https://accounts.google.com/AccountChooser?Email=%s&continue=%s,https://accounts.google.com/AccountChooser?Email=%s&continue=%s,,,,regex_match_no_context
case3,regex_baseline,url,ascii,1685641654,https://www.gstatic.com/chrome/supervised_user/denylist-20141001-1k.bin,https://www.gstatic.com/chrome/supervised_user/denylist-20141001-1k.bin,,,,regex_match_no_context
case3,regex_baseline,url,ascii,1685651030,https://www.gstatic.com/chrome/profile_avatars/,https://www.gstatic.com/chrome/profile_avatars,,,,regex_match_no_context
case3,regex_baseline,url,ascii,1685652860,https://kidsmanagement-pa.googleapis.com/kidsmanagement/v1/,https://kidsmanagement-pa.googleapis.com/kidsmanagement/v1,,,,regex_match_no_context
case3,regex_baseline,url,ascii,1685677304,https://chrome-sync.sandbox.google.com/chrome-sync/alpha,https://chrome-sync.sandbox.google.com/chrome-sync/alpha,,,,regex_match_no_context
case3,regex_baseline,url,ascii,1685752854,https://sctauditing-pa.googleapis.com/v1/knownscts/length/$1/prefix/$2?key=,https://sctauditing-pa.googleapis.com/v1/knownscts/length/$1/prefix/$2?key=,,,,regex_match_no_context
case3,regex_baseline,url,ascii,1685779450,https://www.chromestatus.com/feature/5675755719622656,https://www.chromestatus.com/feature/5675755719622656,,,,regex_match_no_context
case3,regex_baseline,url,ascii,1685780854,https://support.google.com/chrome?p=symantec#-202,https://support.google.com/chrome?p=symantec,,,,regex_match_no_context
case3,regex_baseline,url,ascii,1685799922,https://crbug.com/1081317,https://crbug.com/1081317,,,,regex_match_no_context
case3,regex_baseline,url,ascii,1685838710,https://support.google.com/chrome?p=rl_error,https://support.google.com/chrome?p=rl_error,,,,regex_match_no_context
case3,regex_baseline,url,ascii,1685841342,https://tunnel.googlezip.net/,https://tunnel.googlezip.net,,,,regex_match_no_context
case3,regex_baseline,url,ascii,1685841418,http://tls-tunnel-check.googlezip.net/connect,http://tls-tunnel-check.googlezip.net/connect,,,,regex_match_no_context
case3,regex_baseline,url,ascii,1685845526,https://remotedesktop-autopush.corp.google.com/,https://remotedesktop-autopush.corp.google.com,,,,regex_match_no_context
case3,regex_baseline,url,ascii,1685845574,https://remotedesktop-daily-6.corp.google.com/,https://remotedesktop-daily-6.corp.google.com,,,,regex_match_no_context
case3,regex_baseline,url,ascii,1685846313,https://webauthndemo.appspot.com,https://webauthndemo.appspot.com,,,,regex_match_no_context
case3,regex_baseline,url,ascii,1685955414,http://localhost,http://localhost,,,,regex_match_no_context
case3,regex_baseline,url,ascii,1686022550,https://history.google.com/history/api/delete?client=chrome,https://history.google.com/history/api/delete?client=chrome,,,,regex_match_no_context
case3,regex_baseline,url,ascii,1686022662,https://history.google.com/history/api/lookup?client=audio,https://history.google.com/history/api/lookup?client=audio,,,,regex_match_no_context
case3,regex_baseline,url,ascii,1686022742,https://history.google.com/history/api/change,https://history.google.com/history/api/change,,,,regex_match_no_context
case3,regex_baseline,url,ascii,1686023414,https://history.google.com/history/api/lookup?client=chrome,https://history.google.com/history/api/lookup?client=chrome,,,,regex_match_no_context
case3,regex_baseline,url,ascii,1686133878,https://optimizationguide-pa.googleapis.com/v1:GetModels,https://optimizationguide-pa.googleapis.com/v1:GetModels,,,,regex_match_no_context
case3,regex_baseline,url,ascii,1686200902,https://www.google.com/chrome/browser/privacy/#safe-browsing-policies,https://www.google.com/chrome/browser/privacy,,,,regex_match_no_context
case3,regex_baseline,url,ascii,1686200982,https://www.google.com/chrome/browser/privacy/whitepaper.html#extendedreport,https://www.google.com/chrome/browser/privacy/whitepaper.html,,,,regex_match_no_context
case3,regex_baseline,url,ascii,1686201062,https://support.google.com/chrome/a/?p=block_warn,https://support.google.com/chrome/a?p=block_warn,,,,regex_match_no_context
case3,regex_baseline,url,ascii,1686202166,https://translate.googleapis.com/,https://translate.googleapis.com,,,,regex_match_no_context
case3,regex_baseline,url,ascii,1686202822,https://translate.googleapis.com/translate_a/element.js,https://translate.googleapis.com/translate_a/element.js,,,,regex_match_no_context
case3,regex_baseline,url,ascii,1686225910,https://support.google.com/chrome/answer/95606?ios=1,https://support.google.com/chrome/answer/95606?ios=1,,,,regex_match_no_context
case3,regex_baseline,url,ascii,1686225974,https://support.google.com/accounts?p=smart_lock_chrome,https://support.google.com/accounts?p=smart_lock_chrome,,,,regex_match_no_context
case3,regex_baseline,url,ascii,1686226038,https://passwords.google.com/app,https://passwords.google.com/app,,,,regex_match_no_context
case3,regex_baseline,url,ascii,1686226086,https://passwords.google/,https://passwords.google,,,,regex_match_no_context
case3,regex_baseline,url,ascii,1686449910,https://support.google.com/chrome/?p=blocked_ads,https://support.google.com/chrome?p=blocked_ads,,,,regex_match_no_context
case3,regex_baseline,url,ascii,1686449974,https://support.google.com/chrome/?p=unauthenticated,https://support.google.com/chrome?p=unauthenticated,,,,regex_match_no_context
case3,regex_baseline,url,ascii,1686450038,https://support.google.com/chrome/answer/3220216,https://support.google.com/chrome/answer/3220216,,,,regex_match_no_context
case3,regex_baseline,url,ascii,1686561685,https://enterprise-block.example.net,https://enterprise-block.example.net,,,,regex_match_no_context
case3,regex_baseline,url,ascii,1686561722,https://enterprise-warn.example.net,https://enterprise-warn.example.net,,,,regex_match_no_context
case3,regex_baseline,url,ascii,1686561777,https://example.net,https://example.net,,,,regex_match_no_context
case3,regex_baseline,url,ascii,1686561809,https://captive.portal/login,https://captive.portal/login,,,,regex_match_no_context
case3,regex_baseline,url,ascii,1686561881,https://localhost/,https://localhost,,,,regex_match_no_context
case3,regex_baseline,url,ascii,1687022630,https://clients4.google.com/chrome-sync,https://clients4.google.com/chrome-sync,,,,regex_match_no_context
case3,regex_baseline,url,ascii,1687076876,https://goo.gl/yqv4Q4,https://goo.gl/yqv4Q4,,,,regex_match_no_context
case3,regex_baseline,url,ascii,1687077064,https://crbug.com/979235.,https://crbug.com/979235.,,,,regex_match_no_context
case3,regex_baseline,url,ascii,1687101374,https://clients2.googleusercontent.com/crx/blobs/,https://clients2.googleusercontent.com/crx/blobs,,,,regex_match_no_context
case3,regex_baseline,url,ascii,1687101424,https://chrome.google.com/webstore/download/,https://chrome.google.com/webstore/download,,,,regex_match_no_context
case3,regex_baseline,url,ascii,1687102732,https://chrome.google.com/sync,https://chrome.google.com/sync,,,,regex_match_no_context
case3,regex_baseline,url,ascii,1687238264,https://www.chromestatus.com/feature/%s,https://www.chromestatus.com/feature/%s,,,,regex_match_no_context
case3,regex_baseline,url,ascii,1687285238,https://firebaseperusertopics-pa.googleapis.com,https://firebaseperusertopics-pa.googleapis.com,,,,regex_match_no_context
case3,regex_baseline,url,ascii,1687314614,https://drive.google.com/open?id=,https://drive.google.com/open?id=,,,,regex_match_no_context
case3,regex_baseline,url,ascii,1687340358,https://translation.googleapis.com/language/translate/v2?key=%s,https://translation.googleapis.com/language/translate/v2?key=%s,,,,regex_match_no_context
case3,regex_baseline,url,ascii,1687342585,https://sheets.google.com,https://sheets.google.com,,,,regex_match_no_context
case3,regex_baseline,url,ascii,1687342934,https://slides.google.com,https://slides.google.com,,,,regex_match_no_context
case3,regex_baseline,url,ascii,1687343286,https://appsitemsuggest-pa.googleapis.com/v1/items,https://appsitemsuggest-pa.googleapis.com/v1/items,,,,regex_match_no_context
case3,regex_baseline,url,ascii,1687369053,https://lh3.googleusercontent.com/proxy/CyeQrfWvSkJ-4wjGmm1zVIP4XZKL4oAjywWcPh8lhrwtizOY4kGsDtVa3nk984qJB5q2-r7aInfG25UFjfwyu7QEraqepTlbsDdKX1yeenhh7EGeAR2Hp1QcbO24C7WyU8bLPx8o_2HA-opm6cqZ8f4ehEXCxMEbR79A44jcWpacTLfYERPGeVrljo2vAl2LyFMHrA,https://lh3.googleusercontent.com/proxy/CyeQrfWvSkJ-4wjGmm1zVIP4XZKL4oAjywWcPh8lhrwtizOY4kGsDtVa3nk984qJB5q2-r7aInfG25UFjfwyu7QEraqepTlbsDdKX1yeenhh7EGeAR2Hp1QcbO24C7WyU8bLPx8o_2HA-opm6cqZ8f4ehEXCxMEbR79A44jcWpacTLfYERPGeVrljo2vAl2LyFMHrA,,,,regex_match_no_context
case3,regex_baseline,url,ascii,1687369478,https://photosfirstparty-pa.googleapis.com/v1/ntp/memories:read,https://photosfirstparty-pa.googleapis.com/v1/ntp/memories:read,,,,regex_match_no_context
case3,regex_baseline,url,ascii,1687370491,https://photos.google.com/memory/featured/,https://photos.google.com/memory/featured,,,,regex_match_no_context
case3,regex_baseline,url,ascii,1687381548,https://encrypted-tbn3.gstatic.com/shopping?q=tbn:ANd9GcQpn38jB2_BANnHUFa7kHJsf6SyubcgeU1lNYO_ZxM1Q2ju_ZMjv2EwNh0Zx_zbqYy_mFg_aiIhWYnD5PQ7t-uFzLM5cN77s_2_DFNeumI-LMPJMYjW-BOSaA&usqp=CAY,https://encrypted-tbn3.gstatic.com/shopping?q=tbn:ANd9GcQpn38jB2_BANnHUFa7kHJsf6SyubcgeU1lNYO_ZxM1Q2ju_ZMjv2EwNh0Zx_zbqYy_mFg_aiIhWYnD5PQ7t-uFzLM5cN77s_2_DFNeumI-LMPJMYjW-BOSaA&usqp=CAY,,,,regex_match_no_context
case3,regex_baseline,url,ascii,1687381734,https://encrypted-tbn0.gstatic.com/shopping?q=tbn:ANd9GcQyMRYWeM2Yq095nOXTL0-EUUnm79kh6hnw8yctJUNrAuse607KEr1CVxEa24r-8XHBuhTwcuC4GXeN94h9Kn19DhdBGsXG0qrD74veYSDJNLrUP-sru0jH&usqp=CAY,https://encrypted-tbn0.gstatic.com/shopping?q=tbn:ANd9GcQyMRYWeM2Yq095nOXTL0-EUUnm79kh6hnw8yctJUNrAuse607KEr1CVxEa24r-8XHBuhTwcuC4GXeN94h9Kn19DhdBGsXG0qrD74veYSDJNLrUP-sru0jH&usqp=CAY,,,,regex_match_no_context
case3,regex_baseline,url,ascii,1687381918,https://encrypted-tbn1.gstatic.com/shopping?q=tbn:ANd9GcT2ew6Aydzu5VzRV756ORGha6fyjKp_On7iTlr_tL9vODnlNtFo_xsxj6_lCop-3J0Vk44lHfk-AxoBJDABVHPVFN-EiWLcZvzkdpHFqcurm7fBVmWtYKo2rg&usqp=CAY,https://encrypted-tbn1.gstatic.com/shopping?q=tbn:ANd9GcT2ew6Aydzu5VzRV756ORGha6fyjKp_On7iTlr_tL9vODnlNtFo_xsxj6_lCop-3J0Vk44lHfk-AxoBJDABVHPVFN-EiWLcZvzkdpHFqcurm7fBVmWtYKo2rg&usqp=CAY,,,,regex_match_no_context
case3,regex_baseline,url,ascii,1687382139,https://www.amazon.com/,https://www.amazon.com,,,,regex_match_no_context
case3,regex_baseline,url,ascii,1687382180,https://www.ebay.com/,https://www.ebay.com,,,,regex_match_no_context
case3,regex_baseline,url,ascii,1687382220,https://www.walmart.com/,https://www.walmart.com,,,,regex_match_no_context
case3,regex_baseline,url,ascii,1687382254,https://www.bestbuy.com/,https://www.bestbuy.com,,,,regex_match_no_context
case3,regex_baseline,url,ascii,1687382290,https://www.nike.com/,https://www.nike.com,,,,regex_match_no_context
case3,regex_baseline,url,ascii,1687416476,https://github.com/WICG/web-app-launch/blob/main/launch_handler.md,https://github.com/WICG/web-app-launch/blob/main/launch_handler.md,,,,regex_match_no_context
case3,regex_baseline,url,ascii,1687416939,https://github.com/ivansandrk/multi-apps/blob/main/explainer.md,https://github.com/ivansandrk/multi-apps/blob/main/explainer.md,,,,regex_match_no_context
case3,regex_baseline,url,ascii,1687417166,https://github.com/WICG/manifest-incubations/blob/gh-pages/scope_extensions-explainer.md,https://github.com/WICG/manifest-incubations/blob/gh-pages/scope_extensions-explainer.md,,,,regex_match_no_context
case3,regex_baseline,url,ascii,1687418309,https://crbug.com/1290716.,https://crbug.com/1290716.,,,,regex_match_no_context
case3,regex_baseline,url,ascii,1687420367,https://github.com/shivanigithub/fenced-frame,https://github.com/shivanigithub/fenced-frame,,,,regex_match_no_context
case3,regex_baseline,url,ascii,1687420926,https://github.com/reillyeon/isolated-web-apps,https://github.com/reillyeon/isolated-web-apps,,,,regex_match_no_context
case3,regex_baseline,url,ascii,1687421201,https://github.com/chasephillips/controlled-frame/blob/main/EXPLAINER.md,https://github.com/chasephillips/controlled-frame/blob/main/EXPLAINER.md,,,,regex_match_no_context
case3,regex_baseline,url,ascii,1687423229,https://wicg.github.io/portals/,https://wicg.github.io/portals,,,,regex_match_no_context
case3,regex_baseline,url,ascii,1687424273,https://developer.chrome.com/blog/private-network-access-preflight/,https://developer.chrome.com/blog/private-network-access-preflight,,,,regex_match_no_context
case3,regex_baseline,url,ascii,1687431639,https://crbug.com/1261928.,https://crbug.com/1261928.,,,,regex_match_no_context
case3,regex_baseline,url,ascii,1687434248,https://github.com/WICG/file-handling/blob/main/explainer.md,https://github.com/WICG/file-handling/blob/main/explainer.md,,,,regex_match_no_context
case3,regex_baseline,url,ascii,1687465736,https://chromestatus.com/feature/5580139453743104,https://chromestatus.com/feature/5580139453743104,,,,regex_match_no_context
case3,regex_baseline,url,ascii,1687466540,https://github.com/Tanych/accept-language,https://github.com/Tanych/accept-language,,,,regex_match_no_context
case3,regex_baseline,url,ascii,1687468023,https://bugs.chromium.org/p/chromium/issues/entry?labels=StoragePartitioning-trial-bugs&components=Blink%3EStorage.,https://bugs.chromium.org/p/chromium/issues/entry?labels=StoragePartitioning-trial-bugs&components=Blink%3EStorage.,,,,regex_match_no_context
case3,regex_baseline,url,ascii,1687477528,https://crbug.com/1356658.,https://crbug.com/1356658.,,,,regex_match_no_context
case3,regex_baseline,url,ascii,1687478661,https://w3c.github.io/webappsec-secure-contexts/,https://w3c.github.io/webappsec-secure-contexts,,,,regex_match_no_context
case3,regex_baseline,url,ascii,1687478789,https://github.com/wicg/trust-token-api).,https://github.com/wicg/trust-token-api).,,,,regex_match_no_context
case3,regex_baseline,url,ascii,1687487573,https://github.com/WICG/sanitizer-api,https://github.com/WICG/sanitizer-api,,,,regex_match_no_context
case3,regex_baseline,url,ascii,1687614044,https://crbug.com/662084,https://crbug.com/662084,,,,regex_match_no_context
case3,regex_baseline,url,ascii,1687668502,https://clients2.google.com/cr/report,https://clients2.google.com/cr/report,,,,regex_match_no_context
case3,regex_baseline,url,ascii,1687693043,https://blog.chromium.org/2020/02/protecting-users-from-insecure.html,https://blog.chromium.org/2020/02/protecting-users-from-insecure.html,,,,regex_match_no_context
case3,regex_baseline,url,ascii,1687730640,https://wicg.github.io/change-password-url/response-code-reliability.html#iana,https://wicg.github.io/change-password-url/response-code-reliability.html,,,,regex_match_no_context
case3,regex_baseline,url,ascii,1687763284,https://safebrowsing.google.com/safebrowsing/uploads/scan,https://safebrowsing.google.com/safebrowsing/uploads/scan,,,,regex_match_no_context
case3,regex_baseline,url,ascii,1687766210,https://enterprise-safebrowsing.googleapis.com/safebrowsing/clientreport/realtime,https://enterprise-safebrowsing.googleapis.com/safebrowsing/clientreport/realtime,,,,regex_match_no_context
case3,regex_baseline,url,ascii,1687767784,https://safebrowsing.google.com/safebrowsing/clientreport/realtime,https://safebrowsing.google.com/safebrowsing/clientreport/realtime,,,,regex_match_no_context
case3,regex_baseline,url,ascii,1687889766,https://support.google.com/chrome?p=first_mode,https://support.google.com/chrome?p=first_mode,,,,regex_match_no_context
case3,regex_baseline,url,ascii,1687985650,https://www.google.__/search%,https://www.google.__/search%,,,,regex_match_no_context
case3,regex_baseline,url,ascii,1687985696,https://www.google.___/search%,https://www.google.___/search%,,,,regex_match_no_context
case3,regex_baseline,url,ascii,1687985743,https://www.google.__.__/search%,https://www.google.__.__/search%,,,,regex_match_no_context
case3,regex_baseline,url,ascii,1687985792,https://www.google.___.__/search%,https://www.google.___.__/search%,,,,regex_match_no_context
case3,regex_baseline,url,ascii,1688021647,https://%s/,https://%s,,,,regex_match_no_context
case3,regex_baseline,url,ascii,1688133565,http://developer.chrome.com/extensions/external_extensions.html),http://developer.chrome.com/extensions/external_extensions.html),,,,regex_match_no_context
case3,regex_baseline,url,ascii,1688140070,https://www.googleapis.com/chromewebstore/v1.1/items/verify,https://www.googleapis.com/chromewebstore/v1.1/items/verify,,,,regex_match_no_context
case3,regex_baseline,url,ascii,1688142706,http://*/*,http://*/*,,,,regex_match_no_context
case3,regex_baseline,url,ascii,1688142717,https://*/*,https://*/*,,,,regex_match_no_context
case3,regex_baseline,url,ascii,1688165974,http://www.gstatic.com/chrome/extensions/blocklist,http://www.gstatic.com/chrome/extensions/blocklist,,,,regex_match_no_context
case3,regex_baseline,url,ascii,1688166038,https://www.gstatic.com/chrome/extensions/blocklist,https://www.gstatic.com/chrome/extensions/blocklist,,,,regex_match_no_context
case3,regex_baseline,url,ascii,1688179750,https://support.google.com/chrome/?p=incognito,https://support.google.com/chrome?p=incognito,,,,regex_match_no_context
case3,regex_baseline,url,ascii,1688179830,https://support.google.com/chrome/?p=ui_guest,https://support.google.com/chrome?p=ui_guest,,,,regex_match_no_context
case3,regex_baseline,url,ascii,1688275382,https://support.google.com/chrome/answer/1181420?,https://support.google.com/chrome/answer/1181420,,,,regex_match_no_context
case3,regex_baseline,url,ascii,1688446893,https://storage.googleapis.com/chrome_hats_staging/index.html,https://storage.googleapis.com/chrome_hats_staging/index.html,,,,regex_match_no_context
case3,regex_baseline,url,ascii,1688493568,https://*.corp.google.com,https://*.corp.google.com,,,,regex_match_no_context
case3,regex_baseline,url,ascii,1688496808,https://lh4.googleusercontent.com/proxy/kFIJNnm2DMbS3B5LXaIdm2JKI6twGWwmzQbcJCfqTfuaH_ULD50v1Z3BGPEF32xTPRvgGLx492zcy_kcatCde2wmz-9ZYFqifbJRMl2DzyE=w170-h85-p-k-no-nd-mv,https://lh4.googleusercontent.com/proxy/kFIJNnm2DMbS3B5LXaIdm2JKI6twGWwmzQbcJCfqTfuaH_ULD50v1Z3BGPEF32xTPRvgGLx492zcy_kcatCde2wmz-9ZYFqifbJRMl2DzyE=w170-h85-p-k-no-nd-mv,,,,regex_match_no_context
case3,regex_baseline,url,ascii,1688496988,https://lh6.googleusercontent.com/proxy/KyyCsF6dIQ783r3Znmvdo76QY2RgzcR5t4rnA5kKjsmrlpsb_pWGndQkyuAI4mv68X_9ZX2Edd-0FP4iQZRFm8UAW3oDX8Coqk3C85UNAX3H4Eh_5wGyDB0SY6HOQjOXVQ=w170-h85-p-k-no-nd-mv,https://lh6.googleusercontent.com/proxy/KyyCsF6dIQ783r3Znmvdo76QY2RgzcR5t4rnA5kKjsmrlpsb_pWGndQkyuAI4mv68X_9ZX2Edd-0FP4iQZRFm8UAW3oDX8Coqk3C85UNAX3H4Eh_5wGyDB0SY6HOQjOXVQ=w170-h85-p-k-no-nd-mv,,,,regex_match_no_context
case3,regex_baseline,url,ascii,1688497191,https://lh6.googleusercontent.com/proxy/4IP40Q18w6aDF4oS4WRnUj0MlCCKPK-vLHqSd4r-RfS6JxgblG5WJuRYpkJkoTzLMS0qv3Sxhf9wdaKkn3vHnyy6oe7Ah5y0=w170-h85-p-k-no-nd-mv,https://lh6.googleusercontent.com/proxy/4IP40Q18w6aDF4oS4WRnUj0MlCCKPK-vLHqSd4r-RfS6JxgblG5WJuRYpkJkoTzLMS0qv3Sxhf9wdaKkn3vHnyy6oe7Ah5y0=w170-h85-p-k-no-nd-mv,,,,regex_match_no_context
case3,regex_baseline,url,ascii,1688497356,https://lh3.googleusercontent.com/proxy/d_4gDNBtm9Ddv8zqqm0MVY93_j-_e5M-bGgH-bSAfIR65FYGacJTemvNp9fDT0eiIbi3bzrf7HMMsupe2QIIfm5H7BMHY3AI5rkYUpx-lQ=w170-h85-p-k-no-nd-mv,https://lh3.googleusercontent.com/proxy/d_4gDNBtm9Ddv8zqqm0MVY93_j-_e5M-bGgH-bSAfIR65FYGacJTemvNp9fDT0eiIbi3bzrf7HMMsupe2QIIfm5H7BMHY3AI5rkYUpx-lQ=w170-h85-p-k-no-nd-mv,,,,regex_match_no_context
case3,regex_baseline,url,ascii,1688503104,https://store.google.com/product/pixel_7?hl=en-US,https://store.google.com/product/pixel_7?hl=en-US,,,,regex_match_no_context
case3,regex_baseline,url,ascii,1688503169,https://store.google.com/product/pixel_buds_pro?hl=en-US,https://store.google.com/product/pixel_buds_pro?hl=en-US,,,,regex_match_no_context
case3,regex_baseline,url,ascii,1688503238,https://store.google.com/product/google_pixel_watch?hl=en-US,https://store.google.com/product/google_pixel_watch?hl=en-US,,,,regex_match_no_context
case3,regex_baseline,url,ascii,1688503321,https://www.google.com/search?q=,https://www.google.com/search?q=,,,,regex_match_no_context
case3,regex_baseline,url,ascii,1688505382,https://www.google.com/chrome/whats-new/,https://www.google.com/chrome/whats-new,,,,regex_match_no_context
case3,regex_baseline,url,ascii,1688513190,https://passwords.google.com/checkup/start?hideExplanation=true,https://passwords.google.com/checkup/start?hideExplanation=true,,,,regex_match_no_context
case3,regex_baseline,url,ascii,1688519222,https://support.google.com/chrome?p=enable_extensions,https://support.google.com/chrome?p=enable_extensions,,,,regex_match_no_context
case3,regex_baseline,url,ascii,1688519334,https://support.google.com/chrome_webstore/answer/2664769,https://support.google.com/chrome_webstore/answer/2664769,,,,regex_match_no_context
case3,regex_baseline,url,ascii,1688523378,https://google.com.au,https://google.com.au,,,,regex_match_no_context
case3,regex_baseline,url,ascii,1688523400,https://google.de,https://google.de,,,,regex_match_no_context
case3,regex_baseline,url,ascii,1688523439,https://googlesource.com,https://googlesource.com,,,,regex_match_no_context
case3,regex_baseline,url,ascii,1688551164,https://chrome.google.com/webstore/detail/,https://chrome.google.com/webstore/detail,,,,regex_match_no_context
case3,regex_baseline,url,ascii,1688561995,https://chrome.google.com/webstore?category=theme,https://chrome.google.com/webstore?category=theme,,,,regex_match_no_context
case3,regex_baseline,url,ascii,1688610798,https://landing.google.com/advancedprotection/,https://landing.google.com/advancedprotection,,,,regex_match_no_context
case3,regex_baseline,url,ascii,1688675498,https://tools.google.com/service/update2,https://tools.google.com/service/update2,,,,regex_match_no_context
case3,regex_baseline,url,ascii,1688737855,https://walli.shanga.co/image/view/?id=370,https://walli.shanga.co/image/view?id=370,,,,regex_match_no_context
case3,regex_baseline,url,ascii,1688737944,https://500px.com/photo/135751035/soulseek-by-%E5%B0%A4%E9%87%91%E5%B0%BC-ev-tchebotarev,https://500px.com/photo/135751035/soulseek-by-%E5%B0%A4%E9%87%91%E5%B0%BC-ev-tchebotarev,,,,regex_match_no_context
case3,regex_baseline,url,ascii,1688738064,https://www.google.com/sky/,https://www.google.com/sky,,,,regex_match_no_context
case3,regex_baseline,url,ascii,1688738130,https://walli.shanga.co/image/view/?id=1375,https://walli.shanga.co/image/view?id=1375,,,,regex_match_no_context
case3,regex_baseline,url,ascii,1688738212,https://500px.com/photo/41149196/le-piscine-sunset-by-giulio-rosso-chioso,https://500px.com/photo/41149196/le-piscine-sunset-by-giulio-rosso-chioso,,,,regex_match_no_context
case3,regex_baseline,url,ascii,1690317414,https://goo.gl/9p2vKq,https://goo.gl/9p2vKq,,,,regex_match_no_context
case3,regex_baseline,url,ascii,1690334592,http://goo.gl/YjeSsW,http://goo.gl/YjeSsW,,,,regex_match_no_context
case3,regex_baseline,url,ascii,1690396710,https://www.googleapis.com/auth/drive.apps.readonly,https://www.googleapis.com/auth/drive.apps.readonly,,,,regex_match_no_context
case3,regex_baseline,url,ascii,1690396774,https://www.googleapis.com/auth/drive.apps,https://www.googleapis.com/auth/drive.apps,,,,regex_match_no_context
case3,regex_baseline,url,ascii,1690441262,https://www.gstatic.com/autofill/virtualcard/icon/capitalone.png,https://www.gstatic.com/autofill/virtualcard/icon/capitalone.png,,,,regex_match_no_context
case3,regex_baseline,url,ascii,1690506886,https://redirector.gvt1.com/edgedl/chrome/dict/,https://redirector.gvt1.com/edgedl/chrome/dict,,,,regex_match_no_context
case3,regex_baseline,url,ascii,1690597334,https://sb-ssl.google.com/safebrowsing/clientreport/download,https://sb-ssl.google.com/safebrowsing/clientreport/download,,,,regex_match_no_context
case3,regex_baseline,url,ascii,1690599687,https://cs.chromium.org/chromium/src/chrome/,https://cs.chromium.org/chromium/src/chrome,,,,regex_match_no_context
case3,regex_baseline,url,ascii,1690612846,https://host/,https://host,,,,regex_match_no_context
case3,regex_baseline,url,ascii,1690619510,https://fcm.googleapis.com,https://fcm.googleapis.com,,,,regex_match_no_context
case3,regex_baseline,url,ascii,1690619670,https://fcm.googleapis.com/fcm/send/%s,https://fcm.googleapis.com/fcm/send/%s,,,,regex_match_no_context
case3,regex_baseline,url,ascii,1690669622,https://www.google.com/search,https://www.google.com/search,,,,regex_match_no_context
case3,regex_baseline,url,ascii,1690669825,https://permission.site,https://permission.site,,,,regex_match_no_context
case3,regex_baseline,url,ascii,1690670011,https://permission.site.com,https://permission.site.com,,,,regex_match_no_context
case3,regex_baseline,url,ascii,1690684694,https://www.gstatic.com/autofill/hourly/bins.json,https://www.gstatic.com/autofill/hourly/bins.json,,,,regex_match_no_context
case3,regex_baseline,url,ascii,1690684790,https://www.gstatic.com/autofill/weekly/merchants.json,https://www.gstatic.com/autofill/weekly/merchants.json,,,,regex_match_no_context
case3,regex_baseline,url,ascii,1690765813,https://mail.google.com/mail/?usp=chrome_app,https://mail.google.com/mail?usp=chrome_app,,,,regex_match_no_context
case3,regex_baseline,url,ascii,1690765890,https://docs.google.com/document/?usp=chrome_app,https://docs.google.com/document?usp=chrome_app,,,,regex_match_no_context
case3,regex_baseline,url,ascii,1690765972,https://drive.google.com/?lfhs=2,https://drive.google.com?lfhs=2,,,,regex_match_no_context
case3,regex_baseline,url,ascii,1690766005,https://docs.google.com/spreadsheets/?usp=chrome_app,https://docs.google.com/spreadsheets?usp=chrome_app,,,,regex_match_no_context
case3,regex_baseline,url,ascii,1690766094,https://docs.google.com/presentation/?usp=chrome_app,https://docs.google.com/presentation?usp=chrome_app,,,,regex_match_no_context
case3,regex_baseline,url,ascii,1690945512,https://cloudsearch.googleapis.com/v1/query/search,https://cloudsearch.googleapis.com/v1/query/search,,,,regex_match_no_context
case3,regex_baseline,url,ascii,1690946382,https://www.googleapis.com/auth/cloud_search.query,https://www.googleapis.com/auth/cloud_search.query,,,,regex_match_no_context
case3,regex_baseline,url,ascii,1690947814,https://www.gstatic.com/chrome/ntp/ios/suggested_sites_US_2023q1_mvt_experiment_with_popular_sites.json,https://www.gstatic.com/chrome/ntp/ios/suggested_sites_US_2023q1_mvt_experiment_with_popular_sites.json,,,,regex_match_no_context
case3,regex_baseline,url,ascii,1690947926,https://www.gstatic.com/chrome/ntp/ios/suggested_sites_US_2023q1_mvt_experiment_without_popular_sites.json,https://www.gstatic.com/chrome/ntp/ios/suggested_sites_US_2023q1_mvt_experiment_without_popular_sites.json,,,,regex_match_no_context
case3,regex_baseline,url,ascii,1690948038,https://www.gstatic.com/%ssuggested_sites_%s_%s.json,https://www.gstatic.com/%ssuggested_sites_%s_%s.json,,,,regex_match_no_context
case3,regex_baseline,url,ascii,1690993030,https://clients3.google.com,https://clients3.google.com,,,,regex_match_no_context
case3,regex_baseline,url,ascii,1691005462,https://memex-pa.googleapis.com/v1/shopping/cart/discounted,https://memex-pa.googleapis.com/v1/shopping/cart/discounted,,,,regex_match_no_context
case3,regex_baseline,url,ascii,1691008150,https://memex-pa.googleapis.com/v1/shopping/cart/discounts,https://memex-pa.googleapis.com/v1/shopping/cart/discounts,,,,regex_match_no_context
case3,regex_baseline,url,ascii,1691013510,https://sites.google.com/a/chromium.org/dev/administrators/common-problems-and-solutions#network_profile,https://sites.google.com/a/chromium.org/dev/administrators/common-problems-and-solutions,,,,regex_match_no_context
case3,regex_baseline,url,ascii,1691015702,https://clientservices.googleapis.com/uma/v2,https://clientservices.googleapis.com/uma/v2,,,,regex_match_no_context
case3,regex_baseline,url,ascii,1691015750,http://clientservices.googleapis.com/uma/v2,http://clientservices.googleapis.com/uma/v2,,,,regex_match_no_context
case3,regex_baseline,url,ascii,1691015798,https://clients4.google.com/uma/v2,https://clients4.google.com/uma/v2,,,,regex_match_no_context
case3,regex_baseline,url,ascii,1691016870,https://clients4.google.com/ukm,https://clients4.google.com/ukm,,,,regex_match_no_context
case3,regex_baseline,url,ascii,1691050542,https://support.google.com/chrome/?p=ib_nacl,https://support.google.com/chrome?p=ib_nacl,,,,regex_match_no_context
case3,regex_baseline,url,ascii,1691120438,https://sb-ssl.google.com/safebrowsing/clientreport/chrome-reset,https://sb-ssl.google.com/safebrowsing/clientreport/chrome-reset,,,,regex_match_no_context
case3,regex_baseline,url,ascii,1691124438,https://safebrowsing.google.com/safebrowsing/uploads/consumer,https://safebrowsing.google.com/safebrowsing/uploads/consumer,,,,regex_match_no_context
case3,regex_baseline,url,ascii,1691266988,https://login.live.com,https://login.live.com,,,,regex_match_no_context
case3,regex_baseline,url,ascii,1691267011,https://login.microsoftonline.com,https://login.microsoftonline.com,,,,regex_match_no_context
case3,regex_baseline,url,ascii,1691530230,https://docs.google.com/document/u/0/create?usp=chrome_actions,https://docs.google.com/document/u/0/create?usp=chrome_actions,,,,regex_match_no_context
case3,regex_baseline,url,ascii,1691530454,https://docs.google.com/spreadsheets/u/0/create?usp=chrome_actions,https://docs.google.com/spreadsheets/u/0/create?usp=chrome_actions,,,,regex_match_no_context
case3,regex_baseline,url,ascii,1691530614,https://docs.google.com/presentation/u/0/create?usp=chrome_actions,https://docs.google.com/presentation/u/0/create?usp=chrome_actions,,,,regex_match_no_context
case3,regex_baseline,url,ascii,1691530774,https://calendar.google.com/calendar/u/0/r/eventedit?usp=chrome_actions,https://calendar.google.com/calendar/u/0/r/eventedit?usp=chrome_actions,,,,regex_match_no_context
case3,regex_baseline,url,ascii,1691530934,https://sites.google.com/u/0/create?usp=chrome_actions,https://sites.google.com/u/0/create?usp=chrome_actions,,,,regex_match_no_context
case3,regex_baseline,url,ascii,1691531078,https://keep.google.com/u/0/?usp=chrome_actions#NEWNOTE,https://keep.google.com/u/0?usp=chrome_actions,,,,regex_match_no_context
case3,regex_baseline,url,ascii,1691531222,https://docs.google.com/forms/u/0/create?usp=chrome_actions,https://docs.google.com/forms/u/0/create?usp=chrome_actions,,,,regex_match_no_context
case3,regex_baseline,url,ascii,1691531366,https://myaccount.google.com/?utm_source=ga-chrome-actions&utm_medium=manageGA,https://myaccount.google.com?utm_source=ga-chrome-actions&utm_medium=manageGA,,,,regex_match_no_context
case3,regex_baseline,url,ascii,1691531526,https://myaccount.google.com/signinoptions/password?utm_source=ga-chrome-actions&utm_medium=changePW,https://myaccount.google.com/signinoptions/password?utm_source=ga-chrome-actions&utm_medium=changePW,,,,regex_match_no_context
case3,regex_baseline,url,ascii,1691759052,https://www.google.com/chrome,https://www.google.com/chrome,,,,regex_match_no_context
case3,regex_baseline,url,ascii,1692055686,https://payments.google.com/,https://payments.google.com,,,,regex_match_no_context
case3,regex_baseline,url,ascii,1692055718,https://payments.sandbox.google.com/,https://payments.sandbox.google.com,,,,regex_match_no_context
case3,regex_baseline,url,ascii,1692055766,https://pay.google.com/payments/home?utm_source=chrome&utm_medium=settings&utm_campaign=payment-methods#paymentMethods,https://pay.google.com/payments/home?utm_source=chrome&utm_medium=settings&utm_campaign=payment-methods,,,,regex_match_no_context
case3,regex_baseline,url,ascii,1692055894,https://pay.sandbox.google.com/payments/home?utm_source=chrome&utm_medium=settings&utm_campaign=payment-methods#paymentMethods,https://pay.sandbox.google.com/payments/home?utm_source=chrome&utm_medium=settings&utm_campaign=payment-methods,,,,regex_match_no_context
case3,regex_baseline,url,ascii,1692056022,https://support.google.com/googlepay/answer/11234179,https://support.google.com/googlepay/answer/11234179,,,,regex_match_no_context
case3,regex_baseline,url,ascii,1692090502,https://support.google.com/chrome/?p=pwa_default_associations,https://support.google.com/chrome?p=pwa_default_associations,,,,regex_match_no_context
case3,regex_baseline,url,ascii,1692093214,https://lh5.googleusercontent.com/proxy/E60bugMrz3Jw0Ty3vD1HqfrrabnAQGlHzIJjRadV1kDS_XSE0AtWuMnjW9VPvq1YeyPJK13gZw63TQYvh2RlaZq_aQm5xskpsgWW1l67gg3mkYaZr07BQqMV47onKA=w3840-h2160-p-k-no-nd-mv,https://lh5.googleusercontent.com/proxy/E60bugMrz3Jw0Ty3vD1HqfrrabnAQGlHzIJjRadV1kDS_XSE0AtWuMnjW9VPvq1YeyPJK13gZw63TQYvh2RlaZq_aQm5xskpsgWW1l67gg3mkYaZr07BQqMV47onKA=w3840-h2160-p-k-no-nd-mv,,,,regex_match_no_context
case3,regex_baseline,url,ascii,1692093406,https://lh4.googleusercontent.com/proxy/UOhQwfclsAK8TnXZqoTkh9szHvYOJ3auDH07hZBZeVaaRWvzGaXpaYl60MfCRuW_S57gvzBw859pj5Xl2pW_GpfG8k2GhE9LUFNKwA=w3840-h2160-p-k-no-nd-mv,https://lh4.googleusercontent.com/proxy/UOhQwfclsAK8TnXZqoTkh9szHvYOJ3auDH07hZBZeVaaRWvzGaXpaYl60MfCRuW_S57gvzBw859pj5Xl2pW_GpfG8k2GhE9LUFNKwA=w3840-h2160-p-k-no-nd-mv,,,,regex_match_no_context
case3,regex_baseline,url,ascii,1692093574,https://lh5.googleusercontent.com/proxy/xvtq6_782kBajCBr0GISHpujOb51XLKUeEOJ2lLPKh12-xNBTCtsoHT14NQcaH9l4JhatcXEMBkqgUeCWhb3XhdLnD1BiNzQ_LVydwg=w3840-h2160-p-k-no-nd-mv,https://lh5.googleusercontent.com/proxy/xvtq6_782kBajCBr0GISHpujOb51XLKUeEOJ2lLPKh12-xNBTCtsoHT14NQcaH9l4JhatcXEMBkqgUeCWhb3XhdLnD1BiNzQ_LVydwg=w3840-h2160-p-k-no-nd-mv,,,,regex_match_no_context
case3,regex_baseline,url,ascii,1692093743,https://lh3.googleusercontent.com/proxy/FWOBAVfQYasxV3KURX1VVKem1yOC2iazWAb8csOmqCDwI1CCzAA1zCpnAxR-wL2rbfZNcRHbI5b-SZfLASmF7uhJnzrksBWougEGlkw_-4U=w3840-h2160-p-k-no-nd-mv,https://lh3.googleusercontent.com/proxy/FWOBAVfQYasxV3KURX1VVKem1yOC2iazWAb8csOmqCDwI1CCzAA1zCpnAxR-wL2rbfZNcRHbI5b-SZfLASmF7uhJnzrksBWougEGlkw_-4U=w3840-h2160-p-k-no-nd-mv,,,,regex_match_no_context
case3,regex_baseline,url,ascii,1692093916,https://lh3.googleusercontent.com/proxy/nMIspgHzTUU0GzmiadmPphBelzF2xy9-tIiejZg3VvJTITxUb-1vILxf-IsCfyl94VSn6YvHa8_PiIyR9d3rwD8ZhNdQ1C1rnblP6zy3OaI=w3840-h2160-p-k-no-nd-mv,https://lh3.googleusercontent.com/proxy/nMIspgHzTUU0GzmiadmPphBelzF2xy9-tIiejZg3VvJTITxUb-1vILxf-IsCfyl94VSn6YvHa8_PiIyR9d3rwD8ZhNdQ1C1rnblP6zy3OaI=w3840-h2160-p-k-no-nd-mv,,,,regex_match_no_context
case3,regex_baseline,url,ascii,1692337652,https://crbug.com/639009,https://crbug.com/639009,,,,regex_match_no_context
case3,regex_baseline,url,ascii,1692342495,https://crbug.com/803205,https://crbug.com/803205,,,,regex_match_no_context
case3,regex_baseline,url,ascii,1692387766,https://sb-ssl.google.com/safebrowsing/clientreport/incident,https://sb-ssl.google.com/safebrowsing/clientreport/incident,,,,regex_match_no_context
case3,regex_baseline,url,ascii,1692388358,https://safebrowsing.google.com/safebrowsing/uploads/chrome,https://safebrowsing.google.com/safebrowsing/uploads/chrome,,,,regex_match_no_context
case3,regex_baseline,url,ascii,1692398006,https://fcm.googleapis.com/fcm/send/,https://fcm.googleapis.com/fcm/send,,,,regex_match_no_context
case3,regex_baseline,url,ascii,1692487958,https://safebrowsing.google.com/safebrowsing/clientreport/crx-telemetry,https://safebrowsing.google.com/safebrowsing/clientreport/crx-telemetry,,,,regex_match_no_context
case3,regex_baseline,url,ascii,1692539814,https://www.gstatic.com/diner/chrome/atp_loading.html,https://www.gstatic.com/diner/chrome/atp_loading.html,,,,regex_match_no_context
case3,regex_baseline,url,ascii,1692727922,https://meet.google.com,https://meet.google.com,,,,regex_match_no_context
case3,regex_baseline,url,ascii,1692727946,https://music.youtube.com,https://music.youtube.com,,,,regex_match_no_context
case3,regex_baseline,url,ascii,1692732695,https://music-green-qa.youtube.com/,https://music-green-qa.youtube.com,,,,regex_match_no_context
case3,regex_baseline,url,ascii,1692732731,https://music-release-qa.youtube.com/,https://music-release-qa.youtube.com,,,,regex_match_no_context
case3,regex_baseline,url,ascii,1692732769,https://tv.youtube.com,https://tv.youtube.com,,,,regex_match_no_context
case3,regex_baseline,url,ascii,1692732792,https://tv-green-qa.youtube.com,https://tv-green-qa.youtube.com,,,,regex_match_no_context
case3,regex_baseline,url,ascii,1692732824,https://tv-release-qa.youtube.com,https://tv-release-qa.youtube.com,,,,regex_match_no_context
case3,regex_baseline,url,ascii,1692732858,https://web-green-qa.youtube.com,https://web-green-qa.youtube.com,,,,regex_match_no_context
case3,regex_baseline,url,ascii,1692732891,https://web-release-qa.youtube.com,https://web-release-qa.youtube.com,,,,regex_match_no_context
case3,regex_baseline,url,ascii,1692732958,https://www.netflix.com,https://www.netflix.com,,,,regex_match_no_context
case3,regex_baseline,url,ascii,1692732990,https://www.pandora.com,https://www.pandora.com,,,,regex_match_no_context
case3,regex_baseline,url,ascii,1692733025,https://www.hulu.com,https://www.hulu.com,,,,regex_match_no_context
case3,regex_baseline,url,ascii,1692733052,https://www.vimeo.com,https://www.vimeo.com,,,,regex_match_no_context
case3,regex_baseline,url,ascii,1692733086,https://www.dailymotion.com,https://www.dailymotion.com,,,,regex_match_no_context
case3,regex_baseline,url,ascii,1692929387,https://www.gstatic.com/chrome/autofill/password_generation_specs/%d/%s,https://www.gstatic.com/chrome/autofill/password_generation_specs/%d/%s,,,,regex_match_no_context
case3,regex_baseline,url,ascii,1693038078,https://drive.google.com,https://drive.google.com,,,,regex_match_no_context
case3,regex_baseline,url,ascii,1693115886,https://support.google.com/chrome_webstore/?p=crx_warning,https://support.google.com/chrome_webstore?p=crx_warning,,,,regex_match_no_context
case3,regex_baseline,url,ascii,1693542070,https://www.google.com/chrome/devices/chromecast/,https://www.google.com/chrome/devices/chromecast,,,,regex_match_no_context
case3,regex_baseline,url,ascii,1693542134,https://support.google.com/chromecast/topic/3447927,https://support.google.com/chromecast/topic/3447927,,,,regex_match_no_context
case3,regex_baseline,url,ascii,1693542198,https://support.google.com/chromecast/answer/2998338,https://support.google.com/chromecast/answer/2998338,,,,regex_match_no_context
case3,regex_baseline,url,ascii,1693778798,http://www.correos.es/comun/CodigosPostales/1010_s-CodPostal.asp?Provincia=,http://www.correos.es/comun/CodigosPostales/1010_s-CodPostal.asp?Provincia=,,,,regex_match_no_context
case3,regex_baseline,url,ascii,1693779477,http://www.correoargentino.com.ar/formularios/cpa,http://www.correoargentino.com.ar/formularios/cpa,,,,regex_match_no_context
case3,regex_baseline,url,ascii,1693779671,http://zip4.usps.com/zip4/welcome.jsp,http://zip4.usps.com/zip4/welcome.jsp,,,,regex_match_no_context
case3,regex_baseline,url,ascii,1693779805,http://www.post.at/post_subsite_postleitzahlfinder.php,http://www.post.at/post_subsite_postleitzahlfinder.php,,,,regex_match_no_context
case3,regex_baseline,url,ascii,1693780042,http://www1.auspost.com.au/postcodes/,http://www1.auspost.com.au/postcodes,,,,regex_match_no_context
case3,regex_baseline,url,ascii,1693780245,https://www.alandpost.ax/privat/skicka-brev/postnummer-pa-aland/postnummersokning,https://www.alandpost.ax/privat/skicka-brev/postnummer-pa-aland/postnummersokning,,,,regex_match_no_context
case3,regex_baseline,url,ascii,1693780665,https://bdpost.portal.gov.bd/site/page/f41a42bd-2540-4afa-8568-af56443c3df8/-,https://bdpost.portal.gov.bd/site/page/f41a42bd-2540-4afa-8568-af56443c3df8/-,,,,regex_match_no_context
case3,regex_baseline,url,ascii,1693780836,http://www.post.be/site/nl/residential/customerservice/search/postal_codes.html,http://www.post.be/site/nl/residential/customerservice/search/postal_codes.html,,,,regex_match_no_context
case3,regex_baseline,url,ascii,1693781047,http://www.bgpost.bg/?cid=5,http://www.bgpost.bg?cid=5,,,,regex_match_no_context
case3,regex_baseline,url,ascii,1693781279,http://www.laposte.fr/Particulier/Utiliser-nos-outils-pratiques/Outils-et-documents/Trouvez-un-code-postal,http://www.laposte.fr/Particulier/Utiliser-nos-outils-pratiques/Outils-et-documents/Trouvez-un-code-postal,,,,regex_match_no_context
case3,regex_baseline,url,ascii,1693781471,http://www.landvaluation.bm/,http://www.landvaluation.bm,,,,regex_match_no_context
case3,regex_baseline,url,ascii,1693781591,http://www.post.gov.bn/SitePages/postcodes.aspx,http://www.post.gov.bn/SitePages/postcodes.aspx,,,,regex_match_no_context
case3,regex_baseline,url,ascii,1693781874,http://www.buscacep.correios.com.br/,http://www.buscacep.correios.com.br,,,,regex_match_no_context
case3,regex_baseline,url,ascii,1693782072,http://www.bhutanpost.bt/postcodes/,http://www.bhutanpost.bt/postcodes,,,,regex_match_no_context
case3,regex_baseline,url,ascii,1693782229,http://ex.belpost.by/addressbook/,http://ex.belpost.by/addressbook,,,,regex_match_no_context
case3,regex_baseline,url,ascii,1693782415,https://www.canadapost.ca/cpo/mc/personal/postalcode/fpc.jsf,https://www.canadapost.ca/cpo/mc/personal/postalcode/fpc.jsf,,,,regex_match_no_context
case3,regex_baseline,url,ascii,1693782708,http://www.post.ch/db/owa/pv_plz_pack/pr_main,http://www.post.ch/db/owa/pv_plz_pack/pr_main,,,,regex_match_no_context
case3,regex_baseline,url,ascii,1693782923,https://www.correos.cl/web/guest/codigo-postal,https://www.correos.cl/web/guest/codigo-postal,,,,regex_match_no_context
case3,regex_baseline,url,ascii,1693783183,http://www.ems.com.cn/serviceguide/you_bian_cha_xun.html,http://www.ems.com.cn/serviceguide/you_bian_cha_xun.html,,,,regex_match_no_context
case3,regex_baseline,url,ascii,1693783386,http://www.codigopostal.gov.co/,http://www.codigopostal.gov.co,,,,regex_match_no_context
case3,regex_baseline,url,ascii,1693783521,https://correos.go.cr/codigo-postal/,https://correos.go.cr/codigo-postal,,,,regex_match_no_context
case3,regex_baseline,url,ascii,1693784003,http://psc.ceskaposta.cz/CleanForm.action,http://psc.ceskaposta.cz/CleanForm.action,,,,regex_match_no_context
case3,regex_baseline,url,ascii,1693784140,http://www.postdirekt.de/plzserver/,http://www.postdirekt.de/plzserver,,,,regex_match_no_context
case3,regex_baseline,url,ascii,1693784294,http://www.postdanmark.dk/da/Privat/Kundeservice/postnummerkort/Sider/Find-postnummer.aspx,http://www.postdanmark.dk/da/Privat/Kundeservice/postnummerkort/Sider/Find-postnummer.aspx,,,,regex_match_no_context
case3,regex_baseline,url,ascii,1693784473,http://inposdom.gob.do/,http://inposdom.gob.do,,,,regex_match_no_context
case3,regex_baseline,url,ascii,1693784652,http://www.codigopostal.gob.ec/,http://www.codigopostal.gob.ec,,,,regex_match_no_context
case3,regex_baseline,url,ascii,1693784785,https://www.omniva.ee/era/sihtnumbrite_otsing,https://www.omniva.ee/era/sihtnumbrite_otsing,,,,regex_match_no_context
case3,regex_baseline,url,ascii,1693785138,http://www.correos.es/contenido/13-MenuRec2/04-MenuRec24/1010_s-CodPostal.asp,http://www.correos.es/contenido/13-MenuRec2/04-MenuRec24/1010_s-CodPostal.asp,,,,regex_match_no_context
case3,regex_baseline,url,ascii,1693785386,https://support.posti.fi/fi/tyokalut/postinumerohaku.html,https://support.posti.fi/fi/tyokalut/postinumerohaku.html,,,,regex_match_no_context
case3,regex_baseline,url,ascii,1693785821,https://www.posta.fo/fo/forsida/finn-postnr-stad/,https://www.posta.fo/fo/forsida/finn-postnr-stad,,,,regex_match_no_context
case3,regex_baseline,url,ascii,1693786341,http://www.royalmail.com/postcode-finder,http://www.royalmail.com/postcode-finder,,,,regex_match_no_context
case3,regex_baseline,url,ascii,1693786466,http://www.georgianpost.ge/index.php?page=10,http://www.georgianpost.ge/index.php?page=10,,,,regex_match_no_context
case3,regex_baseline,url,ascii,1693786826,http://www.guernseypost.com/postcode_finder/,http://www.guernseypost.com/postcode_finder,,,,regex_match_no_context
case3,regex_baseline,url,ascii,1693787279,http://www.elta.gr/findapostcode.aspx,http://www.elta.gr/findapostcode.aspx,,,,regex_match_no_context
case3,regex_baseline,url,ascii,1693788094,http://www.posta.hr/default.aspx?pretpum,http://www.posta.hr/default.aspx?pretpum,,,,regex_match_no_context
case3,regex_baseline,url,ascii,1693788320,http://posta.hu/ugyfelszolgalat/iranyitoszam_kereso,http://posta.hu/ugyfelszolgalat/iranyitoszam_kereso,,,,regex_match_no_context
case3,regex_baseline,url,ascii,1693788625,https://finder.eircode.ie,https://finder.eircode.ie,,,,regex_match_no_context
case3,regex_baseline,url,ascii,1693788726,http://www.israelpost.co.il/zipcode.nsf/demozip?openform,http://www.israelpost.co.il/zipcode.nsf/demozip?openform,,,,regex_match_no_context
case3,regex_baseline,url,ascii,1693788887,https://www.iompost.com/tools-forms/postcode-finder/,https://www.iompost.com/tools-forms/postcode-finder,,,,regex_match_no_context
case3,regex_baseline,url,ascii,1693789093,https://www.indiapost.gov.in/vas/pages/FindPinCode.aspx,https://www.indiapost.gov.in/vas/pages/FindPinCode.aspx,,,,regex_match_no_context
case3,regex_baseline,url,ascii,1693789528,https://posturinn.is/,https://posturinn.is,,,,regex_match_no_context
case3,regex_baseline,url,ascii,1693789655,http://www.poste.it/online/cercacap/,http://www.poste.it/online/cercacap,,,,regex_match_no_context
case3,regex_baseline,url,ascii,1693789803,http://www.jerseypost.com/tools/postcode-address-finder/,http://www.jerseypost.com/tools/postcode-address-finder,,,,regex_match_no_context
case3,regex_baseline,url,ascii,1693790222,http://www.post.japanpost.jp/zipcode/,http://www.post.japanpost.jp/zipcode,,,,regex_match_no_context
case3,regex_baseline,url,ascii,1693790486,https://www.cambodiapost.post/page/postal-codes,https://www.cambodiapost.post/page/postal-codes,,,,regex_match_no_context
case3,regex_baseline,url,ascii,1693791020,http://www.epost.go.kr/search/zipcode/search5.jsp,http://www.epost.go.kr/search/zipcode/search5.jsp,,,,regex_match_no_context
case3,regex_baseline,url,ascii,1693791285,http://www.caymanpost.gov.ky/,http://www.caymanpost.gov.ky,,,,regex_match_no_context
case3,regex_baseline,url,ascii,1693791781,http://www.slpost.gov.lk/,http://www.slpost.gov.lk,,,,regex_match_no_context
case3,regex_baseline,url,ascii,1693792039,http://www.post.lt/lt/?id=316,http://www.post.lt/lt?id=316,,,,regex_match_no_context
case3,regex_baseline,url,ascii,1693792164,https://www.post.lu/fr/grandes-entreprises/solutions-postales/rechercher-un-code-postal,https://www.post.lu/fr/grandes-entreprises/solutions-postales/rechercher-un-code-postal,,,,regex_match_no_context
case3,regex_baseline,url,ascii,1693792362,http://www.pasts.lv/lv/uzzinas/nodalas/,http://www.pasts.lv/lv/uzzinas/nodalas,,,,regex_match_no_context
case3,regex_baseline,url,ascii,1693792848,https://www.laposte.fr/particulier/outils/trouver-un-code-postal,https://www.laposte.fr/particulier/outils/trouver-un-code-postal,,,,regex_match_no_context
case3,regex_baseline,url,ascii,1693793408,http://www.zipcode.mn/,http://www.zipcode.mn,,,,regex_match_no_context
case3,regex_baseline,url,ascii,1693794022,https://www.maltapost.com/PostCode/,https://www.maltapost.com/PostCode,,,,regex_match_no_context
case3,regex_baseline,url,ascii,1693794202,http://www.maldivespost.com/?lid=10,http://www.maldivespost.com?lid=10,,,,regex_match_no_context
case3,regex_baseline,url,ascii,1693794464,https://www.correosdemexico.gob.mx/SSLServicios/ConsultaCP/Descarga.aspx,https://www.correosdemexico.gob.mx/SSLServicios/ConsultaCP/Descarga.aspx,,,,regex_match_no_context
case3,regex_baseline,url,ascii,1693794724,http://www.pos.com.my,http://www.pos.com.my,,,,regex_match_no_context
case3,regex_baseline,url,ascii,1693794996,https://www.opt.nc/particuliers/courrier-et-colis/les-codes-postaux-de-nouvelle-caledonie,https://www.opt.nc/particuliers/courrier-et-colis/les-codes-postaux-de-nouvelle-caledonie,,,,regex_match_no_context
case3,regex_baseline,url,ascii,1693795337,http://www.nigeriapostcodes.com/,http://www.nigeriapostcodes.com,,,,regex_match_no_context
case3,regex_baseline,url,ascii,1693795482,http://www.correos.gob.ni/codigo-postal/,http://www.correos.gob.ni/codigo-postal,,,,regex_match_no_context
case3,regex_baseline,url,ascii,1693795622,http://www.postnl.nl/voorthuis/,http://www.postnl.nl/voorthuis,,,,regex_match_no_context
case3,regex_baseline,url,ascii,1693795788,http://adressesok.posten.no/nb/postal_codes/search,http://adressesok.posten.no/nb/postal_codes/search,,,,regex_match_no_context
case3,regex_baseline,url,ascii,1693795921,http://www.gpo.gov.np/Home/Postalcode,http://www.gpo.gov.np/Home/Postalcode,,,,regex_match_no_context
case3,regex_baseline,url,ascii,1693796186,http://www.nzpost.co.nz/Cultures/en-NZ/OnlineTools/PostCodeFinder/,http://www.nzpost.co.nz/Cultures/en-NZ/OnlineTools/PostCodeFinder,,,,regex_match_no_context
case3,regex_baseline,url,ascii,1693796510,http://www.codigopostal.gob.pe/pages/invitado/consulta.jsf,http://www.codigopostal.gob.pe/pages/invitado/consulta.jsf,,,,regex_match_no_context
case3,regex_baseline,url,ascii,1693796879,http://www.philpost.gov.ph/,http://www.philpost.gov.ph,,,,regex_match_no_context
case3,regex_baseline,url,ascii,1693796984,http://www.pakpost.gov.pk/postcode.php,http://www.pakpost.gov.pk/postcode.php,,,,regex_match_no_context
case3,regex_baseline,url,ascii,1693797144,http://kody.poczta-polska.pl/,http://kody.poczta-polska.pl,,,,regex_match_no_context
case3,regex_baseline,url,ascii,1693797634,http://www.ctt.pt/feapl_2/app/open/tools.jspx?tool=1,http://www.ctt.pt/feapl_2/app/open/tools.jspx?tool=1,,,,regex_match_no_context
case3,regex_baseline,url,ascii,1693798255,http://www.posta-romana.ro/zip_codes,http://www.posta-romana.ro/zip_codes,,,,regex_match_no_context
case3,regex_baseline,url,ascii,1693798366,http://www.posta.rs/struktura/lat/aplikacije/pronadji/nadji-postu.asp,http://www.posta.rs/struktura/lat/aplikacije/pronadji/nadji-postu.asp,,,,regex_match_no_context
case3,regex_baseline,url,ascii,1693798628,https://www.pochta.ru/post-index,https://www.pochta.ru/post-index,,,,regex_match_no_context
case3,regex_baseline,url,ascii,1693799078,https://www.postnord.se/online-verktyg/verktyg/sok/sok-postnummer-och-adress,https://www.postnord.se/online-verktyg/verktyg/sok/sok-postnummer-och-adress,,,,regex_match_no_context
case3,regex_baseline,url,ascii,1693799268,https://www.singpost.com/find-postal-code,https://www.singpost.com/find-postal-code,,,,regex_match_no_context
case3,regex_baseline,url,ascii,1693799600,http://epab.posten.no/,http://epab.posten.no,,,,regex_match_no_context
case3,regex_baseline,url,ascii,1693799741,http://psc.posta.sk,http://psc.posta.sk,,,,regex_match_no_context
case3,regex_baseline,url,ascii,1693800421,http://www.sptc.co.sz/swazipost/codes/index.php,http://www.sptc.co.sz/swazipost/codes/index.php,,,,regex_match_no_context
case3,regex_baseline,url,ascii,1693801034,http://www.poste.tn/codes.php,http://www.poste.tn/codes.php,,,,regex_match_no_context
case3,regex_baseline,url,ascii,1693801222,http://postakodu.ptt.gov.tr/,http://postakodu.ptt.gov.tr,,,,regex_match_no_context
case3,regex_baseline,url,ascii,1693801522,http://www.post.gov.tw/post/internet/f_searchzone/index.jsp?ID=190102,http://www.post.gov.tw/post/internet/f_searchzone/index.jsp?ID=190102,,,,regex_match_no_context
case3,regex_baseline,url,ascii,1693801834,http://services.ukrposhta.com/postindex_new/,http://services.ukrposhta.com/postindex_new,,,,regex_match_no_context
case3,regex_baseline,url,ascii,1693802238,https://tools.usps.com/go/ZipLookupAction!input.action,https://tools.usps.com/go/ZipLookupAction!input.action,,,,regex_match_no_context
case3,regex_baseline,url,ascii,1693802372,http://www.correo.com.uy/index.asp?codPag=codPost&switchMapa=codPost,http://www.correo.com.uy/index.asp?codPag=codPost&switchMapa=codPost,,,,regex_match_no_context
case3,regex_baseline,url,ascii,1693802526,http://www.pochta.uz/ru/uslugi/indexsearch.html,http://www.pochta.uz/ru/uslugi/indexsearch.html,,,,regex_match_no_context
case3,regex_baseline,url,ascii,1693802734,http://www.svgpost.gov.vc/?option=com_content&view=article&id=3&Itemid=16,http://www.svgpost.gov.vc?option=com_content&view=article&id=3&Itemid=16,,,,regex_match_no_context
case3,regex_baseline,url,ascii,1693802944,http://postcode.vnpost.vn/services/search.aspx,http://postcode.vnpost.vn/services/search.aspx,,,,regex_match_no_context
case3,regex_baseline,url,ascii,1693803835,https://www.postoffice.co.za/Questions/postalcode.html,https://www.postoffice.co.za/Questions/postalcode.html,,,,regex_match_no_context
case3,regex_baseline,url,ascii,1693806511,https://www.googleapis.com/affiliation/v1/affiliation:lookupByHashPrefix,https://www.googleapis.com/affiliation/v1/affiliation:lookupByHashPrefix,,,,regex_match_no_context
case3,regex_baseline,url,ascii,1694025328,https://support.google.com/chrome/answer/96817,https://support.google.com/chrome/answer/96817,,,,regex_match_no_context
case3,regex_baseline,url,ascii,1694143990,https://update.googleapis.com/service/update2/json,https://update.googleapis.com/service/update2/json,,,,regex_match_no_context
case3,regex_baseline,url,ascii,1694144054,http://update.googleapis.com/service/update2/json,http://update.googleapis.com/service/update2/json,,,,regex_match_no_context
case3,regex_baseline,url,ascii,1694260998,https://www.googleapis.com/auth/cast-edu-messaging,https://www.googleapis.com/auth/cast-edu-messaging,,,,regex_match_no_context
case3,regex_baseline,url,ascii,1694261062,https://castedumessaging-pa.googleapis.com,https://castedumessaging-pa.googleapis.com,,,,regex_match_no_context
case3,regex_baseline,url,utf-16le,1691265536,https://login.windows.local,https://login.windows.local,,,,regex_match_no_context
case3,regex_baseline,url,ascii,1694535750,https://%s.chromiumapp.org/,https://%s.chromiumapp.org,,,,regex_match_no_context
case3,regex_baseline,url,ascii,1710839318,https://www.chromium.org/developers/design-documents/multi-process-architecture/e/&origin=chrome%3A%2F%2Fnew-tab-page&cn=app&pid=1&spid=243&hl=en&dm=,https://www.chromium.org/developers/design-documents/multi-process-architecture/e/&origin=chrome%3A%2F%2Fnew-tab-page&cn=app&pid=1&spid=243&hl=en&dm=,,,,regex_match_no_context
case3,regex_baseline,url,ascii,1710840374,https://www.chromium.orgB4B4C928B6DB72ED05FD6FF7421),https://www.chromium.orgb4b4c928b6db72ed05fd6ff7421),,,,regex_match_no_context
case3,regex_baseline,url,ascii,1743646859,http://certificates.godaddy.com/repository100.,http://certificates.godaddy.com/repository100.,,,,regex_match_no_context
case3,regex_baseline,url,ascii,1743647091,http://crl.godaddy.com/gds1-20*0(,http://crl.godaddy.com/gds1-20*0(,,,,regex_match_no_context
case3,regex_baseline,url,ascii,1743647136,https://www.verisign.com/cps04000000Z,https://www.verisign.com/cps04000000Z,,,,regex_match_no_context
case3,regex_baseline,url,ascii,1743647193,http://s0907,http://s0907,,,,regex_match_no_context
case3,regex_baseline,url,ascii,1743647341,https://www.verisign.com/rpa,https://www.verisign.com/rpa,,,,regex_match_no_context
case3,regex_baseline,url,ascii,1743647613,http://EVIntl-ccrt.gwww.gicert.com/1ocsp.verisign.com09rapidssl.cos.godaddy.com/repository/0,http://evintl-ccrt.gwww.gicert.com/1ocsp.verisign.com09rapidssl.cos.godaddy.com/repository/0,,,,regex_match_no_context
case3,regex_baseline,url,ascii,1743647735,http://ocsp.godaddy.com/0J,http://ocsp.godaddy.com/0J,,,,regex_match_no_context
case3,regex_baseline,url,ascii,1743647773,http://certificates.godaddy.com/repository/gd_intermediate.crt0,http://certificates.godaddy.com/repository/gd_intermediate.crt0,,,,regex_match_no_context
case3,regex_baseline,url,ascii,1748206628,https://crbug.com/1181150.,https://crbug.com/1181150.,,,,regex_match_no_context
case3,regex_baseline,url,ascii,1764101933,https://www.amd.com/en/support/apu/amd-series-processors/amd-a8-series-apu-for-laptops/a8-5550m-radeon-hd-8550g,https://www.amd.com/en/support/apu/amd-series-processors/amd-a8-series-apu-for-laptops/a8-5550m-radeon-hd-8550g,,,,regex_match_no_context
case3,regex_baseline,url,ascii,1764102209,https://www.intel.com/content/www/us/en/download-center/home.html,https://www.intel.com/content/www/us/en/download-center/home.html,,,,regex_match_no_context
case3,regex_baseline,url,ascii,1830072365,https://goo.gle/chrome-headless-rendering,https://goo.gle/chrome-headless-rendering,,,,regex_match_no_context
case3,regex_baseline,url,utf-16le,1845394638,https://symweb,https://symweb,,,,regex_match_no_context
case3,regex_baseline,url,utf-16le,1845394678,https://msdl.microsoft.com/download/symbols,https://msdl.microsoft.com/download/symbols,,,,regex_match_no_context
case3,regex_baseline,url,ascii,1853462955,https://perfetto.dev/docs/contributing/getting-started#community).,https://perfetto.dev/docs/contributing/getting-started,,,,regex_match_no_context
case3,regex_baseline,url,ascii,1860745769,https://crbug.com/820996,https://crbug.com/820996,,,,regex_match_no_context
case3,regex_baseline,url,ascii,1895979966,http://dashif.org/guidelines/trickmode,http://dashif.org/guidelines/trickmode,,,,regex_match_no_context
case3,regex_baseline,url,utf-16le,1895953436,http://ns.google.com/photos/1.0/panorama/,http://ns.google.com/photos/1.0/panorama,,,,regex_match_no_context
case3,regex_baseline,url,utf-16le,1925030342,http://www.microsoft.com/msi/patch_applicability.xsd,http://www.microsoft.com/msi/patch_applicability.xsd,,,,regex_match_no_context
case3,regex_baseline,url,ascii,1929406658,https://chromekanonymityauth-pa.googleapis.com/,https://chromekanonymityauth-pa.googleapis.com,,,,regex_match_no_context
case3,regex_baseline,url,ascii,1929406767,https://chromekanonymity-pa.googleapis.com/,https://chromekanonymity-pa.googleapis.com,,,,regex_match_no_context
case3,regex_baseline,url,ascii,1929406904,https://chromekanonymityquery-pa.googleapis.com/,https://chromekanonymityquery-pa.googleapis.com,,,,regex_match_no_context
case3,regex_baseline,url,ascii,1929563940,https://bit.ly/31yqMJR.,https://bit.ly/31yqMJR.,,,,regex_match_no_context
case3,regex_baseline,url,ascii,1935452003,http://go.microsoft.com/fwlink/?LinkId=76126.,http://go.microsoft.com/fwlink?LinkId=76126.,,,,regex_match_no_context
case3,regex_baseline,url,ascii,1935452081,http://schemas.microsoft.com/windows/2005/02/color/ColorDeviceModel,http://schemas.microsoft.com/windows/2005/02/color/ColorDeviceModel,,,,regex_match_no_context
case3,regex_baseline,url,ascii,1935452164,http://schemas.microsoft.com/windows/2007/11/color/Calibration,http://schemas.microsoft.com/windows/2007/11/color/Calibration,,,,regex_match_no_context
case3,regex_baseline,url,ascii,1935452241,http://schemas.microsoft.com/windows/2005/02/color/WcsCommonProfileTypes,http://schemas.microsoft.com/windows/2005/02/color/WcsCommonProfileTypes,,,,regex_match_no_context
case3,regex_baseline,url,ascii,1935452415,http://www.w3.org/2001/XMLSchema,http://www.w3.org/2001/XMLSchema,,,,regex_match_no_context
case3,regex_baseline,url,ascii,1935467602,http://schemas.microsoft.com/windows/2005/02/color/ColorAppearanceModel,http://schemas.microsoft.com/windows/2005/02/color/ColorAppearanceModel,,,,regex_match_no_context
case3,regex_baseline,url,ascii,1935470610,http://schemas.microsoft.com/windows/2005/02/color/GamutMapModel,http://schemas.microsoft.com/windows/2005/02/color/GamutMapModel,,,,regex_match_no_context
case3,regex_baseline,url,utf-16le,1931263924,http://manifests.microsoft.com/win/2005/08/windows/printing/spooler/core/events,http://manifests.microsoft.com/win/2005/08/windows/printing/spooler/core/events,,,,regex_match_no_context
case3,regex_baseline,url,utf-16le,1933497798,https://go.microsoft.com/fwlink/?linkid=873217,https://go.microsoft.com/fwlink?linkid=873217,,,,regex_match_no_context
case3,regex_baseline,url,utf-16le,1935306838,http://schemas.openxmlformats.org/markup-compatibility/2006,http://schemas.openxmlformats.org/markup-compatibility/2006,,,,regex_match_no_context
case3,regex_baseline,url,utf-16le,1935307958,http://schemas.microsoft.com/windows/2005/02/color/D50.camp,http://schemas.microsoft.com/windows/2005/02/color/D50.camp,,,,regex_match_no_context
case3,regex_baseline,url,utf-16le,1935308086,http://schemas.microsoft.com/windows/2005/02/color/D65.camp,http://schemas.microsoft.com/windows/2005/02/color/D65.camp,,,,regex_match_no_context
case3,regex_baseline,url,utf-16le,1935308214,http://schemas.microsoft.com/windows/2005/02/color/wsRGB.cdmp,http://schemas.microsoft.com/windows/2005/02/color/wsRGB.cdmp,,,,regex_match_no_context
case3,regex_baseline,url,utf-16le,1935308342,http://schemas.microsoft.com/windows/2005/02/color/wscRGB.cdmp,http://schemas.microsoft.com/windows/2005/02/color/wscRGB.cdmp,,,,regex_match_no_context
case3,regex_baseline,url,utf-16le,1935308470,http://schemas.microsoft.com/windows/2005/02/color/Graphics.gmmp,http://schemas.microsoft.com/windows/2005/02/color/Graphics.gmmp,,,,regex_match_no_context
case3,regex_baseline,url,utf-16le,1935308614,http://schemas.microsoft.com/windows/2005/02/color/Proofing.gmmp,http://schemas.microsoft.com/windows/2005/02/color/Proofing.gmmp,,,,regex_match_no_context
case3,regex_baseline,url,utf-16le,1935308758,http://schemas.microsoft.com/windows/2005/02/color/MediaSim.gmmp,http://schemas.microsoft.com/windows/2005/02/color/MediaSim.gmmp,,,,regex_match_no_context
case3,regex_baseline,url,utf-16le,1935308902,http://schemas.microsoft.com/windows/2005/02/color/Photo.gmmp,http://schemas.microsoft.com/windows/2005/02/color/Photo.gmmp,,,,regex_match_no_context
case3,regex_baseline,url,utf-16le,1935427422,http://schemas.microsoft.com/windows/2007/01/color/WindowsColorSystemEvents,http://schemas.microsoft.com/windows/2007/01/color/WindowsColorSystemEvents,,,,regex_match_no_context
case3,regex_baseline,url,utf-16le,1945913414,https://go.microsoft.com/fwlink/?linkid=2161157,https://go.microsoft.com/fwlink?linkid=2161157,,,,regex_match_no_context
case3,regex_baseline,url,utf-16le,1945913670,https://go.microsoft.com/fwlink/?linkid=2161156,https://go.microsoft.com/fwlink?linkid=2161156,,,,regex_match_no_context
case3,regex_baseline,url,utf-16le,1945913766,https://go.microsoft.com/fwlink/?linkid=2160968,https://go.microsoft.com/fwlink?linkid=2160968,,,,regex_match_no_context
case3,regex_baseline,url,utf-16le,1947298230,http://www.microsoft.com/networking/WLAN/profile/v2,http://www.microsoft.com/networking/WLAN/profile/v2,,,,regex_match_no_context
case3,regex_baseline,url,utf-16le,1947298374,http://www.microsoft.com/networking/WLAN/profile/v3,http://www.microsoft.com/networking/WLAN/profile/v3,,,,regex_match_no_context
case3,regex_baseline,url,utf-16le,1947298518,http://www.microsoft.com/networking/WLAN/profile/v4,http://www.microsoft.com/networking/WLAN/profile/v4,,,,regex_match_no_context
case3,regex_baseline,url,utf-16le,1947298662,http://www.microsoft.com/networking/WLAN/policy/v1,http://www.microsoft.com/networking/WLAN/policy/v1,,,,regex_match_no_context
case3,regex_baseline,url,utf-16le,1947298806,http://www.microsoft.com/networking/OneX/v1,http://www.microsoft.com/networking/OneX/v1,,,,regex_match_no_context
case3,regex_baseline,url,utf-16le,1947298918,http://www.microsoft.com/networking/WLANAP/profile/v1,http://www.microsoft.com/networking/WLANAP/profile/v1,,,,regex_match_no_context
case3,regex_baseline,url,utf-16le,1947299078,http://www.microsoft.com/networking/WiFiDirect/profile/v1,http://www.microsoft.com/networking/WiFiDirect/profile/v1,,,,regex_match_no_context
case3,regex_baseline,url,utf-16le,1947299238,http://www.microsoft.com/networking/WiFiDirectLegacy/profile/v1,http://www.microsoft.com/networking/WiFiDirectLegacy/profile/v1,,,,regex_match_no_context
case3,regex_baseline,url,utf-16le,1947299750,http://www.microsoft.com/networking/LAN/profile/v1,http://www.microsoft.com/networking/LAN/profile/v1,,,,regex_match_no_context
case3,regex_baseline,url,utf-16le,1947299888,http://www.microsoft.com/networking/LAN/policy/v1,http://www.microsoft.com/networking/LAN/policy/v1,,,,regex_match_no_context
case3,regex_baseline,url,utf-16le,1947300028,http://www.microsoft.com/networking/LAN/policy/v2,http://www.microsoft.com/networking/LAN/policy/v2,,,,regex_match_no_context
case3,regex_baseline,url,utf-16le,1947300318,http://www.microsoft.com/provisioning/BaseEapConnectionPropertiesV1,http://www.microsoft.com/provisioning/BaseEapConnectionPropertiesV1,,,,regex_match_no_context
case3,regex_baseline,url,utf-16le,1947300528,http://www.microsoft.com/provisioning/MsPeapConnectionPropertiesV1,http://www.microsoft.com/provisioning/MsPeapConnectionPropertiesV1,,,,regex_match_no_context
case3,regex_baseline,url,utf-16le,1947300740,http://www.microsoft.com/provisioning/MsChapV2ConnectionPropertiesV1,http://www.microsoft.com/provisioning/MsChapV2ConnectionPropertiesV1,,,,regex_match_no_context
case3,regex_baseline,url,utf-16le,1947301364,http://www.microsoft.com/networking/WLAN/policy/v2,http://www.microsoft.com/networking/WLAN/policy/v2,,,,regex_match_no_context
case3,regex_baseline,url,utf-16le,1947301508,http://www.microsoft.com/networking/WLAN/policy/v3,http://www.microsoft.com/networking/WLAN/policy/v3,,,,regex_match_no_context
case3,regex_baseline,url,utf-16le,1947301652,http://www.microsoft.com/networking/WLAN/policy/v4,http://www.microsoft.com/networking/WLAN/policy/v4,,,,regex_match_no_context
case3,regex_baseline,url,utf-16le,1948651790,https://%s:%hu,https://%s:%hu,,,,regex_match_no_context
case3,regex_baseline,url,utf-16le,1948654694,http://%s/%s,http://%s/%s,,,,regex_match_no_context
case3,regex_baseline,url,utf-16le,1953428022,http://schemas.microsoft.com/windows/2006/propertydescription,http://schemas.microsoft.com/windows/2006/propertydescription,,,,regex_match_no_context
case3,regex_baseline,url,utf-16le,1954339430,https://login.windows.net,https://login.windows.net,,,,regex_match_no_context
case3,regex_baseline,url,utf-16le,1954567894,https://login.microsoftonline.com/%s/oauth2/token,https://login.microsoftonline.com/%s/oauth2/token,,,,regex_match_no_context
case3,regex_baseline,url,utf-16le,1954568006,https://login.microsoftonline.com/%s/oauth2/authorize,https://login.microsoftonline.com/%s/oauth2/authorize,,,,regex_match_no_context
case3,regex_baseline,url,utf-16le,1954568214,https://enterpriseregistration.windows.net/EnrollmentServer/DeviceEnrollmentWebService.svc,https://enterpriseregistration.windows.net/EnrollmentServer/DeviceEnrollmentWebService.svc,,,,regex_match_no_context
case3,regex_baseline,url,utf-16le,1954568406,https://enterpriseregistration.windows.net/EnrollmentServer/key/,https://enterpriseregistration.windows.net/EnrollmentServer/key,,,,regex_match_no_context
case3,regex_baseline,url,utf-16le,1954568550,https://enterpriseregistration.windows.net/EnrollmentServer/device/,https://enterpriseregistration.windows.net/EnrollmentServer/device,,,,regex_match_no_context
case3,regex_baseline,url,utf-16le,1954613750,https://enterpriseregistration.windows.net/,https://enterpriseregistration.windows.net,,,,regex_match_no_context
case3,regex_baseline,url,utf-16le,1954620780,https://www.microsoft.com/aadjerrors,https://www.microsoft.com/aadjerrors,,,,regex_match_no_context
case3,regex_baseline,url,utf-16le,1954634014,https://login.microsoft.com,https://login.microsoft.com,,,,regex_match_no_context
case3,regex_baseline,url,utf-16le,1954636214,https://login.microsoftonline.com/common,https://login.microsoftonline.com/common,,,,regex_match_no_context
case3,regex_baseline,url,ascii,1973758446,http://schemas.microsoft.com/Search/2013/ApplicationContent,http://schemas.microsoft.com/Search/2013/ApplicationContent,,,,regex_match_no_context
case3,regex_baseline,url,utf-16le,1972581510,http://schemas.microsoft.com/windows/2008/propertynamespace,http://schemas.microsoft.com/windows/2008/propertynamespace,,,,regex_match_no_context
case3,regex_baseline,url,utf-16le,1972581670,http://schemas.microsoft.com/windows/2009/library,http://schemas.microsoft.com/windows/2009/library,,,,regex_match_no_context
case3,regex_baseline,url,utf-16le,1972581958,http://schemas.microsoft.com/windows/2009/searchConnector,http://schemas.microsoft.com/windows/2009/searchConnector,,,,regex_match_no_context
case3,regex_baseline,url,ascii,1984287598,http://www.microsoft.com/pki/certs/MicrosoftCodeVerifRoot.crt0,http://www.microsoft.com/pki/certs/MicrosoftCodeVerifRoot.crt0,,,,regex_match_no_context
case3,regex_baseline,url,utf-16le,1980437270,http://schemas.microsoft.com/SMI/2011/WindowsSettings,http://schemas.microsoft.com/SMI/2011/WindowsSettings,,,,regex_match_no_context
case3,regex_baseline,url,utf-16le,1980437382,http://schemas.microsoft.com/SMI/2013/WindowsSettings,http://schemas.microsoft.com/SMI/2013/WindowsSettings,,,,regex_match_no_context
case3,regex_baseline,url,utf-16le,1980437494,http://schemas.microsoft.com/SMI/2014/WindowsSettings,http://schemas.microsoft.com/SMI/2014/WindowsSettings,,,,regex_match_no_context
case3,regex_baseline,url,utf-16le,1980437606,http://schemas.microsoft.com/SMI/2016/WindowsSettings,http://schemas.microsoft.com/SMI/2016/WindowsSettings,,,,regex_match_no_context
case3,regex_baseline,url,utf-16le,1980437718,http://schemas.microsoft.com/SMI/2017/WindowsSettings,http://schemas.microsoft.com/SMI/2017/WindowsSettings,,,,regex_match_no_context
case3,regex_baseline,url,utf-16le,1980437830,http://schemas.microsoft.com/SMI/2019/WindowsSettings,http://schemas.microsoft.com/SMI/2019/WindowsSettings,,,,regex_match_no_context
case3,regex_baseline,url,utf-16le,1980437942,http://schemas.microsoft.com/SMI/2020/WindowsSettings,http://schemas.microsoft.com/SMI/2020/WindowsSettings,,,,regex_match_no_context
case3,regex_baseline,url,utf-16le,1982566886,https://%s/%s/%s,https://%s/%s/%s,,,,regex_match_no_context
case3,regex_baseline,url,utf-16le,1982567102,https://%s.pinrules.crt/%s,https://%s.pinrules.crt/%s,,,,regex_match_no_context
case3,regex_baseline,url,utf-16le,1982575126,http://ctldl.windowsupdate.com/msdownload/update/v3/static/trustedr/en,http://ctldl.windowsupdate.com/msdownload/update/v3/static/trustedr/en,,,,regex_match_no_context
case3,regex_baseline,url,utf-16le,2000816396,https://go.microsoft.com/fwlink/?linkid=2164367,https://go.microsoft.com/fwlink?linkid=2164367,,,,regex_match_no_context
case3,regex_baseline,url,utf-16le,2000831254,http://schemas.microsoft.com/opensearchext/2009,http://schemas.microsoft.com/opensearchext/2009,,,,regex_match_no_context
case3,regex_baseline,url,utf-16le,2000831350,http://a9.com/-/spec/opensearch/1.1,http://a9.com/-/spec/opensearch/1.1,,,,regex_match_no_context
case3,regex_baseline,url,utf-16le,2008062488,http://manifests.microsoft.com/win/2004/08/windows/userpnp,http://manifests.microsoft.com/win/2004/08/windows/userpnp,,,,regex_match_no_context
