case_id,tool,artifact_type,encoding,offset,url_raw,url_norm,window_index,tab_index,nav_order,note
case2,regex_baseline,url,ascii,10236662,https://apis.google.com,https://apis.google.com,,,,regex_match_no_context
case2,regex_baseline,url,ascii,10236686,https://ssl.gstatic.com,https://ssl.gstatic.com,,,,regex_match_no_context
case2,regex_baseline,url,ascii,10236710,https://www.google.com,https://www.google.com,,,,regex_match_no_context
case2,regex_baseline,url,ascii,10236733,https://www.googletagmanager.com,https://www.googletagmanager.com,,,,regex_match_no_context
case2,regex_baseline,url,ascii,10236766,https://www.gstatic.com,https://www.gstatic.com,,,,regex_match_no_context
case2,regex_baseline,url,ascii,10236790,https://www.google-analytics.com;report-uri,https://www.google-analytics.com;report-uri,,,,regex_match_no_context
case2,regex_baseline,url,utf-16le,14857624,http://schemas.microsoft.com/SMI/2005/WindowsSettings,http://schemas.microsoft.com/SMI/2005/WindowsSettings,,,,regex_match_no_context
case2,regex_baseline,url,ascii,18503195,https://www.google-analytics.com,https://www.google-analytics.com,,,,regex_match_no_context
case2,regex_baseline,url,ascii,19221300,https://www.youtube.com,https://www.youtube.com,,,,regex_match_no_context
case2,regex_baseline,url,ascii,19248054,"http://127.0.0.1:4353/pervasive.js,3790EEB37E2A761CFD3B274CCF45CE5AB86A34DF11E28FB7ED4D82AFBBC13BEB","http://127.0.0.1:4353/pervasive.js,3790EEB37E2A761CFD3B274CCF45CE5AB86A34DF11E28FB7ED4D82AFBBC13BEB",,,,regex_match_no_context
case2,regex_baseline,url,ascii,19438272,https://support.google.com/chromebook?p=app_intent,https://support.google.com/chromebook?p=app_intent,,,,regex_match_no_context
case2,regex_baseline,url,ascii,19456870,https://www.example.comURL,https://www.example.comurl,,,,regex_match_no_context
case2,regex_baseline,url,ascii,19511355,https://chrome.google.com/webstore/category/extensions,https://chrome.google.com/webstore/category/extensions,,,,regex_match_no_context
case2,regex_baseline,url,ascii,19560653,https://chromeenterprise.google/policies/#BrowserSwitcherEnabled,https://chromeenterprise.google/policies,,,,regex_match_no_context
case2,regex_baseline,url,ascii,19565591,https://photos.google.com/settings?referrer=CHROME_NTP,https://photos.google.com/settings?referrer=CHROME_NTP,,,,regex_match_no_context
case2,regex_baseline,url,ascii,19566349,https://myactivity.google.com/,https://myactivity.google.com,,,,regex_match_no_context
case2,regex_baseline,url,ascii,19566515,https://policies.google.com/,https://policies.google.com,,,,regex_match_no_context
case2,regex_baseline,url,ascii,19673268,http://example.com,http://example.com,,,,regex_match_no_context
case2,regex_baseline,url,ascii,19673290,https://example.com.Use,https://example.com.use,,,,regex_match_no_context
case2,regex_baseline,url,ascii,19674414,https://support.google.com/chrome/a/answer/9122284,https://support.google.com/chrome/a/answer/9122284,,,,regex_match_no_context
case2,regex_baseline,url,ascii,19706670,https://support.google.com/chrome/answer/6098869,https://support.google.com/chrome/answer/6098869,,,,regex_match_no_context
case2,regex_baseline,url,ascii,19866269,http://www.unicode.org/copyright.html,http://www.unicode.org/copyright.html,,,,regex_match_no_context
case2,regex_baseline,url,ascii,35570020,https://google.com/,https://google.com,,,,regex_match_no_context
case2,regex_baseline,url,ascii,35775972,https://chrome.google.com/webstore,https://chrome.google.com/webstore,,,,regex_match_no_context
case2,regex_baseline,url,ascii,35780116,https://chromewebstore.google.com/,https://chromewebstore.google.com,,,,regex_match_no_context
case2,regex_baseline,url,ascii,36043748,https://www.googleapis.com/,https://www.googleapis.com,,,,regex_match_no_context
case2,regex_baseline,url,ascii,36046148,https://accounts.google.com/,https://accounts.google.com,,,,regex_match_no_context
case2,regex_baseline,url,ascii,36049396,https://accounts.google.com/encryption/unlock/desktop,https://accounts.google.com/encryption/unlock/desktop,,,,regex_match_no_context
case2,regex_baseline,url,ascii,36049524,https://accounts.google.com/oauth/multilogin,https://accounts.google.com/oauth/multilogin,,,,regex_match_no_context
case2,regex_baseline,url,ascii,36049652,https://www.googleapis.com/reauth/v1beta/users/,https://www.googleapis.com/reauth/v1beta/users,,,,regex_match_no_context
case2,regex_baseline,url,ascii,36050164,https://accounts.google.com/signin/chrome/sync?ssp=1,https://accounts.google.com/signin/chrome/sync?ssp=1,,,,regex_match_no_context
case2,regex_baseline,url,ascii,36050548,https://accounts.google.com/embedded/setup/windows,https://accounts.google.com/embedded/setup/windows,,,,regex_match_no_context
case2,regex_baseline,url,ascii,36051316,https://accountcapabilities-pa.googleapis.com/,https://accountcapabilities-pa.googleapis.com,,,,regex_match_no_context
case2,regex_baseline,url,ascii,36053748,https://accounts.google.com/ListAccounts?json=standard,https://accounts.google.com/ListAccounts?json=standard,,,,regex_match_no_context
case2,regex_baseline,url,ascii,36053876,https://accounts.google.com/o/oauth2/revoke,https://accounts.google.com/o/oauth2/revoke,,,,regex_match_no_context
case2,regex_baseline,url,ascii,36055028,https://www.googleapis.com/oauth2/v4/token,https://www.googleapis.com/oauth2/v4/token,,,,regex_match_no_context
case2,regex_baseline,url,ascii,36055284,https://www.googleapis.com/oauth2/v2/tokeninfo,https://www.googleapis.com/oauth2/v2/tokeninfo,,,,regex_match_no_context
case2,regex_baseline,url,ascii,36055412,https://www.googleapis.com/oauth2/v1/userinfo,https://www.googleapis.com/oauth2/v1/userinfo,,,,regex_match_no_context
case2,regex_baseline,url,ascii,36056052,https://accounts.google.com/embedded/setup/v2/chromeos,https://accounts.google.com/embedded/setup/v2/chromeos,,,,regex_match_no_context
case2,regex_baseline,url,ascii,36056436,https://accounts.google.com/chrome/blank.html,https://accounts.google.com/chrome/blank.html,,,,regex_match_no_context
case2,regex_baseline,url,ascii,36056820,https://accounts.google.com/embedded/reauth/chromeos,https://accounts.google.com/embedded/reauth/chromeos,,,,regex_match_no_context
case2,regex_baseline,url,ascii,36056948,https://accounts.google.com/embedded/xreauth/chrome,https://accounts.google.com/embedded/xreauth/chrome,,,,regex_match_no_context
case2,regex_baseline,url,ascii,36057076,https://accounts.google.com/GetCheckConnectionInfo,https://accounts.google.com/GetCheckConnectionInfo,,,,regex_match_no_context
case2,regex_baseline,url,ascii,36057204,https://oauthaccountmanager.googleapis.com/v1/issuetoken,https://oauthaccountmanager.googleapis.com/v1/issuetoken,,,,regex_match_no_context
case2,regex_baseline,url,ascii,36063476,https://clients2.google.com/service/update2/crx,https://clients2.google.com/service/update2/crx,,,,regex_match_no_context
case2,regex_baseline,url,ascii,36316084,https://accounts.google.com/encryption/unlock/desktop?kdi=CAIaDgoKY2hyb21lc3luYxAB,https://accounts.google.com/encryption/unlock/desktop?kdi=CAIaDgoKY2hyb21lc3luYxAB,,,,regex_match_no_context
case2,regex_baseline,url,ascii,36316884,https://accountcapabilities-pa.googleapis.com/v1/accountcapabilities:batchGet,https://accountcapabilities-pa.googleapis.com/v1/accountcapabilities:batchGet,,,,regex_match_no_context
case2,regex_baseline,url,ascii,36329844,https://safebrowsing.google.com/safebrowsing/clientreport/chrome-sct-auditing,https://safebrowsing.google.com/safebrowsing/clientreport/chrome-sct-auditing,,,,regex_match_no_context
case2,regex_baseline,url,ascii,36330004,https://sctauditing-pa.googleapis.com/v1/knownscts/length/$1/prefix/$2?key=dummytoken,https://sctauditing-pa.googleapis.com/v1/knownscts/length/$1/prefix/$2?key=dummytoken,,,,regex_match_no_context
case2,regex_baseline,url,ascii,36521428,http://google.com/,http://google.com,,,,regex_match_no_context
case2,regex_baseline,url,ascii,36656164,https://accounts.google.com/embedded/setup/kidsignup/chromeos,https://accounts.google.com/embedded/setup/kidsignup/chromeos,,,,regex_match_no_context
case2,regex_baseline,url,ascii,36657316,https://accounts.google.com/embedded/setup/kidsignin/chromeos,https://accounts.google.com/embedded/setup/kidsignin/chromeos,,,,regex_match_no_context
case2,regex_baseline,url,ascii,36665236,https://accounts.google.com/embedded/setup/chrome/usermenu,https://accounts.google.com/embedded/setup/chrome/usermenu,,,,regex_match_no_context
case2,regex_baseline,url,ascii,38477505,https://accounts.google.com/*,https://accounts.google.com/*,,,,regex_match_no_context
case2,regex_baseline,url,ascii,41125641,http://crbug.com/717501,http://crbug.com/717501,,,,regex_match_no_context
case2,regex_baseline,url,ascii,41126273,http://crbug.com/839189,http://crbug.com/839189,,,,regex_match_no_context
case2,regex_baseline,url,ascii,41127393,https://crbug.com/1245093):,https://crbug.com/1245093):,,,,regex_match_no_context
case2,regex_baseline,url,ascii,41130567,https://codereview.chromium.org/25305002).,https://codereview.chromium.org/25305002).,,,,regex_match_no_context
case2,regex_baseline,url,ascii,41131110,http://crbug.com/497301,http://crbug.com/497301,,,,regex_match_no_context
case2,regex_baseline,url,ascii,41131266,http://crbug.com/514696,http://crbug.com/514696,,,,regex_match_no_context
case2,regex_baseline,url,ascii,41139420,http://crbug.com/275944,http://crbug.com/275944,,,,regex_match_no_context
case2,regex_baseline,url,ascii,41152672,http://crbug.com/775961,http://crbug.com/775961,,,,regex_match_no_context
case2,regex_baseline,url,ascii,41153351,https://chromewebstore.google.com/*,https://chromewebstore.google.com/*,,,,regex_match_no_context
case2,regex_baseline,url,ascii,42328097,http://crbug.com/437891.,http://crbug.com/437891.,,,,regex_match_no_context
case2,regex_baseline,url,ascii,42332309,http://crbug.com/1352358,http://crbug.com/1352358,,,,regex_match_no_context
case2,regex_baseline,url,ascii,42338108,http://crbug.com/378067,http://crbug.com/378067,,,,regex_match_no_context
case2,regex_baseline,url,ascii,42338264,http://crbug.com/456214,http://crbug.com/456214,,,,regex_match_no_context
case2,regex_baseline,url,ascii,42338643,http://crbug.com/510270,http://crbug.com/510270,,,,regex_match_no_context
case2,regex_baseline,url,ascii,42338799,http://crbug.com/642141,http://crbug.com/642141,,,,regex_match_no_context
case2,regex_baseline,url,ascii,42339111,http://crbug.com/819404,http://crbug.com/819404,,,,regex_match_no_context
case2,regex_baseline,url,ascii,42339345,http://crbug.com/957772,http://crbug.com/957772,,,,regex_match_no_context
case2,regex_baseline,url,ascii,42339423,https://crbug.com/1201800,https://crbug.com/1201800,,,,regex_match_no_context
case2,regex_baseline,url,ascii,42341097,http://crbug.com/672186).,http://crbug.com/672186).,,,,regex_match_no_context
case2,regex_baseline,url,ascii,43519342,http://www.w3.org/2000/svg,http://www.w3.org/2000/svg,,,,regex_match_no_context
case2,regex_baseline,url,ascii,43543898,http://www.w3.org/1999/xlink,http://www.w3.org/1999/xlink,,,,regex_match_no_context
case2,regex_baseline,url,ascii,43733525,http://127.0.0.1,http://127.0.0.1,,,,regex_match_no_context
case2,regex_baseline,url,ascii,43767377,https://web.dev/bfcache/),https://web.dev/bfcache/),,,,regex_match_no_context
case2,regex_baseline,url,ascii,43772514,https://www.chromestatus.com/feature/5629709824032768,https://www.chromestatus.com/feature/5629709824032768,,,,regex_match_no_context
case2,regex_baseline,url,ascii,43774227,https://tools.ietf.org/html/draft-west-cookie-prefixes-05.,https://tools.ietf.org/html/draft-west-cookie-prefixes-05.,,,,regex_match_no_context
case2,regex_baseline,url,ascii,43806255,https://developer.chrome.com/blog/immutable-document-domain/,https://developer.chrome.com/blog/immutable-document-domain,,,,regex_match_no_context
case2,regex_baseline,url,ascii,43806949,https://goo.gle/chrome-insecure-origins,https://goo.gle/chrome-insecure-origins,,,,regex_match_no_context
case2,regex_baseline,url,ascii,43811166,https://github.com/WICG/shared-element-transitions/blob/main/debugging_overflow_on_images.md.,https://github.com/WICG/shared-element-transitions/blob/main/debugging_overflow_on_images.md.,,,,regex_match_no_context
case2,regex_baseline,url,ascii,43813839,https://developer.chrome.com/docs/extensions/reference/privacy/#property-websites-privacySandboxEnabled.,https://developer.chrome.com/docs/extensions/reference/privacy,,,,regex_match_no_context
case2,regex_baseline,url,ascii,43814222,https://user:pass@host/),https://user:pass@host/),,,,regex_match_no_context
case2,regex_baseline,url,ascii,43815324,https://developer.chrome.com/blog/enabling-shared-array-buffer/,https://developer.chrome.com/blog/enabling-shared-array-buffer,,,,regex_match_no_context
case2,regex_baseline,url,ascii,43815758,https://developer.chrome.com/docs/extensions/mv3/cross-origin-isolation/.,https://developer.chrome.com/docs/extensions/mv3/cross-origin-isolation/.,,,,regex_match_no_context
case2,regex_baseline,url,ascii,43816025,https://bit.ly/window-placement-rename.,https://bit.ly/window-placement-rename.,,,,regex_match_no_context
case2,regex_baseline,url,ascii,43816664,https://xhr.spec.whatwg.org/.,https://xhr.spec.whatwg.org/.,,,,regex_match_no_context
case2,regex_baseline,url,ascii,44096167,https://g.co/chrome/lookalike-warnings.,https://g.co/chrome/lookalike-warnings.,,,,regex_match_no_context
case2,regex_baseline,url,ascii,44237022,https://tools.ietf.org/html/draft-west-cookie-prefixes-05,https://tools.ietf.org/html/draft-west-cookie-prefixes-05,,,,regex_match_no_context
case2,regex_baseline,url,ascii,44279032,https://github.com/WICG/shared-element-transitions/blob/main/debugging_overflow_on_images.md,https://github.com/WICG/shared-element-transitions/blob/main/debugging_overflow_on_images.md,,,,regex_match_no_context
case2,regex_baseline,url,ascii,44280775,https://user:pass@host/,https://user:pass@host,,,,regex_match_no_context
case2,regex_baseline,url,ascii,44282131,https://crbug.com/1302249,https://crbug.com/1302249,,,,regex_match_no_context
case2,regex_baseline,url,ascii,44283025,https://developer.chrome.com/docs/extensions/mv3/cross-origin-isolation/,https://developer.chrome.com/docs/extensions/mv3/cross-origin-isolation,,,,regex_match_no_context
case2,regex_baseline,url,ascii,44283642,https://xhr.spec.whatwg.org/,https://xhr.spec.whatwg.org,,,,regex_match_no_context
case2,regex_baseline,url,ascii,44555801,https://g.co/chrome/lookalike-warnings,https://g.co/chrome/lookalike-warnings,,,,regex_match_no_context
case2,regex_baseline,url,ascii,44725812,https://chrome-devtools-frontend.appspot.com,https://chrome-devtools-frontend.appspot.com,,,,regex_match_no_context
case2,regex_baseline,url,ascii,44980667,https://username:password@example.com,https://username:password@example.com,,,,regex_match_no_context
case2,regex_baseline,url,ascii,46235474,https://github.com/GoogleChrome/lighthouse#readme,https://github.com/GoogleChrome/lighthouse,,,,regex_match_no_context
case2,regex_baseline,url,ascii,46294529,http://www.apache.org/licenses/LICENSE-2.0,http://www.apache.org/licenses/LICENSE-2.0,,,,regex_match_no_context
case2,regex_baseline,url,ascii,46341044,https://github.com/GoogleChrome/lighthouse/issues,https://github.com/GoogleChrome/lighthouse/issues,,,,regex_match_no_context
case2,regex_baseline,url,ascii,46343053,https://nodejs.org/api/intl.html,https://nodejs.org/api/intl.html,,,,regex_match_no_context
case2,regex_baseline,url,ascii,46343724,https://github.com/GoogleChrome/lighthouse/blob/main/readme.md#how-do-i-get-localized-lighthouse-results-via-the-cli,https://github.com/GoogleChrome/lighthouse/blob/main/readme.md,,,,regex_match_no_context
case2,regex_baseline,url,ascii,46380555,https://github.com/GoogleChrome/lighthouse/blob/main/docs/throttling.md#cpu-throttling).,https://github.com/GoogleChrome/lighthouse/blob/main/docs/throttling.md,,,,regex_match_no_context
case2,regex_baseline,url,ascii,46442877,https://amp.dev/documentation/components/amp-img/?format=websites),https://amp.dev/documentation/components/amp-img?format=websites),,,,regex_match_no_context
case2,regex_baseline,url,ascii,46443045,https://amp.dev/documentation/components/amp-img/#example:-specifying-a-fallback-image).,https://amp.dev/documentation/components/amp-img,,,,regex_match_no_context
case2,regex_baseline,url,ascii,46443312,https://amp.dev/documentation/guides-and-tutorials/develop/media_iframes_3p/?format=websites#images).,https://amp.dev/documentation/guides-and-tutorials/develop/media_iframes_3p?format=websites,,,,regex_match_no_context
case2,regex_baseline,url,ascii,46443478,https://github.com/ampproject/amp-toolbox/tree/master/packages/optimizer),https://github.com/ampproject/amp-toolbox/tree/master/packages/optimizer),,,,regex_match_no_context
case2,regex_baseline,url,ascii,46443588,https://amp.dev/documentation/guides-and-tutorials/optimize-and-measure/server-side-rendering/).,https://amp.dev/documentation/guides-and-tutorials/optimize-and-measure/server-side-rendering/).,,,,regex_match_no_context
case2,regex_baseline,url,ascii,46443738,https://amp.dev/documentation/guides-and-tutorials/develop/style_and_layout/style_pages/),https://amp.dev/documentation/guides-and-tutorials/develop/style_and_layout/style_pages/),,,,regex_match_no_context
case2,regex_baseline,url,ascii,46443934,https://amp.dev/documentation/components/amp-anim/),https://amp.dev/documentation/components/amp-anim/),,,,regex_match_no_context
case2,regex_baseline,url,ascii,46444183,https://web.dev/use-srcset-to-automatically-choose-the-right-image/),https://web.dev/use-srcset-to-automatically-choose-the-right-image/),,,,regex_match_no_context
case2,regex_baseline,url,ascii,46444338,https://amp.dev/documentation/guides-and-tutorials/develop/style_and_layout/art_direction/).,https://amp.dev/documentation/guides-and-tutorials/develop/style_and_layout/art_direction/).,,,,regex_match_no_context
case2,regex_baseline,url,ascii,46444910,https://web.dev/route-level-code-splitting-in-angular/),https://web.dev/route-level-code-splitting-in-angular/),,,,regex_match_no_context
case2,regex_baseline,url,ascii,46445082,https://web.dev/precaching-with-the-angular-service-worker/).,https://web.dev/precaching-with-the-angular-service-worker/).,,,,regex_match_no_context
case2,regex_baseline,url,ascii,46445263,https://angular.io/guide/deployment#enable-runtime-production-mode).,https://angular.io/guide/deployment,,,,regex_match_no_context
case2,regex_baseline,url,ascii,46445674,https://material.angular.io/cdk/layout/overview).,https://material.angular.io/cdk/layout/overview).,,,,regex_match_no_context
case2,regex_baseline,url,ascii,46445811,https://web.dev/route-preloading-in-angular/).,https://web.dev/route-preloading-in-angular/).,,,,regex_match_no_context
case2,regex_baseline,url,ascii,46445984,https://web.dev/virtualize-lists-with-angular-cdk/).,https://web.dev/virtualize-lists-with-angular-cdk/).,,,,regex_match_no_context
case2,regex_baseline,url,ascii,46447214,https://www.drupal.org/docs/8/creating-custom-modules/adding-stylesheets-css-and-javascript-js-to-a-drupal-8-module#library),https://www.drupal.org/docs/8/creating-custom-modules/adding-stylesheets-css-and-javascript-js-to-a-drupal-8-module,,,,regex_match_no_context
case2,regex_baseline,url,ascii,46447443,https://developers.google.com/web/updates/2017/04/devtools-release-notes#coverage),https://developers.google.com/web/updates/2017/04/devtools-release-notes,,,,regex_match_no_context
case2,regex_baseline,url,ascii,46448814,https://www.drupal.org/docs/core-modules-and-themes/core-modules/image-module/working-with-images#styles),https://www.drupal.org/docs/core-modules-and-themes/core-modules/image-module/working-with-images,,,,regex_match_no_context
case2,regex_baseline,url,ascii,46448981,https://www.drupal.org/project/project_module?f%5B0%5D=&f%5B1%5D=&f%5B2%5D=im_vid_3%3A67&f%5B3%5D=&f%5B4%5D=sm_field_project_type%3Afull&f%5B5%5D=&f%5B6%5D=&text=%22lazy+load%22&solrsort=iss_project_release_usage+desc&op=Search),https://www.drupal.org/project/project_module?f%5B0%5D=&f%5B1%5D=&f%5B2%5D=im_vid_3%3A67&f%5B3%5D=&f%5B4%5D=sm_field_project_type%3Afull&f%5B5%5D=&f%5B6%5D=&text=%22lazy+load%22&solrsort=iss_project_release_usage+desc&op=Search),,,,regex_match_no_context
case2,regex_baseline,url,ascii,46449387,https://www.drupal.org/docs/8/mobile-guide/responsive-images-in-drupal-8),https://www.drupal.org/docs/8/mobile-guide/responsive-images-in-drupal-8),,,,regex_match_no_context
case2,regex_baseline,url,ascii,46449862,https://www.drupal.org/project/advagg),https://www.drupal.org/project/advagg),,,,regex_match_no_context
case2,regex_baseline,url,ascii,46450239,https://www.drupal.org/project/project_module?f%5B0%5D=&f%5B1%5D=&f%5B2%5D=im_vid_3%3A123&f%5B3%5D=&f%5B4%5D=sm_field_project_type%3Afull&f%5B5%5D=&f%5B6%5D=&text=css+aggregation&solrsort=iss_project_release_usage+desc&op=Search),https://www.drupal.org/project/project_module?f%5B0%5D=&f%5B1%5D=&f%5B2%5D=im_vid_3%3A123&f%5B3%5D=&f%5B4%5D=sm_field_project_type%3Afull&f%5B5%5D=&f%5B6%5D=&text=css+aggregation&solrsort=iss_project_release_usage+desc&op=Search),,,,regex_match_no_context
case2,regex_baseline,url,ascii,46450781,https://www.drupal.org/project/project_module?f%5B0%5D=&f%5B1%5D=&f%5B2%5D=im_vid_3%3A123&f%5B3%5D=&f%5B4%5D=sm_field_project_type%3Afull&f%5B5%5D=&f%5B6%5D=&text=javascript+aggregation&solrsort=iss_project_release_usage+desc&op=Search),https://www.drupal.org/project/project_module?f%5B0%5D=&f%5B1%5D=&f%5B2%5D=im_vid_3%3A123&f%5B3%5D=&f%5B4%5D=sm_field_project_type%3Afull&f%5B5%5D=&f%5B6%5D=&text=javascript+aggregation&solrsort=iss_project_release_usage+desc&op=Search),,,,regex_match_no_context
case2,regex_baseline,url,ascii,46451428,https://www.drupal.org/docs/7/managing-site-performance-and-scalability/caching-to-improve-performance/caching-overview#s-drupal-performance-resources).,https://www.drupal.org/docs/7/managing-site-performance-and-scalability/caching-to-improve-performance/caching-overview,,,,regex_match_no_context
case2,regex_baseline,url,ascii,46451633,https://www.drupal.org/project/project_module?f%5B0%5D=&f%5B1%5D=&f%5B2%5D=im_vid_3%3A123&f%5B3%5D=&f%5B4%5D=sm_field_project_type%3Afull&f%5B5%5D=&f%5B6%5D=&text=optimize+images&solrsort=iss_project_release_usage+desc&op=Search),https://www.drupal.org/project/project_module?f%5B0%5D=&f%5B1%5D=&f%5B2%5D=im_vid_3%3A123&f%5B3%5D=&f%5B4%5D=sm_field_project_type%3Afull&f%5B5%5D=&f%5B6%5D=&text=optimize+images&solrsort=iss_project_release_usage+desc&op=Search),,,,regex_match_no_context
case2,regex_baseline,url,ascii,46453101,https://www.drupal.org/project/project_module?f%5B0%5D=&f%5B1%5D=&f%5B2%5D=&f%5B3%5D=&f%5B4%5D=sm_field_project_type%3Afull&f%5B5%5D=&f%5B6%5D=&text=dns-prefetch&solrsort=iss_project_release_usage+desc&op=Search),https://www.drupal.org/project/project_module?f%5B0%5D=&f%5B1%5D=&f%5B2%5D=&f%5B3%5D=&f%5B4%5D=sm_field_project_type%3Afull&f%5B5%5D=&f%5B6%5D=&text=dns-prefetch&solrsort=iss_project_release_usage+desc&op=Search),,,,regex_match_no_context
case2,regex_baseline,url,ascii,46454169,https://pubdash.ezoic.com/speed),https://pubdash.ezoic.com/speed),,,,regex_match_no_context
case2,regex_baseline,url,ascii,46455723,https://pubdash.ezoic.com/speed/caching),https://pubdash.ezoic.com/speed/caching),,,,regex_match_no_context
case2,regex_baseline,url,ascii,46457645,https://extensions.joomla.org/),https://extensions.joomla.org/),,,,regex_match_no_context
case2,regex_baseline,url,ascii,46458205,https://extensions.joomla.org/instant-search/?jed_live%5Bquery%5D=webp),https://extensions.joomla.org/instant-search?jed_live%5Bquery%5D=webp),,,,regex_match_no_context
case2,regex_baseline,url,ascii,46458423,https://extensions.joomla.org/instant-search/?jed_live%5Bquery%5D=lazy%20loading),https://extensions.joomla.org/instant-search?jed_live%5Bquery%5D=lazy%20loading),,,,regex_match_no_context
case2,regex_baseline,url,ascii,46458682,https://github.com/joomla/joomla-cms/pull/30748),https://github.com/joomla/joomla-cms/pull/30748),,,,regex_match_no_context
case2,regex_baseline,url,ascii,46459133,https://extensions.joomla.org/instant-search/?jed_live%5Bquery%5D=performance),https://extensions.joomla.org/instant-search?jed_live%5Bquery%5D=performance),,,,regex_match_no_context
case2,regex_baseline,url,ascii,46459248,https://extensions.joomla.org/instant-search/?jed_live%5Bquery%5D=performance).,https://extensions.joomla.org/instant-search?jed_live%5Bquery%5D=performance).,,,,regex_match_no_context
case2,regex_baseline,url,ascii,46460808,https://docs.joomla.org/Cache).,https://docs.joomla.org/Cache).,,,,regex_match_no_context
case2,regex_baseline,url,ascii,46461260,https://extensions.joomla.org/instant-search/?jed_live%5Bquery%5D=responsive%20images),https://extensions.joomla.org/instant-search?jed_live%5Bquery%5D=responsive%20images),,,,regex_match_no_context
case2,regex_baseline,url,ascii,46462088,https://marketplace.magento.com/catalogsearch/result/?q=webp),https://marketplace.magento.com/catalogsearch/result?q=webp),,,,regex_match_no_context
case2,regex_baseline,url,ascii,46462347,https://web.dev/native-lazy-loading),https://web.dev/native-lazy-loading),,,,regex_match_no_context
case2,regex_baseline,url,ascii,46462480,https://devdocs.magento.com/guides/v2.3/frontend-dev-guide/themes/js-bundling.html),https://devdocs.magento.com/guides/v2.3/frontend-dev-guide/themes/js-bundling.html),,,,regex_match_no_context
case2,regex_baseline,url,ascii,46462592,https://github.com/magento/baler/),https://github.com/magento/baler/),,,,regex_match_no_context
case2,regex_baseline,url,ascii,46462743,https://devdocs.magento.com/guides/v2.3/performance-best-practices/configuration.html?itm_source=devdocs&itm_medium=search_page&itm_campaign=federated_search&itm_term=minify%20css%20files).,https://devdocs.magento.com/guides/v2.3/performance-best-practices/configuration.html?itm_source=devdocs&itm_medium=search_page&itm_campaign=federated_search&itm_term=minify%20css%20files).,,,,regex_match_no_context
case2,regex_baseline,url,ascii,46462972,https://www.npmjs.com/package/terser),https://www.npmjs.com/package/terser),,,,regex_match_no_context
case2,regex_baseline,url,ascii,46463192,https://devdocs.magento.com/guides/v2.3/frontend-dev-guide/themes/js-bundling.html).,https://devdocs.magento.com/guides/v2.3/frontend-dev-guide/themes/js-bundling.html).,,,,regex_match_no_context
case2,regex_baseline,url,ascii,46463348,https://marketplace.magento.com/catalogsearch/result/?q=optimize%20image),https://marketplace.magento.com/catalogsearch/result?q=optimize%20image),,,,regex_match_no_context
case2,regex_baseline,url,ascii,46463543,https://devdocs.magento.com/guides/v2.3/config-guide/varnish/config-varnish.html).,https://devdocs.magento.com/guides/v2.3/config-guide/varnish/config-varnish.html).,,,,regex_match_no_context
case2,regex_baseline,url,ascii,46463739,https://devdocs.magento.com/guides/v2.3/frontend-dev-guide/layouts/xml-manage.html).,https://devdocs.magento.com/guides/v2.3/frontend-dev-guide/layouts/xml-manage.html).,,,,regex_match_no_context
case2,regex_baseline,url,ascii,46464101,https://github.com/magento/baler).,https://github.com/magento/baler).,,,,regex_match_no_context
case2,regex_baseline,url,ascii,46464206,https://devdocs.magento.com/guides/v2.3/frontend-dev-guide/css-topics/using-fonts.html).,https://devdocs.magento.com/guides/v2.3/frontend-dev-guide/css-topics/using-fonts.html).,,,,regex_match_no_context
case2,regex_baseline,url,ascii,46465699,https://purgecss.com/guides/next.html).,https://purgecss.com/guides/next.html).,,,,regex_match_no_context
case2,regex_baseline,url,ascii,46465867,https://nextjs.org/docs/basic-features/image-optimization).,https://nextjs.org/docs/basic-features/image-optimization).,,,,regex_match_no_context
case2,regex_baseline,url,ascii,46466235,https://nextjs.org/docs/basic-features/script).,https://nextjs.org/docs/basic-features/script).,,,,regex_match_no_context
case2,regex_baseline,url,ascii,46466382,https://github.com/vercel/next.js/tree/canary/packages/next-bundle-analyzer),https://github.com/vercel/next.js/tree/canary/packages/next-bundle-analyzer),,,,regex_match_no_context
case2,regex_baseline,url,ascii,46466576,https://nextjs.org/docs/going-to-production#caching).,https://nextjs.org/docs/going-to-production,,,,regex_match_no_context
case2,regex_baseline,url,ascii,46466886,https://nextjs.org/docs/api-reference/next.config.js/compression).,https://nextjs.org/docs/api-reference/next.config.js/compression).,,,,regex_match_no_context
case2,regex_baseline,url,ascii,46467056,https://nextjs.org/docs/api-reference/next/image#sizes).,https://nextjs.org/docs/api-reference/next/image,,,,regex_match_no_context
case2,regex_baseline,url,ascii,46467224,https://nextjs.org/docs/advanced-features/measuring-performance).,https://nextjs.org/docs/advanced-features/measuring-performance).,,,,regex_match_no_context
case2,regex_baseline,url,ascii,46468269,https://image.nuxtjs.org/components/nuxt-img#format).,https://image.nuxtjs.org/components/nuxt-img,,,,regex_match_no_context
case2,regex_baseline,url,ascii,46470095,https://octobercms.com/plugins),https://octobercms.com/plugins),,,,regex_match_no_context
case2,regex_baseline,url,ascii,46470597,https://octobercms.com/plugins?search=image),https://octobercms.com/plugins?search=image),,,,regex_match_no_context
case2,regex_baseline,url,ascii,46470752,https://developers.google.com/speed/webp),https://developers.google.com/speed/webp),,,,regex_match_no_context
case2,regex_baseline,url,ascii,46470972,https://jakearchibald.com/2020/avif-has-landed/).,https://jakearchibald.com/2020/avif-has-landed/).,,,,regex_match_no_context
case2,regex_baseline,url,ascii,46471095,https://octobercms.com/plugins?search=lazy),https://octobercms.com/plugins?search=lazy),,,,regex_match_no_context
case2,regex_baseline,url,ascii,46471288,https://octobercms.com/plugins?search=Accelerated+Mobile+Pages).,https://octobercms.com/plugins?search=Accelerated+Mobile+Pages).,,,,regex_match_no_context
case2,regex_baseline,url,ascii,46471684,https://octobercms.com/plugins?search=css).,https://octobercms.com/plugins?search=css).,,,,regex_match_no_context
case2,regex_baseline,url,ascii,46471843,https://octobercms.com/plugins?search=css),https://octobercms.com/plugins?search=css),,,,regex_match_no_context
case2,regex_baseline,url,ascii,46472102,https://octobercms.com/plugins?search=javascript),https://octobercms.com/plugins?search=javascript),,,,regex_match_no_context
case2,regex_baseline,url,ascii,46472384,https://web.dev/replace-gifs-with-videos/),https://web.dev/replace-gifs-with-videos/),,,,regex_match_no_context
case2,regex_baseline,url,ascii,46472507,https://web.dev/replace-gifs-with-videos/#create-webm-videos),https://web.dev/replace-gifs-with-videos,,,,regex_match_no_context
case2,regex_baseline,url,ascii,46472578,https://developers.google.com/web/updates/2018/09/chrome-70-media-updates#av1-decoder),https://developers.google.com/web/updates/2018/09/chrome-70-media-updates,,,,regex_match_no_context
case2,regex_baseline,url,ascii,46473405,https://web.dev/http-cache/#caching-checklist).,https://web.dev/http-cache,,,,regex_match_no_context
case2,regex_baseline,url,ascii,46473478,https://octobercms.com/plugins?search=Caching),https://octobercms.com/plugins?search=Caching),,,,regex_match_no_context
case2,regex_baseline,url,ascii,46473970,https://octobercms.com/docs/markup/filter-resize),https://octobercms.com/docs/markup/filter-resize),,,,regex_match_no_context
case2,regex_baseline,url,ascii,46474414,https://octobercms.com/docs/services/queues),https://octobercms.com/docs/services/queues),,,,regex_match_no_context
case2,regex_baseline,url,ascii,46477499,https://reactjs.org/docs/optimizing-performance.html#use-the-production-build).,https://reactjs.org/docs/optimizing-performance.html,,,,regex_match_no_context
case2,regex_baseline,url,ascii,46477977,https://web.dev/code-splitting-suspense/),https://web.dev/code-splitting-suspense/),,,,regex_match_no_context
case2,regex_baseline,url,ascii,46478120,https://www.smooth-code.com/open-source/loadable-components/docs/getting-started/).,https://www.smooth-code.com/open-source/loadable-components/docs/getting-started/).,,,,regex_match_no_context
case2,regex_baseline,url,ascii,46478469,https://reactjs.org/docs/react-dom-server.html#renderToPipeableStream).,https://reactjs.org/docs/react-dom-server.html,,,,regex_match_no_context
case2,regex_baseline,url,ascii,46478653,https://reacttraining.com/react-router/web/api/Redirect).,https://reacttraining.com/react-router/web/api/Redirect).,,,,regex_match_no_context
case2,regex_baseline,url,ascii,46478869,https://reactjs.org/blog/2018/09/10/introducing-the-react-profiler.html),https://reactjs.org/blog/2018/09/10/introducing-the-react-profiler.html),,,,regex_match_no_context
case2,regex_baseline,url,ascii,46479127,https://web.dev/virtualize-long-lists-react-window/).,https://web.dev/virtualize-long-lists-react-window/).,,,,regex_match_no_context
case2,regex_baseline,url,ascii,46479356,https://reactjs.org/docs/react-api.html#reactpurecomponent),https://reactjs.org/docs/react-api.html,,,,regex_match_no_context
case2,regex_baseline,url,ascii,46479505,https://reactjs.org/docs/hooks-effect.html#tip-optimizing-performance-by-skipping-effects),https://reactjs.org/docs/hooks-effect.html,,,,regex_match_no_context
case2,regex_baseline,url,ascii,46480645,https://wordpress.org/plugins/),https://wordpress.org/plugins/),,,,regex_match_no_context
case2,regex_baseline,url,ascii,46480790,https://developer.chrome.com/docs/devtools/coverage/),https://developer.chrome.com/docs/devtools/coverage/),,,,regex_match_no_context
case2,regex_baseline,url,ascii,46481184,https://wordpress.org/plugins/performance-lab/),https://wordpress.org/plugins/performance-lab/),,,,regex_match_no_context
case2,regex_baseline,url,ascii,46481382,https://wordpress.org/plugins/search/lazy+load/),https://wordpress.org/plugins/search/lazy+load/),,,,regex_match_no_context
case2,regex_baseline,url,ascii,46481580,https://wordpress.org/plugins/amp/).,https://wordpress.org/plugins/amp/).,,,,regex_match_no_context
case2,regex_baseline,url,ascii,46481961,https://wordpress.org/plugins/search/critical+css/),https://wordpress.org/plugins/search/critical+css/),,,,regex_match_no_context
case2,regex_baseline,url,ascii,46482049,https://wordpress.org/plugins/search/defer+css+javascript/).,https://wordpress.org/plugins/search/defer+css+javascript/).,,,,regex_match_no_context
case2,regex_baseline,url,ascii,46482305,https://wordpress.org/plugins/search/minify+css/),https://wordpress.org/plugins/search/minify+css/),,,,regex_match_no_context
case2,regex_baseline,url,ascii,46482581,https://wordpress.org/plugins/search/minify+javascript/),https://wordpress.org/plugins/search/minify+javascript/),,,,regex_match_no_context
case2,regex_baseline,url,ascii,46483563,https://wordpress.org/support/article/optimization/#browser-caching).,https://wordpress.org/support/article/optimization,,,,regex_match_no_context
case2,regex_baseline,url,ascii,46483715,https://wordpress.org/plugins/search/optimize+images/),https://wordpress.org/plugins/search/optimize+images/),,,,regex_match_no_context
case2,regex_baseline,url,ascii,46483994,https://wordpress.org/support/article/media-library-screen/),https://wordpress.org/support/article/media-library-screen/),,,,regex_match_no_context
case2,regex_baseline,url,ascii,46484367,https://wordpress.org/support/article/inserting-images-into-posts-and-pages/).,https://wordpress.org/support/article/inserting-images-into-posts-and-pages/).,,,,regex_match_no_context
case2,regex_baseline,url,ascii,46486363,https://docs.wp-rocket.me/article/1529-remove-unused-css),https://docs.wp-rocket.me/article/1529-remove-unused-css),,,,regex_match_no_context
case2,regex_baseline,url,ascii,46486756,https://docs.wp-rocket.me/article/1349-delay-javascript-execution),https://docs.wp-rocket.me/article/1349-delay-javascript-execution),,,,regex_match_no_context
case2,regex_baseline,url,ascii,46487045,https://docs.wp-rocket.me/article/1674-lazyload-for-iframes-and-videos),https://docs.wp-rocket.me/article/1674-lazyload-for-iframes-and-videos),,,,regex_match_no_context
case2,regex_baseline,url,ascii,46487165,https://docs.wp-rocket.me/article/1488-replace-youtube-iframe-with-preview-image),https://docs.wp-rocket.me/article/1488-replace-youtube-iframe-with-preview-image),,,,regex_match_no_context
case2,regex_baseline,url,ascii,46487403,https://docs.wp-rocket.me/article/1265-load-javascript-deferred),https://docs.wp-rocket.me/article/1265-load-javascript-deferred),,,,regex_match_no_context
case2,regex_baseline,url,ascii,46487684,https://docs.wp-rocket.me/article/1350-css-minify-combine),https://docs.wp-rocket.me/article/1350-css-minify-combine),,,,regex_match_no_context
case2,regex_baseline,url,ascii,46487955,https://docs.wp-rocket.me/article/1351-javascript-minify-combine),https://docs.wp-rocket.me/article/1351-javascript-minify-combine),,,,regex_match_no_context
case2,regex_baseline,url,ascii,46488364,https://docs.wp-rocket.me/article/1302-prefetch-dns-requests),https://docs.wp-rocket.me/article/1302-prefetch-dns-requests),,,,regex_match_no_context
case2,regex_baseline,url,ascii,46488593,https://docs.wp-rocket.me/article/1312-optimize-google-fonts),https://docs.wp-rocket.me/article/1312-optimize-google-fonts),,,,regex_match_no_context
case2,regex_baseline,url,ascii,46488699,https://docs.wp-rocket.me/article/42-using-wp-rocket-with-a-cdn),https://docs.wp-rocket.me/article/42-using-wp-rocket-with-a-cdn),,,,regex_match_no_context
case2,regex_baseline,url,ascii,46489024,https://docs.wp-rocket.me/article/1141-lazyload-for-images),https://docs.wp-rocket.me/article/1141-lazyload-for-images),,,,regex_match_no_context
case2,regex_baseline,url,ascii,46538916,https://a6bb0da87ee048cc9ae2a345fc09ab2e:63a7029f46f74265981b7e005e0f69f8@sentry.io/174697,https://a6bb0da87ee048cc9ae2a345fc09ab2e:63a7029f46f74265981b7e005e0f69f8@sentry.io/174697,,,,regex_match_no_context
case2,regex_baseline,url,ascii,46544547,https://marketingplatform.google.com/about/enterprise/,https://marketingplatform.google.com/about/enterprise,,,,regex_match_no_context
case2,regex_baseline,url,ascii,46545240,https://www.facebook.com,https://www.facebook.com,,,,regex_match_no_context
case2,regex_baseline,url,ascii,46545590,https://github.com/calibreapp/react-live-chat-loader,https://github.com/calibreapp/react-live-chat-loader,,,,regex_match_no_context
case2,regex_baseline,url,ascii,46545677,https://www.instagram.com,https://www.instagram.com,,,,regex_match_no_context
case2,regex_baseline,url,ascii,46545818,https://developers.google.com/speed/libraries/,https://developers.google.com/speed/libraries,,,,regex_match_no_context
case2,regex_baseline,url,ascii,46546032,https://www.google.com/maps,https://www.google.com/maps,,,,regex_match_no_context
case2,regex_baseline,url,ascii,46546472,https://developers.google.com/apis-explorer/#p/,https://developers.google.com/apis-explorer,,,,regex_match_no_context
case2,regex_baseline,url,ascii,46547632,https://marketingplatform.google.com/about/analytics/,https://marketingplatform.google.com/about/analytics,,,,regex_match_no_context
case2,regex_baseline,url,ascii,46547833,https://marketingplatform.google.com/about/optimize/,https://marketingplatform.google.com/about/optimize,,,,regex_match_no_context
case2,regex_baseline,url,ascii,46547990,https://github.com/google/amp-client-id-library,https://github.com/google/amp-client-id-library,,,,regex_match_no_context
case2,regex_baseline,url,ascii,46548145,https://marketingplatform.google.com/about/tag-manager/,https://marketingplatform.google.com/about/tag-manager,,,,regex_match_no_context
case2,regex_baseline,url,ascii,46548309,https://fonts.google.com/,https://fonts.google.com,,,,regex_match_no_context
case2,regex_baseline,url,ascii,46548454,https://fonts.adobe.com/,https://fonts.adobe.com,,,,regex_match_no_context
case2,regex_baseline,url,ascii,46548564,https://youtube.com,https://youtube.com,,,,regex_match_no_context
case2,regex_baseline,url,ascii,46548794,https://github.com/paulirish/lite-youtube-embed,https://github.com/paulirish/lite-youtube-embed,,,,regex_match_no_context
case2,regex_baseline,url,ascii,46548874,https://twitter.com,https://twitter.com,,,,regex_match_no_context
case2,regex_baseline,url,ascii,46549041,https://www.addthis.com/,https://www.addthis.com,,,,regex_match_no_context
case2,regex_baseline,url,ascii,46549178,https://www.addtoany.com/,https://www.addtoany.com,,,,regex_match_no_context
case2,regex_baseline,url,ascii,46549276,https://www.akamai.com/,https://www.akamai.com,,,,regex_match_no_context
case2,regex_baseline,url,ascii,46549551,https://www.blogger.com/,https://www.blogger.com,,,,regex_match_no_context
case2,regex_baseline,url,ascii,46549734,https://en.gravatar.com/,https://en.gravatar.com,,,,regex_match_no_context
case2,regex_baseline,url,ascii,46549856,https://metrica.yandex.com/about?,https://metrica.yandex.com/about,,,,regex_match_no_context
case2,regex_baseline,url,ascii,46550011,https://www.hotjar.com/,https://www.hotjar.com,,,,regex_match_no_context
case2,regex_baseline,url,ascii,46550131,https://tongji.baidu.com/web/welcome/login,https://tongji.baidu.com/web/welcome/login,,,,regex_match_no_context
case2,regex_baseline,url,ascii,46550567,https://www.adobe.com/experience-platform/,https://www.adobe.com/experience-platform,,,,regex_match_no_context
case2,regex_baseline,url,ascii,46550762,https://code.jquery.com/,https://code.jquery.com,,,,regex_match_no_context
case2,regex_baseline,url,ascii,46550862,https://cdnjs.com/,https://cdnjs.com,,,,regex_match_no_context
case2,regex_baseline,url,ascii,46550981,https://www.cloudflare.com/website-optimization/,https://www.cloudflare.com/website-optimization,,,,regex_match_no_context
case2,regex_baseline,url,ascii,46551187,https://wp.com/,https://wp.com,,,,regex_match_no_context
case2,regex_baseline,url,ascii,46551533,https://hatenablog.com/,https://hatenablog.com,,,,regex_match_no_context
case2,regex_baseline,url,ascii,46551649,https://www.shopify.com/,https://www.shopify.com,,,,regex_match_no_context
case2,regex_baseline,url,ascii,46551804,https://www.dealer.com/,https://www.dealer.com,,,,regex_match_no_context
case2,regex_baseline,url,ascii,46551899,https://www.pixnet.net/,https://www.pixnet.net,,,,regex_match_no_context
case2,regex_baseline,url,ascii,46552005,https://moat.com/,https://moat.com,,,,regex_match_no_context
case2,regex_baseline,url,ascii,46552111,https://33across.com/,https://33across.com,,,,regex_match_no_context
case2,regex_baseline,url,ascii,46552200,https://www.openx.com/,https://www.openx.com,,,,regex_match_no_context
case2,regex_baseline,url,ascii,46552376,https://ad.amazon.com/,https://ad.amazon.com,,,,regex_match_no_context
case2,regex_baseline,url,ascii,46552483,https://rubiconproject.com/,https://rubiconproject.com,,,,regex_match_no_context
case2,regex_baseline,url,ascii,46552625,https://www.thetradedesk.com/,https://www.thetradedesk.com,,,,regex_match_no_context
case2,regex_baseline,url,ascii,46552756,https://www.bidswitch.com/,https://www.bidswitch.com,,,,regex_match_no_context
case2,regex_baseline,url,ascii,46552867,https://liveramp.com/discover-identitylink/,https://liveramp.com/discover-identitylink,,,,regex_match_no_context
case2,regex_baseline,url,ascii,46553005,https://www.drawbridge.com/,https://www.drawbridge.com,,,,regex_match_no_context
case2,regex_baseline,url,ascii,46553124,https://www.oath.com/,https://www.oath.com,,,,regex_match_no_context
case2,regex_baseline,url,ascii,46553321,https://www.xaxis.com/,https://www.xaxis.com,,,,regex_match_no_context
case2,regex_baseline,url,ascii,46553470,https://freshdesk.com/,https://freshdesk.com,,,,regex_match_no_context
case2,regex_baseline,url,ascii,46553594,https://www.helpscout.net/,https://www.helpscout.net,,,,regex_match_no_context
case2,regex_baseline,url,ascii,46553914,https://www.alexa.com/,https://www.alexa.com,,,,regex_match_no_context
case2,regex_baseline,url,ascii,46554051,https://onesignal.com/,https://onesignal.com,,,,regex_match_no_context
case2,regex_baseline,url,ascii,46554155,https://www.luckyorange.com/,https://www.luckyorange.com,,,,regex_match_no_context
case2,regex_baseline,url,ascii,46554317,https://www.crazyegg.com/,https://www.crazyegg.com,,,,regex_match_no_context
case2,regex_baseline,url,ascii,46554501,https://yandex.com/adv/,https://yandex.com/adv,,,,regex_match_no_context
case2,regex_baseline,url,ascii,46554595,https://www.salesforce.com/products/marketing-cloud/,https://www.salesforce.com/products/marketing-cloud,,,,regex_match_no_context
case2,regex_baseline,url,ascii,46554738,https://www.salesforce.com/products/commerce-cloud/overview/,https://www.salesforce.com/products/commerce-cloud/overview,,,,regex_match_no_context
case2,regex_baseline,url,ascii,46554923,https://www.optimizely.com/,https://www.optimizely.com,,,,regex_match_no_context
case2,regex_baseline,url,ascii,46555030,https://www.livechat.com/,https://www.livechat.com,,,,regex_match_no_context
case2,regex_baseline,url,ascii,46555179,https://vk.com/,https://vk.com,,,,regex_match_no_context
case2,regex_baseline,url,ascii,46555261,https://tumblr.com/,https://tumblr.com,,,,regex_match_no_context
case2,regex_baseline,url,ascii,46555351,https://wistia.com/,https://wistia.com,,,,regex_match_no_context
case2,regex_baseline,url,ascii,46555488,https://www.brightcove.com/en/,https://www.brightcove.com/en,,,,regex_match_no_context
case2,regex_baseline,url,ascii,46555632,https://www.jsdelivr.com/,https://www.jsdelivr.com,,,,regex_match_no_context
case2,regex_baseline,url,ascii,46555725,https://sumo.com/,https://sumo.com,,,,regex_match_no_context
case2,regex_baseline,url,ascii,46555845,https://vimeo.com/,https://vimeo.com,,,,regex_match_no_context
case2,regex_baseline,url,ascii,46556037,https://github.com/slightlyoff/lite-vimeo,https://github.com/slightlyoff/lite-vimeo,,,,regex_match_no_context
case2,regex_baseline,url,ascii,46556113,https://github.com/luwes/lite-vimeo-embed,https://github.com/luwes/lite-vimeo-embed,,,,regex_match_no_context
case2,regex_baseline,url,ascii,46556186,https://disqus.com/,https://disqus.com,,,,regex_match_no_context
case2,regex_baseline,url,ascii,46556316,https://yandex.ru/,https://yandex.ru,,,,regex_match_no_context
case2,regex_baseline,url,ascii,46556566,https://integralads.com/uk/,https://integralads.com/uk,,,,regex_match_no_context
case2,regex_baseline,url,ascii,46556686,https://tealium.com/,https://tealium.com,,,,regex_match_no_context
case2,regex_baseline,url,ascii,46556872,https://pubmatic.com/,https://pubmatic.com,,,,regex_match_no_context
case2,regex_baseline,url,ascii,46556961,https://www.olark.com/,https://www.olark.com,,,,regex_match_no_context
case2,regex_baseline,url,ascii,46557065,https://www.tawk.to/,https://www.tawk.to,,,,regex_match_no_context
case2,regex_baseline,url,ascii,46557169,https://optinmonster.com/,https://optinmonster.com,,,,regex_match_no_context
case2,regex_baseline,url,ascii,46557303,https://zendesk.com/,https://zendesk.com,,,,regex_match_no_context
case2,regex_baseline,url,ascii,46557436,https://pusher.com/,https://pusher.com,,,,regex_match_no_context
case2,regex_baseline,url,ascii,46557544,https://www.drift.com/,https://www.drift.com,,,,regex_match_no_context
case2,regex_baseline,url,ascii,46557858,https://sentry.io/,https://sentry.io,,,,regex_match_no_context
case2,regex_baseline,url,ascii,46558013,https://aws.amazon.com/s3/,https://aws.amazon.com/s3,,,,regex_match_no_context
case2,regex_baseline,url,ascii,46558244,https://pay.amazon.com,https://pay.amazon.com,,,,regex_match_no_context
case2,regex_baseline,url,ascii,46558372,https://www.media.net/,https://www.media.net,,,,regex_match_no_context
case2,regex_baseline,url,ascii,46558476,https://www.yahoo.com/,https://www.yahoo.com,,,,regex_match_no_context
case2,regex_baseline,url,ascii,46558678,https://www.adroll.com/,https://www.adroll.com,,,,regex_match_no_context
case2,regex_baseline,url,ascii,46558768,https://twitch.tv/,https://twitch.tv,,,,regex_match_no_context
case2,regex_baseline,url,ascii,46558856,https://www.taboola.com/,https://www.taboola.com,,,,regex_match_no_context
case2,regex_baseline,url,ascii,46558975,https://www.sizmek.com/,https://www.sizmek.com,,,,regex_match_no_context
case2,regex_baseline,url,ascii,46559098,https://www.scorecardresearch.com/,https://www.scorecardresearch.com,,,,regex_match_no_context
case2,regex_baseline,url,ascii,46559210,https://www.criteo.com/,https://www.criteo.com,,,,regex_match_no_context
case2,regex_baseline,url,ascii,46559341,https://segment.com/,https://segment.com,,,,regex_match_no_context
case2,regex_baseline,url,ascii,46559454,https://www.sharethis.com/,https://www.sharethis.com,,,,regex_match_no_context
case2,regex_baseline,url,ascii,46559563,https://www.distilnetworks.com/,https://www.distilnetworks.com,,,,regex_match_no_context
case2,regex_baseline,url,ascii,46559675,https://connexity.com/,https://connexity.com,,,,regex_match_no_context
case2,regex_baseline,url,ascii,46559774,https://www.popads.net/,https://www.popads.net,,,,regex_match_no_context
case2,regex_baseline,url,ascii,46559870,https://code.createjs.com/,https://code.createjs.com,,,,regex_match_no_context
case2,regex_baseline,url,ascii,46559971,https://www.squarespace.com/,https://www.squarespace.com,,,,regex_match_no_context
case2,regex_baseline,url,ascii,46560081,https://www.mediamath.com/,https://www.mediamath.com,,,,regex_match_no_context
case2,regex_baseline,url,ascii,46560193,https://mixpanel.com/,https://mixpanel.com,,,,regex_match_no_context
case2,regex_baseline,url,ascii,46560313,https://fontawesome.com/,https://fontawesome.com,,,,regex_match_no_context
case2,regex_baseline,url,ascii,46560411,https://hubspot.com/,https://hubspot.com,,,,regex_match_no_context
case2,regex_baseline,url,ascii,46560794,https://mailchimp.com/,https://mailchimp.com,,,,regex_match_no_context
case2,regex_baseline,url,ascii,46560931,https://www.mgid.com/,https://www.mgid.com,,,,regex_match_no_context
case2,regex_baseline,url,ascii,46561031,https://stripe.com,https://stripe.com,,,,regex_match_no_context
case2,regex_baseline,url,ascii,46561158,https://paypal.com,https://paypal.com,,,,regex_match_no_context
case2,regex_baseline,url,ascii,46561274,https://www.marketgid.com/,https://www.marketgid.com,,,,regex_match_no_context
case2,regex_baseline,url,ascii,46561373,https://pinterest.com/,https://pinterest.com,,,,regex_match_no_context
case2,regex_baseline,url,ascii,46561487,https://newrelic.com/,https://newrelic.com,,,,regex_match_no_context
case2,regex_baseline,url,ascii,46561603,https://www.appdynamics.com/,https://www.appdynamics.com,,,,regex_match_no_context
case2,regex_baseline,url,ascii,46561770,https://parkingcrew.net/,https://parkingcrew.net,,,,regex_match_no_context
case2,regex_baseline,url,ascii,46561923,https://wordads.co/,https://wordads.co,,,,regex_match_no_context
case2,regex_baseline,url,ascii,46562013,https://www.appnexus.com/,https://www.appnexus.com,,,,regex_match_no_context
case2,regex_baseline,url,ascii,46562136,https://www.histats.com/,https://www.histats.com,,,,regex_match_no_context
case2,regex_baseline,url,ascii,46562241,https://www.doubleverify.com/,https://www.doubleverify.com,,,,regex_match_no_context
case2,regex_baseline,url,ascii,46562374,https://www.mediavine.com/,https://www.mediavine.com,,,,regex_match_no_context
case2,regex_baseline,url,ascii,46562467,https://www.wix.com/,https://www.wix.com,,,,regex_match_no_context
case2,regex_baseline,url,ascii,46562611,https://webflow.com/,https://webflow.com,,,,regex_match_no_context
case2,regex_baseline,url,ascii,46562781,https://www.weebly.com/,https://www.weebly.com,,,,regex_match_no_context
case2,regex_baseline,url,ascii,46562882,https://www.linkedin.com/,https://www.linkedin.com,,,,regex_match_no_context
case2,regex_baseline,url,ascii,46563172,https://www.voxmedia.com/,https://www.voxmedia.com,,,,regex_match_no_context
case2,regex_baseline,url,ascii,46563288,https://www.hotmart.com/,https://www.hotmart.com,,,,regex_match_no_context
case2,regex_baseline,url,ascii,46563389,https://www.soundcloud.com/,https://www.soundcloud.com,,,,regex_match_no_context
case2,regex_baseline,url,ascii,46563523,https://www.spotify.com/,https://www.spotify.com,,,,regex_match_no_context
case2,regex_baseline,url,ascii,46563629,https://amp.dev/,https://amp.dev,,,,regex_match_no_context
case2,regex_baseline,url,ascii,46563724,https://beeketing.com/,https://beeketing.com,,,,regex_match_no_context
case2,regex_baseline,url,ascii,46563826,https://albacross.com/,https://albacross.com,,,,regex_match_no_context
case2,regex_baseline,url,ascii,46563932,https://www.trafficjunky.com/,https://www.trafficjunky.com,,,,regex_match_no_context
case2,regex_baseline,url,ascii,46564060,https://www.bootstrapcdn.com/,https://www.bootstrapcdn.com,,,,regex_match_no_context
case2,regex_baseline,url,ascii,46564168,https://www.shareaholic.com/,https://www.shareaholic.com,,,,regex_match_no_context
case2,regex_baseline,url,ascii,46564305,https://snowplowanalytics.com/,https://snowplowanalytics.com,,,,regex_match_no_context
case2,regex_baseline,url,ascii,46564430,https://www.rdstation.com/en/,https://www.rdstation.com/en,,,,regex_match_no_context
case2,regex_baseline,url,ascii,46564551,https://www.jivochat.com/,https://www.jivochat.com,,,,regex_match_no_context
case2,regex_baseline,url,ascii,46564660,https://www.listrak.com/,https://www.listrak.com,,,,regex_match_no_context
case2,regex_baseline,url,ascii,46564777,https://www.ontame.io,https://www.ontame.io,,,,regex_match_no_context
case2,regex_baseline,url,ascii,46564870,https://www.ipify.org,https://www.ipify.org,,,,regex_match_no_context
case2,regex_baseline,url,ascii,46564966,https://www.ensighten.com/,https://www.ensighten.com,,,,regex_match_no_context
case2,regex_baseline,url,ascii,46565074,https://www.episerver.com,https://www.episerver.com,,,,regex_match_no_context
case2,regex_baseline,url,ascii,46565174,https://developer.akamai.com/akamai-mpulse,https://developer.akamai.com/akamai-mpulse,,,,regex_match_no_context
case2,regex_baseline,url,ascii,46565341,https://www.pingdom.com/product/performance-monitoring/,https://www.pingdom.com/product/performance-monitoring,,,,regex_match_no_context
case2,regex_baseline,url,ascii,46565500,https://speedcurve.com/features/lux/,https://speedcurve.com/features/lux,,,,regex_match_no_context
case2,regex_baseline,url,ascii,46565631,https://www.cedexis.com/radar/,https://www.cedexis.com/radar,,,,regex_match_no_context
case2,regex_baseline,url,ascii,46566074,https://byside.com,https://byside.com,,,,regex_match_no_context
case2,regex_baseline,url,ascii,46566163,https://vwo.com,https://vwo.com,,,,regex_match_no_context
case2,regex_baseline,url,ascii,46566329,https://bingads.microsoft.com,https://bingads.microsoft.com,,,,regex_match_no_context
case2,regex_baseline,url,ascii,46566514,https://www.gosquared.com,https://www.gosquared.com,,,,regex_match_no_context
case2,regex_baseline,url,ascii,46566650,https://usabilla.com,https://usabilla.com,,,,regex_match_no_context
case2,regex_baseline,url,ascii,46566787,https://insights.fastlylabs.com,https://insights.fastlylabs.com,,,,regex_match_no_context
case2,regex_baseline,url,ascii,46566904,https://www.visualiq.com,https://www.visualiq.com,,,,regex_match_no_context
case2,regex_baseline,url,ascii,46567008,https://www.snapchat.com,https://www.snapchat.com,,,,regex_match_no_context
case2,regex_baseline,url,ascii,46567135,https://atlassolutions.com,https://atlassolutions.com,,,,regex_match_no_context
case2,regex_baseline,url,ascii,46567237,https://www.quantcast.com,https://www.quantcast.com,,,,regex_match_no_context
case2,regex_baseline,url,ascii,46567411,https://www.spiceworks.com,https://www.spiceworks.com,,,,regex_match_no_context
case2,regex_baseline,url,ascii,46567516,https://www.marketo.com,https://www.marketo.com,,,,regex_match_no_context
case2,regex_baseline,url,ascii,46567650,https://www.intercom.com,https://www.intercom.com,,,,regex_match_no_context
case2,regex_baseline,url,ascii,46567986,https://github.com/danielbachhuber/intercom-facade/,https://github.com/danielbachhuber/intercom-facade,,,,regex_match_no_context
case2,regex_baseline,url,ascii,46568068,https://unpkg.com,https://unpkg.com,,,,regex_match_no_context
case2,regex_baseline,url,ascii,46568172,https://www.readspeaker.com,https://www.readspeaker.com,,,,regex_match_no_context
case2,regex_baseline,url,ascii,46568279,https://www.texthelp.com/en-gb/products/browsealoud/,https://www.texthelp.com/en-gb/products/browsealoud,,,,regex_match_no_context
case2,regex_baseline,url,ascii,46571337,https://www.accentuate.io/,https://www.accentuate.io,,,,regex_match_no_context
case2,regex_baseline,url,ascii,46574617,https://www.ebis.ne.jp/,https://www.ebis.ne.jp,,,,regex_match_no_context
case2,regex_baseline,url,ascii,46576204,https://www.businesscatalyst.com/,https://www.businesscatalyst.com,,,,regex_match_no_context
case2,regex_baseline,url,ascii,46578657,https://www.afterpay.com/,https://www.afterpay.com,,,,regex_match_no_context
case2,regex_baseline,url,ascii,46581586,https://appsolute.us/,https://appsolute.us,,,,regex_match_no_context
case2,regex_baseline,url,ascii,46583998,https://basis.net/,https://basis.net,,,,regex_match_no_context
case2,regex_baseline,url,ascii,46587553,https://bow-now.jp/,https://bow-now.jp,,,,regex_match_no_context
case2,regex_baseline,url,ascii,46588306,https://www.signal.co,https://www.signal.co,,,,regex_match_no_context
case2,regex_baseline,url,ascii,46590002,https://www.inauth.com/,https://www.inauth.com,,,,regex_match_no_context
case2,regex_baseline,url,ascii,46592710,https://www.channelape.com/,https://www.channelape.com,,,,regex_match_no_context
case2,regex_baseline,url,ascii,46600847,https://www.dailykarma.com/,https://www.dailykarma.com,,,,regex_match_no_context
case2,regex_baseline,url,ascii,46601513,https://www.datocms.com/,https://www.datocms.com,,,,regex_match_no_context
case2,regex_baseline,url,ascii,46604950,https://ec-concier.com/,https://ec-concier.com,,,,regex_match_no_context
case2,regex_baseline,url,ascii,46612074,https://flipdesk.jp/,https://flipdesk.jp,,,,regex_match_no_context
case2,regex_baseline,url,ascii,46616648,https://www.gladly.com/,https://www.gladly.com,,,,regex_match_no_context
case2,regex_baseline,url,ascii,46624426,https://www.innovid.com/,https://www.innovid.com,,,,regex_match_no_context
case2,regex_baseline,url,ascii,46624784,https://www.instart.com/,https://www.instart.com,,,,regex_match_no_context
case2,regex_baseline,url,ascii,46627849,https://karte.io/,https://karte.io,,,,regex_match_no_context
case2,regex_baseline,url,ascii,46628001,https://keen.io/,https://keen.io,,,,regex_match_no_context
case2,regex_baseline,url,ascii,46630125,https://www.leaseweb.com/,https://www.leaseweb.com,,,,regex_match_no_context
case2,regex_baseline,url,ascii,46631409,https://www.littledata.io/,https://www.littledata.io,,,,regex_match_no_context
case2,regex_baseline,url,ascii,46631884,https://www.liveperson.com/,https://www.liveperson.com,,,,regex_match_no_context
case2,regex_baseline,url,ascii,46632653,https://www.loginradius.com/,https://www.loginradius.com,,,,regex_match_no_context
case2,regex_baseline,url,ascii,46634065,https://group.macromill.com/,https://group.macromill.com,,,,regex_match_no_context
case2,regex_baseline,url,ascii,46636157,https://www.measured.com/,https://www.measured.com,,,,regex_match_no_context
case2,regex_baseline,url,ascii,46642341,http://www.nielsen-online.com/intlpage.html,http://www.nielsen-online.com/intlpage.html,,,,regex_match_no_context
case2,regex_baseline,url,ascii,46644334,https://www.godaddy.com/,https://www.godaddy.com,,,,regex_match_no_context
case2,regex_baseline,url,ascii,46647425,https://www.outbrain.com/,https://www.outbrain.com,,,,regex_match_no_context
case2,regex_baseline,url,ascii,46651264,https://polar.me/,https://polar.me,,,,regex_match_no_context
case2,regex_baseline,url,ascii,46660576,https://www.rockerbox.com/,https://www.rockerbox.com,,,,regex_match_no_context
case2,regex_baseline,url,ascii,46661246,https://www.brainpad.co.jp/rtoaster/,https://www.brainpad.co.jp/rtoaster,,,,regex_match_no_context
case2,regex_baseline,url,ascii,46661836,https://satori.marketing/,https://satori.marketing,,,,regex_match_no_context
case2,regex_baseline,url,ascii,46671168,https://www.sourceknowledge.com,https://www.sourceknowledge.com,,,,regex_match_no_context
case2,regex_baseline,url,ascii,46677652,https://www.thesistesting.com/,https://www.thesistesting.com,,,,regex_match_no_context
case2,regex_baseline,url,ascii,46678825,https://throtle.io/,https://throtle.io,,,,regex_match_no_context
case2,regex_baseline,url,ascii,46679035,https://www.tiktok.com/en/,https://www.tiktok.com/en,,,,regex_match_no_context
case2,regex_baseline,url,ascii,46679173,https://www.tidiochat.com/en/,https://www.tidiochat.com/en,,,,regex_match_no_context
case2,regex_baseline,url,ascii,46682450,https://letsencrypt.org/,https://letsencrypt.org,,,,regex_match_no_context
case2,regex_baseline,url,ascii,46686211,https://www.ve.com/,https://www.ve.com,,,,regex_match_no_context
case2,regex_baseline,url,ascii,46687024,https://www.verizondigitalmedia.com/,https://www.verizondigitalmedia.com,,,,regex_match_no_context
case2,regex_baseline,url,ascii,46688543,https://visely.io/,https://visely.io,,,,regex_match_no_context
case2,regex_baseline,url,ascii,46692701,https://appmate.io/,https://appmate.io,,,,regex_match_no_context
case2,regex_baseline,url,ascii,46693491,https://www.wunderkind.co/,https://www.wunderkind.co,,,,regex_match_no_context
case2,regex_baseline,url,ascii,46693839,https://www.atinternet.com/en/,https://www.atinternet.com/en,,,,regex_match_no_context
case2,regex_baseline,url,ascii,46694109,https://marketing.yahoo.co.jp/service/yahooads/,https://marketing.yahoo.co.jp/service/yahooads,,,,regex_match_no_context
case2,regex_baseline,url,ascii,46694299,https://marketing.yahoo.co.jp/service/tagmanager/,https://marketing.yahoo.co.jp/service/tagmanager,,,,regex_match_no_context
case2,regex_baseline,url,ascii,46695127,https://www.yotpo.com/,https://www.yotpo.com,,,,regex_match_no_context
case2,regex_baseline,url,ascii,46704921,https://www.cdkglobal.com/us,https://www.cdkglobal.com/us,,,,regex_match_no_context
case2,regex_baseline,url,ascii,46705045,http://admin.fam-ad.com/report/,http://admin.fam-ad.com/report,,,,regex_match_no_context
case2,regex_baseline,url,ascii,46705199,https://www.codigo.se,https://www.codigo.se,,,,regex_match_no_context
case2,regex_baseline,url,ascii,46705297,https://playground.xyz,https://playground.xyz,,,,regex_match_no_context
case2,regex_baseline,url,ascii,46705387,https://www2.rampanel.com/,https://www2.rampanel.com,,,,regex_match_no_context
case2,regex_baseline,url,ascii,46705490,https://www.adition.com,https://www.adition.com,,,,regex_match_no_context
case2,regex_baseline,url,ascii,46705585,https://www.widespace.com,https://www.widespace.com,,,,regex_match_no_context
case2,regex_baseline,url,ascii,46705789,https://www.brandmetrics.com,https://www.brandmetrics.com,,,,regex_match_no_context
case2,regex_baseline,url,ascii,46705897,https://web.easy-ads.com/,https://web.easy-ads.com,,,,regex_match_no_context
case2,regex_baseline,url,ascii,46705990,https://glimr.io/,https://glimr.io,,,,regex_match_no_context
case2,regex_baseline,url,ascii,46706081,https://www.webtrekk.com/en/home/,https://www.webtrekk.com/en/home,,,,regex_match_no_context
case2,regex_baseline,url,ascii,46706190,http://www.digitru.st/,http://www.digitru.st,,,,regex_match_no_context
case2,regex_baseline,url,ascii,46706291,https://www.kantarsifo.se,https://www.kantarsifo.se,,,,regex_match_no_context
case2,regex_baseline,url,ascii,46706396,https://concert.io/,https://concert.io,,,,regex_match_no_context
case2,regex_baseline,url,ascii,46706482,https://www.emerse.com/,https://www.emerse.com,,,,regex_match_no_context
case2,regex_baseline,url,ascii,46706574,https://iteratehq.com/,https://iteratehq.com,,,,regex_match_no_context
case2,regex_baseline,url,ascii,46706676,https://www.cookiebot.com/,https://www.cookiebot.com,,,,regex_match_no_context
case2,regex_baseline,url,ascii,46706778,https://www.netlify.com/,https://www.netlify.com,,,,regex_match_no_context
case2,regex_baseline,url,ascii,46706902,https://scroll.com/,https://scroll.com,,,,regex_match_no_context
case2,regex_baseline,url,ascii,46706997,https://consumable.com/,https://consumable.com,,,,regex_match_no_context
case2,regex_baseline,url,ascii,46707097,https://www.dmdconnects.com/,https://www.dmdconnects.com,,,,regex_match_no_context
case2,regex_baseline,url,ascii,46707205,https://www.catchpoint.com/,https://www.catchpoint.com,,,,regex_match_no_context
case2,regex_baseline,url,ascii,46707305,https://terminus.com/,https://terminus.com,,,,regex_match_no_context
case2,regex_baseline,url,ascii,46707408,https://acceptableads.com/,https://acceptableads.com,,,,regex_match_no_context
case2,regex_baseline,url,ascii,46707524,https://www.clearbrain.com/,https://www.clearbrain.com,,,,regex_match_no_context
case2,regex_baseline,url,ascii,46707630,https://www.cookielaw.org/,https://www.cookielaw.org,,,,regex_match_no_context
case2,regex_baseline,url,ascii,46707759,https://www.trustarc.com/,https://www.trustarc.com,,,,regex_match_no_context
case2,regex_baseline,url,ascii,46707860,https://www.ispot.tv/,https://www.ispot.tv,,,,regex_match_no_context
case2,regex_baseline,url,ascii,46707946,https://www.revjet.com/,https://www.revjet.com,,,,regex_match_no_context
case2,regex_baseline,url,ascii,46708038,https://www.atlasrtx.com/,https://www.atlasrtx.com,,,,regex_match_no_context
case2,regex_baseline,url,ascii,46708153,https://www.contactatonce.com/,https://www.contactatonce.com,,,,regex_match_no_context
case2,regex_baseline,url,ascii,46708272,https://www.algolia.com/,https://www.algolia.com,,,,regex_match_no_context
case2,regex_baseline,url,ascii,46708408,https://emxdigital.com,https://emxdigital.com,,,,regex_match_no_context
case2,regex_baseline,url,ascii,46708497,https://www.gomoxie.com/,https://www.gomoxie.com,,,,regex_match_no_context
case2,regex_baseline,url,ascii,46708617,https://www.scrippsnetworksdigital.com/,https://www.scrippsnetworksdigital.com,,,,regex_match_no_context
case2,regex_baseline,url,ascii,46708727,https://www.turntonetworks.com/,https://www.turntonetworks.com,,,,regex_match_no_context
case2,regex_baseline,url,ascii,46708838,https://www.quantummetric.com/,https://www.quantummetric.com,,,,regex_match_no_context
case2,regex_baseline,url,ascii,46708953,https://www.carbonads.net/,https://www.carbonads.net,,,,regex_match_no_context
case2,regex_baseline,url,ascii,46709065,https://www.ably.io/,https://www.ably.io,,,,regex_match_no_context
case2,regex_baseline,url,ascii,46709155,https://sectigo.com/,https://sectigo.com,,,,regex_match_no_context
case2,regex_baseline,url,ascii,46709250,https://gospecless.com/,https://gospecless.com,,,,regex_match_no_context
case2,regex_baseline,url,ascii,46709343,https://www.loggly.com/,https://www.loggly.com,,,,regex_match_no_context
case2,regex_baseline,url,ascii,46709478,https://intent.com/,https://intent.com,,,,regex_match_no_context
case2,regex_baseline,url,ascii,46709572,https://supership.jp/,https://supership.jp,,,,regex_match_no_context
case2,regex_baseline,url,ascii,46709671,https://www.fancs.com/,https://www.fancs.com,,,,regex_match_no_context
case2,regex_baseline,url,ascii,46709760,https://www.vidyard.com/,https://www.vidyard.com,,,,regex_match_no_context
case2,regex_baseline,url,ascii,46709859,https://www.rapidssl.com/,https://www.rapidssl.com,,,,regex_match_no_context
case2,regex_baseline,url,ascii,46709965,https://coherentpath.com/,https://coherentpath.com,,,,regex_match_no_context
case2,regex_baseline,url,ascii,46710071,https://attentivemobile.com/,https://attentivemobile.com,,,,regex_match_no_context
case2,regex_baseline,url,ascii,46710188,https://www.emetriq.com/,https://www.emetriq.com,,,,regex_match_no_context
case2,regex_baseline,url,ascii,46710295,https://www.bonzai.co/,https://www.bonzai.co,,,,regex_match_no_context
case2,regex_baseline,url,ascii,46710386,https://www.freshworks.com/live-chat-software/,https://www.freshworks.com/live-chat-software,,,,regex_match_no_context
case2,regex_baseline,url,ascii,46710658,https://github.com/coliff/freshdesk-messaging-facade/,https://github.com/coliff/freshdesk-messaging-facade,,,,regex_match_no_context
case2,regex_baseline,url,ascii,46710747,https://www.contentful.com/,https://www.contentful.com,,,,regex_match_no_context
case2,regex_baseline,url,ascii,46710852,https://www.purecars.com/,https://www.purecars.com,,,,regex_match_no_context
case2,regex_baseline,url,ascii,46710960,https://www.tray.com.br/,https://www.tray.com.br,,,,regex_match_no_context
case2,regex_baseline,url,ascii,46711060,https://www.adscore.com/,https://www.adscore.com,,,,regex_match_no_context
case2,regex_baseline,url,ascii,46711161,https://www.websitebuilder.com,https://www.websitebuilder.com,,,,regex_match_no_context
case2,regex_baseline,url,ascii,46711276,https://www.mparticle.com/,https://www.mparticle.com,,,,regex_match_no_context
case2,regex_baseline,url,ascii,46711374,https://www.ada.support/,https://www.ada.support,,,,regex_match_no_context
case2,regex_baseline,url,ascii,46711484,https://www.quora.com/business/,https://www.quora.com/business,,,,regex_match_no_context
case2,regex_baseline,url,ascii,46711580,https://auth0.com/,https://auth0.com,,,,regex_match_no_context
case2,regex_baseline,url,ascii,46711677,https://www.bridgewell.com/,https://www.bridgewell.com,,,,regex_match_no_context
case2,regex_baseline,url,ascii,46711779,https://www.wickedreports.com/,https://www.wickedreports.com,,,,regex_match_no_context
case2,regex_baseline,url,ascii,46711891,https://jaywing.com/,https://jaywing.com,,,,regex_match_no_context
case2,regex_baseline,url,ascii,46711990,https://u360.d-bi.fr/,https://u360.d-bi.fr,,,,regex_match_no_context
case2,regex_baseline,url,ascii,46712082,https://www.izooto.com,https://www.izooto.com,,,,regex_match_no_context
case2,regex_baseline,url,ascii,46712183,https://www.ordergroove.com/,https://www.ordergroove.com,,,,regex_match_no_context
case2,regex_baseline,url,ascii,46712293,https://www.zoho.com/pagesense/,https://www.zoho.com/pagesense,,,,regex_match_no_context
case2,regex_baseline,url,ascii,46712400,https://www.vizzit.se,https://www.vizzit.se,,,,regex_match_no_context
case2,regex_baseline,url,ascii,46712503,https://www.clickguardian.co.uk/,https://www.clickguardian.co.uk,,,,regex_match_no_context
case2,regex_baseline,url,ascii,46712660,https://www.smartsupp.com,https://www.smartsupp.com,,,,regex_match_no_context
case2,regex_baseline,url,ascii,46712877,https://www.smartlook.com/,https://www.smartlook.com,,,,regex_match_no_context
case2,regex_baseline,url,ascii,46713005,https://www.luigisbox.com/,https://www.luigisbox.com,,,,regex_match_no_context
case2,regex_baseline,url,ascii,46713128,https://www.targito.com,https://www.targito.com,,,,regex_match_no_context
case2,regex_baseline,url,ascii,46713246,https://foxentry.cz/,https://foxentry.cz,,,,regex_match_no_context
case2,regex_baseline,url,ascii,46713338,https://www.pendo.io,https://www.pendo.io,,,,regex_match_no_context
case2,regex_baseline,url,ascii,46713430,https://www.braze.com,https://www.braze.com,,,,regex_match_no_context
case2,regex_baseline,url,ascii,46713530,https://usersnap.com,https://usersnap.com,,,,regex_match_no_context
case2,regex_baseline,url,ascii,46713636,https://www.getrewardful.com,https://www.getrewardful.com,,,,regex_match_no_context
case2,regex_baseline,url,ascii,46713742,https://launchdarkly.com,https://launchdarkly.com,,,,regex_match_no_context
case2,regex_baseline,url,ascii,46713868,https://www.statuspage.io,https://www.statuspage.io,,,,regex_match_no_context
case2,regex_baseline,url,ascii,46713974,https://hyperinzerce.cz,https://hyperinzerce.cz,,,,regex_match_no_context
case2,regex_baseline,url,ascii,46714067,https://www.powr.io,https://www.powr.io,,,,regex_match_no_context
case2,regex_baseline,url,ascii,46714170,https://coralproject.net,https://coralproject.net,,,,regex_match_no_context
case2,regex_baseline,url,ascii,46714276,https://www.bolt.com/,https://www.bolt.com,,,,regex_match_no_context
case2,regex_baseline,url,ascii,46714369,https://judge.me/,https://judge.me,,,,regex_match_no_context
case2,regex_baseline,url,ascii,46714458,https://tilda.cc/,https://tilda.cc,,,,regex_match_no_context
case2,regex_baseline,url,ascii,46714552,https://salesloft.com/,https://salesloft.com,,,,regex_match_no_context
case2,regex_baseline,url,ascii,46714696,https://accessibe.com/,https://accessibe.com,,,,regex_match_no_context
case2,regex_baseline,url,ascii,46714825,https://www.builder.io/,https://www.builder.io,,,,regex_match_no_context
case2,regex_baseline,url,ascii,46714923,https://www.pepperjam.com/,https://www.pepperjam.com,,,,regex_match_no_context
case2,regex_baseline,url,ascii,46715053,https://withreach.com/,https://withreach.com,,,,regex_match_no_context
case2,regex_baseline,url,ascii,46715154,https://www.trychameleon.com/,https://www.trychameleon.com,,,,regex_match_no_context
case2,regex_baseline,url,ascii,46715283,https://matomo.org/,https://matomo.org,,,,regex_match_no_context
case2,regex_baseline,url,ascii,46715380,https://segmanta.com/,https://segmanta.com,,,,regex_match_no_context
case2,regex_baseline,url,ascii,46715481,https://podsights.com/,https://podsights.com,,,,regex_match_no_context
case2,regex_baseline,url,ascii,46715625,https://www.chatwoot.com/,https://www.chatwoot.com,,,,regex_match_no_context
case2,regex_baseline,url,ascii,46715732,https://crisp.chat/,https://crisp.chat,,,,regex_match_no_context
case2,regex_baseline,url,ascii,46715837,https://www.getadmiral.com,https://www.getadmiral.com,,,,regex_match_no_context
case2,regex_baseline,url,ascii,46715992,https://adnuntius.com,https://adnuntius.com,,,,regex_match_no_context
case2,regex_baseline,url,ascii,46716158,https://clickio.com,https://clickio.com,,,,regex_match_no_context
case2,regex_baseline,url,ascii,46716307,https://appconsent.io/en,https://appconsent.io/en,,,,regex_match_no_context
case2,regex_baseline,url,ascii,46716467,https://www.dmgmedia.co.uk,https://www.dmgmedia.co.uk,,,,regex_match_no_context
case2,regex_baseline,url,ascii,46716628,https://www.axelspringer.com,https://www.axelspringer.com,,,,regex_match_no_context
case2,regex_baseline,url,ascii,46716793,https://www.bedrockstreaming.com,https://www.bedrockstreaming.com,,,,regex_match_no_context
case2,regex_baseline,url,ascii,46716950,https://www.bmind.es,https://www.bmind.es,,,,regex_match_no_context
case2,regex_baseline,url,ascii,46717093,https://borlabs.io,https://borlabs.io,,,,regex_match_no_context
case2,regex_baseline,url,ascii,46717236,https://www.civicuk.com,https://www.civicuk.com,,,,regex_match_no_context
case2,regex_baseline,url,ascii,46717406,https://www.commandersact.com,https://www.commandersact.com,,,,regex_match_no_context
case2,regex_baseline,url,ascii,46717576,https://complianz.io/,https://complianz.io,,,,regex_match_no_context
case2,regex_baseline,url,ascii,46717733,https://www.consentdesk.com/,https://www.consentdesk.com,,,,regex_match_no_context
case2,regex_baseline,url,ascii,46717904,https://consentmanager.net,https://consentmanager.net,,,,regex_match_no_context
case2,regex_baseline,url,ascii,46718074,https://www.conversantmedia.eu/,https://www.conversantmedia.eu,,,,regex_match_no_context
case2,regex_baseline,url,ascii,46718249,https://www.cookieinformation.com/,https://www.cookieinformation.com,,,,regex_match_no_context
case2,regex_baseline,url,ascii,46718589,https://truendo.com/,https://truendo.com,,,,regex_match_no_context
case2,regex_baseline,url,ascii,46718735,https://www.dentsuaegisnetwork.de/,https://www.dentsuaegisnetwork.de,,,,regex_match_no_context
case2,regex_baseline,url,ascii,46718887,https://www.didomi.io/en/,https://www.didomi.io/en,,,,regex_match_no_context
case2,regex_baseline,url,ascii,46719195,https://evidon.com,https://evidon.com,,,,regex_match_no_context
case2,regex_baseline,url,ascii,46719337,https://www.ezoic.com/,https://www.ezoic.com,,,,regex_match_no_context
case2,regex_baseline,url,ascii,46719481,https://www.gemius.com,https://www.gemius.com,,,,regex_match_no_context
case2,regex_baseline,url,ascii,46719629,https://nitropay.com/,https://nitropay.com,,,,regex_match_no_context
case2,regex_baseline,url,ascii,46719789,https://fundingchoices.google.com/start/,https://fundingchoices.google.com/start,,,,regex_match_no_context
case2,regex_baseline,url,ascii,46719970,https://www.gravito.net/,https://www.gravito.net,,,,regex_match_no_context
case2,regex_baseline,url,ascii,46720121,https://id-ward.com/enterprise,https://id-ward.com/enterprise,,,,regex_match_no_context
case2,regex_baseline,url,ascii,46720277,https://www.iubenda.com,https://www.iubenda.com,,,,regex_match_no_context
case2,regex_baseline,url,ascii,46720424,https://jumpgroup.it/,https://jumpgroup.it,,,,regex_match_no_context
case2,regex_baseline,url,ascii,46720569,https://liveramp.com/,https://liveramp.com,,,,regex_match_no_context
case2,regex_baseline,url,ascii,46720718,https://madvertise.com/en/,https://madvertise.com/en,,,,regex_match_no_context
case2,regex_baseline,url,ascii,46720889,https://www.mairdumont-netletix.com/,https://www.mairdumont-netletix.com,,,,regex_match_no_context
case2,regex_baseline,url,ascii,46721050,https://www.marfeel.com/,https://www.marfeel.com,,,,regex_match_no_context
case2,regex_baseline,url,ascii,46721366,https://www.consentserve.com/,https://www.consentserve.com,,,,regex_match_no_context
case2,regex_baseline,url,ascii,46721531,https://www.next14.com/,https://www.next14.com,,,,regex_match_no_context
case2,regex_baseline,url,ascii,46721824,https://www.ogury.com/,https://www.ogury.com,,,,regex_match_no_context
case2,regex_baseline,url,ascii,46721968,https://onetag.net,https://onetag.net,,,,regex_match_no_context
case2,regex_baseline,url,ascii,46722112,https://onetrust.com,https://onetrust.com,,,,regex_match_no_context
case2,regex_baseline,url,ascii,46722263,https://www.optad360.com/,https://www.optad360.com,,,,regex_match_no_context
case2,regex_baseline,url,ascii,46722415,https://www.osano.com,https://www.osano.com,,,,regex_match_no_context
case2,regex_baseline,url,ascii,46722560,https://www.playwire.com,https://www.playwire.com,,,,regex_match_no_context
case2,regex_baseline,url,ascii,46722715,https://www.pulselive.com,https://www.pulselive.com,,,,regex_match_no_context
case2,regex_baseline,url,ascii,46722876,https://quantcast.com,https://quantcast.com,,,,regex_match_no_context
case2,regex_baseline,url,ascii,46723035,http://www.rcspubblicita.it/site/home.html,http://www.rcspubblicita.it/site/home.html,,,,regex_match_no_context
case2,regex_baseline,url,ascii,46723223,https://richaudience.com,https://richaudience.com,,,,regex_match_no_context
case2,regex_baseline,url,ascii,46723398,https://www.ringieraxelspringer.pl/en/home/,https://www.ringieraxelspringer.pl/en/home,,,,regex_match_no_context
case2,regex_baseline,url,ascii,46723569,https://secureprivacy.ai/,https://secureprivacy.ai,,,,regex_match_no_context
case2,regex_baseline,url,ascii,46723734,https://securiti.ai/,https://securiti.ai,,,,regex_match_no_context
case2,regex_baseline,url,ascii,46723885,https://www.seznam.cz/,https://www.seznam.cz,,,,regex_match_no_context
case2,regex_baseline,url,ascii,46724034,https://sharethis.com,https://sharethis.com,,,,regex_match_no_context
case2,regex_baseline,url,ascii,46724189,https://www.shinystat.com,https://www.shinystat.com,,,,regex_match_no_context
case2,regex_baseline,url,ascii,46724343,https://sibboventures.com/en/,https://sibboventures.com/en,,,,regex_match_no_context
case2,regex_baseline,url,ascii,46724514,https://www.singlespot.com/en,https://www.singlespot.com/en,,,,regex_match_no_context
case2,regex_baseline,url,ascii,46724676,https://www.sirdata.com,https://www.sirdata.com,,,,regex_match_no_context
case2,regex_baseline,url,ascii,46724821,https://snigel.com,https://snigel.com,,,,regex_match_no_context
case2,regex_baseline,url,ascii,46724974,https://sourcepoint.com,https://sourcepoint.com,,,,regex_match_no_context
case2,regex_baseline,url,ascii,46725132,https://www.pubtech.ai/,https://www.pubtech.ai,,,,regex_match_no_context
case2,regex_baseline,url,ascii,46725289,https://admetricspro.com,https://admetricspro.com,,,,regex_match_no_context
case2,regex_baseline,url,ascii,46725436,https://traffective.com,https://traffective.com,,,,regex_match_no_context
case2,regex_baseline,url,ascii,46725597,https://uniconsent.com,https://uniconsent.com,,,,regex_match_no_context
case2,regex_baseline,url,ascii,46725753,https://trustarc.com/,https://trustarc.com,,,,regex_match_no_context
case2,regex_baseline,url,ascii,46725908,https://usercentrics.com,https://usercentrics.com,,,,regex_match_no_context
case2,regex_baseline,url,ascii,46726117,https://www.webads.nl/,https://www.webads.nl,,,,regex_match_no_context
case2,regex_baseline,url,ascii,46726412,https://www.hubvisor.io,https://www.hubvisor.io,,,,regex_match_no_context
case2,regex_baseline,url,ascii,46726503,https://castle.io,https://castle.io,,,,regex_match_no_context
case2,regex_baseline,url,ascii,46726622,https://www.wigzo.com/,https://www.wigzo.com,,,,regex_match_no_context
case2,regex_baseline,url,ascii,46726739,https://convertful.com/,https://convertful.com,,,,regex_match_no_context
case2,regex_baseline,url,ascii,46726864,https://www.mediawallah.com/,https://www.mediawallah.com,,,,regex_match_no_context
case2,regex_baseline,url,ascii,46726983,http://tpmn.io/,http://tpmn.io,,,,regex_match_no_context
case2,regex_baseline,url,ascii,46727080,https://www.usehero.com/,https://www.usehero.com,,,,regex_match_no_context
case2,regex_baseline,url,ascii,46727207,https://zetaglobal.com/,https://zetaglobal.com,,,,regex_match_no_context
case2,regex_baseline,url,ascii,46727327,https://goadfuel.com/,https://goadfuel.com,,,,regex_match_no_context
case2,regex_baseline,url,ascii,46727458,https://www.prefixbox.com/,https://www.prefixbox.com,,,,regex_match_no_context
case2,regex_baseline,url,ascii,46727597,https://speedsize.com/,https://speedsize.com,,,,regex_match_no_context
case2,regex_baseline,url,ascii,46727766,https://www.vonage.com/communications-apis/video/,https://www.vonage.com/communications-apis/video,,,,regex_match_no_context
case2,regex_baseline,url,ascii,46727915,https://www.checkout.com,https://www.checkout.com,,,,regex_match_no_context
case2,regex_baseline,url,ascii,46728028,https://www.noibu.com,https://www.noibu.com,,,,regex_match_no_context
case2,regex_baseline,url,ascii,46728142,https://clarity.microsoft.com/,https://clarity.microsoft.com,,,,regex_match_no_context
case2,regex_baseline,url,ascii,46728265,https://goinstore.com/,https://goinstore.com,,,,regex_match_no_context
case2,regex_baseline,url,ascii,46728402,https://segmentstream.com/,https://segmentstream.com,,,,regex_match_no_context
case2,regex_baseline,url,ascii,46728537,https://affiliate-program.amazon.co.uk/,https://affiliate-program.amazon.co.uk,,,,regex_match_no_context
case2,regex_baseline,url,ascii,46728681,https://www.dotmetrics.net/,https://www.dotmetrics.net,,,,regex_match_no_context
case2,regex_baseline,url,ascii,46728809,https://truffle.bid/,https://truffle.bid,,,,regex_match_no_context
case2,regex_baseline,url,ascii,46728914,https://hybrid.ai/,https://hybrid.ai,,,,regex_match_no_context
case2,regex_baseline,url,ascii,46729019,https://admanmedia.com/,https://admanmedia.com,,,,regex_match_no_context
case2,regex_baseline,url,ascii,46729143,https://id5.io/,https://id5.io,,,,regex_match_no_context
case2,regex_baseline,url,ascii,46729281,https://www.audiencerate.com/,https://www.audiencerate.com,,,,regex_match_no_context
case2,regex_baseline,url,ascii,46729408,https://www.seedtag.com/,https://www.seedtag.com,,,,regex_match_no_context
case2,regex_baseline,url,ascii,46729524,http://ivitechnologies.com/,http://ivitechnologies.com,,,,regex_match_no_context
case2,regex_baseline,url,ascii,46729645,https://www.sportradar.com/,https://www.sportradar.com,,,,regex_match_no_context
case2,regex_baseline,url,ascii,46729767,https://zeotap.com/,https://zeotap.com,,,,regex_match_no_context
case2,regex_baseline,url,ascii,46729889,https://mediatrust.com/,https://mediatrust.com,,,,regex_match_no_context
case2,regex_baseline,url,ascii,46730012,https://hellogenie.com/,https://hellogenie.com,,,,regex_match_no_context
case2,regex_baseline,url,ascii,46730136,https://www.mediarithmics.com/,https://www.mediarithmics.com,,,,regex_match_no_context
case2,regex_baseline,url,ascii,46730275,https://www.ozoneproject.com/,https://www.ozoneproject.com,,,,regex_match_no_context
case2,regex_baseline,url,ascii,46730403,https://fifty.io/,https://fifty.io,,,,regex_match_no_context
case2,regex_baseline,url,ascii,46730509,https://smadex.com/,https://smadex.com,,,,regex_match_no_context
case2,regex_baseline,url,ascii,46730700,https://www.knorex.com/,https://www.knorex.com,,,,regex_match_no_context
case2,regex_baseline,url,ascii,46730818,https://viafoura.com/,https://viafoura.com,,,,regex_match_no_context
case2,regex_baseline,url,ascii,46730941,https://www.adnami.io/,https://www.adnami.io,,,,regex_match_no_context
case2,regex_baseline,url,ascii,46731066,https://liveramp.com/privacy-legal-compliance/,https://liveramp.com/privacy-legal-compliance,,,,regex_match_no_context
case2,regex_baseline,url,ascii,46731382,https://www.mrpfd.com/,https://www.mrpfd.com,,,,regex_match_no_context
case2,regex_baseline,url,ascii,46731487,https://iprom.eu/,https://iprom.eu,,,,regex_match_no_context
case2,regex_baseline,url,ascii,46746186,https://developer.chrome.com/docs/lighthouse/performance/performance-scoring/),https://developer.chrome.com/docs/lighthouse/performance/performance-scoring/),,,,regex_match_no_context
case2,regex_baseline,url,ascii,46747186,https://developer.chrome.com/docs/lighthouse/accessibility/).,https://developer.chrome.com/docs/lighthouse/accessibility/).,,,,regex_match_no_context
case2,regex_baseline,url,ascii,46747522,https://web.dev/how-to-review/).,https://web.dev/how-to-review/).,,,,regex_match_no_context
case2,regex_baseline,url,ascii,46749384,https://web.dev/learn-core-web-vitals/).,https://web.dev/learn-core-web-vitals/).,,,,regex_match_no_context
case2,regex_baseline,url,ascii,46749469,https://support.google.com/webmasters/answer/35769).,https://support.google.com/webmasters/answer/35769).,,,,regex_match_no_context
case2,regex_baseline,url,ascii,46749863,https://developers.google.com/search/mobile-sites/).,https://developers.google.com/search/mobile-sites/).,,,,regex_match_no_context
case2,regex_baseline,url,ascii,46750375,https://web.dev/pwa-checklist/).,https://web.dev/pwa-checklist/).,,,,regex_match_no_context
case2,regex_baseline,url,ascii,46750497,https://web.dev/pwa-checklist/),https://web.dev/pwa-checklist/),,,,regex_match_no_context
case2,regex_baseline,url,ascii,46770583,https://github.com/GoogleChrome/lighthouse/blob/main/docs/emulation.md,https://github.com/GoogleChrome/lighthouse/blob/main/docs/emulation.md,,,,regex_match_no_context
case2,regex_baseline,url,ascii,46842090,http://mozilla.org/MPL/2.0/.,http://mozilla.org/MPL/2.0/.,,,,regex_match_no_context
case2,regex_baseline,url,ascii,46906084,https://dequeuniversity.com/rules/,https://dequeuniversity.com/rules,,,,regex_match_no_context
case2,regex_baseline,url,ascii,47075275,https://github.com/dequelabs/axe-core/blob/master/doc/context.md,https://github.com/dequelabs/axe-core/blob/master/doc/context.md,,,,regex_match_no_context
case2,regex_baseline,url,ascii,47434363,http://www.gwtproject.org/,http://www.gwtproject.org,,,,regex_match_no_context
case2,regex_baseline,url,ascii,47434957,http://ink.sapo.pt/,http://ink.sapo.pt,,,,regex_match_no_context
case2,regex_baseline,url,ascii,47435100,https://vaadin.com/,https://vaadin.com,,,,regex_match_no_context
case2,regex_baseline,url,ascii,47435263,http://getbootstrap.com/,http://getbootstrap.com,,,,regex_match_no_context
case2,regex_baseline,url,ascii,47435904,https://foundation.zurb.com/,https://foundation.zurb.com,,,,regex_match_no_context
case2,regex_baseline,url,ascii,47436113,https://www.polymer-project.org/,https://www.polymer-project.org,,,,regex_match_no_context
case2,regex_baseline,url,ascii,47436319,https://lit-element.polymer-project.org/,https://lit-element.polymer-project.org,,,,regex_match_no_context
case2,regex_baseline,url,ascii,47436623,https://lit-html.polymer-project.org/,https://lit-html.polymer-project.org,,,,regex_match_no_context
case2,regex_baseline,url,ascii,47436920,http://www.highcharts.com,http://www.highcharts.com,,,,regex_match_no_context
case2,regex_baseline,url,ascii,47437110,http://philogb.github.com/jit/,http://philogb.github.com/jit,,,,regex_match_no_context
case2,regex_baseline,url,ascii,47437290,http://www.flotcharts.org/,http://www.flotcharts.org,,,,regex_match_no_context
case2,regex_baseline,url,ascii,47437463,https://createjs.com/,https://createjs.com,,,,regex_match_no_context
case2,regex_baseline,url,ascii,47437633,https://developers.google.com/maps/,https://developers.google.com/maps,,,,regex_match_no_context
case2,regex_baseline,url,ascii,47437813,http://jquery.com,http://jquery.com,,,,regex_match_no_context
case2,regex_baseline,url,ascii,47438207,http://jqueryui.com,http://jqueryui.com,,,,regex_match_no_context
case2,regex_baseline,url,ascii,47438680,http://dojotoolkit.org,http://dojotoolkit.org,,,,regex_match_no_context
case2,regex_baseline,url,ascii,47438935,http://prototypejs.org,http://prototypejs.org,,,,regex_match_no_context
case2,regex_baseline,url,ascii,47439138,http://script.aculo.us,http://script.aculo.us,,,,regex_match_no_context
case2,regex_baseline,url,ascii,47439327,https://mootools.net/,https://mootools.net,,,,regex_match_no_context
case2,regex_baseline,url,ascii,47439489,http://labs.adobe.com/technologies/spry,http://labs.adobe.com/technologies/spry,,,,regex_match_no_context
case2,regex_baseline,url,ascii,47439641,http://developer.yahoo.com/yui/2/,http://developer.yahoo.com/yui/2,,,,regex_match_no_context
case2,regex_baseline,url,ascii,47439808,https://yuilibrary.com/,https://yuilibrary.com,,,,regex_match_no_context
case2,regex_baseline,url,ascii,47439974,http://www.qooxdoo.org/,http://www.qooxdoo.org,,,,regex_match_no_context
case2,regex_baseline,url,ascii,47440130,https://www.sencha.com/products/extjs/,https://www.sencha.com/products/extjs,,,,regex_match_no_context
case2,regex_baseline,url,ascii,47440483,http://code.google.com/p/base2,http://code.google.com/p/base2,,,,regex_match_no_context
case2,regex_baseline,url,ascii,47440662,https://developers.google.com/closure/library/,https://developers.google.com/closure/library,,,,regex_match_no_context
case2,regex_baseline,url,ascii,47440868,http://dmitrybaranovskiy.github.io/raphael/,http://dmitrybaranovskiy.github.io/raphael,,,,regex_match_no_context
case2,regex_baseline,url,ascii,47441053,https://reactjs.org/,https://reactjs.org,,,,regex_match_no_context
case2,regex_baseline,url,ascii,47442009,https://nextjs.org/,https://nextjs.org,,,,regex_match_no_context
case2,regex_baseline,url,ascii,47442369,https://preactjs.com/,https://preactjs.com,,,,regex_match_no_context
case2,regex_baseline,url,ascii,47443402,https://modernizr.com/,https://modernizr.com,,,,regex_match_no_context
case2,regex_baseline,url,ascii,47443614,http://processingjs.org,http://processingjs.org,,,,regex_match_no_context
case2,regex_baseline,url,ascii,47443812,http://backbonejs.org/,http://backbonejs.org,,,,regex_match_no_context
case2,regex_baseline,url,ascii,47444006,http://leafletjs.com,http://leafletjs.com,,,,regex_match_no_context
case2,regex_baseline,url,ascii,47444207,https://www.mapbox.com/,https://www.mapbox.com,,,,regex_match_no_context
case2,regex_baseline,url,ascii,47444403,https://lodash.com/,https://lodash.com,,,,regex_match_no_context
case2,regex_baseline,url,ascii,47444680,http://underscorejs.org/,http://underscorejs.org,,,,regex_match_no_context
case2,regex_baseline,url,ascii,47444934,http://sammyjs.org,http://sammyjs.org,,,,regex_match_no_context
case2,regex_baseline,url,ascii,47445096,http://openrico.sourceforge.net/examples/index.html,http://openrico.sourceforge.net/examples/index.html,,,,regex_match_no_context
case2,regex_baseline,url,ascii,47445303,https://mochi.github.io/mochikit/,https://mochi.github.io/mochikit,,,,regex_match_no_context
case2,regex_baseline,url,ascii,47445500,https://github.com/DmitryBaranovskiy/g.raphael,https://github.com/DmitryBaranovskiy/g.raphael,,,,regex_match_no_context
case2,regex_baseline,url,ascii,47445664,http://www.bbc.co.uk/glow/,http://www.bbc.co.uk/glow,,,,regex_match_no_context
case2,regex_baseline,url,ascii,47445938,https://socket.io/,https://socket.io,,,,regex_match_no_context
case2,regex_baseline,url,ascii,47446123,http://mustache.github.io/,http://mustache.github.io,,,,regex_match_no_context
case2,regex_baseline,url,ascii,47446320,http://fabricjs.com/,http://fabricjs.com,,,,regex_match_no_context
case2,regex_baseline,url,ascii,47446493,http://fusejs.io/,http://fusejs.io,,,,regex_match_no_context
case2,regex_baseline,url,ascii,47446631,https://github.com/tweenjs/tween.js,https://github.com/tweenjs/tween.js,,,,regex_match_no_context
case2,regex_baseline,url,ascii,47446815,http://sproutcore.com/,http://sproutcore.com,,,,regex_match_no_context
case2,regex_baseline,url,ascii,47446960,http://zeptojs.com,http://zeptojs.com,,,,regex_match_no_context
case2,regex_baseline,url,ascii,47447113,https://threejs.org/,https://threejs.org,,,,regex_match_no_context
case2,regex_baseline,url,ascii,47447309,http://www.senchalabs.org/philogl/,http://www.senchalabs.org/philogl,,,,regex_match_no_context
case2,regex_baseline,url,ascii,47447505,http://camanjs.com/,http://camanjs.com,,,,regex_match_no_context
case2,regex_baseline,url,ascii,47447702,http://yepnopejs.com/,http://yepnopejs.com,,,,regex_match_no_context
case2,regex_baseline,url,ascii,47447849,https://github.com/getify/LABjs,https://github.com/getify/LABjs,,,,regex_match_no_context
case2,regex_baseline,url,ascii,47448007,http://headjs.com/,http://headjs.com,,,,regex_match_no_context
case2,regex_baseline,url,ascii,47448160,http://stevesouders.com/controljs/,http://stevesouders.com/controljs,,,,regex_match_no_context
case2,regex_baseline,url,ascii,47448320,http://requirejs.org/,http://requirejs.org,,,,regex_match_no_context
case2,regex_baseline,url,ascii,47448591,http://rightjs.org/,http://rightjs.org,,,,regex_match_no_context
case2,regex_baseline,url,ascii,47448773,http://jquerytools.github.io/,http://jquerytools.github.io,,,,regex_match_no_context
case2,regex_baseline,url,ascii,47448948,https://pusher.com/docs/,https://pusher.com/docs,,,,regex_match_no_context
case2,regex_baseline,url,ascii,47449137,http://paperjs.org/,http://paperjs.org,,,,regex_match_no_context
case2,regex_baseline,url,ascii,47449306,https://developers.google.com/swiffy/,https://developers.google.com/swiffy,,,,regex_match_no_context
case2,regex_baseline,url,ascii,47449460,https://github.com/rsms/move,https://github.com/rsms/move,,,,regex_match_no_context
case2,regex_baseline,url,ascii,47449647,http://amplifyjs.com/,http://amplifyjs.com,,,,regex_match_no_context
case2,regex_baseline,url,ascii,47449823,https://github.com/mozilla/popcorn-js/,https://github.com/mozilla/popcorn-js,,,,regex_match_no_context
case2,regex_baseline,url,ascii,47449994,https://d3js.org/,https://d3js.org,,,,regex_match_no_context
case2,regex_baseline,url,ascii,47450162,http://handlebarsjs.com/,http://handlebarsjs.com,,,,regex_match_no_context
case2,regex_baseline,url,ascii,47450376,https://handsontable.com/,https://handsontable.com,,,,regex_match_no_context
case2,regex_baseline,url,ascii,47450584,http://knockoutjs.com/,http://knockoutjs.com,,,,regex_match_no_context
case2,regex_baseline,url,ascii,47450756,http://spine.github.io/,http://spine.github.io,,,,regex_match_no_context
case2,regex_baseline,url,ascii,47450945,http://jquerymobile.com/,http://jquerymobile.com,,,,regex_match_no_context
case2,regex_baseline,url,ascii,47451185,https://github.com/typekit/webfontloader,https://github.com/typekit/webfontloader,,,,regex_match_no_context
case2,regex_baseline,url,ascii,47451372,https://angular.io/,https://angular.io,,,,regex_match_no_context
case2,regex_baseline,url,ascii,47451660,https://angularjs.org/,https://angularjs.org,,,,regex_match_no_context
case2,regex_baseline,url,ascii,47451834,https://ionicframework.com/,https://ionicframework.com,,,,regex_match_no_context
case2,regex_baseline,url,ascii,47452049,https://emberjs.com/,https://emberjs.com,,,,regex_match_no_context
case2,regex_baseline,url,ascii,47452240,http://eightmedia.github.io/hammer.js/,http://eightmedia.github.io/hammer.js,,,,regex_match_no_context
case2,regex_baseline,url,ascii,47452447,https://github.com/ai/visibilityjs,https://github.com/ai/visibilityjs,,,,regex_match_no_context
case2,regex_baseline,url,ascii,47452642,http://velocityjs.org/,http://velocityjs.org,,,,regex_match_no_context
case2,regex_baseline,url,ascii,47452962,http://serkanyersen.github.io/ifvisible.js/,http://serkanyersen.github.io/ifvisible.js,,,,regex_match_no_context
case2,regex_baseline,url,ascii,47453190,http://www.pixijs.com/,http://www.pixijs.com,,,,regex_match_no_context
case2,regex_baseline,url,ascii,47453390,http://dc-js.github.io/dc.js/,http://dc-js.github.io/dc.js,,,,regex_match_no_context
case2,regex_baseline,url,ascii,47453581,https://greensock.com/gsap,https://greensock.com/gsap,,,,regex_match_no_context
case2,regex_baseline,url,ascii,47453777,https://github.com/ftlabs/fastclick,https://github.com/ftlabs/fastclick,,,,regex_match_no_context
case2,regex_baseline,url,ascii,47453964,https://isotope.metafizzy.co/,https://isotope.metafizzy.co,,,,regex_match_no_context
case2,regex_baseline,url,ascii,47454157,https://marionettejs.com/,https://marionettejs.com,,,,regex_match_no_context
case2,regex_baseline,url,ascii,47454362,https://canjs.com/,https://canjs.com,,,,regex_match_no_context
case2,regex_baseline,url,ascii,47454517,https://vuejs.org/,https://vuejs.org,,,,regex_match_no_context
case2,regex_baseline,url,ascii,47455000,https://nuxtjs.org/,https://nuxtjs.org,,,,regex_match_no_context
case2,regex_baseline,url,ascii,47455368,https://two.js.org/,https://two.js.org,,,,regex_match_no_context
case2,regex_baseline,url,ascii,47455535,https://robertpataki.github.io/brewser/,https://robertpataki.github.io/brewser,,,,regex_match_no_context
case2,regex_baseline,url,ascii,47455752,https://getmdl.io/,https://getmdl.io,,,,regex_match_no_context
case2,regex_baseline,url,ascii,47455955,https://github.com/telerik/kendo-ui-core,https://github.com/telerik/kendo-ui-core,,,,regex_match_no_context
case2,regex_baseline,url,ascii,47456182,http://brm.io/matter-js/,http://brm.io/matter-js,,,,regex_match_no_context
case2,regex_baseline,url,ascii,47456340,http://riotjs.com/,http://riotjs.com,,,,regex_match_no_context
case2,regex_baseline,url,ascii,47456505,https://seajs.github.io/seajs/docs/,https://seajs.github.io/seajs/docs,,,,regex_match_no_context
case2,regex_baseline,url,ascii,47456697,http://momentjs.com/,http://momentjs.com,,,,regex_match_no_context
case2,regex_baseline,url,ascii,47456912,http://momentjs.com/timezone/,http://momentjs.com/timezone,,,,regex_match_no_context
case2,regex_baseline,url,ascii,47457119,http://scrollmagic.io/,http://scrollmagic.io,,,,regex_match_no_context
case2,regex_baseline,url,ascii,47457324,https://github.com/swfobject/swfobject,https://github.com/swfobject/swfobject,,,,regex_match_no_context
case2,regex_baseline,url,ascii,47457585,https://woocommerce.com/flexslider/,https://woocommerce.com/flexslider,,,,regex_match_no_context
case2,regex_baseline,url,ascii,47457796,https://youtube.github.io/spfjs/,https://youtube.github.io/spfjs,,,,regex_match_no_context
case2,regex_baseline,url,ascii,47457963,http://numeraljs.com/,http://numeraljs.com,,,,regex_match_no_context
case2,regex_baseline,url,ascii,47458153,https://soasta.github.io/boomerang/,https://soasta.github.io/boomerang,,,,regex_match_no_context
case2,regex_baseline,url,ascii,47458357,https://framer.com/,https://framer.com,,,,regex_match_no_context
case2,regex_baseline,url,ascii,47458535,https://markojs.com/,https://markojs.com,,,,regex_match_no_context
case2,regex_baseline,url,ascii,47458733,https://www.npmjs.com/org/ampproject,https://www.npmjs.com/org/ampproject,,,,regex_match_no_context
case2,regex_baseline,url,ascii,47458913,https://www.gatsbyjs.org/,https://www.gatsbyjs.org,,,,regex_match_no_context
case2,regex_baseline,url,ascii,47459246,https://magento.com/,https://magento.com,,,,regex_match_no_context
case2,regex_baseline,url,ascii,47459545,https://wordpress.org/,https://wordpress.org,,,,regex_match_no_context
case2,regex_baseline,url,ascii,47459640,https://api.w.org/,https://api.w.org,,,,regex_match_no_context
case2,regex_baseline,url,ascii,47460206,https://developers.google.com/web/tools/workbox/,https://developers.google.com/web/tools/workbox,,,,regex_match_no_context
case2,regex_baseline,url,ascii,47461224,https://github.com/johnmichel/Library-Detector-for-Chrome/pull/143,https://github.com/johnmichel/Library-Detector-for-Chrome/pull/143,,,,regex_match_no_context
case2,regex_baseline,url,ascii,47461406,https://github.com/johnmichel/Library-Detector-for-Chrome/pull/147,https://github.com/johnmichel/Library-Detector-for-Chrome/pull/147,,,,regex_match_no_context
case2,regex_baseline,url,ascii,47461604,https://github.com/zloirock/core-js,https://github.com/zloirock/core-js,,,,regex_match_no_context
case2,regex_baseline,url,ascii,47461932,https://www.drupal.org/,https://www.drupal.org,,,,regex_match_no_context
case2,regex_baseline,url,ascii,47462401,https://typo3.org/,https://typo3.org,,,,regex_match_no_context
case2,regex_baseline,url,ascii,47462784,https://create-react-app.dev/,https://create-react-app.dev,,,,regex_match_no_context
case2,regex_baseline,url,ascii,47463137,https://guess-js.github.io/,https://guess-js.github.io,,,,regex_match_no_context
case2,regex_baseline,url,ascii,47463305,https://octobercms.com/,https://octobercms.com,,,,regex_match_no_context
case2,regex_baseline,url,ascii,47463786,https://www.joomla.org/,https://www.joomla.org,,,,regex_match_no_context
case2,regex_baseline,url,ascii,47464151,https://sugarjs.com,https://sugarjs.com,,,,regex_match_no_context
case2,regex_baseline,url,ascii,47464351,https://bentojs.dev,https://bentojs.dev,,,,regex_match_no_context
case2,regex_baseline,url,ascii,47464377,https://www.npmjs.com/org/bentoproject,https://www.npmjs.com/org/bentoproject,,,,regex_match_no_context
case2,regex_baseline,url,ascii,47464546,https://wp-rocket.me/,https://wp-rocket.me,,,,regex_match_no_context
case2,regex_baseline,url,ascii,47479733,https://dequeuniversity.com/rules/axe/4.6/accesskeys).,https://dequeuniversity.com/rules/axe/4.6/accesskeys).,,,,regex_match_no_context
case2,regex_baseline,url,ascii,47480424,https://dequeuniversity.com/rules/axe/4.6/aria-allowed-attr).,https://dequeuniversity.com/rules/axe/4.6/aria-allowed-attr).,,,,regex_match_no_context
case2,regex_baseline,url,ascii,47481222,https://dequeuniversity.com/rules/axe/4.6/aria-command-name).,https://dequeuniversity.com/rules/axe/4.6/aria-command-name).,,,,regex_match_no_context
case2,regex_baseline,url,ascii,47481975,https://dequeuniversity.com/rules/axe/4.6/aria-hidden-body).,https://dequeuniversity.com/rules/axe/4.6/aria-hidden-body).,,,,regex_match_no_context
case2,regex_baseline,url,ascii,47482785,https://dequeuniversity.com/rules/axe/4.6/aria-hidden-focus).,https://dequeuniversity.com/rules/axe/4.6/aria-hidden-focus).,,,,regex_match_no_context
case2,regex_baseline,url,ascii,47483523,https://dequeuniversity.com/rules/axe/4.6/aria-input-field-name).,https://dequeuniversity.com/rules/axe/4.6/aria-input-field-name).,,,,regex_match_no_context
case2,regex_baseline,url,ascii,47484285,https://dequeuniversity.com/rules/axe/4.6/aria-meter-name).,https://dequeuniversity.com/rules/axe/4.6/aria-meter-name).,,,,regex_match_no_context
case2,regex_baseline,url,ascii,47485051,https://dequeuniversity.com/rules/axe/4.6/aria-progressbar-name).,https://dequeuniversity.com/rules/axe/4.6/aria-progressbar-name).,,,,regex_match_no_context
case2,regex_baseline,url,ascii,47485777,https://dequeuniversity.com/rules/axe/4.6/aria-required-attr).,https://dequeuniversity.com/rules/axe/4.6/aria-required-attr).,,,,regex_match_no_context
case2,regex_baseline,url,ascii,47486648,https://dequeuniversity.com/rules/axe/4.6/aria-required-children).,https://dequeuniversity.com/rules/axe/4.6/aria-required-children).,,,,regex_match_no_context
case2,regex_baseline,url,ascii,47487424,https://dequeuniversity.com/rules/axe/4.6/aria-required-parent).,https://dequeuniversity.com/rules/axe/4.6/aria-required-parent).,,,,regex_match_no_context
case2,regex_baseline,url,ascii,47488076,https://dequeuniversity.com/rules/axe/4.6/aria-roles).,https://dequeuniversity.com/rules/axe/4.6/aria-roles).,,,,regex_match_no_context
case2,regex_baseline,url,ascii,47488784,https://dequeuniversity.com/rules/axe/4.6/aria-toggle-field-name).,https://dequeuniversity.com/rules/axe/4.6/aria-toggle-field-name).,,,,regex_match_no_context
case2,regex_baseline,url,ascii,47489558,https://dequeuniversity.com/rules/axe/4.6/aria-tooltip-name).,https://dequeuniversity.com/rules/axe/4.6/aria-tooltip-name).,,,,regex_match_no_context
case2,regex_baseline,url,ascii,47490327,https://dequeuniversity.com/rules/axe/4.6/aria-treeitem-name).,https://dequeuniversity.com/rules/axe/4.6/aria-treeitem-name).,,,,regex_match_no_context
case2,regex_baseline,url,ascii,47491022,https://dequeuniversity.com/rules/axe/4.6/aria-valid-attr-value).,https://dequeuniversity.com/rules/axe/4.6/aria-valid-attr-value).,,,,regex_match_no_context
case2,regex_baseline,url,ascii,47491728,https://dequeuniversity.com/rules/axe/4.6/aria-valid-attr).,https://dequeuniversity.com/rules/axe/4.6/aria-valid-attr).,,,,regex_match_no_context
case2,regex_baseline,url,ascii,47492435,https://dequeuniversity.com/rules/axe/4.6/button-name).,https://dequeuniversity.com/rules/axe/4.6/button-name).,,,,regex_match_no_context
case2,regex_baseline,url,ascii,47493123,https://dequeuniversity.com/rules/axe/4.6/bypass).,https://dequeuniversity.com/rules/axe/4.6/bypass).,,,,regex_match_no_context
case2,regex_baseline,url,ascii,47493845,https://dequeuniversity.com/rules/axe/4.6/color-contrast).,https://dequeuniversity.com/rules/axe/4.6/color-contrast).,,,,regex_match_no_context
case2,regex_baseline,url,ascii,47494679,https://dequeuniversity.com/rules/axe/4.6/definition-list).,https://dequeuniversity.com/rules/axe/4.6/definition-list).,,,,regex_match_no_context
case2,regex_baseline,url,ascii,47495432,https://dequeuniversity.com/rules/axe/4.6/dlitem).,https://dequeuniversity.com/rules/axe/4.6/dlitem).,,,,regex_match_no_context
case2,regex_baseline,url,ascii,47496111,https://dequeuniversity.com/rules/axe/4.6/document-title).,https://dequeuniversity.com/rules/axe/4.6/document-title).,,,,regex_match_no_context
case2,regex_baseline,url,ascii,47496816,https://dequeuniversity.com/rules/axe/4.6/duplicate-id-active).,https://dequeuniversity.com/rules/axe/4.6/duplicate-id-active).,,,,regex_match_no_context
case2,regex_baseline,url,ascii,47497476,https://dequeuniversity.com/rules/axe/4.6/duplicate-id-aria).,https://dequeuniversity.com/rules/axe/4.6/duplicate-id-aria).,,,,regex_match_no_context
case2,regex_baseline,url,ascii,47498199,https://dequeuniversity.com/rules/axe/4.6/form-field-multiple-labels).,https://dequeuniversity.com/rules/axe/4.6/form-field-multiple-labels).,,,,regex_match_no_context
case2,regex_baseline,url,ascii,47498949,https://dequeuniversity.com/rules/axe/4.6/frame-title).,https://dequeuniversity.com/rules/axe/4.6/frame-title).,,,,regex_match_no_context
case2,regex_baseline,url,ascii,47499704,https://dequeuniversity.com/rules/axe/4.6/heading-order).,https://dequeuniversity.com/rules/axe/4.6/heading-order).,,,,regex_match_no_context
case2,regex_baseline,url,ascii,47500565,https://dequeuniversity.com/rules/axe/4.6/html-has-lang).,https://dequeuniversity.com/rules/axe/4.6/html-has-lang).,,,,regex_match_no_context
case2,regex_baseline,url,ascii,47501176,https://www.w3.org/International/questions/qa-choosing-language-tags#question),https://www.w3.org/International/questions/qa-choosing-language-tags,,,,regex_match_no_context
case2,regex_baseline,url,ascii,47501340,https://dequeuniversity.com/rules/axe/4.6/html-lang-valid).,https://dequeuniversity.com/rules/axe/4.6/html-lang-valid).,,,,regex_match_no_context
case2,regex_baseline,url,ascii,47502046,https://dequeuniversity.com/rules/axe/4.6/image-alt).,https://dequeuniversity.com/rules/axe/4.6/image-alt).,,,,regex_match_no_context
case2,regex_baseline,url,ascii,47502758,https://dequeuniversity.com/rules/axe/4.6/input-image-alt).,https://dequeuniversity.com/rules/axe/4.6/input-image-alt).,,,,regex_match_no_context
case2,regex_baseline,url,ascii,47503428,https://dequeuniversity.com/rules/axe/4.6/label).,https://dequeuniversity.com/rules/axe/4.6/label).,,,,regex_match_no_context
case2,regex_baseline,url,ascii,47504106,https://dequeuniversity.com/rules/axe/4.6/link-name).,https://dequeuniversity.com/rules/axe/4.6/link-name).,,,,regex_match_no_context
case2,regex_baseline,url,ascii,47504886,https://dequeuniversity.com/rules/axe/4.6/list).,https://dequeuniversity.com/rules/axe/4.6/list).,,,,regex_match_no_context
case2,regex_baseline,url,ascii,47505633,https://dequeuniversity.com/rules/axe/4.6/listitem).,https://dequeuniversity.com/rules/axe/4.6/listitem).,,,,regex_match_no_context
case2,regex_baseline,url,ascii,47506484,https://developer.chrome.com/docs/lighthouse/accessibility/custom-controls-labels/).,https://developer.chrome.com/docs/lighthouse/accessibility/custom-controls-labels/).,,,,regex_match_no_context
case2,regex_baseline,url,ascii,47506913,https://developer.chrome.com/docs/lighthouse/accessibility/custom-control-roles/).,https://developer.chrome.com/docs/lighthouse/accessibility/custom-control-roles/).,,,,regex_match_no_context
case2,regex_baseline,url,ascii,47507343,https://developer.chrome.com/docs/lighthouse/accessibility/focus-traps/).,https://developer.chrome.com/docs/lighthouse/accessibility/focus-traps/).,,,,regex_match_no_context
case2,regex_baseline,url,ascii,47507795,https://developer.chrome.com/docs/lighthouse/accessibility/focusable-controls/).,https://developer.chrome.com/docs/lighthouse/accessibility/focusable-controls/).,,,,regex_match_no_context
case2,regex_baseline,url,ascii,47508341,https://developer.chrome.com/docs/lighthouse/accessibility/interactive-element-affordance/).,https://developer.chrome.com/docs/lighthouse/accessibility/interactive-element-affordance/).,,,,regex_match_no_context
case2,regex_baseline,url,ascii,47508824,https://developer.chrome.com/docs/lighthouse/accessibility/logical-tab-order/).,https://developer.chrome.com/docs/lighthouse/accessibility/logical-tab-order/).,,,,regex_match_no_context
case2,regex_baseline,url,ascii,47509262,https://developer.chrome.com/docs/lighthouse/accessibility/managed-focus/).,https://developer.chrome.com/docs/lighthouse/accessibility/managed-focus/).,,,,regex_match_no_context
case2,regex_baseline,url,ascii,47509725,https://developer.chrome.com/docs/lighthouse/accessibility/offscreen-content-hidden/).,https://developer.chrome.com/docs/lighthouse/accessibility/offscreen-content-hidden/).,,,,regex_match_no_context
case2,regex_baseline,url,ascii,47510219,https://developer.chrome.com/docs/lighthouse/accessibility/use-landmarks/).,https://developer.chrome.com/docs/lighthouse/accessibility/use-landmarks/).,,,,regex_match_no_context
case2,regex_baseline,url,ascii,47510685,https://developer.chrome.com/docs/lighthouse/accessibility/visual-order-follows-dom/).,https://developer.chrome.com/docs/lighthouse/accessibility/visual-order-follows-dom/).,,,,regex_match_no_context
case2,regex_baseline,url,ascii,47511205,https://dequeuniversity.com/rules/axe/4.6/meta-refresh).,https://dequeuniversity.com/rules/axe/4.6/meta-refresh).,,,,regex_match_no_context
case2,regex_baseline,url,ascii,47512071,https://dequeuniversity.com/rules/axe/4.6/meta-viewport).,https://dequeuniversity.com/rules/axe/4.6/meta-viewport).,,,,regex_match_no_context
case2,regex_baseline,url,ascii,47512788,https://dequeuniversity.com/rules/axe/4.6/object-alt).,https://dequeuniversity.com/rules/axe/4.6/object-alt).,,,,regex_match_no_context
case2,regex_baseline,url,ascii,47513547,https://dequeuniversity.com/rules/axe/4.6/tabindex).,https://dequeuniversity.com/rules/axe/4.6/tabindex).,,,,regex_match_no_context
case2,regex_baseline,url,ascii,47514454,https://dequeuniversity.com/rules/axe/4.6/td-headers-attr).,https://dequeuniversity.com/rules/axe/4.6/td-headers-attr).,,,,regex_match_no_context
case2,regex_baseline,url,ascii,47515315,https://dequeuniversity.com/rules/axe/4.6/th-has-data-cells).,https://dequeuniversity.com/rules/axe/4.6/th-has-data-cells).,,,,regex_match_no_context
case2,regex_baseline,url,ascii,47516141,https://dequeuniversity.com/rules/axe/4.6/valid-lang).,https://dequeuniversity.com/rules/axe/4.6/valid-lang).,,,,regex_match_no_context
case2,regex_baseline,url,ascii,47516863,https://dequeuniversity.com/rules/axe/4.6/video-caption).,https://dequeuniversity.com/rules/axe/4.6/video-caption).,,,,regex_match_no_context
case2,regex_baseline,url,ascii,47517659,https://developers.google.com/web/fundamentals/design-and-ux/input/forms#use_metadata_to_enable_auto-complete),https://developers.google.com/web/fundamentals/design-and-ux/input/forms,,,,regex_match_no_context
case2,regex_baseline,url,ascii,47544853,https://developer.chrome.com/docs/lighthouse/performance/bf-cache/),https://developer.chrome.com/docs/lighthouse/performance/bf-cache/),,,,regex_match_no_context
case2,regex_baseline,url,ascii,47555378,https://developer.chrome.com/docs/lighthouse/performance/bootup-time/).,https://developer.chrome.com/docs/lighthouse/performance/bootup-time/).,,,,regex_match_no_context
case2,regex_baseline,url,ascii,47582340,https://developer.chrome.com/docs/lighthouse/performance/efficient-animated-content/),https://developer.chrome.com/docs/lighthouse/performance/efficient-animated-content/),,,,regex_match_no_context
case2,regex_baseline,url,ascii,47594046,https://web.dev/publish-modern-javascript/),https://web.dev/publish-modern-javascript/),,,,regex_match_no_context
case2,regex_baseline,url,ascii,47601204,https://developer.chrome.com/docs/lighthouse/performance/uses-webp-images/).,https://developer.chrome.com/docs/lighthouse/performance/uses-webp-images/).,,,,regex_match_no_context
case2,regex_baseline,url,ascii,47607276,https://developer.chrome.com/docs/lighthouse/performance/offscreen-images/).,https://developer.chrome.com/docs/lighthouse/performance/offscreen-images/).,,,,regex_match_no_context
case2,regex_baseline,url,ascii,47612567,https://developer.chrome.com/docs/lighthouse/performance/render-blocking-resources/).,https://developer.chrome.com/docs/lighthouse/performance/render-blocking-resources/).,,,,regex_match_no_context
case2,regex_baseline,url,ascii,47616398,https://developer.chrome.com/docs/lighthouse/performance/total-byte-weight/).,https://developer.chrome.com/docs/lighthouse/performance/total-byte-weight/).,,,,regex_match_no_context
case2,regex_baseline,url,ascii,47618913,https://developer.chrome.com/docs/lighthouse/performance/unminified-css/).,https://developer.chrome.com/docs/lighthouse/performance/unminified-css/).,,,,regex_match_no_context
case2,regex_baseline,url,ascii,47620528,https://developer.chrome.com/docs/lighthouse/performance/unminified-javascript/).,https://developer.chrome.com/docs/lighthouse/performance/unminified-javascript/).,,,,regex_match_no_context
case2,regex_baseline,url,ascii,47622201,https://developer.chrome.com/docs/lighthouse/performance/unused-css-rules/).,https://developer.chrome.com/docs/lighthouse/performance/unused-css-rules/).,,,,regex_match_no_context
case2,regex_baseline,url,ascii,47625352,https://developer.chrome.com/docs/lighthouse/performance/unused-javascript/).,https://developer.chrome.com/docs/lighthouse/performance/unused-javascript/).,,,,regex_match_no_context
case2,regex_baseline,url,ascii,47628345,https://developer.chrome.com/docs/lighthouse/performance/uses-long-cache-ttl/).,https://developer.chrome.com/docs/lighthouse/performance/uses-long-cache-ttl/).,,,,regex_match_no_context
case2,regex_baseline,url,ascii,47631586,https://developer.chrome.com/docs/lighthouse/performance/uses-optimized-images/).,https://developer.chrome.com/docs/lighthouse/performance/uses-optimized-images/).,,,,regex_match_no_context
case2,regex_baseline,url,ascii,47634315,https://developer.chrome.com/docs/lighthouse/performance/uses-responsive-images/).,https://developer.chrome.com/docs/lighthouse/performance/uses-responsive-images/).,,,,regex_match_no_context
case2,regex_baseline,url,ascii,47638209,https://developer.chrome.com/docs/lighthouse/performance/uses-text-compression/).,https://developer.chrome.com/docs/lighthouse/performance/uses-text-compression/).,,,,regex_match_no_context
case2,regex_baseline,url,ascii,47639609,https://developer.chrome.com/docs/lighthouse/pwa/content-width/).,https://developer.chrome.com/docs/lighthouse/pwa/content-width/).,,,,regex_match_no_context
case2,regex_baseline,url,ascii,47642181,https://developer.chrome.com/docs/lighthouse/performance/critical-request-chains/).,https://developer.chrome.com/docs/lighthouse/performance/critical-request-chains/).,,,,regex_match_no_context
case2,regex_baseline,url,ascii,47682808,https://developer.chrome.com/docs/lighthouse/best-practices/csp-xss/),https://developer.chrome.com/docs/lighthouse/best-practices/csp-xss/),,,,regex_match_no_context
case2,regex_baseline,url,ascii,47695283,https://developer.chrome.com/docs/lighthouse/best-practices/deprecations/).,https://developer.chrome.com/docs/lighthouse/best-practices/deprecations/).,,,,regex_match_no_context
case2,regex_baseline,url,ascii,47702002,https://chromestatus.com/feature/$,https://chromestatus.com/feature/$,,,,regex_match_no_context
case2,regex_baseline,url,ascii,47702089,https://chromiumdash.appspot.com/schedule,https://chromiumdash.appspot.com/schedule,,,,regex_match_no_context
case2,regex_baseline,url,ascii,47704624,https://developer.chrome.com/docs/lighthouse/best-practices/charset/).,https://developer.chrome.com/docs/lighthouse/best-practices/charset/).,,,,regex_match_no_context
case2,regex_baseline,url,ascii,47705951,https://developer.chrome.com/docs/lighthouse/best-practices/doctype/).,https://developer.chrome.com/docs/lighthouse/best-practices/doctype/).,,,,regex_match_no_context
case2,regex_baseline,url,ascii,47707725,https://developers.google.com/web/fundamentals/performance/rendering/reduce-the-scope-and-complexity-of-style-calculations),https://developers.google.com/web/fundamentals/performance/rendering/reduce-the-scope-and-complexity-of-style-calculations),,,,regex_match_no_context
case2,regex_baseline,url,ascii,47707886,https://developers.google.com/speed/articles/reflow).,https://developers.google.com/speed/articles/reflow).,,,,regex_match_no_context
case2,regex_baseline,url,ascii,47707983,https://developer.chrome.com/docs/lighthouse/performance/dom-size/).,https://developer.chrome.com/docs/lighthouse/performance/dom-size/).,,,,regex_match_no_context
case2,regex_baseline,url,ascii,47710411,https://developer.chrome.com/docs/lighthouse/best-practices/geolocation-on-start/).,https://developer.chrome.com/docs/lighthouse/best-practices/geolocation-on-start/).,,,,regex_match_no_context
case2,regex_baseline,url,ascii,47713845,https://developer.chrome.com/docs/lighthouse/best-practices/js-libraries/).,https://developer.chrome.com/docs/lighthouse/best-practices/js-libraries/).,,,,regex_match_no_context
case2,regex_baseline,url,ascii,47715017,https://developer.chrome.com/docs/lighthouse/best-practices/no-document-write/).,https://developer.chrome.com/docs/lighthouse/best-practices/no-document-write/).,,,,regex_match_no_context
case2,regex_baseline,url,ascii,47716066,https://developer.chrome.com/docs/lighthouse/best-practices/notification-on-start/).,https://developer.chrome.com/docs/lighthouse/best-practices/notification-on-start/).,,,,regex_match_no_context
case2,regex_baseline,url,ascii,47717078,https://developer.chrome.com/docs/lighthouse/best-practices/paste-preventing-inputs/).,https://developer.chrome.com/docs/lighthouse/best-practices/paste-preventing-inputs/).,,,,regex_match_no_context
case2,regex_baseline,url,ascii,47717965,https://developer.chrome.com/docs/lighthouse/best-practices/uses-http2/).,https://developer.chrome.com/docs/lighthouse/best-practices/uses-http2/).,,,,regex_match_no_context
case2,regex_baseline,url,ascii,47721458,https://developer.chrome.com/docs/lighthouse/best-practices/uses-passive-event-listeners/).,https://developer.chrome.com/docs/lighthouse/best-practices/uses-passive-event-listeners/).,,,,regex_match_no_context
case2,regex_baseline,url,ascii,47722493,https://developer.chrome.com/docs/lighthouse/best-practices/errors-in-console/),https://developer.chrome.com/docs/lighthouse/best-practices/errors-in-console/),,,,regex_match_no_context
case2,regex_baseline,url,ascii,47725267,https://developer.chrome.com/docs/lighthouse/performance/font-display/).,https://developer.chrome.com/docs/lighthouse/performance/font-display/).,,,,regex_match_no_context
case2,regex_baseline,url,ascii,47727787,https://developer.chrome.com/docs/lighthouse/best-practices/image-aspect-ratio/).,https://developer.chrome.com/docs/lighthouse/best-practices/image-aspect-ratio/).,,,,regex_match_no_context
case2,regex_baseline,url,ascii,47729736,https://web.dev/serve-responsive-images/).,https://web.dev/serve-responsive-images/).,,,,regex_match_no_context
case2,regex_baseline,url,ascii,47736083,https://developer.chrome.com/docs/lighthouse/pwa/installable-manifest/).,https://developer.chrome.com/docs/lighthouse/pwa/installable-manifest/).,,,,regex_match_no_context
case2,regex_baseline,url,ascii,47741321,https://developers.google.com/web/fundamentals/security/prevent-mixed-content/what-is-mixed-content),https://developers.google.com/web/fundamentals/security/prevent-mixed-content/what-is-mixed-content),,,,regex_match_no_context
case2,regex_baseline,url,ascii,47741734,https://developer.chrome.com/docs/lighthouse/pwa/is-on-https/).,https://developer.chrome.com/docs/lighthouse/pwa/is-on-https/).,,,,regex_match_no_context
case2,regex_baseline,url,ascii,47743517,https://developer.chrome.com/docs/lighthouse/performance/lighthouse-largest-contentful-paint/),https://developer.chrome.com/docs/lighthouse/performance/lighthouse-largest-contentful-paint/),,,,regex_match_no_context
case2,regex_baseline,url,ascii,47745152,https://web.dev/optimize-cls/),https://web.dev/optimize-cls/),,,,regex_match_no_context
case2,regex_baseline,url,ascii,47746375,https://web.dev/lcp-lazy-loading/).,https://web.dev/lcp-lazy-loading/).,,,,regex_match_no_context
case2,regex_baseline,url,ascii,47747605,https://web.dev/long-tasks-devtools/),https://web.dev/long-tasks-devtools/),,,,regex_match_no_context
case2,regex_baseline,url,ascii,47750270,https://developer.chrome.com/docs/lighthouse/performance/mainthread-work-breakdown/),https://developer.chrome.com/docs/lighthouse/performance/mainthread-work-breakdown/),,,,regex_match_no_context
case2,regex_baseline,url,ascii,47751982,https://developer.chrome.com/docs/lighthouse/pwa/pwa-cross-browser/).,https://developer.chrome.com/docs/lighthouse/pwa/pwa-cross-browser/).,,,,regex_match_no_context
case2,regex_baseline,url,ascii,47752574,https://developer.chrome.com/docs/lighthouse/pwa/pwa-each-page-has-url/).,https://developer.chrome.com/docs/lighthouse/pwa/pwa-each-page-has-url/).,,,,regex_match_no_context
case2,regex_baseline,url,ascii,47753228,https://developer.chrome.com/docs/lighthouse/pwa/pwa-page-transitions/).,https://developer.chrome.com/docs/lighthouse/pwa/pwa-page-transitions/).,,,,regex_match_no_context
case2,regex_baseline,url,ascii,47753894,https://developer.chrome.com/docs/lighthouse/pwa/maskable-icon-audit/).,https://developer.chrome.com/docs/lighthouse/pwa/maskable-icon-audit/).,,,,regex_match_no_context
case2,regex_baseline,url,ascii,47798276,https://web.dev/cls/).,https://web.dev/cls/).,,,,regex_match_no_context
case2,regex_baseline,url,ascii,47799263,https://web.dev/inp/).,https://web.dev/inp/).,,,,regex_match_no_context
case2,regex_baseline,url,ascii,47800686,https://developers.google.com/web/tools/lighthouse/audits/first-contentful-paint).,https://developers.google.com/web/tools/lighthouse/audits/first-contentful-paint).,,,,regex_match_no_context
case2,regex_baseline,url,ascii,47801559,https://developer.chrome.com/docs/lighthouse/performance/first-contentful-paint/).,https://developer.chrome.com/docs/lighthouse/performance/first-contentful-paint/).,,,,regex_match_no_context
case2,regex_baseline,url,ascii,47802752,https://developer.chrome.com/docs/lighthouse/performance/first-meaningful-paint/).,https://developer.chrome.com/docs/lighthouse/performance/first-meaningful-paint/).,,,,regex_match_no_context
case2,regex_baseline,url,ascii,47803955,https://developer.chrome.com/docs/lighthouse/performance/interactive/).,https://developer.chrome.com/docs/lighthouse/performance/interactive/).,,,,regex_match_no_context
case2,regex_baseline,url,ascii,47806375,https://developer.chrome.com/docs/lighthouse/performance/lighthouse-max-potential-fid/).,https://developer.chrome.com/docs/lighthouse/performance/lighthouse-max-potential-fid/).,,,,regex_match_no_context
case2,regex_baseline,url,ascii,47807474,https://developer.chrome.com/docs/lighthouse/performance/speed-index/).,https://developer.chrome.com/docs/lighthouse/performance/speed-index/).,,,,regex_match_no_context
case2,regex_baseline,url,ascii,47808653,https://developer.chrome.com/docs/lighthouse/performance/lighthouse-total-blocking-time/).,https://developer.chrome.com/docs/lighthouse/performance/lighthouse-total-blocking-time/).,,,,regex_match_no_context
case2,regex_baseline,url,ascii,47812132,https://hpbn.co/primer-on-latency-and-bandwidth/).,https://hpbn.co/primer-on-latency-and-bandwidth/).,,,,regex_match_no_context
case2,regex_baseline,url,ascii,47813423,https://hpbn.co/primer-on-web-performance/#analyzing-the-resource-waterfall).,https://hpbn.co/primer-on-web-performance,,,,regex_match_no_context
case2,regex_baseline,url,ascii,47814871,https://web.dev/bfcache/#never-use-the-unload-event),https://web.dev/bfcache,,,,regex_match_no_context
case2,regex_baseline,url,ascii,47815994,https://developer.chrome.com/docs/lighthouse/performance/non-composited-animations/),https://developer.chrome.com/docs/lighthouse/performance/non-composited-animations/),,,,regex_match_no_context
case2,regex_baseline,url,ascii,47820811,https://developers.google.com/web/tools/lighthouse/audits/budgets).,https://developers.google.com/web/tools/lighthouse/audits/budgets).,,,,regex_match_no_context
case2,regex_baseline,url,ascii,47824961,https://web.dev/preload-optional-fonts/),https://web.dev/preload-optional-fonts/),,,,regex_match_no_context
case2,regex_baseline,url,ascii,47826183,https://web.dev/optimize-lcp/#optimize-when-the-resource-is-discovered).,https://web.dev/optimize-lcp,,,,regex_match_no_context
case2,regex_baseline,url,ascii,47830181,https://developer.chrome.com/docs/lighthouse/performance/redirects/).,https://developer.chrome.com/docs/lighthouse/performance/redirects/).,,,,regex_match_no_context
case2,regex_baseline,url,ascii,47832349,https://web.dev/use-lighthouse-for-performance-budgets/).,https://web.dev/use-lighthouse-for-performance-budgets/).,,,,regex_match_no_context
case2,regex_baseline,url,ascii,47839379,https://developer.chrome.com/docs/lighthouse/seo/canonical/).,https://developer.chrome.com/docs/lighthouse/seo/canonical/).,,,,regex_match_no_context
case2,regex_baseline,url,ascii,47841921,https://support.google.com/webmasters/answer/9112205),https://support.google.com/webmasters/answer/9112205),,,,regex_match_no_context
case2,regex_baseline,url,ascii,47847851,https://developer.chrome.com/docs/lighthouse/seo/font-size/).,https://developer.chrome.com/docs/lighthouse/seo/font-size/).,,,,regex_match_no_context
case2,regex_baseline,url,ascii,47875541,https://developer.chrome.com/docs/lighthouse/seo/hreflang/).,https://developer.chrome.com/docs/lighthouse/seo/hreflang/).,,,,regex_match_no_context
case2,regex_baseline,url,ascii,47877462,https://developer.chrome.com/docs/lighthouse/seo/http-status-code/).,https://developer.chrome.com/docs/lighthouse/seo/http-status-code/).,,,,regex_match_no_context
case2,regex_baseline,url,ascii,47879048,http://robots-relative.samclarke.com/,http://robots-relative.samclarke.com,,,,regex_match_no_context
case2,regex_baseline,url,ascii,47881742,https://developer.chrome.com/docs/lighthouse/seo/is-crawlable/).,https://developer.chrome.com/docs/lighthouse/seo/is-crawlable/).,,,,regex_match_no_context
case2,regex_baseline,url,ascii,47885214,https://developer.chrome.com/docs/lighthouse/seo/link-text/).,https://developer.chrome.com/docs/lighthouse/seo/link-text/).,,,,regex_match_no_context
case2,regex_baseline,url,ascii,47886349,https://search.google.com/structured-data/testing-tool/),https://search.google.com/structured-data/testing-tool/),,,,regex_match_no_context
case2,regex_baseline,url,ascii,47886439,http://linter.structured-data.org/),http://linter.structured-data.org/),,,,regex_match_no_context
case2,regex_baseline,url,ascii,47886539,https://developer.chrome.com/docs/lighthouse/seo/structured-data/).,https://developer.chrome.com/docs/lighthouse/seo/structured-data/).,,,,regex_match_no_context
case2,regex_baseline,url,ascii,47887196,https://developer.chrome.com/docs/lighthouse/seo/meta-description/).,https://developer.chrome.com/docs/lighthouse/seo/meta-description/).,,,,regex_match_no_context
case2,regex_baseline,url,ascii,47888302,https://developer.chrome.com/docs/lighthouse/seo/plugins/).,https://developer.chrome.com/docs/lighthouse/seo/plugins/).,,,,regex_match_no_context
case2,regex_baseline,url,ascii,47889997,https://developer.chrome.com/docs/lighthouse/seo/invalid-robots-txt/).,https://developer.chrome.com/docs/lighthouse/seo/invalid-robots-txt/).,,,,regex_match_no_context
case2,regex_baseline,url,ascii,47893625,https://developer.chrome.com/docs/lighthouse/seo/tap-targets/).,https://developer.chrome.com/docs/lighthouse/seo/tap-targets/).,,,,regex_match_no_context
case2,regex_baseline,url,ascii,47897534,https://developer.chrome.com/docs/lighthouse/performance/time-to-first-byte/).,https://developer.chrome.com/docs/lighthouse/performance/time-to-first-byte/).,,,,regex_match_no_context
case2,regex_baseline,url,ascii,47899067,https://developer.chrome.com/docs/lighthouse/pwa/service-worker/).,https://developer.chrome.com/docs/lighthouse/pwa/service-worker/).,,,,regex_match_no_context
case2,regex_baseline,url,ascii,47902177,https://developer.chrome.com/docs/lighthouse/pwa/splash-screen/).,https://developer.chrome.com/docs/lighthouse/pwa/splash-screen/).,,,,regex_match_no_context
case2,regex_baseline,url,ascii,47903284,https://developer.chrome.com/docs/lighthouse/pwa/themed-omnibox/).,https://developer.chrome.com/docs/lighthouse/pwa/themed-omnibox/).,,,,regex_match_no_context
case2,regex_baseline,url,ascii,47904728,https://developers.google.com/web/fundamentals/performance/optimizing-content-efficiency/loading-third-party-javascript/).,https://developers.google.com/web/fundamentals/performance/optimizing-content-efficiency/loading-third-party-javascript/).,,,,regex_match_no_context
case2,regex_baseline,url,ascii,47908207,https://developer.chrome.com/docs/lighthouse/performance/third-party-facades/).,https://developer.chrome.com/docs/lighthouse/performance/third-party-facades/).,,,,regex_match_no_context
case2,regex_baseline,url,ascii,47914044,https://web.dev/optimize-cls/#images-without-dimensions),https://web.dev/optimize-cls,,,,regex_match_no_context
case2,regex_baseline,url,ascii,47916856,https://developer.chrome.com/docs/lighthouse/performance/user-timings/).,https://developer.chrome.com/docs/lighthouse/performance/user-timings/).,,,,regex_match_no_context
case2,regex_baseline,url,ascii,47918545,https://developer.chrome.com/docs/lighthouse/performance/uses-rel-preconnect/).,https://developer.chrome.com/docs/lighthouse/performance/uses-rel-preconnect/).,,,,regex_match_no_context
case2,regex_baseline,url,ascii,47922193,https://developer.chrome.com/docs/lighthouse/performance/uses-rel-preload/).,https://developer.chrome.com/docs/lighthouse/performance/uses-rel-preload/).,,,,regex_match_no_context
case2,regex_baseline,url,ascii,47926668,https://developers.google.com/web/tools/chrome-devtools/javascript/source-maps).,https://developers.google.com/web/tools/chrome-devtools/javascript/source-maps).,,,,regex_match_no_context
case2,regex_baseline,url,ascii,47929095,https://developer.chrome.com/blog/300ms-tap-delay-gone-away/).,https://developer.chrome.com/blog/300ms-tap-delay-gone-away/).,,,,regex_match_no_context
case2,regex_baseline,url,ascii,47929205,https://developer.chrome.com/docs/lighthouse/pwa/viewport/).,https://developer.chrome.com/docs/lighthouse/pwa/viewport/).,,,,regex_match_no_context
case2,regex_baseline,url,ascii,47937082,https://developers.google.com/publisher-ads-audits/reference),https://developers.google.com/publisher-ads-audits/reference),,,,regex_match_no_context
case2,regex_baseline,url,ascii,47958665,https://developers.google.com/publisher-ads-audits/reference/audits/ad-blocking-tasks).,https://developers.google.com/publisher-ads-audits/reference/audits/ad-blocking-tasks).,,,,regex_match_no_context
case2,regex_baseline,url,ascii,47960864,https://developers.google.com/web/tools/lighthouse/audits/blocking-resources).,https://developers.google.com/web/tools/lighthouse/audits/blocking-resources).,,,,regex_match_no_context
case2,regex_baseline,url,ascii,47966231,https://developers.google.com/publisher-ads-audits/reference/audits/ad-request-critical-path).,https://developers.google.com/publisher-ads-audits/reference/audits/ad-request-critical-path).,,,,regex_match_no_context
case2,regex_baseline,url,ascii,47969271,https://developers.google.com/publisher-ads-audits/reference/audits/bid-request-from-page-start).,https://developers.google.com/publisher-ads-audits/reference/audits/bid-request-from-page-start).,,,,regex_match_no_context
case2,regex_baseline,url,ascii,47970685,https://developers.google.com/publisher-ads-audits/reference/audits/ad-request-from-page-start).,https://developers.google.com/publisher-ads-audits/reference/audits/ad-request-from-page-start).,,,,regex_match_no_context
case2,regex_baseline,url,ascii,47972164,https://developers.google.com/publisher-ads-audits/reference/audits/ad-top-of-viewport).,https://developers.google.com/publisher-ads-audits/reference/audits/ad-top-of-viewport).,,,,regex_match_no_context
case2,regex_baseline,url,ascii,47973980,https://developers.google.com/doubleclick-gpt/reference#googletag.PubAdsService_enableLazyLoad).,https://developers.google.com/doubleclick-gpt/reference,,,,regex_match_no_context
case2,regex_baseline,url,ascii,47974090,https://developers.google.com/publisher-ads-audits/reference/audits/ads-in-viewport).,https://developers.google.com/publisher-ads-audits/reference/audits/ads-in-viewport).,,,,regex_match_no_context
case2,regex_baseline,url,ascii,47975744,https://developers.google.com/publisher-ads-audits/reference/audits/async-ad-tags).,https://developers.google.com/publisher-ads-audits/reference/audits/async-ad-tags).,,,,regex_match_no_context
case2,regex_baseline,url,ascii,47976900,https://developers.google.com/publisher-ads-audits/reference/audits/blocking-load-events).,https://developers.google.com/publisher-ads-audits/reference/audits/blocking-load-events).,,,,regex_match_no_context
case2,regex_baseline,url,ascii,47979997,https://developers.google.com/publisher-ads-audits/reference/audits/bottleneck-requests).,https://developers.google.com/publisher-ads-audits/reference/audits/bottleneck-requests).,,,,regex_match_no_context
case2,regex_baseline,url,ascii,47981729,https://developers.google.com/publisher-ads-audits/reference/audits/duplicate-tags).,https://developers.google.com/publisher-ads-audits/reference/audits/duplicate-tags).,,,,regex_match_no_context
case2,regex_baseline,url,ascii,47984432,https://developers.google.com/publisher-ads-audits/reference/audits/first-ad-render).,https://developers.google.com/publisher-ads-audits/reference/audits/first-ad-render).,,,,regex_match_no_context
case2,regex_baseline,url,ascii,47987228,https://developers.google.com/publisher-ads-audits/reference/audits/gpt-bids-parallel).,https://developers.google.com/publisher-ads-audits/reference/audits/gpt-bids-parallel).,,,,regex_match_no_context
case2,regex_baseline,url,ascii,47988857,https://developers.google.com/publisher-ads-audits/reference/audits/loads-gpt-from-official-source).,https://developers.google.com/publisher-ads-audits/reference/audits/loads-gpt-from-official-source).,,,,regex_match_no_context
case2,regex_baseline,url,ascii,47989939,https://securepubads.g.doubleclick.net/tag/js/gpt.js,https://securepubads.g.doubleclick.net/tag/js/gpt.js,,,,regex_match_no_context
case2,regex_baseline,url,ascii,47990032,https://pagead2.googlesyndication.com/pagead/js/adsbygoogle.js,https://pagead2.googlesyndication.com/pagead/js/adsbygoogle.js,,,,regex_match_no_context
case2,regex_baseline,url,ascii,47990112,https://developers.google.com/publisher-ads-audits/reference/audits/loads-ad-tag-over-https).,https://developers.google.com/publisher-ads-audits/reference/audits/loads-ad-tag-over-https).,,,,regex_match_no_context
case2,regex_baseline,url,ascii,47991312,https://developers.google.com/publisher-ads-audits/reference/audits/script-injected-tags).,https://developers.google.com/publisher-ads-audits/reference/audits/script-injected-tags).,,,,regex_match_no_context
case2,regex_baseline,url,ascii,47994239,https://developers.google.com/publisher-ads-audits/reference/audits/serial-header-bidding).,https://developers.google.com/publisher-ads-audits/reference/audits/serial-header-bidding).,,,,regex_match_no_context
case2,regex_baseline,url,ascii,47997546,https://developers.google.com/publisher-ads-audits/reference/audits/tag-load-time).,https://developers.google.com/publisher-ads-audits/reference/audits/tag-load-time).,,,,regex_match_no_context
case2,regex_baseline,url,ascii,47998856,https://developers.google.com/publisher-ads-audits/reference/audits/viewport-ad-density).,https://developers.google.com/publisher-ads-audits/reference/audits/viewport-ad-density).,,,,regex_match_no_context
case2,regex_baseline,url,ascii,48000701,https://developers.google.com/publisher-ads-audits/reference/audits/cumulative-ad-shift).,https://developers.google.com/publisher-ads-audits/reference/audits/cumulative-ad-shift).,,,,regex_match_no_context
case2,regex_baseline,url,ascii,48003206,https://developers.google.com/publisher-ads-audits/reference/audits/deprecated-gpt-api-usage).,https://developers.google.com/publisher-ads-audits/reference/audits/deprecated-gpt-api-usage).,,,,regex_match_no_context
case2,regex_baseline,url,ascii,48004679,https://developers.google.com/publisher-ads-audits/reference/audits/gpt-errors-overall).,https://developers.google.com/publisher-ads-audits/reference/audits/gpt-errors-overall).,,,,regex_match_no_context
case2,regex_baseline,url,ascii,48006155,https://developers.google.com/publisher-ads-audits/reference/audits/total-ad-blocking-time).,https://developers.google.com/publisher-ads-audits/reference/audits/total-ad-blocking-time).,,,,regex_match_no_context
case2,regex_baseline,url,ascii,50067421,https://developer.chrome.com/blog/new-in-devtools-92/#protocol-monitor,https://developer.chrome.com/blog/new-in-devtools-92,,,,regex_match_no_context
case2,regex_baseline,url,ascii,50067689,https://developer.chrome.com/blog/new-in-devtools-89/#csp,https://developer.chrome.com/blog/new-in-devtools-89,,,,regex_match_no_context
case2,regex_baseline,url,ascii,50068339,https://developer.chrome.com/blog/new-in-devtools-88/#keyboard-shortcuts,https://developer.chrome.com/blog/new-in-devtools-88,,,,regex_match_no_context
case2,regex_baseline,url,ascii,50069253,https://developer.chrome.com/blog/wasm-debugging-2020/,https://developer.chrome.com/blog/wasm-debugging-2020,,,,regex_match_no_context
case2,regex_baseline,url,ascii,50070342,https://developer.chrome.com/blog/new-in-devtools-90/#accesibility-tree,https://developer.chrome.com/blog/new-in-devtools-90,,,,regex_match_no_context
case2,regex_baseline,url,ascii,50070417,https://g.co/devtools/a11y-tree-feedback,https://g.co/devtools/a11y-tree-feedback,,,,regex_match_no_context
case2,regex_baseline,url,ascii,50071197,https://developer.chrome.com/blog/new-in-devtools-96/#length,https://developer.chrome.com/blog/new-in-devtools-96,,,,regex_match_no_context
case2,regex_baseline,url,ascii,50071261,https://g.co/devtools/length-feedback,https://g.co/devtools/length-feedback,,,,regex_match_no_context
case2,regex_baseline,url,ascii,50072155,https://goo.gle/authored-deployed,https://goo.gle/authored-deployed,,,,regex_match_no_context
case2,regex_baseline,url,ascii,50072192,https://goo.gle/authored-deployed-feedback,https://goo.gle/authored-deployed-feedback,,,,regex_match_no_context
case2,regex_baseline,url,ascii,50105204,https://nodejs.org/static/images/logos/nodejs-new-pantone-black.svg,https://nodejs.org/static/images/logos/nodejs-new-pantone-black.svg,,,,regex_match_no_context
case2,regex_baseline,url,ascii,50106957,https://nodejs.org/en/docs/inspector/,https://nodejs.org/en/docs/inspector,,,,regex_match_no_context
case2,regex_baseline,url,ascii,50128254,http://www.w3.org/1999/xhtml,http://www.w3.org/1999/xhtml,,,,regex_match_no_context
case2,regex_baseline,url,utf-16le,35575184,https://enterp,https://enterp,,,,regex_match_no_context
case2,regex_baseline,url,ascii,51038583,https://tools.ietf.org/id/draft-ietf-httpbis-header-structure-15.html#rfc.section.4.2.2,https://tools.ietf.org/id/draft-ietf-httpbis-header-structure-15.html,,,,regex_match_no_context
case2,regex_baseline,url,ascii,51039049,https://wicg.github.io/attribution-reporting-api/validate-headers,https://wicg.github.io/attribution-reporting-api/validate-headers,,,,regex_match_no_context
case2,regex_baseline,url,ascii,51045061,https://wicg.github.io/client-hints-infrastructure/,https://wicg.github.io/client-hints-infrastructure,,,,regex_match_no_context
case2,regex_baseline,url,ascii,51047951,https://developers.google.com/web/fundamentals/security/csp#source_allowlists,https://developers.google.com/web/fundamentals/security/csp,,,,regex_match_no_context
case2,regex_baseline,url,ascii,51048702,https://web.dev/trusted-types/#fix-the-violations,https://web.dev/trusted-types,,,,regex_match_no_context
case2,regex_baseline,url,ascii,51060019,https://web.dev/samesite-cookies-explained/,https://web.dev/samesite-cookies-explained,,,,regex_match_no_context
case2,regex_baseline,url,ascii,51061882,https://web.dev/schemeful-samesite/,https://web.dev/schemeful-samesite,,,,regex_match_no_context
case2,regex_baseline,url,ascii,51064029,https://developer.chrome.com/blog/first-party-sets-sameparty/,https://developer.chrome.com/blog/first-party-sets-sameparty,,,,regex_match_no_context
case2,regex_baseline,url,ascii,51073754,https://developer.chrome.com/blog/private-network-access-update,https://developer.chrome.com/blog/private-network-access-update,,,,regex_match_no_context
case2,regex_baseline,url,ascii,51074457,https://web.dev/cross-origin-resource-sharing,https://web.dev/cross-origin-resource-sharing,,,,regex_match_no_context
case2,regex_baseline,url,ascii,51081176,https://web.dev/coop-coep/,https://web.dev/coop-coep,,,,regex_match_no_context
case2,regex_baseline,url,ascii,51081274,https://web.dev/same-site-same-origin/,https://web.dev/same-site-same-origin,,,,regex_match_no_context
case2,regex_baseline,url,ascii,51087692,https://fedidcg.github.io/FedCM/,https://fedidcg.github.io/FedCM,,,,regex_match_no_context
case2,regex_baseline,url,ascii,51094683,https://github.com/WICG/portals#same-origin-communication-channels,https://github.com/WICG/portals,,,,regex_match_no_context
case2,regex_baseline,url,ascii,51094942,https://html.spec.whatwg.org/multipage/forms.html#attr-label-for,https://html.spec.whatwg.org/multipage/forms.html,,,,regex_match_no_context
case2,regex_baseline,url,ascii,51095446,https://web.dev/learn/forms/autofill/#how-does-autofill-work,https://web.dev/learn/forms/autofill,,,,regex_match_no_context
case2,regex_baseline,url,ascii,51095723,https://developer.mozilla.org/en-US/docs/Web/HTML/Element/label,https://developer.mozilla.org/en-US/docs/Web/HTML/Element/label,,,,regex_match_no_context
case2,regex_baseline,url,ascii,51096016,https://developer.mozilla.org/en-US/docs/Web/HTML/Element/input,https://developer.mozilla.org/en-US/docs/Web/HTML/Element/input,,,,regex_match_no_context
case2,regex_baseline,url,ascii,51096343,https://developer.mozilla.org/en-US/docs/Web/HTML/Attributes/autocomplete#values,https://developer.mozilla.org/en-US/docs/Web/HTML/Attributes/autocomplete,,,,regex_match_no_context
case2,regex_baseline,url,ascii,51100557,https://developers.google.com/web/updates/2020/05/heavy-ad-interventions,https://developers.google.com/web/updates/2020/05/heavy-ad-interventions,,,,regex_match_no_context
case2,regex_baseline,url,ascii,51118765,https://web.dev/color-and-contrast-accessibility/,https://web.dev/color-and-contrast-accessibility,,,,regex_match_no_context
case2,regex_baseline,url,ascii,51123736,https://web.dev/what-is-mixed-content/,https://web.dev/what-is-mixed-content,,,,regex_match_no_context
case2,regex_baseline,url,ascii,51125853,https://blog.chromium.org/2021/09/user-agent-reduction-origin-trial-and-dates.html,https://blog.chromium.org/2021/09/user-agent-reduction-origin-trial-and-dates.html,,,,regex_match_no_context
case2,regex_baseline,url,ascii,51128006,https://web.dev/doctype/,https://web.dev/doctype,,,,regex_match_no_context
case2,regex_baseline,url,ascii,51137940,https://blog.chromium.org/2020/06/changes-to-quality-criteria-for-pwas.html,https://blog.chromium.org/2020/06/changes-to-quality-criteria-for-pwas.html,,,,regex_match_no_context
case2,regex_baseline,url,ascii,52027957,https://web.dev/add-manifest/,https://web.dev/add-manifest,,,,regex_match_no_context
case2,regex_baseline,url,ascii,52035015,https://developer.chrome.com/blog/pwa-manifest-id/,https://developer.chrome.com/blog/pwa-manifest-id,,,,regex_match_no_context
case2,regex_baseline,url,ascii,52040662,https://web.dev/maskable-icon/,https://web.dev/maskable-icon,,,,regex_match_no_context
case2,regex_baseline,url,ascii,52048541,https://developer.chrome.com/blog/improved-pwa-offline-detection/,https://developer.chrome.com/blog/improved-pwa-offline-detection,,,,regex_match_no_context
case2,regex_baseline,url,ascii,52061694,https://developer.chrome.com/docs/devtools/storage/localstorage/?utm_source=devtools,https://developer.chrome.com/docs/devtools/storage/localstorage?utm_source=devtools,,,,regex_match_no_context
case2,regex_baseline,url,ascii,52062213,https://developer.chrome.com/docs/devtools/storage/sessionstorage/?utm_source=devtools,https://developer.chrome.com/docs/devtools/storage/sessionstorage?utm_source=devtools,,,,regex_match_no_context
case2,regex_baseline,url,ascii,52062659,https://developer.chrome.com/docs/devtools/storage/indexeddb/?utm_source=devtools,https://developer.chrome.com/docs/devtools/storage/indexeddb?utm_source=devtools,,,,regex_match_no_context
case2,regex_baseline,url,ascii,52062983,https://developer.chrome.com/docs/devtools/storage/websql/?utm_source=devtools,https://developer.chrome.com/docs/devtools/storage/websql?utm_source=devtools,,,,regex_match_no_context
case2,regex_baseline,url,ascii,52063455,https://developer.chrome.com/docs/devtools/storage/cookies/?utm_source=devtools,https://developer.chrome.com/docs/devtools/storage/cookies?utm_source=devtools,,,,regex_match_no_context
case2,regex_baseline,url,ascii,52142953,https://developer.chrome.com/docs/devtools/javascript/background-services/?utm_source=devtools,https://developer.chrome.com/docs/devtools/javascript/background-services?utm_source=devtools,,,,regex_match_no_context
case2,regex_baseline,url,ascii,52250018,https://developer.chrome.com/docs/devtools/storage/cache/?utm_source=devtools,https://developer.chrome.com/docs/devtools/storage/cache?utm_source=devtools,,,,regex_match_no_context
case2,regex_baseline,url,ascii,52337800,https://developer.chrome.com/docs/devtools/progressive-web-apps#opaque-responses,https://developer.chrome.com/docs/devtools/progressive-web-apps,,,,regex_match_no_context
case2,regex_baseline,url,ascii,52427390,https://web.dev/why-coop-coep/,https://web.dev/why-coop-coep,,,,regex_match_no_context
case2,regex_baseline,url,ascii,52430662,https://web.dev/monitor-total-page-memory-usage/,https://web.dev/monitor-total-page-memory-usage,,,,regex_match_no_context
case2,regex_baseline,url,ascii,52464050,https://web.dev/url-protocol-handler/,https://web.dev/url-protocol-handler,,,,regex_match_no_context
case2,regex_baseline,url,ascii,52469962,https://web.dev/reporting-api/#report-status,https://web.dev/reporting-api,,,,regex_match_no_context
case2,regex_baseline,url,ascii,52983773,https://g.co/devtools/css-overview-feedback,https://g.co/devtools/css-overview-feedback,,,,regex_match_no_context
case2,regex_baseline,url,ascii,52983837,https://developer.chrome.com/docs/devtools/css-overview,https://developer.chrome.com/docs/devtools/css-overview,,,,regex_match_no_context
case2,regex_baseline,url,ascii,54038593,https://github.com/GoogleChrome/lighthouse/blob/HEAD/docs/user-flows.md,https://github.com/GoogleChrome/lighthouse/blob/HEAD/docs/user-flows.md,,,,regex_match_no_context
case2,regex_baseline,url,ascii,54038890,https://github.com/GoogleChrome/lighthouse/blob/master/docs/throttling.md#devtools-lighthouse-panel-throttling,https://github.com/GoogleChrome/lighthouse/blob/master/docs/throttling.md,,,,regex_match_no_context
case2,regex_baseline,url,ascii,54268216,http://www.google.com/bot.html),http://www.google.com/bot.html),,,,regex_match_no_context
case2,regex_baseline,url,ascii,54356547,https://developer.chrome.com/docs/devtools/network/?utm_source=devtools&utm_campaign=2019Q1,https://developer.chrome.com/docs/devtools/network?utm_source=devtools&utm_campaign=2019Q1,,,,regex_match_no_context
case2,regex_baseline,url,ascii,54520548,https://developer.chrome.com/en/docs/privacy-sandbox/chips/,https://developer.chrome.com/en/docs/privacy-sandbox/chips,,,,regex_match_no_context
case2,regex_baseline,url,ascii,54550360,https://developer.chrome.com/docs/devtools/network/reference/#provisional-headers,https://developer.chrome.com/docs/devtools/network/reference,,,,regex_match_no_context
case2,regex_baseline,url,ascii,54600457,https://web.dev/custom-metrics/#server-timing-api,https://web.dev/custom-metrics,,,,regex_match_no_context
case2,regex_baseline,url,ascii,54626125,https://github.com/WICG/webpackage,https://github.com/WICG/webpackage,,,,regex_match_no_context
case2,regex_baseline,url,ascii,54716445,https://web.dev/web-bundles/#explaining-web-bundles,https://web.dev/web-bundles,,,,regex_match_no_context
case2,regex_baseline,url,ascii,54731980,https://codepen.io/sosuke/pen/Pjoqqp,https://codepen.io/sosuke/pen/Pjoqqp,,,,regex_match_no_context
case2,regex_baseline,url,ascii,55085548,https://github.com/ChromeDevTools/rfcs/discussions/2,https://github.com/ChromeDevTools/rfcs/discussions/2,,,,regex_match_no_context
case2,regex_baseline,url,ascii,55115284,https://chromedevtools.github.io/devtools-protocol/tot/$,https://chromedevtools.github.io/devtools-protocol/tot/$,,,,regex_match_no_context
case2,regex_baseline,url,ascii,55328035,https://developer.chrome.com/docs/devtools/shortcuts/,https://developer.chrome.com/docs/devtools/shortcuts,,,,regex_match_no_context
case2,regex_baseline,url,ascii,55361325,https://developer.chrome.com/docs/devtools/,https://developer.chrome.com/docs/devtools,,,,regex_match_no_context
case2,regex_baseline,url,ascii,55400111,https://web.dev/user-agent-client-hints/,https://web.dev/user-agent-client-hints,,,,regex_match_no_context
case2,regex_baseline,url,ascii,55452894,https://goo.gle/devtools-loc,https://goo.gle/devtools-loc,,,,regex_match_no_context
case2,regex_baseline,url,ascii,55736922,https://developer.chrome.com/docs/devtools/workspaces/,https://developer.chrome.com/docs/devtools/workspaces,,,,regex_match_no_context
case2,regex_baseline,url,ascii,55738396,https://developers.google.com/web/updates/2018/01/devtools#overrides,https://developers.google.com/web/updates/2018/01/devtools,,,,regex_match_no_context
case2,regex_baseline,url,ascii,55741881,https://developer.chrome.com/extensions/content_scripts,https://developer.chrome.com/extensions/content_scripts,,,,regex_match_no_context
case2,regex_baseline,url,ascii,55742757,https://developer.chrome.com/docs/devtools/javascript/snippets/,https://developer.chrome.com/docs/devtools/javascript/snippets,,,,regex_match_no_context
case2,regex_baseline,url,ascii,56031361,https://web.dev/tbt/,https://web.dev/tbt,,,,regex_match_no_context
case2,regex_baseline,url,ascii,56199752,https://developer.chrome.com/docs/devtools/evaluate-performance/,https://developer.chrome.com/docs/devtools/evaluate-performance,,,,regex_match_no_context
case2,regex_baseline,url,ascii,56282321,https://web.dev/user-centric-performance-metrics/,https://web.dev/user-centric-performance-metrics,,,,regex_match_no_context
case2,regex_baseline,url,ascii,56282561,https://web.dev/lcp/,https://web.dev/lcp,,,,regex_match_no_context
case2,regex_baseline,url,ascii,56282689,https://web.dev/first-contentful-paint/,https://web.dev/first-contentful-paint,,,,regex_match_no_context
case2,regex_baseline,url,ascii,56298726,https://web.dev/cls/,https://web.dev/cls,,,,regex_match_no_context
case2,regex_baseline,url,ascii,56298850,https://web.dev/evolving-cls/,https://web.dev/evolving-cls,,,,regex_match_no_context
case2,regex_baseline,url,ascii,56325392,https://developers.google.com/web/fundamentals/performance/rendering/,https://developers.google.com/web/fundamentals/performance/rendering,,,,regex_match_no_context
case2,regex_baseline,url,ascii,56330078,https://developers.google.com/web/fundamentals/performance/rendering/avoid-large-complex-layouts-and-layout-thrashing#avoid-forced-synchronous-layouts,https://developers.google.com/web/fundamentals/performance/rendering/avoid-large-complex-layouts-and-layout-thrashing,,,,regex_match_no_context
case2,regex_baseline,url,ascii,56331210,https://web.dev/optimize-long-tasks/,https://web.dev/optimize-long-tasks,,,,regex_match_no_context
case2,regex_baseline,url,ascii,56331560,https://github.com/GoogleChrome/devtools-docs/issues/53,https://github.com/GoogleChrome/devtools-docs/issues/53,,,,regex_match_no_context
case2,regex_baseline,url,ascii,56463371,https://developers.google.com/web/updates/2018/05/webauthn,https://developers.google.com/web/updates/2018/05/webauthn,,,,regex_match_no_context
case2,regex_baseline,url,ascii,56509507,https://bugzilla.mozilla.org/show_bug.cgi?id=745678,https://bugzilla.mozilla.org/show_bug.cgi?id=745678,,,,regex_match_no_context
case2,regex_baseline,url,ascii,56618995,https://github.com/acornjs/acorn/issues/575,https://github.com/acornjs/acorn/issues/575,,,,regex_match_no_context
case2,regex_baseline,url,ascii,56636769,https://www.ecma-international.org/ecma-262/8.0/#prod-Pattern,https://www.ecma-international.org/ecma-262/8.0,,,,regex_match_no_context
case2,regex_baseline,url,ascii,56677022,https://github.com/estree/estree/blob/a27003adf4fd7bfad44de9cef372a2eacd527b1c/es5.md#regexpliteral,https://github.com/estree/estree/blob/a27003adf4fd7bfad44de9cef372a2eacd527b1c/es5.md,,,,regex_match_no_context
case2,regex_baseline,url,ascii,56690393,https://developer.mozilla.org/en-US/docs/SpiderMonkey/Parser_API,https://developer.mozilla.org/en-US/docs/SpiderMonkey/Parser_API,,,,regex_match_no_context
case2,regex_baseline,url,ascii,56707175,https://codemirror.net/LICENSE,https://codemirror.net/LICENSE,,,,regex_match_no_context
case2,regex_baseline,url,ascii,56915547,https://github.com/GoogleChrome/Lighthouse/issues,https://github.com/GoogleChrome/Lighthouse/issues,,,,regex_match_no_context
case2,regex_baseline,url,ascii,56923978,https://codepen.io/paulirish/pen/yEVMbP,https://codepen.io/paulirish/pen/yEVMbP,,,,regex_match_no_context
case2,regex_baseline,url,ascii,56938839,https://www.materialui.co/colors,https://www.materialui.co/colors,,,,regex_match_no_context
case2,regex_baseline,url,ascii,56969805,https://chromestatus.com/feature/6730096436051968*/,https://chromestatus.com/feature/6730096436051968*,,,,regex_match_no_context
case2,regex_baseline,url,ascii,56988870,https://web.dev/content-visibility/,https://web.dev/content-visibility,,,,regex_match_no_context
case2,regex_baseline,url,ascii,56993684,https://codepen.io/paulirish/pen/LmzEmK,https://codepen.io/paulirish/pen/LmzEmK,,,,regex_match_no_context
case2,regex_baseline,url,ascii,57011056,https://developers.google.com,https://developers.google.com,,,,regex_match_no_context
case2,regex_baseline,url,ascii,57011090,https://web.dev,https://web.dev,,,,regex_match_no_context
case2,regex_baseline,url,ascii,57011110,https://developer.chrome.com,https://developer.chrome.com,,,,regex_match_no_context
case2,regex_baseline,url,ascii,57021085,https://developers.google.com/web/tools/lighthouse/),https://developers.google.com/web/tools/lighthouse/),,,,regex_match_no_context
case2,regex_baseline,url,ascii,57052613,https://googlechrome.github.io/lighthouse/scorecalc/,https://googlechrome.github.io/lighthouse/scorecalc,,,,regex_match_no_context
case2,regex_baseline,url,ascii,57069498,http://localhost:7333,http://localhost:7333,,,,regex_match_no_context
case2,regex_baseline,url,ascii,57069524,https://googlechrome.github.io/lighthouse,https://googlechrome.github.io/lighthouse,,,,regex_match_no_context
case2,regex_baseline,url,ascii,57098741,https://github.com/GoogleChrome/lighthouse/pull/5065#discussion_r191926212,https://github.com/GoogleChrome/lighthouse/pull/5065,,,,regex_match_no_context
case2,regex_baseline,url,ascii,57098841,https://publicsuffix.org/learn/,https://publicsuffix.org/learn,,,,regex_match_no_context
case2,regex_baseline,url,ascii,57101404,https://...)),https://...)),,,,regex_match_no_context
case2,regex_baseline,url,ascii,57219946,https://github.com/google/safevalues/,https://github.com/google/safevalues,,,,regex_match_no_context
case2,regex_baseline,url,ascii,57220137,https://github.com/GoogleChrome/lighthouse/issues/12868,https://github.com/GoogleChrome/lighthouse/issues/12868,,,,regex_match_no_context
case2,regex_baseline,url,ascii,57222703,https://github.com/GoogleChrome/lighthouse/issues/12011,https://github.com/GoogleChrome/lighthouse/issues/12011,,,,regex_match_no_context
case2,regex_baseline,url,ascii,57247200,https://www.example.com).,https://www.example.com).,,,,regex_match_no_context
case2,regex_baseline,url,ascii,57271221,https://codepen.io/xgad/post/svg-radial-progress-meters,https://codepen.io/xgad/post/svg-radial-progress-meters,,,,regex_match_no_context
case2,regex_baseline,url,ascii,57317318,https://github.com/GoogleChrome/lighthouse/issues/1056,https://github.com/GoogleChrome/lighthouse/issues/1056,,,,regex_match_no_context
case2,regex_baseline,url,ascii,57317384,https://github.com/GoogleChrome/lighthouse/pull/9822,https://github.com/GoogleChrome/lighthouse/pull/9822,,,,regex_match_no_context
case2,regex_baseline,url,ascii,57317963,https://github.com/tc39/proposal-intl-duration-format,https://github.com/tc39/proposal-intl-duration-format,,,,regex_match_no_context
case2,regex_baseline,url,ascii,57355049,https://github.com/ChromeDevTools/devtools-frontend/blob/dd6a6d4153647c2a4203c327c595692c5e0a4256/front_end/dom_extension/DOMExtension.js#L809-L819,https://github.com/ChromeDevTools/devtools-frontend/blob/dd6a6d4153647c2a4203c327c595692c5e0a4256/front_end/dom_extension/DOMExtension.js,,,,regex_match_no_context
case2,regex_baseline,url,ascii,57357233,https://jsbench.me/2gkoxazvjl,https://jsbench.me/2gkoxazvjl,,,,regex_match_no_context
case2,regex_baseline,url,ascii,57373528,http://caniuse.com/#feat=clipboard.,http://caniuse.com,,,,regex_match_no_context
case2,regex_baseline,url,ascii,57395383,https://docs.google.com/document/d/1jnt3BqKB-4q3AE94UWFA0Gqspx8Sd_jivlB7gQMlmfk/edit,https://docs.google.com/document/d/1jnt3BqKB-4q3AE94UWFA0Gqspx8Sd_jivlB7gQMlmfk/edit,,,,regex_match_no_context
case2,regex_baseline,url,ascii,57431126,https://github.com/markedjs/marked,https://github.com/markedjs/marked,,,,regex_match_no_context
case2,regex_baseline,url,ascii,57434319,https://tools.ietf.org/html/rfc3986#section-3,https://tools.ietf.org/html/rfc3986,,,,regex_match_no_context
case2,regex_baseline,url,ascii,57437592,https://marked.js.org/#/USING_ADVANCED.md#options,https://marked.js.org,,,,regex_match_no_context
case2,regex_baseline,url,ascii,57437667,https://stackoverflow.com/a/5450113/806777,https://stackoverflow.com/a/5450113/806777,,,,regex_match_no_context
case2,regex_baseline,url,ascii,57497493,https://github.com/markedjs/marked.,https://github.com/markedjs/marked.,,,,regex_match_no_context
case2,regex_baseline,url,ascii,57506494,https://example.com,https://example.com,,,,regex_match_no_context
case2,regex_baseline,url,ascii,57508908,https://chromedevtools.github.io/devtools-protocol,https://chromedevtools.github.io/devtools-protocol,,,,regex_match_no_context
case2,regex_baseline,url,ascii,57516930,https://developer.chrome.com/extensions/background_pages,https://developer.chrome.com/extensions/background_pages,,,,regex_match_no_context
case2,regex_baseline,url,ascii,57521285,https://developer.mozilla.org/en-US/docs/Web/API/Web_Workers_API,https://developer.mozilla.org/en-US/docs/Web/API/Web_Workers_API,,,,regex_match_no_context
case2,regex_baseline,url,ascii,57532540,https://en.wikipedia.org/wiki/Screen_reader,https://en.wikipedia.org/wiki/Screen_reader,,,,regex_match_no_context
case2,regex_baseline,url,ascii,57532615,https://en.wikipedia.org/wiki/Switch_access,https://en.wikipedia.org/wiki/Switch_access,,,,regex_match_no_context
case2,regex_baseline,url,ascii,57569870,https://www.example.com/,https://www.example.com,,,,regex_match_no_context
case2,regex_baseline,url,ascii,57578169,https://html5demos.com,https://html5demos.com,,,,regex_match_no_context
case2,regex_baseline,url,ascii,57615739,https://github.com/ChromeDevTools/devtools-protocol/pull/113#issuecomment-412603285,https://github.com/ChromeDevTools/devtools-protocol/pull/113,,,,regex_match_no_context
case2,regex_baseline,url,ascii,57622524,https://github.com/aslushnikov/getting-started-with-cdp/blob/HEAD/README.md,https://github.com/aslushnikov/getting-started-with-cdp/blob/HEAD/README.md,,,,regex_match_no_context
case2,regex_baseline,url,ascii,57635364,https://github.com/istanbuljs,https://github.com/istanbuljs,,,,regex_match_no_context
case2,regex_baseline,url,ascii,57635421,https://github.com/istanbuljs/puppeteer-to-istanbul,https://github.com/istanbuljs/puppeteer-to-istanbul,,,,regex_match_no_context
case2,regex_baseline,url,ascii,57652948,https://www.npmjs.com/package/debug,https://www.npmjs.com/package/debug,,,,regex_match_no_context
case2,regex_baseline,url,ascii,57716130,https://developer.mozilla.org/en-US/docs/Web/API/Document/evaluate,https://developer.mozilla.org/en-US/docs/Web/API/Document/evaluate,,,,regex_match_no_context
case2,regex_baseline,url,ascii,57717148,https://bbc.com,https://bbc.com,,,,regex_match_no_context
case2,regex_baseline,url,ascii,57719211,https://developer.mozilla.org/en-US/docs/Web/XPath,https://developer.mozilla.org/en-US/docs/Web/XPath,,,,regex_match_no_context
case2,regex_baseline,url,ascii,57729908,https://nodejs.org/api/process.html#process_process_cwd,https://nodejs.org/api/process.html,,,,regex_match_no_context
case2,regex_baseline,url,ascii,57732612,https://developer.mozilla.org/en-US/docs/Web/API/HTMLElement/focus,https://developer.mozilla.org/en-US/docs/Web/API/HTMLElement/focus,,,,regex_match_no_context
case2,regex_baseline,url,ascii,57744302,https://en.wikipedia.org/wiki/Polygon#Simple_polygons,https://en.wikipedia.org/wiki/Polygon,,,,regex_match_no_context
case2,regex_baseline,url,ascii,57757744,https://developer.chrome.com/extensions,https://developer.chrome.com/extensions,,,,regex_match_no_context
case2,regex_baseline,url,ascii,57769846,https://developer.mozilla.org/en-US/docs/Web/HTML/Element/input/file#attr-multiple,https://developer.mozilla.org/en-US/docs/Web/HTML/Element/input/file,,,,regex_match_no_context
case2,regex_baseline,url,ascii,57774209,https://bugzilla.mozilla.org/show_bug.cgi?id=1610855,https://bugzilla.mozilla.org/show_bug.cgi?id=1610855,,,,regex_match_no_context
case2,regex_baseline,url,ascii,57774267,https://bugzilla.mozilla.org/show_bug.cgi?id=1636979,https://bugzilla.mozilla.org/show_bug.cgi?id=1636979,,,,regex_match_no_context
case2,regex_baseline,url,ascii,57788964,https://www.google.com/chrome/browser/canary.html,https://www.google.com/chrome/browser/canary.html,,,,regex_match_no_context
case2,regex_baseline,url,ascii,57791607,https://bugs.chromium.org/p/chromium/issues/detail?id=761295,https://bugs.chromium.org/p/chromium/issues/detail?id=761295,,,,regex_match_no_context
case2,regex_baseline,url,ascii,57794778,https://developer.mozilla.org/en-US/docs/Web/API/History_API,https://developer.mozilla.org/en-US/docs/Web/API/History_API,,,,regex_match_no_context
case2,regex_baseline,url,ascii,57865043,https://www.iana.org/assignments/http-status-codes/http-status-codes.xhtml,https://www.iana.org/assignments/http-status-codes/http-status-codes.xhtml,,,,regex_match_no_context
case2,regex_baseline,url,ascii,57880094,https://github.com/puppeteer/puppeteer/issues/1313,https://github.com/puppeteer/puppeteer/issues/1313,,,,regex_match_no_context
case2,regex_baseline,url,ascii,57881800,https://developer.mozilla.org/en-US/docs/Web/API/KeyboardEvent/repeat,https://developer.mozilla.org/en-US/docs/Web/API/KeyboardEvent/repeat,,,,regex_match_no_context
case2,regex_baseline,url,ascii,57890059,https://developer.mozilla.org/en-US/docs/Web/API/DocumentOrShadowRoot/getSelection,https://developer.mozilla.org/en-US/docs/Web/API/DocumentOrShadowRoot/getSelection,,,,regex_match_no_context
case2,regex_baseline,url,ascii,57895236,https://mdn.mozillademos.org/en-US/docs/Web/API/Element/wheel_event$samples/Scaling_an_element_via_the_wheel?revision=1587366,https://mdn.mozillademos.org/en-US/docs/Web/API/Element/wheel_event$samples/Scaling_an_element_via_the_wheel?revision=1587366,,,,regex_match_no_context
case2,regex_baseline,url,ascii,57911477,https://crrev.com/608658,https://crrev.com/608658,,,,regex_match_no_context
case2,regex_baseline,url,ascii,57928481,https://chromedevtools.github.io/devtools-protocol/tot/Runtime/#type-RemoteObject),https://chromedevtools.github.io/devtools-protocol/tot/Runtime,,,,regex_match_no_context
case2,regex_baseline,url,ascii,57983526,https://crbug.com/750469,https://crbug.com/750469,,,,regex_match_no_context
case2,regex_baseline,url,ascii,57983700,https://crbug.com/883475,https://crbug.com/883475,,,,regex_match_no_context
case2,regex_baseline,url,ascii,58009502,https://pptr.dev/next/guides/request-interception,https://pptr.dev/next/guides/request-interception,,,,regex_match_no_context
case2,regex_baseline,url,ascii,58012843,https://developer.mozilla.org/en-US/docs/Web/CSS/CSS_Selectors,https://developer.mozilla.org/en-US/docs/Web/CSS/CSS_Selectors,,,,regex_match_no_context
case2,regex_baseline,url,ascii,58039405,https://example.com/resource,https://example.com/resource,,,,regex_match_no_context
case2,regex_baseline,url,ascii,58055555,https://source.chromium.org/chromium/chromium/deps/icu.git/+/faee8bc70570192d82d2978a71e2a615788597d1:source/data/misc/metaZones.txt,https://source.chromium.org/chromium/chromium/deps/icu.git/+/faee8bc70570192d82d2978a71e2a615788597d1:source/data/misc/metaZones.txt,,,,regex_match_no_context
case2,regex_baseline,url,ascii,58057523,https://v8.dev/blog/10-years,https://v8.dev/blog/10-years,,,,regex_match_no_context
case2,regex_baseline,url,ascii,58066030,https://chromedevtools.github.io/devtools-protocol/tot/Page/#method-captureScreenshot,https://chromedevtools.github.io/devtools-protocol/tot/Page,,,,regex_match_no_context
case2,regex_baseline,url,ascii,58066703,https://crbug.com/741689,https://crbug.com/741689,,,,regex_match_no_context
case2,regex_baseline,url,ascii,58070634,https://developer.mozilla.org/en-US/docs/Web/CSS/-webkit-print-color-adjust,https://developer.mozilla.org/en-US/docs/Web/CSS/-webkit-print-color-adjust,,,,regex_match_no_context
case2,regex_baseline,url,ascii,58086536,https://api.github.com/users/$,https://api.github.com/users/$,,,,regex_match_no_context
case2,regex_baseline,url,ascii,58091657,https://github.com/puppeteer/puppeteer/issues/3865,https://github.com/puppeteer/puppeteer/issues/3865,,,,regex_match_no_context
case2,regex_baseline,url,ascii,58116660,https://en.wikipedia.org/wiki/Unix_time,https://en.wikipedia.org/wiki/Unix_time,,,,regex_match_no_context
case2,regex_baseline,url,ascii,58117557,https://en.wikipedia.org/wiki/Subject_Alternative_Name,https://en.wikipedia.org/wiki/Subject_Alternative_Name,,,,regex_match_no_context
case2,regex_baseline,url,ascii,58136338,https://chromedevtools.github.io/timeline-viewer/,https://chromedevtools.github.io/timeline-viewer,,,,regex_match_no_context
case2,regex_baseline,url,ascii,58201946,https://github.com/puppeteer/puppeteer/blob/main/src/injected/README.md),https://github.com/puppeteer/puppeteer/blob/main/src/injected/README.md),,,,regex_match_no_context
case2,regex_baseline,url,ascii,58240331,https://storage.googleapis.com,https://storage.googleapis.com,,,,regex_match_no_context
case2,regex_baseline,url,ascii,58240401,https://archive.mozilla.org/pub/firefox/nightly/latest-mozilla-central,https://archive.mozilla.org/pub/firefox/nightly/latest-mozilla-central,,,,regex_match_no_context
case2,regex_baseline,url,ascii,58242093,http://omahaproxy.appspot.com/,http://omahaproxy.appspot.com,,,,regex_match_no_context
case2,regex_baseline,url,ascii,58265206,https://nodejs.org/api/child_process.html#child_process_options_detached,https://nodejs.org/api/child_process.html,,,,regex_match_no_context
case2,regex_baseline,url,ascii,58274608,https://github.com/puppeteer/puppeteer/blob/main/docs/troubleshooting.md,https://github.com/puppeteer/puppeteer/blob/main/docs/troubleshooting.md,,,,regex_match_no_context
case2,regex_baseline,url,ascii,58293282,https://bugzilla.mozilla.org/show_bug.cgi?id=1543115,https://bugzilla.mozilla.org/show_bug.cgi?id=1543115,,,,regex_match_no_context
case2,regex_baseline,url,ascii,58298204,https://bit.ly/bug-1732263),https://bit.ly/bug-1732263),,,,regex_match_no_context
case2,regex_baseline,url,ascii,58300259,https://bugzilla.mozilla.org/show_bug.cgi?id=1710839,https://bugzilla.mozilla.org/show_bug.cgi?id=1710839,,,,regex_match_no_context
case2,regex_baseline,url,ascii,58318492,https://www.chromium.org/getting-involved/dev-channel,https://www.chromium.org/getting-involved/dev-channel,,,,regex_match_no_context
case2,regex_baseline,url,ascii,58318606,https://www.howtogeek.com/202825/what%E2%80%99s-the-difference-between-chromium-and-chrome/,https://www.howtogeek.com/202825/what%E2%80%99s-the-difference-between-chromium-and-chrome,,,,regex_match_no_context
case2,regex_baseline,url,ascii,58318801,https://chromium.googlesource.com/chromium/src/+/lkgr/docs/chromium_browser_vs_google_chrome.md,https://chromium.googlesource.com/chromium/src/+/lkgr/docs/chromium_browser_vs_google_chrome.md,,,,regex_match_no_context
case2,regex_baseline,url,ascii,58416661,https://github.com/WebAssembly/design/blob/master/BinaryEncoding.md,https://github.com/WebAssembly/design/blob/master/BinaryEncoding.md,,,,regex_match_no_context
case2,regex_baseline,url,ascii,58508321,https://github.com/WebAssembly/tool-conventions/blob/master/Linking.md,https://github.com/WebAssembly/tool-conventions/blob/master/Linking.md,,,,regex_match_no_context
case2,regex_baseline,url,ascii,58771413,https://www.w3.org/TR/WCAG21/#contrast-minimum,https://www.w3.org/TR/WCAG21,,,,regex_match_no_context
case2,regex_baseline,url,ascii,58771579,https://developers.google.com/web/updates/2020/08/devtools#accessible-color,https://developers.google.com/web/updates/2020/08/devtools,,,,regex_match_no_context
case2,regex_baseline,url,ascii,58771684,https://web.dev/strict-csp,https://web.dev/strict-csp,,,,regex_match_no_context
case2,regex_baseline,url,ascii,58772139,https://wikipedia.org/wiki/Punycode,https://wikipedia.org/wiki/Punycode,,,,regex_match_no_context
case2,regex_baseline,url,ascii,58772340,https://webrtc.org/web-apis/chrome/unified-plan/,https://webrtc.org/web-apis/chrome/unified-plan,,,,regex_match_no_context
case2,regex_baseline,url,ascii,58772598,https://developer.chrome.com/docs/extensions/mv3/,https://developer.chrome.com/docs/extensions/mv3,,,,regex_match_no_context
case2,regex_baseline,url,ascii,58781760,https://crbug.com/1227651,https://crbug.com/1227651,,,,regex_match_no_context
case2,regex_baseline,url,ascii,59554092,https://github.com/bgrins/spectrum,https://github.com/bgrins/spectrum,,,,regex_match_no_context
case2,regex_baseline,url,ascii,60253537,https://crbug.com/1122511,https://crbug.com/1122511,,,,regex_match_no_context
case2,regex_baseline,url,ascii,60309217,https://w3c.github.io/manifest/#icon-masks,https://w3c.github.io/manifest,,,,regex_match_no_context
case2,regex_baseline,url,ascii,60350976,https://docs.google.com/document/d/1QrSSRsJRzaQBY3zz73ZL84bTcFUV60yMtE5cuu6ED14,https://docs.google.com/document/d/1QrSSRsJRzaQBY3zz73ZL84bTcFUV60yMtE5cuu6ED14,,,,regex_match_no_context
case2,regex_baseline,url,ascii,66239668,https://github.com/,https://github.com,,,,regex_match_no_context
case2,regex_baseline,url,ascii,66486692,https://www.youtube.com/?feature=ytca,https://www.youtube.com?feature=ytca,,,,regex_match_no_context
case2,regex_baseline,url,ascii,66549860,https://accounts.google.com/ServiceLogin?continue=https%3A%2F%2Fmail.google.com%2Fmail%2F&service=mail&hl=ko&authuser=0&passive=true&sarp=1&aodrpl=1&checkedDomains=youtube&checkConnection=youtube%3A271%3A0&pstMsg=1,https://accounts.google.com/ServiceLogin?continue=https%3A%2F%2Fmail.google.com%2Fmail%2F&service=mail&hl=ko&authuser=0&passive=true&sarp=1&aodrpl=1&checkedDomains=youtube&checkConnection=youtube%3A271%3A0&pstMsg=1,,,,regex_match_no_context
case2,regex_baseline,url,ascii,68126244,https://www.google.com/images/branding/product/ico/googleg_lodp.ico,https://www.google.com/images/branding/product/ico/googleg_lodp.ico,,,,regex_match_no_context
case2,regex_baseline,url,ascii,68151962,https://www.google.com/search?q=%ED%8F%AC%EB%A0%8C%EC%8B%9D+%EC%9C%84%ED%82%A4&oq=%ED%8F%AC%EB%A0%8C%EC%8B%9D+%EC%9C%84%ED%82%A4&gs_lcrp=EgZjaHJvbWUyBggAEEUYOdIBCDExOTFqMGo3qAIAsAIA&sourceid=chrome&ie=UTF-8,https://www.google.com/search?q=%ED%8F%AC%EB%A0%8C%EC%8B%9D+%EC%9C%84%ED%82%A4&oq=%ED%8F%AC%EB%A0%8C%EC%8B%9D+%EC%9C%84%ED%82%A4&gs_lcrp=EgZjaHJvbWUyBggAEEUYOdIBCDExOTFqMGo3qAIAsAIA&sourceid=chrome&ie=UTF-8,,,,regex_match_no_context
case2,regex_baseline,url,ascii,68152841,https://gmail.com/Gmail:,https://gmail.com/Gmail:,,,,regex_match_no_context
case2,regex_baseline,url,ascii,68152959,https://en.wikipedia.org/Wikipedia,https://en.wikipedia.org/Wikipedia,,,,regex_match_no_context
case2,regex_baseline,url,ascii,68153034,http://forensic.korea.ac.kr/DFRC,http://forensic.korea.ac.kr/DFRC,,,,regex_match_no_context
case2,regex_baseline,url,ascii,68153120,https://www.youtube.com/YouTube,https://www.youtube.com/YouTube,,,,regex_match_no_context
case2,regex_baseline,url,ascii,68153173,https://ieee.org/IEEE,https://ieee.org/IEEE,,,,regex_match_no_context
case2,regex_baseline,url,ascii,68153336,https://stackoverflow.com/Stack,https://stackoverflow.com/Stack,,,,regex_match_no_context
case2,regex_baseline,url,ascii,68153443,https://geun-yeong.tistory.com/Believe,https://geun-yeong.tistory.com/Believe,,,,regex_match_no_context
case2,regex_baseline,url,ascii,68153522,https://arxiv.org/arXiv.org,https://arxiv.org/arXiv.org,,,,regex_match_no_context
case2,regex_baseline,url,ascii,68153585,https://github.com/GitHub:,https://github.com/GitHub:,,,,regex_match_no_context
case2,regex_baseline,url,ascii,68153665,https://www.kakao.com/,https://www.kakao.com,,,,regex_match_no_context
case2,regex_baseline,url,ascii,68153716,https://www.daum.net/Daum,https://www.daum.net/Daum,,,,regex_match_no_context
case2,regex_baseline,url,ascii,68153761,https://www.naver.com/NAVER*,https://www.naver.com/NAVER*,,,,regex_match_no_context
case2,regex_baseline,url,ascii,68153808,https://www.google.com/Google,https://www.google.com/Google,,,,regex_match_no_context
case2,regex_baseline,url,ascii,68153857,https://google.com/Google,https://google.com/Google,,,,regex_match_no_context
case2,regex_baseline,url,ascii,68247892,https://ogs.google.com,https://ogs.google.com,,,,regex_match_no_context
case2,regex_baseline,url,ascii,68247915,https://*.corp.google.com,https://*.corp.google.com,,,,regex_match_no_context
case2,regex_baseline,url,ascii,68251092,https://optimizationguide-pa.googleapis.com/v1:GetHints,https://optimizationguide-pa.googleapis.com/v1:GetHints,,,,regex_match_no_context
case2,regex_baseline,url,ascii,68255572,https://www.google.com/tools/feedback/chrome/__submit,https://www.google.com/tools/feedback/chrome/__submit,,,,regex_match_no_context
case2,regex_baseline,url,ascii,68285924,https://securitydomain-pa.googleapis.com/v1/,https://securitydomain-pa.googleapis.com/v1,,,,regex_match_no_context
case2,regex_baseline,url,ascii,68493828,https://myaccount.google.com/data-and-privacy?utm_source=ga-chrome-actions&utm_medium=managePrivacy,https://myaccount.google.com/data-and-privacy?utm_source=ga-chrome-actions&utm_medium=managePrivacy,,,,regex_match_no_context
case2,regex_baseline,url,ascii,68496116,https://myaccount.google.com/find-your-phone?utm_source=ga-chrome-actions&utm_medium=findYourPhone,https://myaccount.google.com/find-your-phone?utm_source=ga-chrome-actions&utm_medium=findYourPhone,,,,regex_match_no_context
case2,regex_baseline,url,ascii,68612336,https://comic.naver.com,https://comic.naver.com,,,,regex_match_no_context
case2,regex_baseline,url,ascii,68801945,https://www.youtube.com/$,https://www.youtube.com/$,,,,regex_match_no_context
case2,regex_baseline,url,ascii,68801974,https://www.naver.com/,https://www.naver.com,,,,regex_match_no_context
case2,regex_baseline,url,ascii,68802841,https://www.daum.net/,https://www.daum.net,,,,regex_match_no_context
case2,regex_baseline,url,ascii,68802867,https://stackoverflow.com/,https://stackoverflow.com,,,,regex_match_no_context
case2,regex_baseline,url,ascii,68802898,https://ieee.org/,https://ieee.org,,,,regex_match_no_context
case2,regex_baseline,url,ascii,68802943,https://gmail.com/@,https://gmail.com/@,,,,regex_match_no_context
case2,regex_baseline,url,ascii,68802990,https://geun-yeong.tistory.com/,https://geun-yeong.tistory.com,,,,regex_match_no_context
case2,regex_baseline,url,ascii,68803026,https://en.wikipedia.org/,https://en.wikipedia.org,,,,regex_match_no_context
case2,regex_baseline,url,ascii,68803056,https://arxiv.org/,https://arxiv.org,,,,regex_match_no_context
case2,regex_baseline,url,ascii,68803079,http://forensic.korea.ac.kr/,http://forensic.korea.ac.kr,,,,regex_match_no_context
case2,regex_baseline,url,ascii,70079012,https://clients4.google.com/chrome-sync/dev/event,https://clients4.google.com/chrome-sync/dev/event,,,,regex_match_no_context
case2,regex_baseline,url,ascii,70080036,https://clients4.google.com/chrome-sync/dev,https://clients4.google.com/chrome-sync/dev,,,,regex_match_no_context
case2,regex_baseline,url,ascii,70514164,https://www.google.com/chrome/tips/,https://www.google.com/chrome/tips,,,,regex_match_no_context
case2,regex_baseline,url,ascii,72264772,https://accounts.google.com/v3/signin/challenge/pwd?TL=ALbfvL0LzpFXMwegg4QFOu3TKUFl0W-heK1rg6fzZ46OPxJuQIrcwoJtEbwy75uy&checkConnection=youtube%3A271%3A0&checkedDomains=youtube&cid=2&continue=https%3A%2F%2Fmail.google.com%2Fmail%2F&dsh=S-502362205%3A1677653382461634&flowEntry=ServiceLogin&flowName=GlifWebSignIn&ifkv=AWnogHdB2R47P8_be1so0fF5AMBtyCl6BDwEB27tq1JXdNxmLP4oSim3J-gghyoQV3HJ_lsNV7yYDw&pstMsg=1&rip=1&service=mail,https://accounts.google.com/v3/signin/challenge/pwd?TL=ALbfvL0LzpFXMwegg4QFOu3TKUFl0W-heK1rg6fzZ46OPxJuQIrcwoJtEbwy75uy&checkConnection=youtube%3A271%3A0&checkedDomains=youtube&cid=2&continue=https%3A%2F%2Fmail.google.com%2Fmail%2F&dsh=S-502362205%3A1677653382461634&flowEntry=ServiceLogin&flowName=GlifWebSignIn&ifkv=AWnogHdB2R47P8_be1so0fF5AMBtyCl6BDwEB27tq1JXdNxmLP4oSim3J-gghyoQV3HJ_lsNV7yYDw&pstMsg=1&rip=1&service=mail,,,,regex_match_no_context
case2,regex_baseline,url,ascii,72808664,https://www.ieee.org,https://www.ieee.org,,,,regex_match_no_context
case2,regex_baseline,url,ascii,73247940,https://googleusercontent.com/,https://googleusercontent.com,,,,regex_match_no_context
case2,regex_baseline,url,ascii,73286968,https://recruit.webtoonscorp.com,https://recruit.webtoonscorp.com,,,,regex_match_no_context
case2,regex_baseline,url,ascii,74793177,http://gmail.com/@,http://gmail.com/@,,,,regex_match_no_context
case2,regex_baseline,url,ascii,74793201,http://en.wikipedia.org/,http://en.wikipedia.org,,,,regex_match_no_context
case2,regex_baseline,url,ascii,74793267,http://youtube.com/$,http://youtube.com/$,,,,regex_match_no_context
case2,regex_baseline,url,ascii,74793293,http://ieee.org/,http://ieee.org,,,,regex_match_no_context
case2,regex_baseline,url,ascii,74793316,http://arxiv.org/,http://arxiv.org,,,,regex_match_no_context
case2,regex_baseline,url,ascii,74793340,http://stackoverflow.com/,http://stackoverflow.com,,,,regex_match_no_context
case2,regex_baseline,url,ascii,74793372,http://github.com/,http://github.com,,,,regex_match_no_context
case2,regex_baseline,url,ascii,74793397,http://geun-yeong.tistory.com/,http://geun-yeong.tistory.com,,,,regex_match_no_context
case2,regex_baseline,url,ascii,74793434,http://kakao.com/,http://kakao.com,,,,regex_match_no_context
case2,regex_baseline,url,ascii,74793458,http://daum.net/,http://daum.net,,,,regex_match_no_context
case2,regex_baseline,url,ascii,74793481,http://naver.com/,http://naver.com,,,,regex_match_no_context
case2,regex_baseline,url,ascii,74797298,http://gmail.com/,http://gmail.com,,,,regex_match_no_context
case2,regex_baseline,url,ascii,74797382,http://youtube.com/,http://youtube.com,,,,regex_match_no_context
case2,regex_baseline,url,ascii,74828904,https://www.google.com/search?q=%ED%8F%AC%EB%A0%8C%EC%8B%9D+%EC%9C%84%ED%82%A4&sourceid=chrome&ie=UTF-8,https://www.google.com/search?q=%ED%8F%AC%EB%A0%8C%EC%8B%9D+%EC%9C%84%ED%82%A4&sourceid=chrome&ie=UTF-8,,,,regex_match_no_context
case2,regex_baseline,url,ascii,74829203,https://www.google.com/search?q=%ED%81%AC%EB%A1%AC+%EB%B8%8C%EB%9D%BC%EC%9A%B0%EC%A0%80&sourceid=chrome&ie=UTF-8,https://www.google.com/search?q=%ED%81%AC%EB%A1%AC+%EB%B8%8C%EB%9D%BC%EC%9A%B0%EC%A0%80&sourceid=chrome&ie=UTF-8,,,,regex_match_no_context
case2,regex_baseline,url,ascii,74842386,https://en.wikipedia.org/https://en.wikipedia.org/wiki/Mnemonicen.wikipedia.org/wiki/Mnemonic,https://en.wikipedia.org/https://en.wikipedia.org/wiki/Mnemonicen.wikipedia.org/wiki/Mnemonic,,,,regex_match_no_context
case2,regex_baseline,url,ascii,74842504,https://forensic.korea.ac.kr/http://forensic.korea.ac.kr/DFWIKI/index.php/%ED%8C%8C%EC%9D%BC%EC%8B%9C%EC%8A%A4%ED%85%9Cforensic.korea.ac.kr/DFWIKI/index.php/,https://forensic.korea.ac.kr/http://forensic.korea.ac.kr/DFWIKI/index.php/%ED%8C%8C%EC%9D%BC%EC%8B%9C%EC%8A%A4%ED%85%9Cforensic.korea.ac.kr/DFWIKI/index.php,,,,regex_match_no_context
case2,regex_baseline,url,ascii,74862731,https://accounts.google.com/v3/signin/challenge/pwd?TL=ALbfvL0LzpFXMwegg4QFOu3TKUFl0W-heK1rg6fzZ46OPxJuQIrcwoJtEbwy75uy&checkConnection=youtube%3A271%3A0&checkedDomains=youtube&cid=2&continue=https%3A%2F%2Fmail.google.com%2Fmail%2F&dsh=S-502362205%3A1677653382461634&flowEntry=ServiceLogin&flowName=GlifWebSignIn&ifkv=AWnogHdB2R47P8_be1so0fF5AMBtyCl6BDwEB27tq1JXdNxmLP4oSim3J-gghyoQV3HJ_lsNV7yYDw&pstMsg=1&rip=1&service=mailL,https://accounts.google.com/v3/signin/challenge/pwd?TL=ALbfvL0LzpFXMwegg4QFOu3TKUFl0W-heK1rg6fzZ46OPxJuQIrcwoJtEbwy75uy&checkConnection=youtube%3A271%3A0&checkedDomains=youtube&cid=2&continue=https%3A%2F%2Fmail.google.com%2Fmail%2F&dsh=S-502362205%3A1677653382461634&flowEntry=ServiceLogin&flowName=GlifWebSignIn&ifkv=AWnogHdB2R47P8_be1so0fF5AMBtyCl6BDwEB27tq1JXdNxmLP4oSim3J-gghyoQV3HJ_lsNV7yYDw&pstMsg=1&rip=1&service=mailL,,,,regex_match_no_context
case2,regex_baseline,url,ascii,74871525,https://comic.naver.com/webtoon/weekdayList?week=sat,https://comic.naver.com/webtoon/weekdayList?week=sat,,,,regex_match_no_context
case2,regex_baseline,url,ascii,74871649,https://www.ieee.org//IEEE,https://www.ieee.org//IEEE,,,,regex_match_no_context
case2,regex_baseline,url,ascii,74873489,https://comic.naver.com/webtoon/detail?titleId=790713&no=98&weekday=fri,https://comic.naver.com/webtoon/detail?titleId=790713&no=98&weekday=fri,,,,regex_match_no_context
case2,regex_baseline,url,ascii,74873621,https://comic.naver.com/webtoon/list?titleId=790713&weekday=fri,https://comic.naver.com/webtoon/list?titleId=790713&weekday=fri,,,,regex_match_no_context
case2,regex_baseline,url,ascii,74873744,https://comic.naver.com/webtoon/weekdayList?week=fri,https://comic.naver.com/webtoon/weekdayList?week=fri,,,,regex_match_no_context
case2,regex_baseline,url,ascii,74873866,https://comic.naver.com/webtoon/detail?titleId=790713&no=98,https://comic.naver.com/webtoon/detail?titleId=790713&no=98,,,,regex_match_no_context
case2,regex_baseline,url,ascii,74873986,https://comic.naver.com/webtoon/detail?titleId=790713&no=99,https://comic.naver.com/webtoon/detail?titleId=790713&no=99,,,,regex_match_no_context
case2,regex_baseline,url,ascii,74874107,https://comic.naver.com/webtoon/detail?titleId=790713&no=100,https://comic.naver.com/webtoon/detail?titleId=790713&no=100,,,,regex_match_no_context
case2,regex_baseline,url,ascii,74874230,https://comic.naver.com/webtoon/detail?titleId=790713&no=101&weekday=tue,https://comic.naver.com/webtoon/detail?titleId=790713&no=101&weekday=tue,,,,regex_match_no_context
case2,regex_baseline,url,ascii,74874363,https://comic.naver.com/webtoon/list?titleId=790713&weekday=tue,https://comic.naver.com/webtoon/list?titleId=790713&weekday=tue,,,,regex_match_no_context
case2,regex_baseline,url,ascii,74874486,https://comic.naver.com/webtoon/weekdayList,https://comic.naver.com/webtoon/weekdayList,,,,regex_match_no_context
case2,regex_baseline,url,ascii,74874599,https://comic.naver.com/webtoon/weekdayList.nhn,https://comic.naver.com/webtoon/weekdayList.nhn,,,,regex_match_no_context
case2,regex_baseline,url,ascii,74875046,https://www.kakaocorp.com/page/,https://www.kakaocorp.com/page,,,,regex_match_no_context
case2,regex_baseline,url,ascii,74875163,https://www.kakaocorp.com/,https://www.kakaocorp.com,,,,regex_match_no_context
case2,regex_baseline,url,ascii,74876565,http://forensic.korea.ac.kr/DFWIKI/index.php/%EB%8D%B0%EC%9D%B4%ED%84%B0_%EA%B5%AC%EC%84%B1_%EB%8B%A8%EC%9C%84,http://forensic.korea.ac.kr/DFWIKI/index.php/%EB%8D%B0%EC%9D%B4%ED%84%B0_%EA%B5%AC%EC%84%B1_%EB%8B%A8%EC%9C%84,,,,regex_match_no_context
case2,regex_baseline,url,ascii,74876747,http://forensic.korea.ac.kr/DFWIKI/index.php/%ED%8C%8C%EC%9D%BC%EC%8B%9C%EC%8A%A4%ED%85%9C,http://forensic.korea.ac.kr/DFWIKI/index.php/%ED%8C%8C%EC%9D%BC%EC%8B%9C%EC%8A%A4%ED%85%9C,,,,regex_match_no_context
case2,regex_baseline,url,ascii,74876900,http://forensic.korea.ac.kr/DFWIKI/index.php/NTFSNTFS,http://forensic.korea.ac.kr/DFWIKI/index.php/NTFSNTFS,,,,regex_match_no_context
case2,regex_baseline,url,ascii,74877002,http://forensic.korea.ac.kr/DFWIKI/index.php/%EB%8C%80%EB%AC%B8Digital,http://forensic.korea.ac.kr/DFWIKI/index.php/%EB%8C%80%EB%AC%B8Digital,,,,regex_match_no_context
case2,regex_baseline,url,ascii,74877369,https://www.google.com/intl/ko_kr/chrome/Chrome,https://www.google.com/intl/ko_kr/chrome/Chrome,,,,regex_match_no_context
case2,regex_baseline,url,ascii,74877450,https://en.wikipedia.org/wiki/BlockchainBlockchain,https://en.wikipedia.org/wiki/BlockchainBlockchain,,,,regex_match_no_context
case2,regex_baseline,url,ascii,74877530,https://en.wikipedia.org/wiki/CryptocurrencyCryptocurrency,https://en.wikipedia.org/wiki/CryptocurrencyCryptocurrency,,,,regex_match_no_context
case2,regex_baseline,url,ascii,74877618,https://en.wikipedia.org/wiki/RansomwareRansomware,https://en.wikipedia.org/wiki/RansomwareRansomware,,,,regex_match_no_context
case2,regex_baseline,url,ascii,74877698,https://en.wikipedia.org/wiki/CybercrimeCybercrime,https://en.wikipedia.org/wiki/CybercrimeCybercrime,,,,regex_match_no_context
case2,regex_baseline,url,ascii,74877778,https://en.wikipedia.org/wiki/Computer_crimeCybercrime,https://en.wikipedia.org/wiki/Computer_crimeCybercrime,,,,regex_match_no_context
case2,regex_baseline,url,ascii,74877862,https://en.wikipedia.org/wiki/Digital_forensicsDigital,https://en.wikipedia.org/wiki/Digital_forensicsDigital,,,,regex_match_no_context
case2,regex_baseline,url,ascii,74877959,https://en.wikipedia.org/w/index.php?search=digital+forensics&title=Special%3ASearch&ns0=1Digital,https://en.wikipedia.org/w/index.php?search=digital+forensics&title=Special%3ASearch&ns0=1Digital,,,,regex_match_no_context
case2,regex_baseline,url,ascii,74878096,https://en.wikipedia.org/wiki/Main_PageWikipedia,https://en.wikipedia.org/wiki/Main_PageWikipedia,,,,regex_match_no_context
case2,regex_baseline,url,ascii,74878188,http://forensic.korea.ac.kr/DFWIKI/index.php/%EB%8D%B0%EC%9D%B4%ED%84%B0%EB%B2%A0%EC%9D%B4%EC%8A%A4,http://forensic.korea.ac.kr/DFWIKI/index.php/%EB%8D%B0%EC%9D%B4%ED%84%B0%EB%B2%A0%EC%9D%B4%EC%8A%A4,,,,regex_match_no_context
case2,regex_baseline,url,ascii,74878352,http://forensic.korea.ac.kr/DFWIKI/index.php/DB,http://forensic.korea.ac.kr/DFWIKI/index.php/DB,,,,regex_match_no_context
case2,regex_baseline,url,ascii,74878464,http://forensic.korea.ac.kr/DFWIKI/index.php/IOSIOS,http://forensic.korea.ac.kr/DFWIKI/index.php/IOSIOS,,,,regex_match_no_context
case2,regex_baseline,url,ascii,74878565,http://forensic.korea.ac.kr/DFWIKI/index.php/%EC%95%88%EB%93%9C%EB%A1%9C%EC%9D%B4%EB%93%9C,http://forensic.korea.ac.kr/DFWIKI/index.php/%EC%95%88%EB%93%9C%EB%A1%9C%EC%9D%B4%EB%93%9C,,,,regex_match_no_context
case2,regex_baseline,url,ascii,74878720,http://forensic.korea.ac.kr/DFWIKI/index.php/%EC%8A%A4%EB%A7%88%ED%8A%B8%ED%8F%B0,http://forensic.korea.ac.kr/DFWIKI/index.php/%EC%8A%A4%EB%A7%88%ED%8A%B8%ED%8F%B0,,,,regex_match_no_context
case2,regex_baseline,url,ascii,74878862,http://forensic.korea.ac.kr/DFWIKI/index.php/%EC%9A%B4%EC%98%81%EC%B2%B4%EC%A0%9C,http://forensic.korea.ac.kr/DFWIKI/index.php/%EC%9A%B4%EC%98%81%EC%B2%B4%EC%A0%9C,,,,regex_match_no_context
case2,regex_baseline,url,ascii,74879002,http://forensic.korea.ac.kr/DFWIKI/index.php/ExFATExFAT,http://forensic.korea.ac.kr/DFWIKI/index.php/ExFATExFAT,,,,regex_match_no_context
case2,regex_baseline,url,ascii,74879105,http://forensic.korea.ac.kr/DFWIKI/index.php/FAT32FAT,http://forensic.korea.ac.kr/DFWIKI/index.php/FAT32FAT,,,,regex_match_no_context
case2,regex_baseline,url,ascii,74879205,http://forensic.korea.ac.kr/DFWIKI/index.php/FATFAT,http://forensic.korea.ac.kr/DFWIKI/index.php/FATFAT,,,,regex_match_no_context
case2,regex_baseline,url,ascii,74879304,https://www.youtube.com/?themeRefresh=1YouTube,https://www.youtube.com?themeRefresh=1YouTube,,,,regex_match_no_context
case2,regex_baseline,url,ascii,74879421,https://comic.naver.com/webtoon/detail?titleId=790713&no=101&weekday=,https://comic.naver.com/webtoon/detail?titleId=790713&no=101&weekday=,,,,regex_match_no_context
case2,regex_baseline,url,ascii,74896811,https://forensic.korea.ac.kr/http://forensic.korea.ac.kr/DFWIKI/index.php/%EB%8D%B0%EC%9D%B4%ED%84%B0_%EA%B5%AC%EC%84%B1_%EB%8B%A8%EC%9C%84forensic.korea.ac.kr/DFWIKI/index.php/,https://forensic.korea.ac.kr/http://forensic.korea.ac.kr/DFWIKI/index.php/%EB%8D%B0%EC%9D%B4%ED%84%B0_%EA%B5%AC%EC%84%B1_%EB%8B%A8%EC%9C%84forensic.korea.ac.kr/DFWIKI/index.php,,,,regex_match_no_context
case2,regex_baseline,url,ascii,74897031,https://forensic.korea.ac.kr/http://forensic.korea.ac.kr/DFWIKI/index.php/NTFSforensic.korea.ac.kr/DFWIKI/index.php/NTFS,https://forensic.korea.ac.kr/http://forensic.korea.ac.kr/DFWIKI/index.php/NTFSforensic.korea.ac.kr/DFWIKI/index.php/NTFS,,,,regex_match_no_context
case2,regex_baseline,url,ascii,74897172,https://forensic.korea.ac.kr/http://forensic.korea.ac.kr/DFWIKI/index.php/%EB%8C%80%EB%AC%B8forensic.korea.ac.kr/DFWIKI/index.php/,https://forensic.korea.ac.kr/http://forensic.korea.ac.kr/DFWIKI/index.php/%EB%8C%80%EB%AC%B8forensic.korea.ac.kr/DFWIKI/index.php,,,,regex_match_no_context
case2,regex_baseline,url,ascii,74897331,https://www.google.com/search?q=%ED%8F%AC%EB%A0%8C%EC%8B%9D+%EC%9C%84%ED%82%A4&sourceid=chrome&ie=UTF-8https://www.google.com/search?q=%ED%8F%AC%EB%A0%8C%EC%8B%9D+%EC%9C%84%ED%82%A4&sourceid=chrome&ie=UTF-8google.com/search?q=,https://www.google.com/search?q=%ED%8F%AC%EB%A0%8C%EC%8B%9D+%EC%9C%84%ED%82%A4&sourceid=chrome&ie=UTF-8https://www.google.com/search?q=%ED%8F%AC%EB%A0%8C%EC%8B%9D+%EC%9C%84%ED%82%A4&sourceid=chrome&ie=UTF-8google.com/search?q=,,,,regex_match_no_context
case2,regex_baseline,url,ascii,74897617,https://google.com/https://www.google.com/intl/ko_kr/chrome/google.com/intl/ko_kr/chrome/,https://google.com/https://www.google.com/intl/ko_kr/chrome/google.com/intl/ko_kr/chrome,,,,regex_match_no_context
case2,regex_baseline,url,ascii,74897729,https://www.google.com/search?q=%ED%81%AC%EB%A1%AC+%EB%B8%8C%EB%9D%BC%EC%9A%B0%EC%A0%80&sourceid=chrome&ie=UTF-8https://www.google.com/search?q=%ED%81%AC%EB%A1%AC+%EB%B8%8C%EB%9D%BC%EC%9A%B0%EC%A0%80&sourceid=chrome&ie=UTF-8google.com/search?q=,https://www.google.com/search?q=%ED%81%AC%EB%A1%AC+%EB%B8%8C%EB%9D%BC%EC%9A%B0%EC%A0%80&sourceid=chrome&ie=UTF-8https://www.google.com/search?q=%ED%81%AC%EB%A1%AC+%EB%B8%8C%EB%9D%BC%EC%9A%B0%EC%A0%80&sourceid=chrome&ie=UTF-8google.com/search?q=,,,,regex_match_no_context
case2,regex_baseline,url,ascii,74898036,https://google.com/https://www.google.com/google.comK,https://google.com/https://www.google.com/google.comK,,,,regex_match_no_context
case2,regex_baseline,url,ascii,74898115,https://naver.com/https://www.naver.com/naver.com,https://naver.com/https://www.naver.com/naver.com,,,,regex_match_no_context
case2,regex_baseline,url,ascii,74898186,https://comic.naver.com/https://comic.naver.com/webtoon/detail?titleId=790713&no=101&weekday=comic.naver.com/webtoon/detail?titleId=790713&no=101&weekday=,https://comic.naver.com/https://comic.naver.com/webtoon/detail?titleId=790713&no=101&weekday=comic.naver.com/webtoon/detail?titleId=790713&no=101&weekday=,,,,regex_match_no_context
case2,regex_baseline,url,ascii,74898368,https://comic.naver.com/https://comic.naver.com/webtoon/weekdayList?week=fricomic.naver.com/webtoon/weekdayList?week=fri,https://comic.naver.com/https://comic.naver.com/webtoon/weekdayList?week=fricomic.naver.com/webtoon/weekdayList?week=fri,,,,regex_match_no_context
case2,regex_baseline,url,ascii,74898516,https://comic.naver.com/https://comic.naver.com/webtoon/weekdayList?week=satcomic.naver.com/webtoon/weekdayList?week=sat,https://comic.naver.com/https://comic.naver.com/webtoon/weekdayList?week=satcomic.naver.com/webtoon/weekdayList?week=sat,,,,regex_match_no_context
case2,regex_baseline,url,ascii,74898664,https://comic.naver.com/https://comic.naver.com/webtoon/weekdayListcomic.naver.com/webtoon/weekdayListC,https://comic.naver.com/https://comic.naver.com/webtoon/weekdayListcomic.naver.com/webtoon/weekdayListC,,,,regex_match_no_context
case2,regex_baseline,url,ascii,74898785,https://ieee.org/https://www.ieee.org//ieee.org//B,https://ieee.org/https://www.ieee.org//ieee.org//B,,,,regex_match_no_context
case2,regex_baseline,url,ascii,74898853,https://github.com/https://github.com/github.com,https://github.com/https://github.com/github.com,,,,regex_match_no_context
case2,regex_baseline,url,ascii,74898922,https://comic.naver.com/https://comic.naver.com/webtoon/detail?titleId=790713&no=98comic.naver.com/webtoon/detail?titleId=790713&no=98,https://comic.naver.com/https://comic.naver.com/webtoon/detail?titleId=790713&no=98comic.naver.com/webtoon/detail?titleId=790713&no=98,,,,regex_match_no_context
case2,regex_baseline,url,ascii,74899084,https://comic.naver.com/https://comic.naver.com/webtoon/weekdayListcomic.naver.com/webtoon/weekdayListK,https://comic.naver.com/https://comic.naver.com/webtoon/weekdayListcomic.naver.com/webtoon/weekdayListK,,,,regex_match_no_context
case2,regex_baseline,url,ascii,74899213,https://naver.com/https://www.naver.com/naver.comW,https://naver.com/https://www.naver.com/naver.comW,,,,regex_match_no_context
case2,regex_baseline,url,ascii,74899281,https://stackoverflow.com/https://stackoverflow.com/stackoverflow.comf,https://stackoverflow.com/https://stackoverflow.com/stackoverflow.comf,,,,regex_match_no_context
case2,regex_baseline,url,ascii,74899369,https://geun-yeong.tistory.com/https://geun-yeong.tistory.com/geun-yeong.tistory.com?,https://geun-yeong.tistory.com/https://geun-yeong.tistory.com/geun-yeong.tistory.com,,,,regex_match_no_context
case2,regex_baseline,url,ascii,74899472,https://arxiv.org/https://arxiv.org/arxiv.orgB,https://arxiv.org/https://arxiv.org/arxiv.orgB,,,,regex_match_no_context
case2,regex_baseline,url,ascii,74899536,https://github.com/https://github.com/github.comZ,https://github.com/https://github.com/github.comZ,,,,regex_match_no_context
case2,regex_baseline,url,ascii,74899603,https://kakaocorp.com/https://www.kakaocorp.com/page/kakaocorp.com/page/@,https://kakaocorp.com/https://www.kakaocorp.com/page/kakaocorp.com/page/@,,,,regex_match_no_context
case2,regex_baseline,url,ascii,74899694,https://daum.net/https://www.daum.net/daum.netC,https://daum.net/https://www.daum.net/daum.netC,,,,regex_match_no_context
case2,regex_baseline,url,ascii,74899759,https://naver.com/https://www.naver.com/naver.comF,https://naver.com/https://www.naver.com/naver.comF,,,,regex_match_no_context
case2,regex_baseline,url,ascii,74899827,https://google.com/https://www.google.com/google.comF,https://google.com/https://www.google.com/google.comF,,,,regex_match_no_context
case2,regex_baseline,url,ascii,74899898,https://google.com/https://www.google.com/google.comE,https://google.com/https://www.google.com/google.comE,,,,regex_match_no_context
case2,regex_baseline,url,ascii,74899968,https://google.com/https://www.google.com/google.com,https://google.com/https://www.google.com/google.com,,,,regex_match_no_context
case2,regex_baseline,url,ascii,74900115,https://en.wikipedia.org/https://en.wikipedia.org/wiki/Decentralized_financeen.wikipedia.org/wiki/Decentralized_finance,https://en.wikipedia.org/https://en.wikipedia.org/wiki/Decentralized_financeen.wikipedia.org/wiki/Decentralized_finance,,,,regex_match_no_context
case2,regex_baseline,url,ascii,74900255,https://en.wikipedia.org/https://en.wikipedia.org/wiki/Smart_contracten.wikipedia.org/wiki/Smart_contractu,https://en.wikipedia.org/https://en.wikipedia.org/wiki/Smart_contracten.wikipedia.org/wiki/Smart_contractu,,,,regex_match_no_context
case2,regex_baseline,url,ascii,74900381,https://en.wikipedia.org/https://en.wikipedia.org/wiki/Blockchainen.wikipedia.org/wiki/Blockchain,https://en.wikipedia.org/https://en.wikipedia.org/wiki/Blockchainen.wikipedia.org/wiki/Blockchain,,,,regex_match_no_context
case2,regex_baseline,url,ascii,74900499,https://en.wikipedia.org/https://en.wikipedia.org/wiki/Cryptocurrencyen.wikipedia.org/wiki/Cryptocurrencyu,https://en.wikipedia.org/https://en.wikipedia.org/wiki/Cryptocurrencyen.wikipedia.org/wiki/Cryptocurrencyu,,,,regex_match_no_context
case2,regex_baseline,url,ascii,74900625,https://en.wikipedia.org/https://en.wikipedia.org/wiki/Ransomwareen.wikipedia.org/wiki/Ransomwareu,https://en.wikipedia.org/https://en.wikipedia.org/wiki/Ransomwareen.wikipedia.org/wiki/Ransomwareu,,,,regex_match_no_context
case2,regex_baseline,url,ascii,74900743,https://en.wikipedia.org/https://en.wikipedia.org/wiki/Cybercrimeen.wikipedia.org/wiki/Cybercrime,https://en.wikipedia.org/https://en.wikipedia.org/wiki/Cybercrimeen.wikipedia.org/wiki/Cybercrime,,,,regex_match_no_context
case2,regex_baseline,url,ascii,74900862,https://en.wikipedia.org/https://en.wikipedia.org/wiki/Digital_forensicsen.wikipedia.org/wiki/Digital_forensics,https://en.wikipedia.org/https://en.wikipedia.org/wiki/Digital_forensicsen.wikipedia.org/wiki/Digital_forensics,,,,regex_match_no_context
case2,regex_baseline,url,ascii,74900996,https://forensic.korea.ac.kr/http://forensic.korea.ac.kr/DFWIKI/index.php/%EB%8D%B0%EC%9D%B4%ED%84%B0%EB%B2%A0%EC%9D%B4%EC%8A%A4forensic.korea.ac.kr/DFWIKI/index.php/,https://forensic.korea.ac.kr/http://forensic.korea.ac.kr/DFWIKI/index.php/%EB%8D%B0%EC%9D%B4%ED%84%B0%EB%B2%A0%EC%9D%B4%EC%8A%A4forensic.korea.ac.kr/DFWIKI/index.php,,,,regex_match_no_context
case2,regex_baseline,url,ascii,74901202,https://forensic.korea.ac.kr/http://forensic.korea.ac.kr/DFWIKI/index.php/IOSforensic.korea.ac.kr/DFWIKI/index.php/IOS,https://forensic.korea.ac.kr/http://forensic.korea.ac.kr/DFWIKI/index.php/IOSforensic.korea.ac.kr/DFWIKI/index.php/IOS,,,,regex_match_no_context
case2,regex_baseline,url,ascii,74901343,https://forensic.korea.ac.kr/http://forensic.korea.ac.kr/DFWIKI/index.php/%EC%95%88%EB%93%9C%EB%A1%9C%EC%9D%B4%EB%93%9Cforensic.korea.ac.kr/DFWIKI/index.php/,https://forensic.korea.ac.kr/http://forensic.korea.ac.kr/DFWIKI/index.php/%EC%95%88%EB%93%9C%EB%A1%9C%EC%9D%B4%EB%93%9Cforensic.korea.ac.kr/DFWIKI/index.php,,,,regex_match_no_context
case2,regex_baseline,url,ascii,74901538,https://forensic.korea.ac.kr/http://forensic.korea.ac.kr/DFWIKI/index.php/%EC%8A%A4%EB%A7%88%ED%8A%B8%ED%8F%B0forensic.korea.ac.kr/DFWIKI/index.php/,https://forensic.korea.ac.kr/http://forensic.korea.ac.kr/DFWIKI/index.php/%EC%8A%A4%EB%A7%88%ED%8A%B8%ED%8F%B0forensic.korea.ac.kr/DFWIKI/index.php,,,,regex_match_no_context
case2,regex_baseline,url,ascii,74901713,https://forensic.korea.ac.kr/http://forensic.korea.ac.kr/DFWIKI/index.php/%EC%9A%B4%EC%98%81%EC%B2%B4%EC%A0%9Cforensic.korea.ac.kr/DFWIKI/index.php/,https://forensic.korea.ac.kr/http://forensic.korea.ac.kr/DFWIKI/index.php/%EC%9A%B4%EC%98%81%EC%B2%B4%EC%A0%9Cforensic.korea.ac.kr/DFWIKI/index.php,,,,regex_match_no_context
case2,regex_baseline,url,ascii,74902037,https://forensic.korea.ac.kr/http://forensic.korea.ac.kr/DFWIKI/index.php/ExFATforensic.korea.ac.kr/DFWIKI/index.php/ExFAT,https://forensic.korea.ac.kr/http://forensic.korea.ac.kr/DFWIKI/index.php/ExFATforensic.korea.ac.kr/DFWIKI/index.php/ExFAT,,,,regex_match_no_context
case2,regex_baseline,url,ascii,74902181,https://forensic.korea.ac.kr/http://forensic.korea.ac.kr/DFWIKI/index.php/FATforensic.korea.ac.kr/DFWIKI/index.php/FAT,https://forensic.korea.ac.kr/http://forensic.korea.ac.kr/DFWIKI/index.php/FATforensic.korea.ac.kr/DFWIKI/index.php/FAT,,,,regex_match_no_context
case2,regex_baseline,url,ascii,74903642,https://youtube.com/https://www.youtube.com/youtube.comC,https://youtube.com/https://www.youtube.com/youtube.comC,,,,regex_match_no_context
case2,regex_baseline,url,ascii,74903717,https://github.com/https://github.com/github.comG,https://github.com/https://github.com/github.comG,,,,regex_match_no_context
case2,regex_baseline,url,ascii,74903785,https://google.com/https://www.google.com/google.comD,https://google.com/https://www.google.com/google.comD,,,,regex_match_no_context
case2,regex_baseline,url,ascii,74903857,https://naver.com/https://www.naver.com/naver.comD,https://naver.com/https://www.naver.com/naver.comD,,,,regex_match_no_context
case2,regex_baseline,url,ascii,74903997,https://en.wikipedia.org/https://en.wikipedia.org/wiki/Cryptocurrency_walleten.wikipedia.org/wiki/Cryptocurrency_wallet,https://en.wikipedia.org/https://en.wikipedia.org/wiki/Cryptocurrency_walleten.wikipedia.org/wiki/Cryptocurrency_wallet,,,,regex_match_no_context
case2,regex_baseline,url,ascii,74905199,https://accounts.google.com/CheckCookie?continue=https://mail.google.com/mail/&service=mail&checkedDomains=youtube&checkConnection=youtube:271:0&pstMsg=1&flowName=GlifWebSignIn&ifkv=AWnogHdB2R47P8_be1so0fF5AMBtyCl6BDwEB27tq1JXdNxmLP4oSim3J-gghyoQV3HJ_lsNV7yYDw&chtml=LoginDoneHtml&gidl=Em4IGhJiQUVqSEw0UFdyS0xyVU5GNW9oNVRTdUROdVdhU3hfRDhaRl9FRHlGZW00YXBEcXBKbmlOak1ESlowTGRGeFd0ZEl0RkFZVlZTVDhMWlI1SmVmMlByRnZUV1c2aTF6MmNaUXciBggpCEsQAg&flowEntry=ServiceLoginM,https://accounts.google.com/CheckCookie?continue=https://mail.google.com/mail/&service=mail&checkedDomains=youtube&checkConnection=youtube:271:0&pstMsg=1&flowName=GlifWebSignIn&ifkv=AWnogHdB2R47P8_be1so0fF5AMBtyCl6BDwEB27tq1JXdNxmLP4oSim3J-gghyoQV3HJ_lsNV7yYDw&chtml=LoginDoneHtml&gidl=Em4IGhJiQUVqSEw0UFdyS0xyVU5GNW9oNVRTdUROdVdhU3hfRDhaRl9FRHlGZW00YXBEcXBKbmlOak1ESlowTGRGeFd0ZEl0RkFZVlZTVDhMWlI1SmVmMlByRnZUV1c2aTF6MmNaUXciBggpCEsQAg&flowEntry=ServiceLoginM,,,,regex_match_no_context
case2,regex_baseline,url,ascii,74905665,https://accounts.google.com/ServiceLogin?continue=https%3A%2F%2Fmail.google.com%2Fmail%2F&service=mail&hl=ko&authuser=0&passive=true&sarp=1&aodrpl=1&checkedDomains=youtube&checkConnection=youtube%3A271%3A0&pstMsg=1Q,https://accounts.google.com/ServiceLogin?continue=https%3A%2F%2Fmail.google.com%2Fmail%2F&service=mail&hl=ko&authuser=0&passive=true&sarp=1&aodrpl=1&checkedDomains=youtube&checkConnection=youtube%3A271%3A0&pstMsg=1Q,,,,regex_match_no_context
case2,regex_baseline,url,ascii,74906579,https://accounts.google.com/ServiceLogin?service=mail&passive=1209600&osid=1&continue=https://mail.google.com/mail/u/0/&followup=https://mail.google.com/mail/u/0/&emr=1Dx,https://accounts.google.com/ServiceLogin?service=mail&passive=1209600&osid=1&continue=https://mail.google.com/mail/u/0/&followup=https://mail.google.com/mail/u/0/&emr=1Dx,,,,regex_match_no_context
case2,regex_baseline,url,ascii,74906753,https://accounts.google.com/ServiceLogin?continue=https%3A%2F%2Fmail.google.com%2Fmail%2F&service=mail&sacu=1&rip=1J,https://accounts.google.com/ServiceLogin?continue=https%3A%2F%2Fmail.google.com%2Fmail%2F&service=mail&sacu=1&rip=1J,,,,regex_match_no_context
case2,regex_baseline,url,ascii,74906875,https://accounts.google.com/AccountChooser?service=mail&continue=https%3A%2F%2Fmail.google.com%2Fmail%2F&flowName=GlifWebSignIn&flowEntry=AccountChooserI,https://accounts.google.com/AccountChooser?service=mail&continue=https%3A%2F%2Fmail.google.com%2Fmail%2F&flowName=GlifWebSignIn&flowEntry=AccountChooserI,,,,regex_match_no_context
case2,regex_baseline,url,ascii,74907034,https://accounts.google.com/AccountChooser/signinchooser?service=mail&continue=https%3A%2F%2Fmail.google.com%2Fmail%2F&flowName=GlifWebSignIn&flowEntry=AccountChooserH5,https://accounts.google.com/AccountChooser/signinchooser?service=mail&continue=https%3A%2F%2Fmail.google.com%2Fmail%2F&flowName=GlifWebSignIn&flowEntry=AccountChooserH5,,,,regex_match_no_context
case2,regex_baseline,url,ascii,74907205,http://forensic.korea.ac.kr/DFWIKI/index.php/NTFS,http://forensic.korea.ac.kr/DFWIKI/index.php/NTFS,,,,regex_match_no_context
case2,regex_baseline,url,ascii,74907259,"http://forensic.korea.ac.kr/DFWIKI/index.php/IOS,6","http://forensic.korea.ac.kr/DFWIKI/index.php/IOS,6",,,,regex_match_no_context
case2,regex_baseline,url,ascii,74907312,http://forensic.korea.ac.kr/DFWIKI/index.php/FAT32,http://forensic.korea.ac.kr/DFWIKI/index.php/FAT32,,,,regex_match_no_context
case2,regex_baseline,url,ascii,74907367,http://forensic.korea.ac.kr/DFWIKI/index.php/FAT&6,http://forensic.korea.ac.kr/DFWIKI/index.php/FAT&6,,,,regex_match_no_context
case2,regex_baseline,url,ascii,74907420,http://forensic.korea.ac.kr/DFWIKI/index.php/ExFAT(3,http://forensic.korea.ac.kr/DFWIKI/index.php/ExFAT(3,,,,regex_match_no_context
case2,regex_baseline,url,ascii,74907475,http://forensic.korea.ac.kr/DFWIKI/index.php/DB-_,http://forensic.korea.ac.kr/DFWIKI/index.php/DB-_,,,,regex_match_no_context
case2,regex_baseline,url,ascii,74907528,http://forensic.korea.ac.kr/DFWIKI/index.php/%ED%8C%8C%EC%9D%BC%EC%8B%9C%EC%8A%A4%ED%85%9C!V,http://forensic.korea.ac.kr/DFWIKI/index.php/%ED%8C%8C%EC%9D%BC%EC%8B%9C%EC%8A%A4%ED%85%9C!V,,,,regex_match_no_context
case2,regex_baseline,url,ascii,74907624,http://forensic.korea.ac.kr/DFWIKI/index.php/%EC%9A%B4%EC%98%81%EC%B2%B4%EC%A0%9C)_,http://forensic.korea.ac.kr/DFWIKI/index.php/%EC%9A%B4%EC%98%81%EC%B2%B4%EC%A0%9C)_,,,,regex_match_no_context
case2,regex_baseline,url,ascii,74907711,http://forensic.korea.ac.kr/DFWIKI/index.php/%EC%95%88%EB%93%9C%EB%A1%9C%EC%9D%B4%EB%93%9C+V,http://forensic.korea.ac.kr/DFWIKI/index.php/%EC%95%88%EB%93%9C%EB%A1%9C%EC%9D%B4%EB%93%9C+V,,,,regex_match_no_context
case2,regex_baseline,url,ascii,74907807,http://forensic.korea.ac.kr/DFWIKI/index.php/%EC%8A%A4%EB%A7%88%ED%8A%B8%ED%8F%B0*s,http://forensic.korea.ac.kr/DFWIKI/index.php/%EC%8A%A4%EB%A7%88%ED%8A%B8%ED%8F%B0*s,,,,regex_match_no_context
case2,regex_baseline,url,ascii,74908010,http://forensic.korea.ac.kr/DFWIKI/index.php/%EB%8D%B0%EC%9D%B4%ED%84%B0%EB%B2%A0%EC%9D%B4%EC%8A%A4.D,http://forensic.korea.ac.kr/DFWIKI/index.php/%EB%8D%B0%EC%9D%B4%ED%84%B0%EB%B2%A0%EC%9D%B4%EC%8A%A4.D,,,,regex_match_no_context
case2,regex_baseline,url,ascii,74908115,http://forensic.korea.ac.kr/DFWIKI/index.php/%EB%8C%80%EB%AC%B8,http://forensic.korea.ac.kr/DFWIKI/index.php/%EB%8C%80%EB%AC%B8,,,,regex_match_no_context
case2,regex_baseline,url,ascii,74908382,https://ko.wikipedia.org/wiki/BitlyY,https://ko.wikipedia.org/wiki/BitlyY,,,,regex_match_no_context
case2,regex_baseline,url,ascii,74908422,https://bit.ly/2MBojqkX+,https://bit.ly/2MBojqkX+,,,,regex_match_no_context
case2,regex_baseline,url,ascii,74908449,https://mail.google.com/mail/u/0/#inboxW+,https://mail.google.com/mail/u/0,,,,regex_match_no_context
case2,regex_baseline,url,ascii,74908493,https://mail.google.com/mail/u/0/?pli=1V,https://mail.google.com/mail/u/0?pli=1V,,,,regex_match_no_context
case2,regex_baseline,url,ascii,74908537,https://mail.google.com/mail/?pli=1U,https://mail.google.com/mail?pli=1U,,,,regex_match_no_context
case2,regex_baseline,url,ascii,74909262,https://mail.google.com/accounts/SetOSID?authuser=0&continue=https%3A%2F%2Faccounts.youtube.com%2Faccounts%2FSetSID%3Fssdc%3D1%26sidt%3DALWU2ctlcxJo%252FLfly8H2Lo%252BtT1S7Px4Kdf3mCES0jeBIw2PSDgct4vbLn6Hbe2YqxvMSyD5W1jL4%252Brx2qZ%252FrgyxO%252B1aFhZqxxq2T8gp12sdibe6Ls01EWuIgS9Aw18a1VGciqT1MQkiZKVWPwEhpGbynCYmoYVU6G2ZZ2wJ2JfbD3T7ymTbFgRSKhz%252BKEfAIQjKQyEoNdP4RF7QZl7PCL%252Fmqb7Ws4KgLM%252BASHTbMp9Ex2Rcqesu3DxdD31Tu%252Ft0QbddEAjbgEa%252FNHLpP5%252FckViND5szpG9vMgky8DSVEgMNnhSZO1,https://mail.google.com/accounts/SetOSID?authuser=0&continue=https%3A%2F%2Faccounts.youtube.com%2Faccounts%2FSetSID%3Fssdc%3D1%26sidt%3DALWU2ctlcxJo%252FLfly8H2Lo%252BtT1S7Px4Kdf3mCES0jeBIw2PSDgct4vbLn6Hbe2YqxvMSyD5W1jL4%252Brx2qZ%252FrgyxO%252B1aFhZqxxq2T8gp12sdibe6Ls01EWuIgS9Aw18a1VGciqT1MQkiZKVWPwEhpGbynCYmoYVU6G2ZZ2wJ2JfbD3T7ymTbFgRSKhz%252BKEfAIQjKQyEoNdP4RF7QZl7PCL%252Fmqb7Ws4KgLM%252BASHTbMp9Ex2Rcqesu3DxdD31Tu%252Ft0QbddEAjbgEa%252FNHLpP5%252FckViND5szpG9vMgky8DSVEgMNnhSZO1,,,,regex_match_no_context
case2,regex_baseline,url,ascii,74909757,https://gds.google.com/web/chip?ep=p&gdsid=-2084009212&authuser=0&hl=ko&continue=https://accounts.google.com/ServiceLogin?continue%3Dhttps%253A%252F%252Fmail.google.com%252Fmail%252F%26service%3Dmail%26hl%3Dko%26authuser%3D0%26passive%3Dtrue%26sarp%3D1%26aodrpl%3D1%26checkedDomains%3Dyoutube%26checkConnection%3Dyoutube%253A271%253A0%26pstMsg%3D1&service=mail&rapt=AEjHL4PWrKLrUNF5oh5TSuDNuWaSx_D8ZF_EDyFem4apDqpJniNjMDJZ0LdFxWtdItFAYVVST8LZR5Jef2PrFvTWW6i1z2cZQw&pli=1P@,https://gds.google.com/web/chip?ep=p&gdsid=-2084009212&authuser=0&hl=ko&continue=https://accounts.google.com/ServiceLogin?continue%3Dhttps%253A%252F%252Fmail.google.com%252Fmail%252F%26service%3Dmail%26hl%3Dko%26authuser%3D0%26passive%3Dtrue%26sarp%3D1%26aodrpl%3D1%26checkedDomains%3Dyoutube%26checkConnection%3Dyoutube%253A271%253A0%26pstMsg%3D1&service=mail&rapt=AEjHL4PWrKLrUNF5oh5TSuDNuWaSx_D8ZF_EDyFem4apDqpJniNjMDJZ0LdFxWtdItFAYVVST8LZR5Jef2PrFvTWW6i1z2cZQw&pli=1P@,,,,regex_match_no_context
case2,regex_baseline,url,ascii,74910683,https://accounts.google.com/v3/signin/identifier?dsh=S-502362205%3A1677653382461634&continue=https%3A%2F%2Fmail.google.com%2Fmail%2F&rip=1&sacu=1&service=mail&flowName=GlifWebSignIn&flowEntry=ServiceLogin&ifkv=AWnogHdB2R47P8_be1so0fF5AMBtyCl6BDwEB27tq1JXdNxmLP4oSim3J-gghyoQV3HJ_lsNV7yYDwK%,https://accounts.google.com/v3/signin/identifier?dsh=S-502362205%3A1677653382461634&continue=https%3A%2F%2Fmail.google.com%2Fmail%2F&rip=1&sacu=1&service=mail&flowName=GlifWebSignIn&flowEntry=ServiceLogin&ifkv=AWnogHdB2R47P8_be1so0fF5AMBtyCl6BDwEB27tq1JXdNxmLP4oSim3J-gghyoQV3HJ_lsNV7yYDwK%,,,,regex_match_no_context
case2,regex_baseline,url,ascii,74910976,https://mail.google.com/mail/u/0/C!,https://mail.google.com/mail/u/0/C!,,,,regex_match_no_context
case2,regex_baseline,url,ascii,74911014,https://mail.google.com/mail/B8,https://mail.google.com/mail/B8,,,,regex_match_no_context
case2,regex_baseline,url,ascii,74911048,https://mail.google.com/intl/ko/mail/help/about.htmlE,https://mail.google.com/intl/ko/mail/help/about.htmlE,,,,regex_match_no_context
case2,regex_baseline,url,ascii,74911233,https://en.wikipedia.org/wiki/Smart_contract7,https://en.wikipedia.org/wiki/Smart_contract7,,,,regex_match_no_context
case2,regex_baseline,url,ascii,74911282,https://en.wikipedia.org/wiki/Ransomware4*,https://en.wikipedia.org/wiki/Ransomware4*,,,,regex_match_no_context
case2,regex_baseline,url,ascii,74911327,https://en.wikipedia.org/wiki/Mnemonic:+,https://en.wikipedia.org/wiki/Mnemonic:+,,,,regex_match_no_context
case2,regex_baseline,url,ascii,74911370,https://en.wikipedia.org/wiki/Main_Page/3,https://en.wikipedia.org/wiki/Main_Page/3,,,,regex_match_no_context
case2,regex_baseline,url,ascii,74911414,https://en.wikipedia.org/wiki/Digital_forensics17,https://en.wikipedia.org/wiki/Digital_forensics17,,,,regex_match_no_context
case2,regex_baseline,url,ascii,74911466,https://en.wikipedia.org/wiki/Decentralized_finance8,https://en.wikipedia.org/wiki/Decentralized_finance8,,,,regex_match_no_context
case2,regex_baseline,url,ascii,74911522,https://en.wikipedia.org/wiki/Cybercrime37,https://en.wikipedia.org/wiki/Cybercrime37,,,,regex_match_no_context
case2,regex_baseline,url,ascii,74911567,https://en.wikipedia.org/wiki/Cryptocurrency_wallet90,https://en.wikipedia.org/wiki/Cryptocurrency_wallet90,,,,regex_match_no_context
case2,regex_baseline,url,ascii,74911623,https://en.wikipedia.org/wiki/Cryptocurrency50,https://en.wikipedia.org/wiki/Cryptocurrency50,,,,regex_match_no_context
case2,regex_baseline,url,ascii,74911672,https://en.wikipedia.org/wiki/Computer_crime2,https://en.wikipedia.org/wiki/Computer_crime2,,,,regex_match_no_context
case2,regex_baseline,url,ascii,74911721,https://en.wikipedia.org/wiki/Blockchain6_,https://en.wikipedia.org/wiki/Blockchain6_,,,,regex_match_no_context
case2,regex_baseline,url,ascii,74911767,https://en.wikipedia.org/w/index.php?search=digital+forensics&title=Special%3ASearch&ns0=10,https://en.wikipedia.org/w/index.php?search=digital+forensics&title=Special%3ASearch&ns0=10,,,,regex_match_no_context
case2,regex_baseline,url,ascii,74912245,https://comic.naver.com/webtoon/list?titleId=64997&weekday=sat=,https://comic.naver.com/webtoon/list?titleId=64997&weekday=sat=,,,,regex_match_no_context
case2,regex_baseline,url,ascii,74912448,https://accounts.google.com/CheckCookie?continue=https://mail.google.com/mail/&service=mail&checkedDomains=youtube&checkConnection=youtube:271:0&pstMsg=1&flowName=GlifWebSignIn&ifkv=AWnogHdB2R47P8_be1so0fF5AMBtyCl6BDwEB27tq1JXdNxmLP4oSim3J-gghyoQV3HJ_lsNV7yYDw&chtml=LoginDoneHtml&gidl=Em4IGhJiQUVqSEw0UFdyS0xyVU5GNW9oNVRTdUROdVdhU3hfRDhaRl9FRHlGZW00YXBEcXBKbmlOak1ESlowTGRGeFd0ZEl0RkFZVlZTVDhMWlI1SmVmMlByRnZUV1c2aTF6MmNaUXciBggpCEsQAg&flowEntry=ServiceLoginGoogle,https://accounts.google.com/CheckCookie?continue=https://mail.google.com/mail/&service=mail&checkedDomains=youtube&checkConnection=youtube:271:0&pstMsg=1&flowName=GlifWebSignIn&ifkv=AWnogHdB2R47P8_be1so0fF5AMBtyCl6BDwEB27tq1JXdNxmLP4oSim3J-gghyoQV3HJ_lsNV7yYDw&chtml=LoginDoneHtml&gidl=Em4IGhJiQUVqSEw0UFdyS0xyVU5GNW9oNVRTdUROdVdhU3hfRDhaRl9FRHlGZW00YXBEcXBKbmlOak1ESlowTGRGeFd0ZEl0RkFZVlZTVDhMWlI1SmVmMlByRnZUV1c2aTF6MmNaUXciBggpCEsQAg&flowEntry=ServiceLoginGoogle,,,,regex_match_no_context
case2,regex_baseline,url,ascii,74912940,https://accounts.google.com/v3/signin/challenge/pwd?TL=ALbfvL0LzpFXMwegg4QFOu3TKUFl0W-heK1rg6fzZ46OPxJuQIrcwoJtEbwy75uy&checkConnection=youtube%3A271%3A0&checkedDomains=youtube&cid=2&continue=https%3A%2F%2Fmail.google.com%2Fmail%2F&dsh=S-502362205%3A1677653382461634&flowEntry=ServiceLogin&flowName=GlifWebSignIn&ifkv=AWnogHdB2R47P8_be1so0fF5AMBtyCl6BDwEB27tq1JXdNxmLP4oSim3J-gghyoQV3HJ_lsNV7yYDw&pstMsg=1&rip=1&service=mailGmail,https://accounts.google.com/v3/signin/challenge/pwd?TL=ALbfvL0LzpFXMwegg4QFOu3TKUFl0W-heK1rg6fzZ46OPxJuQIrcwoJtEbwy75uy&checkConnection=youtube%3A271%3A0&checkedDomains=youtube&cid=2&continue=https%3A%2F%2Fmail.google.com%2Fmail%2F&dsh=S-502362205%3A1677653382461634&flowEntry=ServiceLogin&flowName=GlifWebSignIn&ifkv=AWnogHdB2R47P8_be1so0fF5AMBtyCl6BDwEB27tq1JXdNxmLP4oSim3J-gghyoQV3HJ_lsNV7yYDw&pstMsg=1&rip=1&service=mailGmail,,,,regex_match_no_context
case2,regex_baseline,url,ascii,74913389,https://accounts.google.com/AccountChooser/signinchooser?service=mail&continue=https%3A%2F%2Fmail.google.com%2Fmail%2F&flowName=GlifWebSignIn&flowEntry=AccountChooserGmail,https://accounts.google.com/AccountChooser/signinchooser?service=mail&continue=https%3A%2F%2Fmail.google.com%2Fmail%2F&flowName=GlifWebSignIn&flowEntry=AccountChooserGmail,,,,regex_match_no_context
case2,regex_baseline,url,ascii,74913750,https://accounts.google.com/v3/signin/identifier?dsh=S-502362205%3A1677653382461634&continue=https%3A%2F%2Fmail.google.com%2Fmail%2F&rip=1&sacu=1&service=mail&flowName=GlifWebSignIn&flowEntry=ServiceLogin&ifkv=AWnogHdB2R47P8_be1so0fF5AMBtyCl6BDwEB27tq1JXdNxmLP4oSim3J-gghyoQV3HJ_lsNV7yYDwGmail,https://accounts.google.com/v3/signin/identifier?dsh=S-502362205%3A1677653382461634&continue=https%3A%2F%2Fmail.google.com%2Fmail%2F&rip=1&sacu=1&service=mail&flowName=GlifWebSignIn&flowEntry=ServiceLogin&ifkv=AWnogHdB2R47P8_be1so0fF5AMBtyCl6BDwEB27tq1JXdNxmLP4oSim3J-gghyoQV3HJ_lsNV7yYDwGmail,,,,regex_match_no_context
case2,regex_baseline,url,ascii,74914064,https://accounts.google.com/ServiceLogin?continue=https%3A%2F%2Fmail.google.com%2Fmail%2F&service=mail&sacu=1&rip=1Gmail,https://accounts.google.com/ServiceLogin?continue=https%3A%2F%2Fmail.google.com%2Fmail%2F&service=mail&sacu=1&rip=1Gmail,,,,regex_match_no_context
case2,regex_baseline,url,ascii,74914204,https://accounts.google.com/AccountChooser?service=mail&continue=https%3A%2F%2Fmail.google.com%2Fmail%2F&flowName=GlifWebSignIn&flowEntry=AccountChooserGmail,https://accounts.google.com/AccountChooser?service=mail&continue=https%3A%2F%2Fmail.google.com%2Fmail%2F&flowName=GlifWebSignIn&flowEntry=AccountChooserGmail,,,,regex_match_no_context
case2,regex_baseline,url,ascii,74914381,https://www.google.com/intl/ko/gmail/about/Gmail:,https://www.google.com/intl/ko/gmail/about/Gmail:,,,,regex_match_no_context
case2,regex_baseline,url,ascii,74914526,https://www.google.com/intl/ko/mail/help/about.htmlGmail:,https://www.google.com/intl/ko/mail/help/about.htmlGmail:,,,,regex_match_no_context
case2,regex_baseline,url,ascii,74914679,https://mail.google.com/intl/ko/mail/help/about.htmlGmail:,https://mail.google.com/intl/ko/mail/help/about.htmlGmail:,,,,regex_match_no_context
case2,regex_baseline,url,ascii,74914834,https://accounts.google.com/ServiceLogin?service=mail&passive=1209600&osid=1&continue=https://mail.google.com/mail/u/0/&followup=https://mail.google.com/mail/u/0/&emr=1Gmail:,https://accounts.google.com/ServiceLogin?service=mail&passive=1209600&osid=1&continue=https://mail.google.com/mail/u/0/&followup=https://mail.google.com/mail/u/0/&emr=1Gmail:,,,,regex_match_no_context
case2,regex_baseline,url,ascii,74915239,https://mail.google.com/mail/Gmail:,https://mail.google.com/mail/Gmail:,,,,regex_match_no_context
case2,regex_baseline,url,ascii,74915370,https://www.google.com/gmail/Gmail:,https://www.google.com/gmail/Gmail:,,,,regex_match_no_context
case2,regex_baseline,url,ascii,74915618,https://recruit.webtoonscorp.com/cnts/techNAVER,https://recruit.webtoonscorp.com/cnts/techNAVER,,,,regex_match_no_context
case2,regex_baseline,url,ascii,74915699,https://recruit.webtoonscorp.com/NAVER,https://recruit.webtoonscorp.com/NAVER,,,,regex_match_no_context
case2,regex_baseline,url,ascii,74915772,https://comic.naver.com/webtoon/list?titleId=64997&weekday=sat,https://comic.naver.com/webtoon/list?titleId=64997&weekday=sat,,,,regex_match_no_context
case2,regex_baseline,url,ascii,74916044,https://en.wikipedia.org/wiki/MnemonicMnemonic,https://en.wikipedia.org/wiki/MnemonicMnemonic,,,,regex_match_no_context
case2,regex_baseline,url,ascii,74916120,https://en.wikipedia.org/wiki/Cryptocurrency_walletCryptocurrency,https://en.wikipedia.org/wiki/Cryptocurrency_walletCryptocurrency,,,,regex_match_no_context
case2,regex_baseline,url,ascii,74916222,https://en.wikipedia.org/wiki/Decentralized_financeDecentralized,https://en.wikipedia.org/wiki/Decentralized_financeDecentralized,,,,regex_match_no_context
case2,regex_baseline,url,ascii,74916325,https://en.wikipedia.org/wiki/Smart_contractSmart,https://en.wikipedia.org/wiki/Smart_contractSmart,,,,regex_match_no_context
case2,regex_baseline,url,ascii,74918987,https://gds.google.com/web/chip?ep=p&gdsid=-2084009212&authuser=0&hl=ko&continue=https://accounts.google.com/ServiceLogin?continue%3Dhttps%253A%252F%252Fmail.google.com%252Fmail%252F%26service%3Dmail%26hl%3Dko%26authuser%3D0%26passive%3Dtrue%26sarp%3D1%26aodrpl%3D1%26checkedDomains%3Dyoutube%26checkConnection%3Dyoutube%253A271%253A0%26pstMsg%3D1&service=mail&rapt=AEjHL4PWrKLrUNF5oh5TSuDNuWaSx_D8ZF_EDyFem4apDqpJniNjMDJZ0LdFxWtdItFAYVVST8LZR5Jef2PrFvTWW6i1z2cZQw&pli=1Google,https://gds.google.com/web/chip?ep=p&gdsid=-2084009212&authuser=0&hl=ko&continue=https://accounts.google.com/ServiceLogin?continue%3Dhttps%253A%252F%252Fmail.google.com%252Fmail%252F%26service%3Dmail%26hl%3Dko%26authuser%3D0%26passive%3Dtrue%26sarp%3D1%26aodrpl%3D1%26checkedDomains%3Dyoutube%26checkConnection%3Dyoutube%253A271%253A0%26pstMsg%3D1&service=mail&rapt=AEjHL4PWrKLrUNF5oh5TSuDNuWaSx_D8ZF_EDyFem4apDqpJniNjMDJZ0LdFxWtdItFAYVVST8LZR5Jef2PrFvTWW6i1z2cZQw&pli=1Google,,,,regex_match_no_context
case2,regex_baseline,url,ascii,74923205,https://www.youtube.com/?themeRefresh=1%,https://www.youtube.com?themeRefresh=1%,,,,regex_match_no_context
case2,regex_baseline,url,ascii,74924246,https://www.google.com/intl/ko_kr/chrome/,https://www.google.com/intl/ko_kr/chrome,,,,regex_match_no_context
case2,regex_baseline,url,ascii,74924292,https://www.google.com/intl/ko/mail/help/about.htmlF/,https://www.google.com/intl/ko/mail/help/about.htmlF,,,,regex_match_no_context
case2,regex_baseline,url,ascii,74924348,https://www.google.com/intl/ko/gmail/about/G!,https://www.google.com/intl/ko/gmail/about/G!,,,,regex_match_no_context
case2,regex_baseline,url,ascii,74924396,https://www.google.com/gmail/A,https://www.google.com/gmail/A,,,,regex_match_no_context
case2,regex_baseline,url,ascii,74924515,https://recruit.webtoonscorp.com/cnts/tech?%,https://recruit.webtoonscorp.com/cnts/tech?%,,,,regex_match_no_context
case2,regex_baseline,url,ascii,74932190,https://ko.wikipedia.org/wiki/BitlyBitly,https://ko.wikipedia.org/wiki/BitlyBitly,,,,regex_match_no_context
case2,regex_baseline,url,ascii,74932294,https://bit.ly/2MBojqkBitly,https://bit.ly/2MBojqkBitly,,,,regex_match_no_context
case2,regex_baseline,url,ascii,74932586,https://mail.google.com/mail/u/0/?pli=1,https://mail.google.com/mail/u/0?pli=1,,,,regex_match_no_context
case2,regex_baseline,url,ascii,74932694,https://mail.google.com/mail/?pli=1,https://mail.google.com/mail?pli=1,,,,regex_match_no_context
case2,regex_baseline,url,ascii,74933235,https://youtube.com/https://www.youtube.com/youtube.com?,https://youtube.com/https://www.youtube.com/youtube.com,,,,regex_match_no_context
case2,regex_baseline,url,ascii,74933432,https://comic.naver.com/https://comic.naver.com/webtoon/list?titleId=64997&weekday=satcomic.naver.com/webtoon/list?titleId=64997&weekday=satx,https://comic.naver.com/https://comic.naver.com/webtoon/list?titleId=64997&weekday=satcomic.naver.com/webtoon/list?titleId=64997&weekday=satx,,,,regex_match_no_context
case2,regex_baseline,url,ascii,74933584,https://recruit.webtoonscorp.com/https://recruit.webtoonscorp.com/cnts/techrecruit.webtoonscorp.com/cnts/techb,https://recruit.webtoonscorp.com/https://recruit.webtoonscorp.com/cnts/techrecruit.webtoonscorp.com/cnts/techb,,,,regex_match_no_context
case2,regex_baseline,url,ascii,74933705,https://ko.wikipedia.org/https://ko.wikipedia.org/wiki/Bitlyko.wikipedia.org/wiki/Bitly,https://ko.wikipedia.org/https://ko.wikipedia.org/wiki/Bitlyko.wikipedia.org/wiki/Bitly,,,,regex_match_no_context
case2,regex_baseline,url,ascii,74933804,https://naver.com/https://www.naver.com/naver.com@,https://naver.com/https://www.naver.com/naver.com@,,,,regex_match_no_context
case2,regex_baseline,url,ascii,74933873,https://arxiv.org/https://arxiv.org/arxiv.org,https://arxiv.org/https://arxiv.org/arxiv.org,,,,regex_match_no_context
case2,regex_baseline,url,ascii,74933938,https://forensic.korea.ac.kr/http://forensic.korea.ac.kr/forensic.korea.ac.krD,https://forensic.korea.ac.kr/http://forensic.korea.ac.kr/forensic.korea.ac.krD,,,,regex_match_no_context
case2,regex_baseline,url,ascii,74934327,https://recruit.webtoonscorp.com/https://recruit.webtoonscorp.com/cnts/techrecruit.webtoonscorp.com/cnts/techj,https://recruit.webtoonscorp.com/https://recruit.webtoonscorp.com/cnts/techrecruit.webtoonscorp.com/cnts/techj,,,,regex_match_no_context
case2,regex_baseline,url,ascii,74934456,https://ko.wikipedia.org/https://ko.wikipedia.org/wiki/Bitlyko.wikipedia.org/wiki/Bitlyj,https://ko.wikipedia.org/https://ko.wikipedia.org/wiki/Bitlyko.wikipedia.org/wiki/Bitlyj,,,,regex_match_no_context
case2,regex_baseline,url,ascii,74934563,https://ko.wikipedia.org/https://ko.wikipedia.org/wiki/Bitlyko.wikipedia.org/wiki/BitlyD,https://ko.wikipedia.org/https://ko.wikipedia.org/wiki/Bitlyko.wikipedia.org/wiki/BitlyD,,,,regex_match_no_context
case2,regex_baseline,url,ascii,74935717,https://google.com/https://www.google.com/intl/ko/gmail/about/google.com/intl/ko/gmail/about/D,https://google.com/https://www.google.com/intl/ko/gmail/about/google.com/intl/ko/gmail/about/D,,,,regex_match_no_context
case2,regex_baseline,url,ascii,74935900,https://recruit.webtoonscorp.com/https://recruit.webtoonscorp.com/cnts/techrecruit.webtoonscorp.com/cnts/tech,https://recruit.webtoonscorp.com/https://recruit.webtoonscorp.com/cnts/techrecruit.webtoonscorp.com/cnts/tech,,,,regex_match_no_context
case2,regex_baseline,url,ascii,74936031,https://comic.naver.com/https://comic.naver.com/webtoon/list?titleId=64997&weekday=satcomic.naver.com/webtoon/list?titleId=64997&weekday=sat,https://comic.naver.com/https://comic.naver.com/webtoon/list?titleId=64997&weekday=satcomic.naver.com/webtoon/list?titleId=64997&weekday=sat,,,,regex_match_no_context
case2,regex_baseline,url,ascii,74936349,https://comic.naver.com/https://comic.naver.com/webtoon/weekdayListcomic.naver.com/webtoon/weekdayListY,https://comic.naver.com/https://comic.naver.com/webtoon/weekdayListcomic.naver.com/webtoon/weekdayListY,,,,regex_match_no_context
case2,regex_baseline,url,ascii,74936561,https://ieee.org/https://www.ieee.org//ieee.org//,https://ieee.org/https://www.ieee.org//ieee.org,,,,regex_match_no_context
case2,regex_baseline,url,ascii,74936630,https://kakaocorp.com/https://www.kakaocorp.com/page/kakaocorp.com/page/A,https://kakaocorp.com/https://www.kakaocorp.com/page/kakaocorp.com/page/A,,,,regex_match_no_context
case2,regex_baseline,url,ascii,74936722,https://daum.net/https://www.daum.net/daum.nets,https://daum.net/https://www.daum.net/daum.nets,,,,regex_match_no_context
case2,regex_baseline,url,ascii,74936789,https://en.wikipedia.org/https://en.wikipedia.org/wiki/Main_Pageen.wikipedia.org/wiki/Main_Page,https://en.wikipedia.org/https://en.wikipedia.org/wiki/Main_Pageen.wikipedia.org/wiki/Main_Page,,,,regex_match_no_context
case2,regex_baseline,url,ascii,74978620,https://www.youtube.com/s/desktop/9318de79/img/favicon_32x32.png9,https://www.youtube.com/s/desktop/9318de79/img/favicon_32x32.png9,,,,regex_match_no_context
case2,regex_baseline,url,ascii,74978690,https://ko.wikipedia.org/static/favicon/wikipedia.ico:,https://ko.wikipedia.org/static/favicon/wikipedia.ico:,,,,regex_match_no_context
case2,regex_baseline,url,ascii,74978749,https://ssl.gstatic.com/ui/v1/icons/mail/rfr/gmail.ico+,https://ssl.gstatic.com/ui/v1/icons/mail/rfr/gmail.ico+,,,,regex_match_no_context
case2,regex_baseline,url,ascii,74978809,https://accounts.google.com/favicon.icor,https://accounts.google.com/favicon.icor,,,,regex_match_no_context
case2,regex_baseline,url,ascii,74978855,https://www.google.com/gmail/about/static-2.0/images/favicon.ico?fingerprint=913d48cd5d48ba34313131f246f99d6bX,https://www.google.com/gmail/about/static-2.0/images/favicon.ico?fingerprint=913d48cd5d48ba34313131f246f99d6bX,,,,regex_match_no_context
case2,regex_baseline,url,ascii,74978971,https://recruit.webtoonscorp.com/share/tmplat/webtoon/img/og/webtoon_favicon_32.ico4,https://recruit.webtoonscorp.com/share/tmplat/webtoon/img/og/webtoon_favicon_32.ico4,,,,regex_match_no_context
case2,regex_baseline,url,ascii,74979060,http://forensic.korea.ac.kr/img/logo/favicon.ico9,http://forensic.korea.ac.kr/img/logo/favicon.ico9,,,,regex_match_no_context
case2,regex_baseline,url,ascii,74979114,https://en.wikipedia.org/static/favicon/wikipedia.icoE,https://en.wikipedia.org/static/favicon/wikipedia.icoE,,,,regex_match_no_context
case2,regex_baseline,url,ascii,74979174,https://www.youtube.com/s/desktop/cd64ce7e/img/favicon_32x32.pngK,https://www.youtube.com/s/desktop/cd64ce7e/img/favicon_32x32.pngK,,,,regex_match_no_context
case2,regex_baseline,url,ascii,74979245,https://www.google.com/chrome/static/images/favicons/favicon-32x32.png9,https://www.google.com/chrome/static/images/favicons/favicon-32x32.png9,,,,regex_match_no_context
case2,regex_baseline,url,ascii,74979321,https://www.ieee.org/etc/designs/ieee-org/favicon.icoK,https://www.ieee.org/etc/designs/ieee-org/favicon.icoK,,,,regex_match_no_context
case2,regex_baseline,url,ascii,74979381,https://ssl.pstatic.net/static/comic/favicon/webtoon_favicon_32x32.icoJ,https://ssl.pstatic.net/static/comic/favicon/webtoon_favicon_32x32.icoJ,,,,regex_match_no_context
case2,regex_baseline,url,ascii,74979458,https://static.arxiv.org/static/browse/0.3.4/images/icons/favicon.icoO,https://static.arxiv.org/static/browse/0.3.4/images/icons/favicon.icoO,,,,regex_match_no_context
case2,regex_baseline,url,ascii,74979534,https://cdn.sstatic.net/Sites/stackoverflow/Img/favicon.ico?v=ec617d715196=,https://cdn.sstatic.net/Sites/stackoverflow/Img/favicon.ico?v=ec617d715196=,,,,regex_match_no_context
case2,regex_baseline,url,ascii,74979614,https://github.githubassets.com/favicons/favicon-dark.svg.,https://github.githubassets.com/favicons/favicon-dark.svg.,,,,regex_match_no_context
case2,regex_baseline,url,ascii,74979677,https://geun-yeong.tistory.com/favicon.ico*,https://geun-yeong.tistory.com/favicon.ico*,,,,regex_match_no_context
case2,regex_baseline,url,ascii,74979725,https://t1.daumcdn.net/top/favicon.ico.,https://t1.daumcdn.net/top/favicon.ico.,,,,regex_match_no_context
case2,regex_baseline,url,ascii,74979769,https://www.kakaocorp.com/page/favicon.ico,https://www.kakaocorp.com/page/favicon.ico,,,,regex_match_no_context
case2,regex_baseline,url,ascii,74979817,https://www.naver.com/favicon.ico?1&,https://www.naver.com/favicon.ico?1&,,,,regex_match_no_context
case2,regex_baseline,url,ascii,74979858,https://www.google.com/favicon.ico,https://www.google.com/favicon.ico,,,,regex_match_no_context
case2,regex_baseline,url,ascii,74983457,https://recruit.webtoonscorp.com/cnts/tech1,https://recruit.webtoonscorp.com/cnts/tech1,,,,regex_match_no_context
case2,regex_baseline,url,ascii,74983508,https://en.wikipedia.org/wiki/Computer_crime$,https://en.wikipedia.org/wiki/Computer_crime$,,,,regex_match_no_context
case2,regex_baseline,url,ascii,74986831,https://www.youtube.com/s/desktop/9318de79/img/favicon_32x32.png,https://www.youtube.com/s/desktop/9318de79/img/favicon_32x32.png,,,,regex_match_no_context
case2,regex_baseline,url,ascii,74986900,https://ko.wikipedia.org/static/favicon/wikipedia.ico,https://ko.wikipedia.org/static/favicon/wikipedia.ico,,,,regex_match_no_context
case2,regex_baseline,url,ascii,74986958,https://ssl.gstatic.com/ui/v1/icons/mail/rfr/gmail.ico,https://ssl.gstatic.com/ui/v1/icons/mail/rfr/gmail.ico,,,,regex_match_no_context
case2,regex_baseline,url,ascii,74987017,https://accounts.google.com/favicon.ico,https://accounts.google.com/favicon.ico,,,,regex_match_no_context
case2,regex_baseline,url,ascii,74987062,https://www.google.com/gmail/about/static-2.0/images/favicon.ico?fingerprint=913d48cd5d48ba34313131f246f99d6b,https://www.google.com/gmail/about/static-2.0/images/favicon.ico?fingerprint=913d48cd5d48ba34313131f246f99d6b,,,,regex_match_no_context
case2,regex_baseline,url,ascii,74987177,https://recruit.webtoonscorp.com/share/tmplat/webtoon/img/og/webtoon_favicon_32.ico,https://recruit.webtoonscorp.com/share/tmplat/webtoon/img/og/webtoon_favicon_32.ico,,,,regex_match_no_context
case2,regex_baseline,url,ascii,74987265,http://forensic.korea.ac.kr/img/logo/favicon.ico,http://forensic.korea.ac.kr/img/logo/favicon.ico,,,,regex_match_no_context
case2,regex_baseline,url,ascii,74987318,https://en.wikipedia.org/static/favicon/wikipedia.ico,https://en.wikipedia.org/static/favicon/wikipedia.ico,,,,regex_match_no_context
case2,regex_baseline,url,ascii,74987377,https://www.youtube.com/s/desktop/cd64ce7e/img/favicon_32x32.png,https://www.youtube.com/s/desktop/cd64ce7e/img/favicon_32x32.png,,,,regex_match_no_context
case2,regex_baseline,url,ascii,74987447,https://www.google.com/chrome/static/images/favicons/favicon-32x32.png,https://www.google.com/chrome/static/images/favicons/favicon-32x32.png,,,,regex_match_no_context
case2,regex_baseline,url,ascii,74987522,https://www.ieee.org/etc/designs/ieee-org/favicon.ico,https://www.ieee.org/etc/designs/ieee-org/favicon.ico,,,,regex_match_no_context
case2,regex_baseline,url,ascii,74987581,https://ssl.pstatic.net/static/comic/favicon/webtoon_favicon_32x32.ico,https://ssl.pstatic.net/static/comic/favicon/webtoon_favicon_32x32.ico,,,,regex_match_no_context
case2,regex_baseline,url,ascii,74987657,https://static.arxiv.org/static/browse/0.3.4/images/icons/favicon.ico,https://static.arxiv.org/static/browse/0.3.4/images/icons/favicon.ico,,,,regex_match_no_context
case2,regex_baseline,url,ascii,74987732,https://cdn.sstatic.net/Sites/stackoverflow/Img/favicon.ico?v=ec617d715196,https://cdn.sstatic.net/Sites/stackoverflow/Img/favicon.ico?v=ec617d715196,,,,regex_match_no_context
case2,regex_baseline,url,ascii,74987811,https://github.githubassets.com/favicons/favicon-dark.svg,https://github.githubassets.com/favicons/favicon-dark.svg,,,,regex_match_no_context
case2,regex_baseline,url,ascii,74987873,https://geun-yeong.tistory.com/favicon.ico,https://geun-yeong.tistory.com/favicon.ico,,,,regex_match_no_context
case2,regex_baseline,url,ascii,74987920,https://t1.daumcdn.net/top/favicon.ico,https://t1.daumcdn.net/top/favicon.ico,,,,regex_match_no_context
case2,regex_baseline,url,ascii,74988010,https://www.naver.com/favicon.ico?1,https://www.naver.com/favicon.ico?1,,,,regex_match_no_context
case2,regex_baseline,url,ascii,75014840,https://www.google.com/search?q=%ED%8F%AC%EB%A0%8C%EC%8B%9D+%EC%9C%84%ED%82%A4&oq=%ED%8F%AC%EB%A0%8C%EC%8B%9D+%EC%9C%84%ED%82%A4&gs_lcrp=EgZjaHJvbWUyBggAEEUYOdIBCDExOTFqMGo3qAIAsAIA&sourceid=chrome&ie=UTF-8.,https://www.google.com/search?q=%ED%8F%AC%EB%A0%8C%EC%8B%9D+%EC%9C%84%ED%82%A4&oq=%ED%8F%AC%EB%A0%8C%EC%8B%9D+%EC%9C%84%ED%82%A4&gs_lcrp=EgZjaHJvbWUyBggAEEUYOdIBCDExOTFqMGo3qAIAsAIA&sourceid=chrome&ie=UTF-8.,,,,regex_match_no_context
case2,regex_baseline,url,ascii,75016838,https://accounts.google.com/ServiceLogin?continue=https%3A%2F%2Fmail.google.com%2Fmail%2F&service=mail&sacu=1&rip=1,https://accounts.google.com/ServiceLogin?continue=https%3A%2F%2Fmail.google.com%2Fmail%2F&service=mail&sacu=1&rip=1,,,,regex_match_no_context
case2,regex_baseline,url,ascii,75016962,https://accounts.google.com/AccountChooser?service=mail&continue=https%3A%2F%2Fmail.google.com%2Fmail%2F&flowName=GlifWebSignIn&flowEntry=AccountChooser,https://accounts.google.com/AccountChooser?service=mail&continue=https%3A%2F%2Fmail.google.com%2Fmail%2F&flowName=GlifWebSignIn&flowEntry=AccountChooser,,,,regex_match_no_context
case2,regex_baseline,url,ascii,75017123,https://accounts.google.com/AccountChooser/signinchooser?service=mail&continue=https%3A%2F%2Fmail.google.com%2Fmail%2F&flowName=GlifWebSignIn&flowEntry=AccountChooser,https://accounts.google.com/AccountChooser/signinchooser?service=mail&continue=https%3A%2F%2Fmail.google.com%2Fmail%2F&flowName=GlifWebSignIn&flowEntry=AccountChooser,,,,regex_match_no_context
case2,regex_baseline,url,ascii,75017296,https://www.google.com/intl/ko/mail/help/about.html,https://www.google.com/intl/ko/mail/help/about.html,,,,regex_match_no_context
case2,regex_baseline,url,ascii,75017354,https://www.google.com/intl/ko/gmail/about/,https://www.google.com/intl/ko/gmail/about,,,,regex_match_no_context
case2,regex_baseline,url,ascii,75017404,https://www.google.com/gmail/,https://www.google.com/gmail,,,,regex_match_no_context
case2,regex_baseline,url,ascii,75017480,https://mail.google.com/mail/,https://mail.google.com/mail,,,,regex_match_no_context
case2,regex_baseline,url,ascii,75017516,https://mail.google.com/intl/ko/mail/help/about.html,https://mail.google.com/intl/ko/mail/help/about.html,,,,regex_match_no_context
case2,regex_baseline,url,ascii,75017575,https://gmail.com/,https://gmail.com,,,,regex_match_no_context
case2,regex_baseline,url,ascii,75017602,https://accounts.google.com/ServiceLogin?service=mail&passive=1209600&osid=1&continue=https://mail.google.com/mail/u/0/&followup=https://mail.google.com/mail/u/0/&emr=1,https://accounts.google.com/ServiceLogin?service=mail&passive=1209600&osid=1&continue=https://mail.google.com/mail/u/0/&followup=https://mail.google.com/mail/u/0/&emr=1,,,,regex_match_no_context
case2,regex_baseline,url,ascii,75017777,https://recruit.webtoonscorp.com/cnts/tech,https://recruit.webtoonscorp.com/cnts/tech,,,,regex_match_no_context
case2,regex_baseline,url,ascii,75018003,https://en.wikipedia.org/wiki/Mnemonic,https://en.wikipedia.org/wiki/Mnemonic,,,,regex_match_no_context
case2,regex_baseline,url,ascii,75018048,https://en.wikipedia.org/wiki/Cryptocurrency_wallet,https://en.wikipedia.org/wiki/Cryptocurrency_wallet,,,,regex_match_no_context
case2,regex_baseline,url,ascii,75018106,https://en.wikipedia.org/wiki/Decentralized_finance,https://en.wikipedia.org/wiki/Decentralized_finance,,,,regex_match_no_context
case2,regex_baseline,url,ascii,75018164,https://en.wikipedia.org/wiki/Smart_contract,https://en.wikipedia.org/wiki/Smart_contract,,,,regex_match_no_context
case2,regex_baseline,url,ascii,75018215,https://en.wikipedia.org/wiki/Blockchain,https://en.wikipedia.org/wiki/Blockchain,,,,regex_match_no_context
case2,regex_baseline,url,ascii,75018262,https://en.wikipedia.org/wiki/Cryptocurrency,https://en.wikipedia.org/wiki/Cryptocurrency,,,,regex_match_no_context
case2,regex_baseline,url,ascii,75018313,https://en.wikipedia.org/wiki/Ransomware,https://en.wikipedia.org/wiki/Ransomware,,,,regex_match_no_context
case2,regex_baseline,url,ascii,75018360,https://en.wikipedia.org/wiki/Cybercrime,https://en.wikipedia.org/wiki/Cybercrime,,,,regex_match_no_context
case2,regex_baseline,url,ascii,75018407,https://en.wikipedia.org/wiki/Computer_crime,https://en.wikipedia.org/wiki/Computer_crime,,,,regex_match_no_context
case2,regex_baseline,url,ascii,75018458,https://en.wikipedia.org/wiki/Digital_forensics,https://en.wikipedia.org/wiki/Digital_forensics,,,,regex_match_no_context
case2,regex_baseline,url,ascii,75018513,https://en.wikipedia.org/w/index.php?search=digital+forensics&title=Special%3ASearch&ns0=1,https://en.wikipedia.org/w/index.php?search=digital+forensics&title=Special%3ASearch&ns0=1,,,,regex_match_no_context
case2,regex_baseline,url,ascii,75018610,https://en.wikipedia.org/wiki/Main_Page,https://en.wikipedia.org/wiki/Main_Page,,,,regex_match_no_context
case2,regex_baseline,url,ascii,75018656,https://www.youtube.com/?themeRefresh=1,https://www.youtube.com?themeRefresh=1,,,,regex_match_no_context
case2,regex_baseline,url,ascii,75022937,https://accounts.google.com/CheckCookie?continue=https://mail.google.com/mail/&service=mail&checkedDomains=youtube&checkConnection=youtube:271:0&pstMsg=1&flowName=GlifWebSignIn&ifkv=AWnogHdB2R47P8_be1so0fF5AMBtyCl6BDwEB27tq1JXdNxmLP4oSim3J-gghyoQV3HJ_lsNV7yYDw&chtml=LoginDoneHtml&gidl=Em4IGhJiQUVqSEw0UFdyS0xyVU5GNW9oNVRTdUROdVdhU3hfRDhaRl9FRHlGZW00YXBEcXBKbmlOak1ESlowTGRGeFd0ZEl0RkFZVlZTVDhMWlI1SmVmMlByRnZUV1c2aTF6MmNaUXciBggpCEsQAg&flowEntry=ServiceLogin?x,https://accounts.google.com/CheckCookie?continue=https://mail.google.com/mail/&service=mail&checkedDomains=youtube&checkConnection=youtube:271:0&pstMsg=1&flowName=GlifWebSignIn&ifkv=AWnogHdB2R47P8_be1so0fF5AMBtyCl6BDwEB27tq1JXdNxmLP4oSim3J-gghyoQV3HJ_lsNV7yYDw&chtml=LoginDoneHtml&gidl=Em4IGhJiQUVqSEw0UFdyS0xyVU5GNW9oNVRTdUROdVdhU3hfRDhaRl9FRHlGZW00YXBEcXBKbmlOak1ESlowTGRGeFd0ZEl0RkFZVlZTVDhMWlI1SmVmMlByRnZUV1c2aTF6MmNaUXciBggpCEsQAg&flowEntry=ServiceLogin?x,,,,regex_match_no_context
case2,regex_baseline,url,ascii,75023740,https://accounts.google.com/ServiceLogin?continue=https%3A%2F%2Fgds.google.com%2Fweb%2Fchip%3Fep%3Dp%26gdsid%3D-2084009212%26authuser%3D0%26hl%3Dko%26continue%3Dhttps%253A%252F%252Faccounts.google.com%252FServiceLogin%253Fcontin,https://accounts.google.com/ServiceLogin?continue=https%3A%2F%2Fgds.google.com%2Fweb%2Fchip%3Fep%3Dp%26gdsid%3D-2084009212%26authuser%3D0%26hl%3Dko%26continue%3Dhttps%253A%252F%252Faccounts.google.com%252FServiceLogin%253Fcontin,,,,regex_match_no_context
case2,regex_baseline,url,ascii,75024114,https://accounts.google.com/ServiceLogin?continue=https%3A%2F%2Fmail.google.com%2Fmail%2F&service=mail&hl=ko&authuser=0&passive=true&sarp=1&aodrpl=1&checkedDomains=youtube&checkConnection=youtube%3A271%3A0&pstMsg=1J,https://accounts.google.com/ServiceLogin?continue=https%3A%2F%2Fmail.google.com%2Fmail%2F&service=mail&hl=ko&authuser=0&passive=true&sarp=1&aodrpl=1&checkedDomains=youtube&checkConnection=youtube%3A271%3A0&pstMsg=1J,,,,regex_match_no_context
case2,regex_baseline,url,ascii,75024335,https://accounts.google.co.kr/accounts/SetSID?ssdc=1&sidt=ALWU2csbMlMdJ4YEtWSc1i0t1o952o8pnI8D%2BUV2DrzV96Ou%2BNGSCmgAq8ndZWU2%2BDU9Stt925Ds/GyCJCNZaMvvh6Fr6/I42Faq4lQ7Rx9qQ2l2eAsRYCFXeeqXMbX%2BRQaclpKvE/t9uiPExFyOFS7HNDJzU9YxKO,https://accounts.google.co.kr/accounts/SetSID?ssdc=1&sidt=ALWU2csbMlMdJ4YEtWSc1i0t1o952o8pnI8D%2BUV2DrzV96Ou%2BNGSCmgAq8ndZWU2%2BDU9Stt925Ds/GyCJCNZaMvvh6Fr6/I42Faq4lQ7Rx9qQ2l2eAsRYCFXeeqXMbX%2BRQaclpKvE/t9uiPExFyOFS7HNDJzU9YxKO,,,,regex_match_no_context
case2,regex_baseline,url,ascii,75024573,https://accounts.google.com/ServiceLogin?service=mail&passive=1209600&osid=1&continue=https://mail.google.com/mail/u/0/&followup=https://mail.google.com/mail/u/0/&emr=12,https://accounts.google.com/ServiceLogin?service=mail&passive=1209600&osid=1&continue=https://mail.google.com/mail/u/0/&followup=https://mail.google.com/mail/u/0/&emr=12,,,,regex_match_no_context
case2,regex_baseline,url,ascii,75024748,https://accounts.google.com/AccountChooser/signinchooser?service=mail&continue=https%3A%2F%2Fmail.google.com%2Fmail%2F&flowName=GlifWebSignIn&flowEntry=AccountChooser:,https://accounts.google.com/AccountChooser/signinchooser?service=mail&continue=https%3A%2F%2Fmail.google.com%2Fmail%2F&flowName=GlifWebSignIn&flowEntry=AccountChooser:,,,,regex_match_no_context
case2,regex_baseline,url,ascii,75024919,http://forensic.korea.ac.kr/-,http://forensic.korea.ac.kr/-,,,,regex_match_no_context
case2,regex_baseline,url,ascii,75025236,https://accounts.google.com/v3/signin/identifier?dsh=S-502362205%3A1677653382461634&continue=https%3A%2F%2Fmail.google.com%2Fmail%2F&rip=1&sacu=1&service=mail&flowName=GlifWebSignIn&flowEntry=ServiceLogin&ifkv=AWnogHdB2R47P8_be1so0fF5AMBtyCl6BDwEB27tq1JXdNxmLP4oSim3J-gghyoQV3HJ_lsNV7yYDw=,https://accounts.google.com/v3/signin/identifier?dsh=S-502362205%3A1677653382461634&continue=https%3A%2F%2Fmail.google.com%2Fmail%2F&rip=1&sacu=1&service=mail&flowName=GlifWebSignIn&flowEntry=ServiceLogin&ifkv=AWnogHdB2R47P8_be1so0fF5AMBtyCl6BDwEB27tq1JXdNxmLP4oSim3J-gghyoQV3HJ_lsNV7yYDw=,,,,regex_match_no_context
case2,regex_baseline,url,ascii,75025752,https://bit.ly/2MBojqkQ,https://bit.ly/2MBojqkQ,,,,regex_match_no_context
case2,regex_baseline,url,ascii,75025781,https://accounts.youtube.com/accounts/SetSID?ssdc=1&sidt=ALWU2ctlcxJo/Lfly8H2Lo%2BtT1S7Px4Kdf3mCES0jeBIw2PSDgct4vbLn6Hbe2YqxvMSyD5W1jL4%2Brx2qZ/rgyxO%2B1aFhZqxxq2T8gp12sdibe6Ls01EWuIgS9Aw18a1VGciqT1MQkiZKVWPwEhpGbynCYmoYVU6G2ZZ2,https://accounts.youtube.com/accounts/SetSID?ssdc=1&sidt=ALWU2ctlcxJo/Lfly8H2Lo%2BtT1S7Px4Kdf3mCES0jeBIw2PSDgct4vbLn6Hbe2YqxvMSyD5W1jL4%2Brx2qZ/rgyxO%2B1aFhZqxxq2T8gp12sdibe6Ls01EWuIgS9Aw18a1VGciqT1MQkiZKVWPwEhpGbynCYmoYVU6G2ZZ2,,,,regex_match_no_context
case2,regex_baseline,url,ascii,75026017,https://en.wikipedia.org/wiki/Blockchain(_,https://en.wikipedia.org/wiki/Blockchain(_,,,,regex_match_no_context
case2,regex_baseline,url,ascii,75026158,https://en.wikipedia.org/.8,https://en.wikipedia.org/.8,,,,regex_match_no_context
case2,regex_baseline,url,ascii,75026484,https://comic.naver.com/webtoon/list?titleId=64997&weekday=sat/@,https://comic.naver.com/webtoon/list?titleId=64997&weekday=sat/@,,,,regex_match_no_context
case2,regex_baseline,url,ascii,75036047,https://accounts.google.com/CheckCookie?continue=https://mail.google.com/mail/&service=mail&checkedDomains=youtube&checkConnection=youtube:271:0&pstMsg=1&flowName=GlifWebSignIn&ifkv=AWnogHdB2R47P8_be1so0fF5AMBtyCl6BDwEB27tq1JXdNxmLP4oSim3J-gghyoQV3HJ_lsNV7yYDw&chtml=LoginDoneHtml&gidl=Em4IGhJiQUVqSEw0UFdyS0xyVU5GNW9oNVRTdUROdVdhU3hfRDhaRl9FRHlGZW00YXBEcXBKbmlOak1ESlowTGRGeFd0ZEl0RkFZVlZTVDhMWlI1SmVmMlByRnZUV1c2aTF6MmNaUXciBggpCEsQAg&flowEntry=ServiceLogin,https://accounts.google.com/CheckCookie?continue=https://mail.google.com/mail/&service=mail&checkedDomains=youtube&checkConnection=youtube:271:0&pstMsg=1&flowName=GlifWebSignIn&ifkv=AWnogHdB2R47P8_be1so0fF5AMBtyCl6BDwEB27tq1JXdNxmLP4oSim3J-gghyoQV3HJ_lsNV7yYDw&chtml=LoginDoneHtml&gidl=Em4IGhJiQUVqSEw0UFdyS0xyVU5GNW9oNVRTdUROdVdhU3hfRDhaRl9FRHlGZW00YXBEcXBKbmlOak1ESlowTGRGeFd0ZEl0RkFZVlZTVDhMWlI1SmVmMlByRnZUV1c2aTF6MmNaUXciBggpCEsQAg&flowEntry=ServiceLogin,,,,regex_match_no_context
case2,regex_baseline,url,ascii,75036947,https://accounts.google.com/v3/signin/identifier?dsh=S-502362205%3A1677653382461634&continue=https%3A%2F%2Fmail.google.com%2Fmail%2F&rip=1&sacu=1&service=mail&flowName=GlifWebSignIn&flowEntry=ServiceLogin&ifkv=AWnogHdB2R47P8_be1so0fF5AMBtyCl6BDwEB27tq1JXdNxmLP4oSim3J-gghyoQV3HJ_lsNV7yYDw,https://accounts.google.com/v3/signin/identifier?dsh=S-502362205%3A1677653382461634&continue=https%3A%2F%2Fmail.google.com%2Fmail%2F&rip=1&sacu=1&service=mail&flowName=GlifWebSignIn&flowEntry=ServiceLogin&ifkv=AWnogHdB2R47P8_be1so0fF5AMBtyCl6BDwEB27tq1JXdNxmLP4oSim3J-gghyoQV3HJ_lsNV7yYDw,,,,regex_match_no_context
case2,regex_baseline,url,ascii,75037447,https://mail.google.com/accounts/SetOSID?authuser=0&continue=https%3A%2F%2Faccounts.youtube.com%2Faccounts%2FSetSID%3Fssdc%3D1%26sidt%3DALWU2ctlcxJo%252FLfly8H2Lo%252BtT1S7Px4Kdf3mCES0jeBIw2PSDgct4vbLn6Hbe2YqxvMSyD5W1jL4%252Brx2,https://mail.google.com/accounts/SetOSID?authuser=0&continue=https%3A%2F%2Faccounts.youtube.com%2Faccounts%2FSetSID%3Fssdc%3D1%26sidt%3DALWU2ctlcxJo%252FLfly8H2Lo%252BtT1S7Px4Kdf3mCES0jeBIw2PSDgct4vbLn6Hbe2YqxvMSyD5W1jL4%252Brx2,,,,regex_match_no_context
case2,regex_baseline,url,ascii,75037685,https://myaccount.google.com/accounts/SetOSID?authuser=0&continue=https%3A%2F%2Fgds.google.com%2Fweb%2Fchip%3Fep%3Dp%26gdsid%3D-2084009212%26authuser%3D0%26hl%3Dko%26continue%3Dhttps%253A%252F%252Faccounts.google.com%252FService,https://myaccount.google.com/accounts/SetOSID?authuser=0&continue=https%3A%2F%2Fgds.google.com%2Fweb%2Fchip%3Fep%3Dp%26gdsid%3D-2084009212%26authuser%3D0%26hl%3Dko%26continue%3Dhttps%253A%252F%252Faccounts.google.com%252FService,,,,regex_match_no_context
case2,regex_baseline,url,ascii,75037921,https://recruit.webtoonscorp.com/0%,https://recruit.webtoonscorp.com/0%,,,,regex_match_no_context
case2,regex_baseline,url,ascii,75037959,https://mail.google.com/mail/u/0/N!,https://mail.google.com/mail/u/0/N!,,,,regex_match_no_context
case2,regex_baseline,url,ascii,75037997,https://mail.google.com/mail/58,https://mail.google.com/mail/58,,,,regex_match_no_context
case2,regex_baseline,url,ascii,75038031,https://mail.google.com/intl/ko/mail/help/about.html4,https://mail.google.com/intl/ko/mail/help/about.html4,,,,regex_match_no_context
case2,regex_baseline,url,ascii,75038133,https://gmail.com/3,https://gmail.com/3,,,,regex_match_no_context
case2,regex_baseline,url,ascii,75038297,https://mail.google.com/mail/?pli=1M,https://mail.google.com/mail?pli=1M,,,,regex_match_no_context
case2,regex_baseline,url,ascii,75038337,https://ko.wikipedia.org/wiki/BitlyR+,https://ko.wikipedia.org/wiki/BitlyR+,,,,regex_match_no_context
case2,regex_baseline,url,ascii,75038377,https://mail.google.com/mail/u/0/?pli=1O,https://mail.google.com/mail/u/0?pli=1O,,,,regex_match_no_context
case2,regex_baseline,url,ascii,75038423,https://gds.google.com/web/chip?ep=p&gdsid=-2084009212&authuser=0&hl=ko&continue=https://accounts.google.com/ServiceLogin?continue%3Dhttps%253A%252F%252Fmail.google.com%252Fmail%252F%26service%3Dmail%26hl%3Dko%26authuser%3D0%26passive%3Dtrue%26sarp%3D1%26aodrpl%3D1%26checkedDomains%3Dyoutube%26checkConnection%3Dyoutube%253A271%253A0%26pstMsg%3D1&service=mail&rapt=AEjHL4PWrKLrUNF5oh5TSuDNuWaSx_D8ZF_EDyFem4apDqpJniNjMDJZ0LdFxWtdItFAYVVST8LZR5Jef2PrFvTWW6i1z2cZQw&pli=1A0,https://gds.google.com/web/chip?ep=p&gdsid=-2084009212&authuser=0&hl=ko&continue=https://accounts.google.com/ServiceLogin?continue%3Dhttps%253A%252F%252Fmail.google.com%252Fmail%252F%26service%3Dmail%26hl%3Dko%26authuser%3D0%26passive%3Dtrue%26sarp%3D1%26aodrpl%3D1%26checkedDomains%3Dyoutube%26checkConnection%3Dyoutube%253A271%253A0%26pstMsg%3D1&service=mail&rapt=AEjHL4PWrKLrUNF5oh5TSuDNuWaSx_D8ZF_EDyFem4apDqpJniNjMDJZ0LdFxWtdItFAYVVST8LZR5Jef2PrFvTWW6i1z2cZQw&pli=1A0,,,,regex_match_no_context
case2,regex_baseline,url,ascii,75038898,https://en.wikipedia.org/wiki/Smart_contract),https://en.wikipedia.org/wiki/Smart_contract),,,,regex_match_no_context
case2,regex_baseline,url,ascii,75038947,https://en.wikipedia.org/wiki/Ransomware&*,https://en.wikipedia.org/wiki/Ransomware&*,,,,regex_match_no_context
case2,regex_baseline,url,ascii,75038992,"https://en.wikipedia.org/wiki/Mnemonic,+","https://en.wikipedia.org/wiki/Mnemonic,+",,,,regex_match_no_context
case2,regex_baseline,url,ascii,75039035,https://en.wikipedia.org/wiki/Main_Page!3,https://en.wikipedia.org/wiki/Main_Page!3,,,,regex_match_no_context
case2,regex_baseline,url,ascii,75039131,https://en.wikipedia.org/wiki/Decentralized_finance*,https://en.wikipedia.org/wiki/Decentralized_finance*,,,,regex_match_no_context
case2,regex_baseline,url,ascii,75039187,https://en.wikipedia.org/wiki/Cybercrime%7,https://en.wikipedia.org/wiki/Cybercrime%7,,,,regex_match_no_context
case2,regex_baseline,url,ascii,75039232,https://en.wikipedia.org/wiki/Cryptocurrency_wallet+,https://en.wikipedia.org/wiki/Cryptocurrency_wallet+,,,,regex_match_no_context
case2,regex_baseline,url,ascii,75042910,https://gds.google.com/web/chip?ep=p&gdsid=-2084009212&authuser=0&hl=ko&continue=https://accounts.google.com/ServiceLogin?continue%3Dhttps%253A%252F%252Fmail.google.com%252Fmail%252F%26service%3Dmail%26hl%3Dko%26authuser%3D0%26passive%3Dtrue%26sarp%3D1%26aodrpl%3D1%26checkedDomains%3Dyoutube%26checkConnection%3Dyoutube%253A271%253A0%26pstMsg%3D1&service=mail&rapt=AEjHL4PWrKLrUNF5oh5TSuDNuWaSx_D8ZF_EDyFem4apDqpJniNjMDJZ0LdFxWtdItFAYVVST8LZR5Jef2PrFvTWW6i1z2cZQw&pli=1,https://gds.google.com/web/chip?ep=p&gdsid=-2084009212&authuser=0&hl=ko&continue=https://accounts.google.com/ServiceLogin?continue%3Dhttps%253A%252F%252Fmail.google.com%252Fmail%252F%26service%3Dmail%26hl%3Dko%26authuser%3D0%26passive%3Dtrue%26sarp%3D1%26aodrpl%3D1%26checkedDomains%3Dyoutube%26checkConnection%3Dyoutube%253A271%253A0%26pstMsg%3D1&service=mail&rapt=AEjHL4PWrKLrUNF5oh5TSuDNuWaSx_D8ZF_EDyFem4apDqpJniNjMDJZ0LdFxWtdItFAYVVST8LZR5Jef2PrFvTWW6i1z2cZQw&pli=1,,,,regex_match_no_context
case2,regex_baseline,url,ascii,75045758,https://mail.google.com/mail/?pli%3D1&ifkv=AWnogHebFQoNrDl50H4EfWWEx6FcgllNsRmB_4iPkR2CqHEgL9znwWOUjue8JiVUHyh2DUqu47pxFQI,https://mail.google.com/mail?pli%3D1&ifkv=AWnogHebFQoNrDl50H4EfWWEx6FcgllNsRmB_4iPkR2CqHEgL9znwWOUjue8JiVUHyh2DUqu47pxFQI,,,,regex_match_no_context
case2,regex_baseline,url,ascii,75051333,https://ko.wikipedia.org/wiki/Bitly,https://ko.wikipedia.org/wiki/Bitly,,,,regex_match_no_context
case2,regex_baseline,url,ascii,75051375,https://bit.ly/2MBojqk,https://bit.ly/2MBojqk,,,,regex_match_no_context
case2,regex_baseline,url,ascii,75052692,https://www.youtube.com/S,https://www.youtube.com/S,,,,regex_match_no_context
case2,regex_baseline,url,ascii,75053119,https://www.google.com/search?q=%ED%81%AC%EB%A1%AC+%EB%B8%8C%EB%9D%BC%EC%9A%B0%EC%A0%80&source=hp&ei=lQD3Y8-gOoL_hwPKlpfwAg&iflsig=AK50M_UAAAAAY_cOpTetBCCyiw-9GlObuP6sDitT9UOo&ved=0ahUKEwiPv8Cl-6r9AhWC_2EKHUrLBS4Q4dUDCAo&uact=5&,https://www.google.com/search?q=%ED%81%AC%EB%A1%AC+%EB%B8%8C%EB%9D%BC%EC%9A%B0%EC%A0%80&source=hp&ei=lQD3Y8-gOoL_hwPKlpfwAg&iflsig=AK50M_UAAAAAY_cOpTetBCCyiw-9GlObuP6sDitT9UOo&ved=0ahUKEwiPv8Cl-6r9AhWC_2EKHUrLBS4Q4dUDCAo&uact=5&,,,,regex_match_no_context
case2,regex_baseline,url,ascii,75053401,https://www.google.com/intl/ko/mail/help/about.html9/,https://www.google.com/intl/ko/mail/help/about.html9,,,,regex_match_no_context
case2,regex_baseline,url,ascii,75053457,https://www.google.com/intl/ko/gmail/about/8!,https://www.google.com/intl/ko/gmail/about/8!,,,,regex_match_no_context
case2,regex_baseline,url,ascii,75053505,https://www.google.com/gmail/7,https://www.google.com/gmail/7,,,,regex_match_no_context
case2,regex_baseline,url,ascii,75055991,https://mail.google.com/mail/?pli%3D1&dbus=KR&ifkv=AWnogHeHkHk6Kk6DibuxZgHQhksp-TN16jDtB_1Wti5aLpF2Q4BLHCX-JfVf9y-qUt7MjnqaGnXiXwK,https://mail.google.com/mail?pli%3D1&dbus=KR&ifkv=AWnogHeHkHk6Kk6DibuxZgHQhksp-TN16jDtB_1Wti5aLpF2Q4BLHCX-JfVf9y-qUt7MjnqaGnXiXwK,,,,regex_match_no_context
case2,regex_baseline,url,ascii,75333168,https://www.bing.com/images/detail/search?iss=sbiupload&FORM=CHROMI#enterInsightsimageBin=,https://www.bing.com/images/detail/search?iss=sbiupload&FORM=CHROMI,,,,regex_match_no_context
case2,regex_baseline,url,ascii,75333287,https://www.bing.com/chrome/newtab,https://www.bing.com/chrome/newtab,,,,regex_match_no_context
case2,regex_baseline,url,ascii,75334159,https://search.yahoo.com?fr=crmas_sfp,https://search.yahoo.com?fr=crmas_sfp,,,,regex_match_no_context
case2,regex_baseline,url,ascii,75335423,https://stackoverflow.com/opensearch.xml,https://stackoverflow.com/opensearch.xml,,,,regex_match_no_context
case2,regex_baseline,url,ascii,75336059,https://en.wikipedia.org/w/opensearch_desc.php,https://en.wikipedia.org/w/opensearch_desc.php,,,,regex_match_no_context
case2,regex_baseline,url,ascii,75336113,https://en.wikipedia.org/w/api.php?action=opensearch&search=,https://en.wikipedia.org/w/api.php?action=opensearch&search=,,,,regex_match_no_context
case2,regex_baseline,url,ascii,75743270,https://www.naver.com/NAVER,https://www.naver.com/NAVER,,,,regex_match_no_context
case2,regex_baseline,url,ascii,76020548,https://issuetracker.google.com/220069903,https://issuetracker.google.com/220069903,,,,regex_match_no_context
case2,regex_baseline,url,ascii,76024020,https://ko.wikipedia.org/,https://ko.wikipedia.org,,,,regex_match_no_context
case2,regex_baseline,url,ascii,76032756,https://s3.amazonaws.com/,https://s3.amazonaws.com,,,,regex_match_no_context
case2,regex_baseline,url,ascii,76033428,https://mail.google.com/,https://mail.google.com,,,,regex_match_no_context
case2,regex_baseline,url,ascii,76035556,https://ssl.pstatic.net/,https://ssl.pstatic.net,,,,regex_match_no_context
case2,regex_baseline,url,ascii,76396008,http://www.iec.ch,http://www.iec.ch,,,,regex_match_no_context
case2,regex_baseline,url,ascii,76465940,https://www.google.com/async/ddljson?async=ntp:2,https://www.google.com/async/ddljson?async=ntp:2,,,,regex_match_no_context
case2,regex_baseline,url,ascii,78069697,https://*.corp.google.com;object-src,https://*.corp.google.com;object-src,,,,regex_match_no_context
case2,regex_baseline,url,ascii,78079316,https://en.wikipedia.org/w/index.php?title=Special:Search&search=,https://en.wikipedia.org/w/index.php?title=Special:Search&search=,,,,regex_match_no_context
case2,regex_baseline,url,ascii,79046532,https://clients3.google.com/cast/chromecast/home/wallpaper/collections?rt=b,https://clients3.google.com/cast/chromecast/home/wallpaper/collections?rt=b,,,,regex_match_no_context
case2,regex_baseline,url,ascii,79050052,https://clients3.google.com/cast/chromecast/home/wallpaper/collection-images?rt=b,https://clients3.google.com/cast/chromecast/home/wallpaper/collection-images?rt=b,,,,regex_match_no_context
case2,regex_baseline,url,ascii,79061732,http://safebrowsing.googleusercontent.com/safebrowsing/clientreport/chrome-certs,http://safebrowsing.googleusercontent.com/safebrowsing/clientreport/chrome-certs,,,,regex_match_no_context
case2,regex_baseline,url,ascii,82077268,http://unisolated.invalid/,http://unisolated.invalid,,,,regex_match_no_context
case2,regex_baseline,url,ascii,82693636,https://clients3.google.com/cast/chromecast/home/wallpaper/image?rt=b,https://clients3.google.com/cast/chromecast/home/wallpaper/image?rt=b,,,,regex_match_no_context
case2,regex_baseline,url,ascii,83427316,https://chrome.google.com/webstore?hl=en,https://chrome.google.com/webstore?hl=en,,,,regex_match_no_context
case2,regex_baseline,url,ascii,83439412,https://t0.gstatic.com/faviconV2,https://t0.gstatic.com/faviconV2,,,,regex_match_no_context
case2,regex_baseline,url,ascii,83447588,http://www.gstatic.com/generate_204,http://www.gstatic.com/generate_204,,,,regex_match_no_context
case2,regex_baseline,url,utf-16le,72806368,https://www.ieee.org/searchresults/index.html,https://www.ieee.org/searchresults/index.html,,,,regex_match_no_context
case2,regex_baseline,url,utf-16le,72809048,https://4490791.fls.doubleclick.net/activityi;dc_pre=CLWa0M2Frf0CFRKI6QUdSUwGvQ;src=4490791;type=trav;cat=globa0;ord=6787742311030;gtm=45fe32m0;auiddc=2083485333.1676632856;ps=1;pcor=593043393;~oref=https%3A%2F%2Fwww.ieee.org%2F%2F?,https://4490791.fls.doubleclick.net/activityi;dc_pre=CLWa0M2Frf0CFRKI6QUdSUwGvQ;src=4490791;type=trav;cat=globa0;ord=6787742311030;gtm=45fe32m0;auiddc=2083485333.1676632856;ps=1;pcor=593043393;~oref=https%3A%2F%2Fwww.ieee.org%2F%2F,,,,regex_match_no_context
case2,regex_baseline,url,utf-16le,72810240,https://td.doubleclick.net/td/fls/rul/activityi;fledge=1;src=4490791;type=trav;cat=globa0;ord=6787742311030;gtm=45fe32m0;auiddc=2083485333.1676632856;ps=1;pcor=593043393;~oref=https%3A%2F%2Fwww.ieee.org%2F%2F?,https://td.doubleclick.net/td/fls/rul/activityi;fledge=1;src=4490791;type=trav;cat=globa0;ord=6787742311030;gtm=45fe32m0;auiddc=2083485333.1676632856;ps=1;pcor=593043393;~oref=https%3A%2F%2Fwww.ieee.org%2F%2F,,,,regex_match_no_context
case2,regex_baseline,url,utf-16le,72813240,https://pixel.sitescout.com/dmp/asyncPixelSync,https://pixel.sitescout.com/dmp/asyncPixelSync,,,,regex_match_no_context
case2,regex_baseline,url,utf-16le,72814064,https://s3.amazonaws.com/ieee-mkto-cross-domain/index.html,https://s3.amazonaws.com/ieee-mkto-cross-domain/index.html,,,,regex_match_no_context
case2,regex_baseline,url,utf-16le,72814912,https://insight.adsrvr.org/track/up?adv=gmwfwzi&ref=https%3A%2F%2Fwww.ieee.org%2F%2F&upid=lp8wud3&upv=1.1.0,https://insight.adsrvr.org/track/up?adv=gmwfwzi&ref=https%3A%2F%2Fwww.ieee.org%2F%2F&upid=lp8wud3&upv=1.1.0,,,,regex_match_no_context
case2,regex_baseline,url,utf-16le,72815856,https://app-ab24.marketo.com/index.php/form/XDFrame,https://app-ab24.marketo.com/index.php/form/XDFrame,,,,regex_match_no_context
case2,regex_baseline,url,utf-16le,72854992,https://4490791.fls.doubleclick.net/activityi;dc_pre=CPu11bOFrf0CFUaC6QUdCLoF3Q;src=4490791;type=trav;cat=globa0;ord=1092133484926;gtm=45fe32m0;auiddc=2083485333.1676632856;ps=1;pcor=711550481;~oref=https%3A%2F%2Fwww.ieee.org%2F%2F?,https://4490791.fls.doubleclick.net/activityi;dc_pre=CPu11bOFrf0CFUaC6QUdCLoF3Q;src=4490791;type=trav;cat=globa0;ord=1092133484926;gtm=45fe32m0;auiddc=2083485333.1676632856;ps=1;pcor=711550481;~oref=https%3A%2F%2Fwww.ieee.org%2F%2F,,,,regex_match_no_context
case2,regex_baseline,url,utf-16le,72856184,https://td.doubleclick.net/td/fls/rul/activityi;fledge=1;src=4490791;type=trav;cat=globa0;ord=1092133484926;gtm=45fe32m0;auiddc=2083485333.1676632856;ps=1;pcor=711550481;~oref=https%3A%2F%2Fwww.ieee.org%2F%2F?,https://td.doubleclick.net/td/fls/rul/activityi;fledge=1;src=4490791;type=trav;cat=globa0;ord=1092133484926;gtm=45fe32m0;auiddc=2083485333.1676632856;ps=1;pcor=711550481;~oref=https%3A%2F%2Fwww.ieee.org%2F%2F,,,,regex_match_no_context
case2,regex_baseline,url,utf-16le,76240936,https://ogs.google.com/u/0/widget/app?origin=chrome-untrusted%3A%2F%2Fnew-tab-page&origin=chrome%3A%2F%2Fnew-tab-page&cn=app&pid=1&spid=243&hl=en,https://ogs.google.com/u/0/widget/app?origin=chrome-untrusted%3A%2F%2Fnew-tab-page&origin=chrome%3A%2F%2Fnew-tab-page&cn=app&pid=1&spid=243&hl=en,,,,regex_match_no_context
case2,regex_baseline,url,ascii,84950004,https://chromium-i18n.appspot.com/ssl-aggregate-address/,https://chromium-i18n.appspot.com/ssl-aggregate-address,,,,regex_match_no_context
case2,regex_baseline,url,ascii,85607490,http://ocsp.digicert.com0@,http://ocsp.digicert.com0@,,,,regex_match_no_context
case2,regex_baseline,url,ascii,85697668,http://ocsp2.globalsign.com/rootr30,http://ocsp2.globalsign.com/rootr30,,,,regex_match_no_context
case2,regex_baseline,url,ascii,85697716,http://secure.globalsign.com/cacert/root-r3.crt06,http://secure.globalsign.com/cacert/root-r3.crt06,,,,regex_match_no_context
case2,regex_baseline,url,ascii,85697782,http://crl.globalsign.com/root-r3.crl0G,http://crl.globalsign.com/root-r3.crl0G,,,,regex_match_no_context
case2,regex_baseline,url,ascii,85697854,https://www.globalsign.com/repository/0,https://www.globalsign.com/repository/0,,,,regex_match_no_context
case2,regex_baseline,url,ascii,85818660,https://www.youtube.com/results?search_query=&page=&utm_source=opensearch,https://www.youtube.com/results?search_query=&page=&utm_source=opensearch,,,,regex_match_no_context
case2,regex_baseline,url,ascii,85819012,https://www.youtube.com/results?search_query=,https://www.youtube.com/results?search_query=,,,,regex_match_no_context
case2,regex_baseline,url,ascii,85820948,https://search.yahoo.com/search,https://search.yahoo.com/search,,,,regex_match_no_context
case2,regex_baseline,url,ascii,85825876,https://search.yahoo.com/search?ei=&fr=crmas_sfp&p=,https://search.yahoo.com/search?ei=&fr=crmas_sfp&p=,,,,regex_match_no_context
case2,regex_baseline,url,ascii,86012847,http://ocsp.pki.goog/gts1c301,http://ocsp.pki.goog/gts1c301,,,,regex_match_no_context
case2,regex_baseline,url,ascii,86012888,http://pki.goog/repo/certs/gts1c3.der0,http://pki.goog/repo/certs/gts1c3.der0,,,,regex_match_no_context
case2,regex_baseline,url,ascii,86013391,http://crls.pki.goog/gts1c3/zdATt0Ex_Fk.crl0,http://crls.pki.goog/gts1c3/zdATt0Ex_Fk.crl0,,,,regex_match_no_context
case2,regex_baseline,url,ascii,86014663,http://ocsp.pki.goog/gtsr100,http://ocsp.pki.goog/gtsr100,,,,regex_match_no_context
case2,regex_baseline,url,ascii,86014703,http://pki.goog/repo/certs/gtsr1.der04,http://pki.goog/repo/certs/gtsr1.der04,,,,regex_match_no_context
case2,regex_baseline,url,ascii,86014758,http://crl.pki.goog/gtsr1/gtsr1.crl0W,http://crl.pki.goog/gtsr1/gtsr1.crl0W,,,,regex_match_no_context
case2,regex_baseline,url,ascii,86014834,https://pki.goog/repository/0,https://pki.goog/repository/0,,,,regex_match_no_context
case2,regex_baseline,url,ascii,86622052,https://www.bing.com/osjson.aspx?query=,https://www.bing.com/osjson.aspx?query=,,,,regex_match_no_context
case2,regex_baseline,url,ascii,86623012,https://ac.search.naver.com/nx/ac?of=os&ie=,https://ac.search.naver.com/nx/ac?of=os&ie=,,,,regex_match_no_context
case2,regex_baseline,url,ascii,86624612,https://search.yahoo.com/sugg/chrome?output=fxjson&appid=crmas_sfp&command=,https://search.yahoo.com/sugg/chrome?output=fxjson&appid=crmas_sfp&command=,,,,regex_match_no_context
case2,regex_baseline,url,ascii,86626372,https://search.naver.com/search.naver?ie=,https://search.naver.com/search.naver?ie=,,,,regex_match_no_context
case2,regex_baseline,url,ascii,86630852,https://search.naver.com/search.naver?ie=&query=&sm=chr_hty,https://search.naver.com/search.naver?ie=&query=&sm=chr_hty,,,,regex_match_no_context
case2,regex_baseline,url,ascii,86723796,http://forensic.korea.ac.kr/DFWIKI/index.php/%ED%8A%B9%EC%88%98:%EA%B2%80%EC%83%89?search=NTFS&go=%EC%9D%B4%EB%8F%99,http://forensic.korea.ac.kr/DFWIKI/index.php/%ED%8A%B9%EC%88%98:%EA%B2%80%EC%83%89?search=NTFS&go=%EC%9D%B4%EB%8F%99,,,,regex_match_no_context
case2,regex_baseline,url,ascii,86800403,https://www.verisign.com/CPS04,https://www.verisign.com/CPS04,,,,regex_match_no_context
case2,regex_baseline,url,ascii,86800536,http://crl.verisign.com/pca3.crl0,http://crl.verisign.com/pca3.crl0,,,,regex_match_no_context
case2,regex_baseline,url,ascii,86942800,http://crl.usertrust.com/USERTrustRSACertificationAuthority.crl0v,http://crl.usertrust.com/USERTrustRSACertificationAuthority.crl0v,,,,regex_match_no_context
case2,regex_baseline,url,ascii,86942958,http://ocsp.usertrust.com0,http://ocsp.usertrust.com0,,,,regex_match_no_context
case2,regex_baseline,url,ascii,86963048,https://www.alphassl.com/repository/03,https://www.alphassl.com/repository/03,,,,regex_match_no_context
case2,regex_baseline,url,ascii,86963103,http://crl.globalsign.net/root.crl0=,http://crl.globalsign.net/root.crl0=,,,,regex_match_no_context
case2,regex_baseline,url,ascii,86963167,http://ocsp.globalsign.com/rootr10,http://ocsp.globalsign.com/rootr10,,,,regex_match_no_context
case2,regex_baseline,url,ascii,86983042,http://ocsp.digicert.com0B,http://ocsp.digicert.com0b,,,,regex_match_no_context
case2,regex_baseline,url,ascii,86983169,https://www.digicert.com/CPS0,https://www.digicert.com/CPS0,,,,regex_match_no_context
case2,regex_baseline,url,ascii,86993222,http://ocsp.digicert.com0A,http://ocsp.digicert.com0a,,,,regex_match_no_context
case2,regex_baseline,url,ascii,86998102,http://www.microsoft.com/pki/certs/MicRooCerAut_2010-06-23.crt0,http://www.microsoft.com/pki/certs/MicRooCerAut_2010-06-23.crt0,,,,regex_match_no_context
case2,regex_baseline,url,ascii,86999543,http://x1.i.lencr.org/0,http://x1.i.lencr.org/0,,,,regex_match_no_context
case2,regex_baseline,url,ascii,86999584,http://x1.c.lencr.org/0,http://x1.c.lencr.org/0,,,,regex_match_no_context
case2,regex_baseline,url,ascii,87001875,http://crl.usertrust.com/USERTrustECCCertificationAuthority.crl0v,http://crl.usertrust.com/USERTrustECCCertificationAuthority.crl0v,,,,regex_match_no_context
case2,regex_baseline,url,ascii,87017351,http://secure.globalsign.com/cacert/root-r1.crt03,http://secure.globalsign.com/cacert/root-r1.crt03,,,,regex_match_no_context
case2,regex_baseline,url,ascii,87017417,http://crl.globalsign.com/root.crl0!,http://crl.globalsign.com/root.crl0!,,,,regex_match_no_context
case2,regex_baseline,url,ascii,87017763,http://crI,http://cri,,,,regex_match_no_context
case2,regex_baseline,url,ascii,87026655,http://ocsp2.globalsign.com/rootr306,http://ocsp2.globalsign.com/rootr306,,,,regex_match_no_context
case2,regex_baseline,url,ascii,87120116,http://forensic.korea.ac.kr/DFWIKI/index.php/FAT,http://forensic.korea.ac.kr/DFWIKI/index.php/FAT,,,,regex_match_no_context
case2,regex_baseline,url,ascii,87120628,http://forensic.korea.ac.kr/DFWIKI/index.php/IOS,http://forensic.korea.ac.kr/DFWIKI/index.php/IOS,,,,regex_match_no_context
case2,regex_baseline,url,ascii,87121140,http://forensic.korea.ac.kr/DFWIKI/index.php/ExFAT,http://forensic.korea.ac.kr/DFWIKI/index.php/ExFAT,,,,regex_match_no_context
case2,regex_baseline,url,ascii,87224352,https://t1.daumcdn.net,https://t1.daumcdn.net,,,,regex_match_no_context
case2,regex_baseline,url,ascii,87729636,https://suggest.search.daum.net/sushi/opensearch/pc?q=,https://suggest.search.daum.net/sushi/opensearch/pc?q=,,,,regex_match_no_context
case2,regex_baseline,url,ascii,87736548,https://ssl.pstatic.net/sstatic/search/favicon/favicon_140327.ico,https://ssl.pstatic.net/sstatic/search/favicon/favicon_140327.ico,,,,regex_match_no_context
case2,regex_baseline,url,ascii,87751668,http://anglebug.com/7724,http://anglebug.com/7724,,,,regex_match_no_context
case2,regex_baseline,url,ascii,87751860,https://github.com/favicon.ico,https://github.com/favicon.ico,,,,regex_match_no_context
case2,regex_baseline,url,ascii,87753876,http://anglebug.com/7760,http://anglebug.com/7760,,,,regex_match_no_context
case2,regex_baseline,url,ascii,87754068,http://anglebug.com/7279,http://anglebug.com/7279,,,,regex_match_no_context
case2,regex_baseline,url,ascii,87754260,http://anglebug.com/5658,http://anglebug.com/5658,,,,regex_match_no_context
case2,regex_baseline,url,ascii,87755028,http://anglebug.com/7036,http://anglebug.com/7036,,,,regex_match_no_context
case2,regex_baseline,url,ascii,87755412,http://anglebug.com/5750,http://anglebug.com/5750,,,,regex_match_no_context
case2,regex_baseline,url,ascii,87755604,http://anglebug.com/7761,http://anglebug.com/7761,,,,regex_match_no_context
case2,regex_baseline,url,ascii,87756276,http://anglebug.com/5007,http://anglebug.com/5007,,,,regex_match_no_context
case2,regex_baseline,url,ascii,87757332,http://anglebug.com/6041,http://anglebug.com/6041,,,,regex_match_no_context
case2,regex_baseline,url,ascii,87757716,https://crbug.com/650547,https://crbug.com/650547,,,,regex_match_no_context
case2,regex_baseline,url,ascii,87758868,https://crbug.com/655534,https://crbug.com/655534,,,,regex_match_no_context
case2,regex_baseline,url,ascii,87758964,http://crbug.com/1165751,http://crbug.com/1165751,,,,regex_match_no_context
case2,regex_baseline,url,ascii,87759252,https://crbug.com/593024,https://crbug.com/593024,,,,regex_match_no_context
case2,regex_baseline,url,ascii,87759540,http://anglebug.com/3682,http://anglebug.com/3682,,,,regex_match_no_context
case2,regex_baseline,url,ascii,87759732,http://crbug.com/941620,http://crbug.com/941620,,,,regex_match_no_context
case2,regex_baseline,url,ascii,87760884,http://anglebug.com/3246,http://anglebug.com/3246,,,,regex_match_no_context
case2,regex_baseline,url,ascii,87761364,https://anglebug.com/7246,https://anglebug.com/7246,,,,regex_match_no_context
case2,regex_baseline,url,ascii,87762612,http://anglebug.com/1452,http://anglebug.com/1452,,,,regex_match_no_context
case2,regex_baseline,url,ascii,87762804,http://anglebug.com/2152,http://anglebug.com/2152,,,,regex_match_no_context
case2,regex_baseline,url,ascii,88146452,https://gds.google.com/,https://gds.google.com,,,,regex_match_no_context
case2,regex_baseline,url,ascii,88379163,https://contacts.google.com/widget/hovercard/v/2?hl=ko&origin=https%3A%2F%2Fmail.google.com&usegapi=1&jsh=m%3B%2F_%2Fscs%2Fabc-static%2F_%2Fjs%2Fk%3Dgapi.gapi.en.yHsE3XoyXLE.O%2Fd%3D1%2Frs%3DAHpOoo8LDClD0V3IE-5SJcudVO91TD73Qw%2Fm%3D__features__#id=__HC_94253229&_gfid=__HC_94253229&parent=https%3A%2F%2Fmail.google.com&pfname=&rpctoken=32727641,https://contacts.google.com/widget/hovercard/v/2?hl=ko&origin=https%3A%2F%2Fmail.google.com&usegapi=1&jsh=m%3B%2F_%2Fscs%2Fabc-static%2F_%2Fjs%2Fk%3Dgapi.gapi.en.yHsE3XoyXLE.O%2Fd%3D1%2Frs%3DAHpOoo8LDClD0V3IE-5SJcudVO91TD73Qw%2Fm%3D__features__,,,,regex_match_no_context
case2,regex_baseline,url,ascii,88379664,https://contacts.google.com,https://contacts.google.com,,,,regex_match_no_context
case2,regex_baseline,url,ascii,88806436,https://github.com/search?q=,https://github.com/search?q=,,,,regex_match_no_context
case2,regex_baseline,url,ascii,88808484,https://www.bing.com/search?q=,https://www.bing.com/search?q=,,,,regex_match_no_context
case2,regex_baseline,url,ascii,88808612,https://stackoverflow.com/search?q=,https://stackoverflow.com/search?q=,,,,regex_match_no_context
case2,regex_baseline,url,ascii,88810788,https://www.bing.com/sa/simg/bing_p_rr_teal_min.ico,https://www.bing.com/sa/simg/bing_p_rr_teal_min.ico,,,,regex_match_no_context
case2,regex_baseline,url,ascii,88810916,https://www.bing.com/search?q=&PC=U316&FORM=CHROMN,https://www.bing.com/search?q=&PC=U316&FORM=CHROMN,,,,regex_match_no_context
case2,regex_baseline,url,ascii,88812580,https://search.daum.net/search?w=tot&DA=JU5&q=,https://search.daum.net/search?w=tot&DA=JU5&q=,,,,regex_match_no_context
case2,regex_baseline,url,ascii,88812964,https://github.com/search?q=&ref=opensearch,https://github.com/search?q=&ref=opensearch,,,,regex_match_no_context
case2,regex_baseline,url,ascii,89120084,https://search.yahoo.com/favicon.ico,https://search.yahoo.com/favicon.ico,,,,regex_match_no_context
case2,regex_baseline,url,ascii,89121652,https://search.daum.net/favicon.ico,https://search.daum.net/favicon.ico,,,,regex_match_no_context
case2,regex_baseline,url,ascii,89122548,https://github.com/opensearch.xml,https://github.com/opensearch.xml,,,,regex_match_no_context
case2,regex_baseline,url,ascii,89123668,https://www.youtube.com/opensearch?locale=ko_KR,https://www.youtube.com/opensearch?locale=ko_KR,,,,regex_match_no_context
case2,regex_baseline,url,ascii,89125684,https://www.youtube.com/favicon.ico,https://www.youtube.com/favicon.ico,,,,regex_match_no_context
case2,regex_baseline,url,ascii,91244273,https://fonts.googleapis.com/css?lang=en&family=Product+Sans,https://fonts.googleapis.com/css?lang=en&family=Product+Sans,,,,regex_match_no_context
case2,regex_baseline,url,ascii,91262460,https://www.gstatic.com/images/branding/googlelogo/svg/googlelogo_clr_74x24px.svg,https://www.gstatic.com/images/branding/googlelogo/svg/googlelogo_clr_74x24px.svg,,,,regex_match_no_context
case2,regex_baseline,url,ascii,91263154,https://www.gstatic.com/images/branding/googlelogo/svg/googlelogo_light_clr_74x24px.svg,https://www.gstatic.com/images/branding/googlelogo/svg/googlelogo_light_clr_74x24px.svg,,,,regex_match_no_context
case2,regex_baseline,url,ascii,91263285,https://www.gstatic.com/images/branding/googlelogo/svg/googlelogo_dark_clr_74x24px.svg,https://www.gstatic.com/images/branding/googlelogo/svg/googlelogo_dark_clr_74x24px.svg,,,,regex_match_no_context
case2,regex_baseline,url,ascii,93282748,http://www.microsoft.com/pki/certs/MicCodSigPCA_2010-07-06.crt0,http://www.microsoft.com/pki/certs/MicCodSigPCA_2010-07-06.crt0,,,,regex_match_no_context
case2,regex_baseline,url,ascii,93285083,https://wwww.microsoft.com0,https://wwww.microsoft.com0,,,,regex_match_no_context
case2,regex_baseline,url,ascii,96355420,https://www.youtube.com/$search?q=%ED%8F%AC%EB%A0%8C%EC%8B%9D+%EC%9C%84%ED%82%A4&oq=%ED%8F%AC%EB%A0%8C%EC%8B%9D+%EC%9C%84%ED%82%A4&gs_lcrp=EgZjaHJvbWUyBggAEEUYOdIBCDExOTFqMGo3qAIAsAIA&sourceid=chrome&ie=UTF-8,https://www.youtube.com/$search?q=%ED%8F%AC%EB%A0%8C%EC%8B%9D+%EC%9C%84%ED%82%A4&oq=%ED%8F%AC%EB%A0%8C%EC%8B%9D+%EC%9C%84%ED%82%A4&gs_lcrp=EgZjaHJvbWUyBggAEEUYOdIBCDExOTFqMGo3qAIAsAIA&sourceid=chrome&ie=UTF-8,,,,regex_match_no_context
case2,regex_baseline,url,ascii,96369115,https://www.youtube.com/sw.js,https://www.youtube.com/sw.js,,,,regex_match_no_context
case2,regex_baseline,url,ascii,96688676,https://oauthaccountmanager.googleapis.com/,https://oauthaccountmanager.googleapis.com,,,,regex_match_no_context
case2,regex_baseline,url,ascii,96689012,https://accounts.google.com/MergeSession,https://accounts.google.com/MergeSession,,,,regex_match_no_context
case2,regex_baseline,url,ascii,96689124,https://accounts.google.com/OAuthLogin,https://accounts.google.com/OAuthLogin,,,,regex_match_no_context
case2,regex_baseline,url,ascii,96689796,https://accounts.google.com/AddSession,https://accounts.google.com/AddSession,,,,regex_match_no_context
case2,regex_baseline,url,ascii,96692708,https://accounts.google.com/Logout,https://accounts.google.com/Logout,,,,regex_match_no_context
case2,regex_baseline,url,ascii,96749268,https://m.google.com/devicemanagement/data/api,https://m.google.com/devicemanagement/data/api,,,,regex_match_no_context
case2,regex_baseline,url,ascii,97821572,https://chromereporting-pa.googleapis.com/v1/events,https://chromereporting-pa.googleapis.com/v1/events,,,,regex_match_no_context
case2,regex_baseline,url,ascii,97821700,http://clients2.google.com/time/1/current,http://clients2.google.com/time/1/current,,,,regex_match_no_context
case2,regex_baseline,url,ascii,97822980,https://chromereporting-pa.googleapis.com/v1/record,https://chromereporting-pa.googleapis.com/v1/record,,,,regex_match_no_context
case2,regex_baseline,url,ascii,98337588,http://forensic.korea.ac.kr/DFWIKI/index.php/%ED%8A%B9%EC%88%98:%EA%B2%80%EC%83%89?search=%ED%8C%8C%EC%9D%BC%EC%8B%9C%EC%8A%A4%ED%85%9C&go=%EC%9D%B4%EB%8F%99,http://forensic.korea.ac.kr/DFWIKI/index.php/%ED%8A%B9%EC%88%98:%EA%B2%80%EC%83%89?search=%ED%8C%8C%EC%9D%BC%EC%8B%9C%EC%8A%A4%ED%85%9C&go=%EC%9D%B4%EB%8F%99,,,,regex_match_no_context
case2,regex_baseline,url,ascii,98342854,https://lh3.googleusercontent.com/-_Lg7SdDKzcU/AAAAAAAAAAI/AAAAAAAAAAA/KIhM3z6R60Q/s48-c/photo.jpg,https://lh3.googleusercontent.com/-_Lg7SdDKzcU/AAAAAAAAAAI/AAAAAAAAAAA/KIhM3z6R60Q/s48-c/photo.jpg,,,,regex_match_no_context
case2,regex_baseline,url,ascii,99427732,"https://www.naver.com:443,*","https://www.naver.com:443,*",,,,regex_match_no_context
case2,regex_baseline,url,ascii,99442980,"https://recruit.webtoonscorp.com:443,*","https://recruit.webtoonscorp.com:443,*",,,,regex_match_no_context
case2,regex_baseline,url,ascii,99443540,"https://geun-yeong.tistory.com:443,*","https://geun-yeong.tistory.com:443,*",,,,regex_match_no_context
case2,regex_baseline,url,ascii,99471204,"http://forensic.korea.ac.kr:80,*","http://forensic.korea.ac.kr:80,*",,,,regex_match_no_context
case2,regex_baseline,url,ascii,99557332,"https://accounts.google.co.kr:443,*","https://accounts.google.co.kr:443,*",,,,regex_match_no_context
case2,regex_baseline,url,ascii,99557668,"https://accounts.google.com:443,*","https://accounts.google.com:443,*",,,,regex_match_no_context
case2,regex_baseline,url,ascii,99563604,"https://accounts.youtube.com:443,*","https://accounts.youtube.com:443,*",,,,regex_match_no_context
case2,regex_baseline,url,ascii,99569988,"https://myaccount.google.com:443,*","https://myaccount.google.com:443,*",,,,regex_match_no_context
case2,regex_baseline,url,ascii,99686132,"https://github.com:443,*","https://github.com:443,*",,,,regex_match_no_context
case2,regex_baseline,url,ascii,99686996,"https://www.youtube.com:443,*","https://www.youtube.com:443,*",,,,regex_match_no_context
case2,regex_baseline,url,ascii,99688436,"https://gds.google.com:443,*","https://gds.google.com:443,*",,,,regex_match_no_context
case2,regex_baseline,url,ascii,99688724,"https://www.google.com:443,*","https://www.google.com:443,*",,,,regex_match_no_context
case2,regex_baseline,url,ascii,99690644,"https://mail.google.com:443,*","https://mail.google.com:443,*",,,,regex_match_no_context
case2,regex_baseline,url,ascii,99691220,"https://arxiv.org:443,*","https://arxiv.org:443,*",,,,regex_match_no_context
case2,regex_baseline,url,ascii,99691316,"https://www.ieee.org:443,*","https://www.ieee.org:443,*",,,,regex_match_no_context
case2,regex_baseline,url,ascii,99691508,"https://comic.naver.com:443,*","https://comic.naver.com:443,*",,,,regex_match_no_context
case2,regex_baseline,url,ascii,99691700,"https://www.kakaocorp.com:443,*","https://www.kakaocorp.com:443,*",,,,regex_match_no_context
case2,regex_baseline,url,ascii,99692276,"https://stackoverflow.com:443,*","https://stackoverflow.com:443,*",,,,regex_match_no_context
case2,regex_baseline,url,ascii,99692756,"https://en.wikipedia.org:443,*","https://en.wikipedia.org:443,*",,,,regex_match_no_context
case2,regex_baseline,url,ascii,99693236,"https://ko.wikipedia.org:443,*","https://ko.wikipedia.org:443,*",,,,regex_match_no_context
case2,regex_baseline,url,ascii,99693908,"https://www.daum.net:443,*","https://www.daum.net:443,*",,,,regex_match_no_context
case2,regex_baseline,url,ascii,99987012,https://www.gstatic.com/chrome/intelligence/assist/ranker/models/translate/2017/03/translate_ranker_model_20170329.pb.bin,https://www.gstatic.com/chrome/intelligence/assist/ranker/models/translate/2017/03/translate_ranker_model_20170329.pb.bin,,,,regex_match_no_context
case2,regex_baseline,url,utf-16le,87002456,https://ogs.google.com/u/0/widget/app?origin=chrome-untrusted%3A%2F%2Fnew-tab-page&origin=chrome%3A%2F%2Fnew-tab-page&cn=app&pid=1&spid=243&hl=en&dm=,https://ogs.google.com/u/0/widget/app?origin=chrome-untrusted%3A%2F%2Fnew-tab-page&origin=chrome%3A%2F%2Fnew-tab-page&cn=app&pid=1&spid=243&hl=en&dm=,,,,regex_match_no_context
case2,regex_baseline,url,utf-16le,87138208,https://geun-yeong.tistory.com/api,https://geun-yeong.tistory.com/api,,,,regex_match_no_context
case2,regex_baseline,url,utf-16le,87222872,https://shop-redapi.daum.net/red-apigate/daumtop/v6/planmall,https://shop-redapi.daum.net/red-apigate/daumtop/v6/planmall,,,,regex_match_no_context
case2,regex_baseline,url,utf-16le,87223720,https://t1.daumcdn.net/adfit/adunit_style/a47f783b63ef539c670cd0f5cd1f7ba5ac08a4bf?surl=https%3A%2F%2Fwww.daum.net%2F,https://t1.daumcdn.net/adfit/adunit_style/a47f783b63ef539c670cd0f5cd1f7ba5ac08a4bf?surl=https%3A%2F%2Fwww.daum.net%2F,,,,regex_match_no_context
case2,regex_baseline,url,utf-16le,87225000,https://t1.daumcdn.net/adfit/adunit_style/8a0a23dd56c80bf1ccf5f7ea3ee73e45d5b5374c?surl=https%3A%2F%2Fwww.daum.net%2F,https://t1.daumcdn.net/adfit/adunit_style/8a0a23dd56c80bf1ccf5f7ea3ee73e45d5b5374c?surl=https%3A%2F%2Fwww.daum.net%2F,,,,regex_match_no_context
case2,regex_baseline,url,utf-16le,87226280,https://t1.daumcdn.net/kas/static/safeframe.html,https://t1.daumcdn.net/kas/static/safeframe.html,,,,regex_match_no_context
case2,regex_baseline,url,utf-16le,87230624,https://comic.naver.com/search,https://comic.naver.com/search,,,,regex_match_no_context
case2,regex_baseline,url,utf-16le,87345784,https://arxiv.org/search,https://arxiv.org/search,,,,regex_match_no_context
case2,regex_baseline,url,utf-16le,87346480,https://arxiv.org/multi,https://arxiv.org/multi,,,,regex_match_no_context
case2,regex_baseline,url,utf-16le,87383112,https://search.naver.com/search.naver,https://search.naver.com/search.naver,,,,regex_match_no_context
case2,regex_baseline,url,utf-16le,87390432,https://www.naver.com/shoppingbox/shoppingboxnew/main.nhn?mode=plusdeal&domain=N,https://www.naver.com/shoppingbox/shoppingboxnew/main.nhn?mode=plusdeal&domain=N,,,,regex_match_no_context
case2,regex_baseline,url,utf-16le,87391280,https://siape.veta.naver.com/fxshow?su=SU10641&nrefreshx=0#frameId=da_public_left_tgtLREC&origin=https%3A%2F%2Fwww.naver.com&msgToken=2477069670.63438&isFluid=false&runtime=NDPSDK,https://siape.veta.naver.com/fxshow?su=SU10641&nrefreshx=0,,,,regex_match_no_context
case2,regex_baseline,url,utf-16le,87392368,https://siape.veta.naver.com/fxshow?su=SU10642&nrefreshx=0#frameId=da_public_right_tgtLREC&origin=https%3A%2F%2Fwww.naver.com&msgToken=2313972086.9858847&isFluid=false&runtime=NDPSDK,https://siape.veta.naver.com/fxshow?su=SU10642&nrefreshx=0,,,,regex_match_no_context
case2,regex_baseline,url,utf-16le,87393464,https://siape.veta.naver.com/fxshow?su=SU10640&nrefreshx=0#frameId=veta_time2_tgtLREC&origin=https%3A%2F%2Fwww.naver.com&msgToken=2560411333.67971&isFluid=false&runtime=NDPSDK,https://siape.veta.naver.com/fxshow?su=SU10640&nrefreshx=0,,,,regex_match_no_context
case2,regex_baseline,url,utf-16le,87450120,https://comic.naver.com/comment/comment?titleId=790713&no=101,https://comic.naver.com/comment/comment?titleId=790713&no=101,,,,regex_match_no_context
case2,regex_baseline,url,utf-16le,87461440,https://comic.naver.com/comment/comment?titleId=790713&no=100,https://comic.naver.com/comment/comment?titleId=790713&no=100,,,,regex_match_no_context
case2,regex_baseline,url,utf-16le,87479304,https://comic.naver.com/comment/comment?titleId=790713&no=99,https://comic.naver.com/comment/comment?titleId=790713&no=99,,,,regex_match_no_context
case2,regex_baseline,url,utf-16le,87512552,https://platform.twitter.com/widgets/widget_iframe.2b2d73daf636805223fb11d48f3e94f7.html?origin=https%3A%2F%2Fgeun-yeong.tistory.com,https://platform.twitter.com/widgets/widget_iframe.2b2d73daf636805223fb11d48f3e94f7.html?origin=https%3A%2F%2Fgeun-yeong.tistory.com,,,,regex_match_no_context
case2,regex_baseline,url,utf-16le,87513568,https://www.facebook.com/v3.2/plugins/page.php?adapt_container_width=true&app_id=360877073936113&channel=https%3A%2F%2Fstaticxx.facebook.com%2Fx%2Fconnect%2Fxd_arbiter%2F%3Fversion%3D46%23cb%3Dfbbfd67f5d69c8%26domain%3Dgeun-yeong.tistory.com%26is_canvas%3Dfalse%26origin%3Dhttps%253A%252F%252Fgeun-yeong.tistory.com%252Ff2e2573fcb5129%26relation%3Dparent.parent&container_width=314&hide_cover=true&href=&locale=ko_KR&sdk=joey&show_facepile=false&small_header=true&tabs=timeline,https://www.facebook.com/v3.2/plugins/page.php?adapt_container_width=true&app_id=360877073936113&channel=https%3A%2F%2Fstaticxx.facebook.com%2Fx%2Fconnect%2Fxd_arbiter%2F%3Fversion%3D46%23cb%3Dfbbfd67f5d69c8%26domain%3Dgeun-yeong.tistory.com%26is_canvas%3Dfalse%26origin%3Dhttps%253A%252F%252Fgeun-yeong.tistory.com%252Ff2e2573fcb5129%26relation%3Dparent.parent&container_width=314&hide_cover=true&href=&locale=ko_KR&sdk=joey&show_facepile=false&small_header=true&tabs=timeline,,,,regex_match_no_context
case2,regex_baseline,url,utf-16le,87801184,https://comic.naver.com/comment/comment?titleId=790713&no=98,https://comic.naver.com/comment/comment?titleId=790713&no=98,,,,regex_match_no_context
case2,regex_baseline,url,utf-16le,87808216,https://4490791.fls.doubleclick.net/activityi;dc_pre=CNP2lZC4nP0CFQs1lgodGkgAtw;src=4490791;type=trav;cat=globa0;ord=7795888127637;gtm=45fe32f0;auiddc=2083485333.1676632856;ps=1;pcor=899172580;~oref=https%3A%2F%2Fwww.ieee.org%2F%2F?,https://4490791.fls.doubleclick.net/activityi;dc_pre=CNP2lZC4nP0CFQs1lgodGkgAtw;src=4490791;type=trav;cat=globa0;ord=7795888127637;gtm=45fe32f0;auiddc=2083485333.1676632856;ps=1;pcor=899172580;~oref=https%3A%2F%2Fwww.ieee.org%2F%2F,,,,regex_match_no_context
case2,regex_baseline,url,utf-16le,87809408,https://td.doubleclick.net/td/fls/rul/activityi;fledge=1;src=4490791;type=trav;cat=globa0;ord=7795888127637;gtm=45fe32f0;auiddc=2083485333.1676632856;ps=1;pcor=899172580;~oref=https%3A%2F%2Fwww.ieee.org%2F%2F?,https://td.doubleclick.net/td/fls/rul/activityi;fledge=1;src=4490791;type=trav;cat=globa0;ord=7795888127637;gtm=45fe32f0;auiddc=2083485333.1676632856;ps=1;pcor=899172580;~oref=https%3A%2F%2Fwww.ieee.org%2F%2F,,,,regex_match_no_context
case2,regex_baseline,url,utf-16le,87812408,https://pixel.sitescout.com/dmp/asyncPixelSync?cookieQ=1,https://pixel.sitescout.com/dmp/asyncPixelSync?cookieQ=1,,,,regex_match_no_context
case2,regex_baseline,url,utf-16le,87827792,https://siape.veta.naver.com/fxshow?su=SU10641&nrefreshx=1&calp=1#frameId=da_public_left_tgtLREC&origin=https%3A%2F%2Fwww.naver.com&msgToken=1751493909.5530617&isFluid=false&runtime=NDPSDK,https://siape.veta.naver.com/fxshow?su=SU10641&nrefreshx=1&calp=1,,,,regex_match_no_context
case2,regex_baseline,url,utf-16le,87828896,https://siape.veta.naver.com/fxshow?su=SU10642&nrefreshx=1&calp=1#frameId=da_public_right_tgtLREC&origin=https%3A%2F%2Fwww.naver.com&msgToken=2514043428.4119062&isFluid=false&runtime=NDPSDK,https://siape.veta.naver.com/fxshow?su=SU10642&nrefreshx=1&calp=1,,,,regex_match_no_context
case2,regex_baseline,url,utf-16le,87830008,https://siape.veta.naver.com/fxshow?su=SU10640&nrefreshx=1&calp=1#frameId=veta_time2_tgtLREC&origin=https%3A%2F%2Fwww.naver.com&msgToken=2873041103.8675056&isFluid=false&runtime=NDPSDK,https://siape.veta.naver.com/fxshow?su=SU10640&nrefreshx=1&calp=1,,,,regex_match_no_context
case2,regex_baseline,url,utf-16le,87932000,http://forensic.korea.ac.kr/DFWIKI/index.php/%ED%8A%B9%EC%88%98:%EA%B2%80%EC%83%89,http://forensic.korea.ac.kr/DFWIKI/index.php/%ED%8A%B9%EC%88%98:%EA%B2%80%EC%83%89,,,,regex_match_no_context
case2,regex_baseline,url,utf-16le,88009888,http://forensic.korea.ac.kr/DFWIKI/index.php,http://forensic.korea.ac.kr/DFWIKI/index.php,,,,regex_match_no_context
case2,regex_baseline,url,utf-16le,88068000,https://t1.daumcdn.net/adfit/adunit_style/c9f6323bb1dafc6fd3d328b4c72d1c5ec300d5dd?surl=https%3A%2F%2Fwww.daum.net%2F,https://t1.daumcdn.net/adfit/adunit_style/c9f6323bb1dafc6fd3d328b4c72d1c5ec300d5dd?surl=https%3A%2F%2Fwww.daum.net%2F,,,,regex_match_no_context
case2,regex_baseline,url,utf-16le,88069280,https://t1.daumcdn.net/adfit/adunit_style/daafa197e301ccace9d59ce163e100aff59c5bd4?surl=https%3A%2F%2Fwww.daum.net%2F,https://t1.daumcdn.net/adfit/adunit_style/daafa197e301ccace9d59ce163e100aff59c5bd4?surl=https%3A%2F%2Fwww.daum.net%2F,,,,regex_match_no_context
case2,regex_baseline,url,utf-16le,88283832,https://ogs.google.com/widget/app/so?origin=chrome-untrusted%3A%2F%2Fnew-tab-page&origin=chrome%3A%2F%2Fnew-tab-page&cn=app&pid=1&spid=243&hl=en,https://ogs.google.com/widget/app/so?origin=chrome-untrusted%3A%2F%2Fnew-tab-page&origin=chrome%3A%2F%2Fnew-tab-page&cn=app&pid=1&spid=243&hl=en,,,,regex_match_no_context
case2,regex_baseline,url,utf-16le,88337584,https://siape.veta.naver.com/fxshow?su=SU10321#frameId=onlyRightAd_tgtLREC&origin=https%3A%2F%2Fcomic.naver.com&msgToken=1223116452.0479808&isFluid=false&runtime=NDPSDK,https://siape.veta.naver.com/fxshow?su=SU10321,,,,regex_match_no_context
case2,regex_baseline,url,utf-16le,88347496,https://accounts.youtube.com/accounts/CheckConnection?pmpo=https%3A%2F%2Faccounts.google.com&v=138873353&timestamp=1677653382770,https://accounts.youtube.com/accounts/CheckConnection?pmpo=https%3A%2F%2Faccounts.google.com&v=138873353&timestamp=1677653382770,,,,regex_match_no_context
case2,regex_baseline,url,utf-16le,88348496,https://accounts.google.com/_/bscframe,https://accounts.google.com/_/bscframe,,,,regex_match_no_context
case2,regex_baseline,url,utf-16le,88349408,https://accounts.google.com/v3/signin/,https://accounts.google.com/v3/signin,,,,regex_match_no_context
case2,regex_baseline,url,utf-16le,88377272,https://ogs.google.com/u/0/widget/app?origin=https%3A%2F%2Fmail.google.com&cn=app&pid=23&spid=23&hl=ko,https://ogs.google.com/u/0/widget/app?origin=https%3A%2F%2Fmail.google.com&cn=app&pid=23&spid=23&hl=ko,,,,regex_match_no_context
case2,regex_baseline,url,utf-16le,88457760,"https://mail.google.com/mail/u/0/data?sw=2&token=%5B%22cftp%22,%225e89acedd4%22,%22gmail.pinto-server_20230222.06_p0%22,%22ZyMrc6cBAw-rFZnvtXyj5A%5Cu003d%5Cu003d%22,%227677,7841,7393,6792,7500,7518,7446,7594,7758,7773,7278,7137,7618,7189,7158,7407,7682,6807,7418,7468,7798,7569,7164,7419,7027,7113,7236%22,3%5D&dilte=0&gme=1&sme=1&pt=ji","https://mail.google.com/mail/u/0/data?sw=2&token=%5B%22cftp%22,%225e89acedd4%22,%22gmail.pinto-server_20230222.06_p0%22,%22ZyMrc6cBAw-rFZnvtXyj5A%5Cu003d%5Cu003d%22,%227677,7841,7393,6792,7500,7518,7446,7594,7758,7773,7278,7137,7618,7189,7158,7407,7682,6807,7418,7468,7798,7569,7164,7419,7027,7113,7236%22,3%5D&dilte=0&gme=1&sme=1&pt=ji",,,,regex_match_no_context
case2,regex_baseline,url,utf-16le,89018968,https://ko.wikipedia.org/w/index.php,https://ko.wikipedia.org/w/index.php,,,,regex_match_no_context
case2,regex_baseline,url,utf-16le,89132376,https://ogs.google.com/u/0/widget/callout/sid?prid=19022560&pgid=19022552&puid=8a68602575c7e3d5&dc=1&origin=https%3A%2F%2Fwww.google.com&cn=callout&pid=1&spid=538&hl=ko,https://ogs.google.com/u/0/widget/callout/sid?prid=19022560&pgid=19022552&puid=8a68602575c7e3d5&dc=1&origin=https%3A%2F%2Fwww.google.com&cn=callout&pid=1&spid=538&hl=ko,,,,regex_match_no_context
case2,regex_baseline,url,utf-16le,89133440,https://ogs.google.com/u/0/widget/app?origin=https%3A%2F%2Fwww.google.com&cn=app&pid=1&spid=538&hl=ko&dm=,https://ogs.google.com/u/0/widget/app?origin=https%3A%2F%2Fwww.google.com&cn=app&pid=1&spid=538&hl=ko&dm=,,,,regex_match_no_context
case2,regex_baseline,url,utf-16le,93133853,https://docs.microsoft.com/typography/aboutMicrosoft,https://docs.microsoft.com/typography/aboutMicrosoft,,,,regex_match_no_context
case2,regex_baseline,url,utf-16le,93134945,http://en.wikipedia.org/wiki/MIT_License),http://en.wikipedia.org/wiki/MIT_License),,,,regex_match_no_context
case2,regex_baseline,url,utf-16le,94330766,https://go.microsoft.com/fwlink/?linkid=852747,https://go.microsoft.com/fwlink?linkid=852747,,,,regex_match_no_context
case2,regex_baseline,url,utf-16le,94332864,https://go.microsoft.com/fwlink/?linkid=851152,https://go.microsoft.com/fwlink?linkid=851152,,,,regex_match_no_context
case2,regex_baseline,url,utf-16le,94339734,https://aka.ms/wsl2kernel,https://aka.ms/wsl2kernel,,,,regex_match_no_context
case2,regex_baseline,url,utf-16le,94614046,http://go.microsoft.com/fwlink/?LinkId=228610,http://go.microsoft.com/fwlink?LinkId=228610,,,,regex_match_no_context
case2,regex_baseline,url,utf-16le,94676338,http://go.microsoft.com/fwlink/?LinkId=168895,http://go.microsoft.com/fwlink?LinkId=168895,,,,regex_match_no_context
case2,regex_baseline,url,utf-16le,95123650,https://go.microsoft.com/fwlink/?linkid=850659,https://go.microsoft.com/fwlink?linkid=850659,,,,regex_match_no_context
case2,regex_baseline,url,utf-16le,95125022,https://aka.ms/hcsadmin,https://aka.ms/hcsadmin,,,,regex_match_no_context
case2,regex_baseline,url,ascii,101567556,https://www.youtube.com/(,https://www.youtube.com/(,,,,regex_match_no_context
case2,regex_baseline,url,ascii,107926692,"http://forensic.korea.ac.kr0,1DFRC","http://forensic.korea.ac.kr0,1dfrc",,,,regex_match_no_context
case2,regex_baseline,url,ascii,107927539,http://forensic.korea.ac.kr/DFWIKI/index.php/%EB%8C%80%EB%AC%B8http://forensic.korea.ac.kr/DFWIKI/index.php/,http://forensic.korea.ac.kr/DFWIKI/index.php/%EB%8C%80%EB%AC%B8http://forensic.korea.ac.kr/DFWIKI/index.php,,,,regex_match_no_context
case2,regex_baseline,url,ascii,107929048,"https://arxiv.org0,1","https://arxiv.org0,1",,,,regex_match_no_context
case2,regex_baseline,url,ascii,107929634,"https://www.google.comhttps://www.google.com/www.google.com0,1Google0,0","https://www.google.comhttps://www.google.com/www.google.com0,1Google0,0",,,,regex_match_no_context
case2,regex_baseline,url,ascii,107993774,https://www.google.com/D,https://www.google.com/D,,,,regex_match_no_context
case2,regex_baseline,url,ascii,108016432,https://fonts.googleapis.com/,https://fonts.googleapis.com,,,,regex_match_no_context
case2,regex_baseline,url,ascii,108016482,https://fonts.gstatic.com/,https://fonts.gstatic.com,,,,regex_match_no_context
case2,regex_baseline,url,ascii,108016665,https://pm.pstatic.net/,https://pm.pstatic.net,,,,regex_match_no_context
case2,regex_baseline,url,ascii,108017025,https://shared-comic.pstatic.net/,https://shared-comic.pstatic.net,,,,regex_match_no_context
case2,regex_baseline,url,ascii,108017170,https://accounts.youtube.com/,https://accounts.youtube.com,,,,regex_match_no_context
case2,regex_baseline,url,ascii,108017222,https://accounts.google.co.kr/,https://accounts.google.co.kr,,,,regex_match_no_context
case2,regex_baseline,url,ascii,108017410,https://lh3.googleusercontent.com/,https://lh3.googleusercontent.com,,,,regex_match_no_context
case2,regex_baseline,url,ascii,108018167,https://myaccount.google.com/,https://myaccount.google.com,,,,regex_match_no_context
case2,regex_baseline,url,ascii,108018627,https://t1.kakaocdn.net/,https://t1.kakaocdn.net,,,,regex_match_no_context
case2,regex_baseline,url,ascii,108018756,https://ad.doubleclick.net/,https://ad.doubleclick.net,,,,regex_match_no_context
case2,regex_baseline,url,ascii,108018804,https://cdnjs.cloudflare.com/,https://cdnjs.cloudflare.com,,,,regex_match_no_context
case2,regex_baseline,url,ascii,108018854,https://s3-us-west-2.amazonaws.com/,https://s3-us-west-2.amazonaws.com,,,,regex_match_no_context
case2,regex_baseline,url,ascii,108018910,https://up.pixel.ad/,https://up.pixel.ad,,,,regex_match_no_context
case2,regex_baseline,url,ascii,108018997,https://app-ab24.marketo.com/,https://app-ab24.marketo.com,,,,regex_match_no_context
case2,regex_baseline,url,ascii,108019284,https://github.githubassets.com/,https://github.githubassets.com,,,,regex_match_no_context
case2,regex_baseline,url,ascii,108019624,https://ajax.googleapis.com/,https://ajax.googleapis.com,,,,regex_match_no_context
case2,regex_baseline,url,ascii,108019671,https://cdn.sstatic.net/,https://cdn.sstatic.net,,,,regex_match_no_context
case2,regex_baseline,url,ascii,108019788,https://static.arxiv.org/,https://static.arxiv.org,,,,regex_match_no_context
case2,regex_baseline,url,ascii,108019948,https://tistory1.daumcdn.net/,https://tistory1.daumcdn.net,,,,regex_match_no_context
case2,regex_baseline,url,ascii,108019998,https://cdn.jsdelivr.net/,https://cdn.jsdelivr.net,,,,regex_match_no_context
case2,regex_baseline,url,ascii,108495596,https://lh3.googleusercontent.com/ogw/AAEL6sh7ZG_CA9O7V48FkZ6Y2KRZQqlG7EAgg8ZJXar-=s128-b16-cc-rp-mo,https://lh3.googleusercontent.com/ogw/AAEL6sh7ZG_CA9O7V48FkZ6Y2KRZQqlG7EAgg8ZJXar-=s128-b16-cc-rp-mo,,,,regex_match_no_context
case2,regex_baseline,url,utf-16le,116189172,https://docs.microsoft.com/typography/about,https://docs.microsoft.com/typography/about,,,,regex_match_no_context
case2,regex_baseline,url,utf-16le,116192880,https://docs.microsoft.com/typography,https://docs.microsoft.com/typography,,,,regex_match_no_context
case2,regex_baseline,url,utf-16le,116303208,http://www.microsoft.com/typography/fonts/,http://www.microsoft.com/typography/fonts,,,,regex_match_no_context
case2,regex_baseline,url,utf-16le,116377280,http://www.sandoll.co.kr,http://www.sandoll.co.kr,,,,regex_match_no_context
case2,regex_baseline,url,utf-16le,116378708,http://www.microsoft.com,http://www.microsoft.com,,,,regex_match_no_context
case2,regex_baseline,url,utf-16le,116523784,http://lucasfonts.com,http://lucasfonts.com,,,,regex_match_no_context
case2,regex_baseline,url,utf-16le,116856672,http://www.goodfont.co.kr,http://www.goodfont.co.kr,,,,regex_match_no_context
case2,regex_baseline,url,utf-16le,116863520,http://www.nhncorp.com,http://www.nhncorp.com,,,,regex_match_no_context
case2,regex_baseline,url,utf-16le,116887768,http://fontrix.co.kr,http://fontrix.co.kr,,,,regex_match_no_context
case2,regex_baseline,url,utf-16le,116888028,http://dev.naver.com/wiki/nanumfont/index.php/OpenFontLicense,http://dev.naver.com/wiki/nanumfont/index.php/OpenFontLicense,,,,regex_match_no_context
case2,regex_baseline,url,utf-16le,116900896,http://www.fontrix.co.kr,http://www.fontrix.co.kr,,,,regex_match_no_context
case2,regex_baseline,url,utf-16le,116906824,http://www.YoonDesign.com,http://www.yoondesign.com,,,,regex_match_no_context
case2,regex_baseline,url,utf-16le,116906968,http://www.nhncorp.com/license,http://www.nhncorp.com/license,,,,regex_match_no_context
case2,regex_baseline,url,utf-16le,116927536,http://www.navercorp.com/,http://www.navercorp.com,,,,regex_match_no_context
case2,regex_baseline,url,utf-16le,116987900,http://sajatypeworks.com,http://sajatypeworks.com,,,,regex_match_no_context
case2,regex_baseline,url,utf-16le,116988984,https://scripts.sil.org/OFL),https://scripts.sil.org/OFL),,,,regex_match_no_context
case2,regex_baseline,url,utf-16le,116989244,https://github.com/microsoft/cascadia-code/blob/main/LICENSE).,https://github.com/microsoft/cascadia-code/blob/main/LICENSE).,,,,regex_match_no_context
case2,regex_baseline,url,utf-16le,116993804,https://scripts.sil.org/OFL,https://scripts.sil.org/OFL,,,,regex_match_no_context
case2,regex_baseline,url,utf-16le,117041060,https://github.com/microsoft/cascadia-code/blob/master/LICENSE).,https://github.com/microsoft/cascadia-code/blob/master/LICENSE).,,,,regex_match_no_context
case2,regex_baseline,url,utf-16le,117228524,http://www.monotype.com/html/designer/des_index.html,http://www.monotype.com/html/designer/des_index.html,,,,regex_match_no_context
case2,regex_baseline,url,utf-16le,117230112,http://www.monotype.com/html/mtname/ms_welcome.html,http://www.monotype.com/html/mtname/ms_welcome.html,,,,regex_match_no_context
case2,regex_baseline,url,utf-16le,117603200,http://www.zhongyicts.com.cn,http://www.zhongyicts.com.cn,,,,regex_match_no_context
case2,regex_baseline,url,utf-16le,117756652,http://www.jiyu-kobo.co.jp/,http://www.jiyu-kobo.co.jp,,,,regex_match_no_context
case2,regex_baseline,url,utf-16le,117955584,http://www.fonts.com,http://www.fonts.com,,,,regex_match_no_context
case2,regex_baseline,url,utf-16le,117957440,http://www.microsoft.com/typography/ctfonts,http://www.microsoft.com/typography/ctfonts,,,,regex_match_no_context
case2,regex_baseline,url,utf-16le,117958444,http://www.microsoft.com/typography/fonts/default.aspx,http://www.microsoft.com/typography/fonts/default.aspx,,,,regex_match_no_context
case2,regex_baseline,url,utf-16le,119907728,http://www.microsoft.com/typography,http://www.microsoft.com/typography,,,,regex_match_no_context
case2,regex_baseline,url,utf-16le,120206964,http://fontfabrik.com,http://fontfabrik.com,,,,regex_match_no_context
case2,regex_baseline,url,utf-16le,120300396,http://www.monotypeimaging.com,http://www.monotypeimaging.com,,,,regex_match_no_context
case2,regex_baseline,url,utf-16le,120387712,http://www.founder.com.cn/cn,http://www.founder.com.cn/cn,,,,regex_match_no_context
case2,regex_baseline,url,utf-16le,121704948,http://www.tiro.com,http://www.tiro.com,,,,regex_match_no_context
case2,regex_baseline,url,utf-16le,123320248,http://www.microsoft.com/truetype/fonts/wingdings/,http://www.microsoft.com/truetype/fonts/wingdings,,,,regex_match_no_context
case2,regex_baseline,url,utf-16le,124053724,http://www.agfamonotype.com/html/designer/des_index.html,http://www.agfamonotype.com/html/designer/des_index.html,,,,regex_match_no_context
case2,regex_baseline,url,utf-16le,124053876,http://www.agfamonotype.com,http://www.agfamonotype.com,,,,regex_match_no_context
case2,regex_baseline,url,utf-16le,124057084,http://www.agfamonotype.com/html/type/license.html,http://www.agfamonotype.com/html/type/license.html,,,,regex_match_no_context
case2,regex_baseline,url,utf-16le,125180152,http://www.monotype.com/html/type/license.html,http://www.monotype.com/html/type/license.html,,,,regex_match_no_context
case2,regex_baseline,url,utf-16le,127385744,http://www.sajatypeworks.com,http://www.sajatypeworks.com,,,,regex_match_no_context
case2,regex_baseline,url,utf-16le,127451644,http://www.munchfonts.com,http://www.munchfonts.com,,,,regex_match_no_context
case2,regex_baseline,url,utf-16le,127455080,http://www.monotype.com,http://www.monotype.com,,,,regex_match_no_context
case2,regex_baseline,url,utf-16le,127455728,https://docs.microsoft.com/typography/vendors/,https://docs.microsoft.com/typography/vendors,,,,regex_match_no_context
case2,regex_baseline,url,utf-16le,127489472,http://www.typography.net,http://www.typography.net,,,,regex_match_no_context
case2,regex_baseline,url,utf-16le,127522016,http://www.itcfonts.com,http://www.itcfonts.com,,,,regex_match_no_context
case2,regex_baseline,url,utf-16le,127528160,http://www.itcfonts.com/itc/licensing.html,http://www.itcfonts.com/itc/licensing.html,,,,regex_match_no_context
case2,regex_baseline,url,utf-16le,127751580,http://www.monotype.com/studio,http://www.monotype.com/studio,,,,regex_match_no_context
case2,regex_baseline,url,utf-16le,127751720,http://www.google.com/get/noto/,http://www.google.com/get/noto,,,,regex_match_no_context
case2,regex_baseline,url,utf-16le,127752456,http://scripts.sil.org/OFL,http://scripts.sil.org/OFL,,,,regex_match_no_context
case2,regex_baseline,url,utf-16le,127808464,http://www.carterandcone.com,http://www.carterandcone.com,,,,regex_match_no_context
case2,regex_baseline,url,utf-16le,128049440,http://www.monotype.com/html/mtname/ms_symbol.html,http://www.monotype.com/html/mtname/ms_symbol.html,,,,regex_match_no_context
case2,regex_baseline,url,utf-16le,128052912,http://www.microsoft.com/truetype/,http://www.microsoft.com/truetype,,,,regex_match_no_context
case2,regex_baseline,url,utf-16le,128121016,http://www.fontbureau.com/designers,http://www.fontbureau.com/designers,,,,regex_match_no_context
case2,regex_baseline,url,utf-16le,128122008,http://www.fontbureau.com,http://www.fontbureau.com,,,,regex_match_no_context
case2,regex_baseline,url,utf-16le,128166732,http://www.urwpp.de,http://www.urwpp.de,,,,regex_match_no_context
case2,regex_baseline,url,utf-16le,128460324,http://monotype.com/html/mtname/ms_welcome.html,http://monotype.com/html/mtname/ms_welcome.html,,,,regex_match_no_context
case2,regex_baseline,url,utf-16le,128626056,http://www.fontbureau.com/designers/frere-jones.html,http://www.fontbureau.com/designers/frere-jones.html,,,,regex_match_no_context
case2,regex_baseline,url,utf-16le,128661668,http://www.ascendercorp.com/typedesigners.html,http://www.ascendercorp.com/typedesigners.html,,,,regex_match_no_context
case2,regex_baseline,url,utf-16le,128691464,http://www.fontbureau.com/designers/cabarga.html,http://www.fontbureau.com/designers/cabarga.html,,,,regex_match_no_context
case2,regex_baseline,url,utf-16le,128695476,http://www.galapagosdesign.com/staff/dennis.htm,http://www.galapagosdesign.com/staff/dennis.htm,,,,regex_match_no_context
case2,regex_baseline,url,utf-16le,128698196,http://www.galapagosdesign.com/,http://www.galapagosdesign.com,,,,regex_match_no_context
case2,regex_baseline,url,utf-16le,128707296,http://www.sakkal.com,http://www.sakkal.com,,,,regex_match_no_context
case2,regex_baseline,url,utf-16le,128907400,http://yoonfont.co.kr/,http://yoonfont.co.kr,,,,regex_match_no_context
case2,regex_baseline,url,utf-16le,128927008,http://www.yoondesign.com/license,http://www.yoondesign.com/license,,,,regex_match_no_context
case2,regex_baseline,url,utf-16le,128936856,http://www.hancom.com,http://www.hancom.com,,,,regex_match_no_context
case2,regex_baseline,url,utf-16le,128941972,http://www.yoonfont.co.kr,http://www.yoonfont.co.kr,,,,regex_match_no_context
case2,regex_baseline,url,ascii,141342824,https://mail.google.com/mail/?tab=rm&amp;ogbl,https://mail.google.com/mail?tab=rm&amp;ogbl,,,,regex_match_no_context
case2,regex_baseline,url,ascii,141343007,https://www.google.co.kr/imghp?hl=en&amp;tab=ri&amp;ogbl,https://www.google.co.kr/imghp?hl=en&amp;tab=ri&amp;ogbl,,,,regex_match_no_context
case2,regex_baseline,url,ascii,141343293,https://www.google.co.kr/intl/en/about/products?tab=rh,https://www.google.co.kr/intl/en/about/products?tab=rh,,,,regex_match_no_context
case2,regex_baseline,url,ascii,141344223,https://accounts.google.com/SignOutOptions?hl=en&amp;continue=https://www.google.com%3Fhl%3Den-US,https://accounts.google.com/SignOutOptions?hl=en&amp;continue=https://www.google.com%3Fhl%3Den-US,,,,regex_match_no_context
case2,regex_baseline,url,ascii,141344377,https://lh3.googleusercontent.com/ogw/AAEL6sh7ZG_CA9O7V48FkZ6Y2KRZQqlG7EAgg8ZJXar-=s32-c-mo,https://lh3.googleusercontent.com/ogw/AAEL6sh7ZG_CA9O7V48FkZ6Y2KRZQqlG7EAgg8ZJXar-=s32-c-mo,,,,regex_match_no_context
case2,regex_baseline,url,ascii,141344574,https://lh3.googleusercontent.com/ogw/AAEL6sh7ZG_CA9O7V48FkZ6Y2KRZQqlG7EAgg8ZJXar-=s64-c-mo,https://lh3.googleusercontent.com/ogw/AAEL6sh7ZG_CA9O7V48FkZ6Y2KRZQqlG7EAgg8ZJXar-=s64-c-mo,,,,regex_match_no_context
case2,regex_baseline,url,ascii,141345167,https://id.google.com/verify/AFEi1d9NWp77hwLY4VTxdMlLrSUSphJJ6H0IpzlsMVtRqbb8sjBNW60Pj0QlovkJbgPRw4C71DwOEKdPJxSXjyXyS3fwh10kl_7G7V5_oqpqiQ,https://id.google.com/verify/AFEi1d9NWp77hwLY4VTxdMlLrSUSphJJ6H0IpzlsMVtRqbb8sjBNW60Pj0QlovkJbgPRw4C71DwOEKdPJxSXjyXyS3fwh10kl_7G7V5_oqpqiQ,,,,regex_match_no_context
case2,regex_baseline,url,ascii,143055177,https://www.google.com/webhp?authuser=$authuser,https://www.google.com/webhp?authuser=$authuser,,,,regex_match_no_context
case2,regex_baseline,url,ascii,143055244,https://accounts.google.com/ListAccounts?listPages=0,https://accounts.google.com/ListAccounts?listPages=0,,,,regex_match_no_context
case2,regex_baseline,url,ascii,143055463,https://accounts.google.com/AccountChooser?source=ogb,https://accounts.google.com/AccountChooser?source=ogb,,,,regex_match_no_context
case2,regex_baseline,url,ascii,143055577,https://accounts.google.com/RemoveLocalAccount?source=ogb,https://accounts.google.com/RemoveLocalAccount?source=ogb,,,,regex_match_no_context
case2,regex_baseline,url,ascii,143056604,"https://www.gstatic.com/og/_/js/k=og.qtm.en_US.JZ1SWk75YAo.2019.O/rt=j/m=qgl,q_dnp,qmd,qcwid,qbd,qapid,qald/exm=qaaw,qabr,qadd,qaid,qalo,qebr,qein,qhaw,qhba,qhbr,qhch,qhga,qhid,qhin,qhlo,qhmn,qhpc,qhpr,qhsf,qhtt/d=1/ed=1/rs=AA2YrTs2lQe5Oj6MZijJ4TK2wWIcsU4vFQ","https://www.gstatic.com/og/_/js/k=og.qtm.en_US.JZ1SWk75YAo.2019.O/rt=j/m=qgl,q_dnp,qmd,qcwid,qbd,qapid,qald/exm=qaaw,qabr,qadd,qaid,qalo,qebr,qein,qhaw,qhba,qhbr,qhch,qhga,qhid,qhin,qhlo,qhmn,qhpc,qhpr,qhsf,qhtt/d=1/ed=1/rs=AA2YrTs2lQe5Oj6MZijJ4TK2wWIcsU4vFQ",,,,regex_match_no_context
case2,regex_baseline,url,ascii,143056882,"https://www.gstatic.com/og/_/ss/k=og.qtm.VplR4dVtR3g.L.W.O/m=qmd,qcwid/excm=qaaw,qabr,qadd,qaid,qalo,qebr,qein,qhaw,qhba,qhbr,qhch,qhga,qhid,qhin,qhlo,qhmn,qhpc,qhpr,qhsf,qhtt/d=1/ed=1/ct=zgms/rs=AA2YrTuPFVLfy2PFYoHA_n_lgU8jR3OeOw","https://www.gstatic.com/og/_/ss/k=og.qtm.VplR4dVtR3g.L.W.O/m=qmd,qcwid/excm=qaaw,qabr,qadd,qaid,qalo,qebr,qein,qhaw,qhba,qhbr,qhch,qhga,qhid,qhin,qhlo,qhmn,qhpc,qhpr,qhsf,qhtt/d=1/ed=1/ct=zgms/rs=AA2YrTuPFVLfy2PFYoHA_n_lgU8jR3OeOw",,,,regex_match_no_context
case2,regex_baseline,url,ascii,143057161,https://ogs.google.com/u/0/widget/app,https://ogs.google.com/u/0/widget/app,,,,regex_match_no_context
case2,regex_baseline,url,ascii,143057539,https://ogs.google.com/u/0/widget/account?amf=1,https://ogs.google.com/u/0/widget/account?amf=1,,,,regex_match_no_context
case2,regex_baseline,url,ascii,143057644,https://accounts.google.com/SignOutOptions?hl=en,https://accounts.google.com/SignOutOptions?hl=en,,,,regex_match_no_context
case2,regex_baseline,url,ascii,143057707,https://www.google.com%3Fhl%3Den-US,https://www.google.com%3fhl%3den-us,,,,regex_match_no_context
case2,regex_baseline,url,ascii,143058114,https://accounts.google.com/AddSession?hl=en,https://accounts.google.com/AddSession?hl=en,,,,regex_match_no_context
case2,regex_baseline,url,ascii,143058227,https://accounts.google.com/Logout?hl=en,https://accounts.google.com/Logout?hl=en,,,,regex_match_no_context
case2,regex_baseline,url,ascii,144027435,https://www.gstatic.com/images/icons/material/system/1x/search_black_24dp.png,https://www.gstatic.com/images/icons/material/system/1x/search_black_24dp.png,,,,regex_match_no_context
case2,regex_baseline,url,ascii,144029610,https://www.gstatic.com/images/icons/material/system/1x/broken_image_grey600_18dp.png,https://www.gstatic.com/images/icons/material/system/1x/broken_image_grey600_18dp.png,,,,regex_match_no_context
case2,regex_baseline,url,ascii,144029802,https://www.gstatic.com/images/icons/material/system/2x/broken_image_grey600_18dp.png,https://www.gstatic.com/images/icons/material/system/2x/broken_image_grey600_18dp.png,,,,regex_match_no_context
case2,regex_baseline,url,ascii,144751220,https://www.googleapis.com/auth/photos.firstparty.readonly,https://www.googleapis.com/auth/photos.firstparty.readonly,,,,regex_match_no_context
case2,regex_baseline,url,ascii,144756212,https://www.googleapis.com/auth/photos.image.readonly,https://www.googleapis.com/auth/photos.image.readonly,,,,regex_match_no_context
case2,regex_baseline,url,ascii,147395924,https://ogs.google.com/_/OneGoogleWidgetUi/cspreport,https://ogs.google.com/_/OneGoogleWidgetUi/cspreport,,,,regex_match_no_context
case2,regex_baseline,url,ascii,147398484,https://ogs.google.com/_/OneGoogleWidgetUi/cspreport/allowlist,https://ogs.google.com/_/OneGoogleWidgetUi/cspreport/allowlist,,,,regex_match_no_context
case2,regex_baseline,url,ascii,150662516,https://optimizationguide-pa.googleapis.com/v1:GetModels?key=dummytoken,https://optimizationguide-pa.googleapis.com/v1:GetModels?key=dummytoken,,,,regex_match_no_context
case2,regex_baseline,url,ascii,160101716,http://dns-tunnel-check.googlezip.net/connect,http://dns-tunnel-check.googlezip.net/connect,,,,regex_match_no_context
case2,regex_baseline,url,ascii,181140788,https://www.google.com/async/newtab_promos,https://www.google.com/async/newtab_promos,,,,regex_match_no_context
case2,regex_baseline,url,utf-16le,183807940,http://forensic.korea.ac.kr/dfwiki/index.php/,http://forensic.korea.ac.kr/dfwiki/index.php,,,,regex_match_no_context
case2,regex_baseline,url,utf-16le,183898084,https://bit.ly/2mbojqk,https://bit.ly/2mbojqk,,,,regex_match_no_context
case2,regex_baseline,url,utf-16le,184076228,https://en.wikipedia.org/wiki/main_page,https://en.wikipedia.org/wiki/main_page,,,,regex_match_no_context
case2,regex_baseline,url,ascii,193471911,https://crashpad.chromium.org/,https://crashpad.chromium.org,,,,regex_match_no_context
case2,regex_baseline,url,ascii,193471942,https://crashpad.chromium.org/bug/new,https://crashpad.chromium.org/bug/new,,,,regex_match_no_context
case2,regex_baseline,url,ascii,222938524,https://sp.ask.com/sh/i/a16/favicon/favicon.ico,https://sp.ask.com/sh/i/a16/favicon/favicon.ico,,,,regex_match_no_context
case2,regex_baseline,url,ascii,222938572,https://www.ask.com/web?q=,https://www.ask.com/web?q=,,,,regex_match_no_context
case2,regex_baseline,url,ascii,222938618,https://lss.sse-iacapps.com/query?q=,https://lss.sse-iacapps.com/query?q=,,,,regex_match_no_context
case2,regex_baseline,url,ascii,222938700,https://www.baidu.com/favicon.ico,https://www.baidu.com/favicon.ico,,,,regex_match_no_context
case2,regex_baseline,url,ascii,222938734,https://www.baidu.com/#ie=,https://www.baidu.com,,,,regex_match_no_context
case2,regex_baseline,url,ascii,222938793,https://suggestion.baidu.com/su?wd=,https://suggestion.baidu.com/su?wd=,,,,regex_match_no_context
case2,regex_baseline,url,ascii,222939300,https://coccoc.com/favicon.ico,https://coccoc.com/favicon.ico,,,,regex_match_no_context
case2,regex_baseline,url,ascii,222939331,https://coccoc.com/search#query=,https://coccoc.com/search,,,,regex_match_no_context
case2,regex_baseline,url,ascii,222939630,https://duckduckgo.com/favicon.ico,https://duckduckgo.com/favicon.ico,,,,regex_match_no_context
case2,regex_baseline,url,ascii,222939665,https://duckduckgo.com/?q=,https://duckduckgo.com?q=,,,,regex_match_no_context
case2,regex_baseline,url,ascii,222939705,https://duckduckgo.com/ac/?q=,https://duckduckgo.com/ac?q=,,,,regex_match_no_context
case2,regex_baseline,url,ascii,222939758,https://duckduckgo.com/chrome_newtab,https://duckduckgo.com/chrome_newtab,,,,regex_match_no_context
case2,regex_baseline,url,ascii,222939832,https://cdn.ecosia.org/assets/images/ico/favicon.ico,https://cdn.ecosia.org/assets/images/ico/favicon.ico,,,,regex_match_no_context
case2,regex_baseline,url,ascii,222939885,https://www.ecosia.org/search?q=,https://www.ecosia.org/search?q=,,,,regex_match_no_context
case2,regex_baseline,url,ascii,222939948,https://ac.ecosia.org/autocomplete?q=,https://ac.ecosia.org/autocomplete?q=,,,,regex_match_no_context
case2,regex_baseline,url,ascii,222940009,https://www.ecosia.org/newtab/,https://www.ecosia.org/newtab,,,,regex_match_no_context
case2,regex_baseline,url,ascii,222941348,https://go.imgsmail.ru/favicon.ico,https://go.imgsmail.ru/favicon.ico,,,,regex_match_no_context
case2,regex_baseline,url,ascii,222941383,https://go.mail.ru/search?q=,https://go.mail.ru/search?q=,,,,regex_match_no_context
case2,regex_baseline,url,ascii,222941459,https://suggests.go.mail.ru/chrome?q=,https://suggests.go.mail.ru/chrome?q=,,,,regex_match_no_context
case2,regex_baseline,url,ascii,222941510,https://go.mail.ru/chrome/newtab/,https://go.mail.ru/chrome/newtab,,,,regex_match_no_context
case2,regex_baseline,url,ascii,222941880,https://search-static-dre.dbankcdn.com/pc/v1/favicon.ico,https://search-static-dre.dbankcdn.com/pc/v1/favicon.ico,,,,regex_match_no_context
case2,regex_baseline,url,ascii,222941937,https://petalsearch.com/search?query=,https://petalsearch.com/search?query=,,,,regex_match_no_context
case2,regex_baseline,url,ascii,222942020,https://www.qwant.com/favicon.ico,https://www.qwant.com/favicon.ico,,,,regex_match_no_context
case2,regex_baseline,url,ascii,222942054,https://www.qwant.com/?q=,https://www.qwant.com?q=,,,,regex_match_no_context
case2,regex_baseline,url,ascii,222942111,https://api.qwant.com/api/suggest/?q=,https://api.qwant.com/api/suggest?q=,,,,regex_match_no_context
case2,regex_baseline,url,ascii,222942214,https://search.seznam.cz/favicon.ico,https://search.seznam.cz/favicon.ico,,,,regex_match_no_context
case2,regex_baseline,url,ascii,222942251,https://search.seznam.cz/?q=,https://search.seznam.cz?q=,,,,regex_match_no_context
case2,regex_baseline,url,ascii,222942293,https://suggest.seznam.cz/fulltext_ff?phrase=,https://suggest.seznam.cz/fulltext_ff?phrase=,,,,regex_match_no_context
case2,regex_baseline,url,ascii,222942372,https://search.seznam.sk/favicon.ico,https://search.seznam.sk/favicon.ico,,,,regex_match_no_context
case2,regex_baseline,url,ascii,222942409,https://search.seznam.sk/?q=,https://search.seznam.sk?q=,,,,regex_match_no_context
case2,regex_baseline,url,ascii,222942451,https://suggest.seznam.sk/fulltext_ff?phrase=,https://suggest.seznam.sk/fulltext_ff?phrase=,,,,regex_match_no_context
case2,regex_baseline,url,ascii,222942532,https://www.so.com/favicon.ico,https://www.so.com/favicon.ico,,,,regex_match_no_context
case2,regex_baseline,url,ascii,222942563,https://www.so.com/s?ie=,https://www.so.com/s?ie=,,,,regex_match_no_context
case2,regex_baseline,url,ascii,222942619,https://sug.so.360.cn/suggest?encodein=,https://sug.so.360.cn/suggest?encodein=,,,,regex_match_no_context
case2,regex_baseline,url,ascii,222942764,https://www.sogou.com/images/logo/old/favicon.ico,https://www.sogou.com/images/logo/old/favicon.ico,,,,regex_match_no_context
case2,regex_baseline,url,ascii,222942814,https://www.sogou.com/web?ie=,https://www.sogou.com/web?ie=,,,,regex_match_no_context
case2,regex_baseline,url,ascii,222942879,https://sugg.sogou.com/sugg/ajaj_json.jsp?type=addrbar&key=,https://sugg.sogou.com/sugg/ajaj_json.jsp?type=addrbar&key=,,,,regex_match_no_context
case2,regex_baseline,url,ascii,222943344,https://ar.search.yahoo.com/favicon.ico,https://ar.search.yahoo.com/favicon.ico,,,,regex_match_no_context
case2,regex_baseline,url,ascii,222943384,https://ar.search.yahoo.com/search,https://ar.search.yahoo.com/search,,,,regex_match_no_context
case2,regex_baseline,url,ascii,222943484,https://ar.search.yahoo.com/sugg/chrome?output=fxjson&appid=crmas&command=,https://ar.search.yahoo.com/sugg/chrome?output=fxjson&appid=crmas&command=,,,,regex_match_no_context
case2,regex_baseline,url,ascii,222943634,https://at.search.yahoo.com/favicon.ico,https://at.search.yahoo.com/favicon.ico,,,,regex_match_no_context
case2,regex_baseline,url,ascii,222943674,https://at.search.yahoo.com/search,https://at.search.yahoo.com/search,,,,regex_match_no_context
case2,regex_baseline,url,ascii,222943774,https://at.search.yahoo.com/sugg/chrome?output=fxjson&appid=crmas&command=,https://at.search.yahoo.com/sugg/chrome?output=fxjson&appid=crmas&command=,,,,regex_match_no_context
case2,regex_baseline,url,ascii,222943904,https://au.search.yahoo.com/favicon.ico,https://au.search.yahoo.com/favicon.ico,,,,regex_match_no_context
case2,regex_baseline,url,ascii,222943944,https://au.search.yahoo.com/search,https://au.search.yahoo.com/search,,,,regex_match_no_context
case2,regex_baseline,url,ascii,222944044,https://au.search.yahoo.com/sugg/chrome?output=fxjson&appid=crmas&command=,https://au.search.yahoo.com/sugg/chrome?output=fxjson&appid=crmas&command=,,,,regex_match_no_context
case2,regex_baseline,url,ascii,222944186,https://br.search.yahoo.com/favicon.ico,https://br.search.yahoo.com/favicon.ico,,,,regex_match_no_context
case2,regex_baseline,url,ascii,222944226,https://br.search.yahoo.com/search,https://br.search.yahoo.com/search,,,,regex_match_no_context
case2,regex_baseline,url,ascii,222944326,https://br.search.yahoo.com/sugg/chrome?output=fxjson&appid=crmas&command=,https://br.search.yahoo.com/sugg/chrome?output=fxjson&appid=crmas&command=,,,,regex_match_no_context
case2,regex_baseline,url,ascii,222944468,https://ca.search.yahoo.com/favicon.ico,https://ca.search.yahoo.com/favicon.ico,,,,regex_match_no_context
case2,regex_baseline,url,ascii,222944508,https://ca.search.yahoo.com/search,https://ca.search.yahoo.com/search,,,,regex_match_no_context
case2,regex_baseline,url,ascii,222944608,https://ca.search.yahoo.com/sugg/chrome?output=fxjson&appid=crmas&command=,https://ca.search.yahoo.com/sugg/chrome?output=fxjson&appid=crmas&command=,,,,regex_match_no_context
case2,regex_baseline,url,ascii,222944752,https://ch.search.yahoo.com/favicon.ico,https://ch.search.yahoo.com/favicon.ico,,,,regex_match_no_context
case2,regex_baseline,url,ascii,222944792,https://ch.search.yahoo.com/search,https://ch.search.yahoo.com/search,,,,regex_match_no_context
case2,regex_baseline,url,ascii,222944892,https://ch.search.yahoo.com/sugg/chrome?output=fxjson&appid=crmas&command=,https://ch.search.yahoo.com/sugg/chrome?output=fxjson&appid=crmas&command=,,,,regex_match_no_context
case2,regex_baseline,url,ascii,222945032,https://cl.search.yahoo.com/favicon.ico,https://cl.search.yahoo.com/favicon.ico,,,,regex_match_no_context
case2,regex_baseline,url,ascii,222945072,https://cl.search.yahoo.com/search,https://cl.search.yahoo.com/search,,,,regex_match_no_context
case2,regex_baseline,url,ascii,222945172,https://cl.search.yahoo.com/sugg/chrome?output=fxjson&appid=crmas&command=,https://cl.search.yahoo.com/sugg/chrome?output=fxjson&appid=crmas&command=,,,,regex_match_no_context
case2,regex_baseline,url,ascii,222945318,https://co.search.yahoo.com/favicon.ico,https://co.search.yahoo.com/favicon.ico,,,,regex_match_no_context
case2,regex_baseline,url,ascii,222945358,https://co.search.yahoo.com/search,https://co.search.yahoo.com/search,,,,regex_match_no_context
case2,regex_baseline,url,ascii,222945458,https://co.search.yahoo.com/sugg/chrome?output=fxjson&appid=crmas&command=,https://co.search.yahoo.com/sugg/chrome?output=fxjson&appid=crmas&command=,,,,regex_match_no_context
case2,regex_baseline,url,ascii,222945610,https://de.search.yahoo.com/favicon.ico,https://de.search.yahoo.com/favicon.ico,,,,regex_match_no_context
case2,regex_baseline,url,ascii,222945650,https://de.search.yahoo.com/search,https://de.search.yahoo.com/search,,,,regex_match_no_context
case2,regex_baseline,url,ascii,222945750,https://de.search.yahoo.com/sugg/chrome?output=fxjson&appid=crmas&command=,https://de.search.yahoo.com/sugg/chrome?output=fxjson&appid=crmas&command=,,,,regex_match_no_context
case2,regex_baseline,url,ascii,222945894,https://dk.search.yahoo.com/favicon.ico,https://dk.search.yahoo.com/favicon.ico,,,,regex_match_no_context
case2,regex_baseline,url,ascii,222945934,https://dk.search.yahoo.com/search,https://dk.search.yahoo.com/search,,,,regex_match_no_context
case2,regex_baseline,url,ascii,222946088,https://es.search.yahoo.com/favicon.ico,https://es.search.yahoo.com/favicon.ico,,,,regex_match_no_context
case2,regex_baseline,url,ascii,222946128,https://es.search.yahoo.com/search,https://es.search.yahoo.com/search,,,,regex_match_no_context
case2,regex_baseline,url,ascii,222946228,https://es.search.yahoo.com/sugg/chrome?output=fxjson&appid=crmas&command=,https://es.search.yahoo.com/sugg/chrome?output=fxjson&appid=crmas&command=,,,,regex_match_no_context
case2,regex_baseline,url,ascii,222946368,https://fi.search.yahoo.com/favicon.ico,https://fi.search.yahoo.com/favicon.ico,,,,regex_match_no_context
case2,regex_baseline,url,ascii,222946408,https://fi.search.yahoo.com/search,https://fi.search.yahoo.com/search,,,,regex_match_no_context
case2,regex_baseline,url,ascii,222946562,https://fr.search.yahoo.com/favicon.ico,https://fr.search.yahoo.com/favicon.ico,,,,regex_match_no_context
case2,regex_baseline,url,ascii,222946602,https://fr.search.yahoo.com/search,https://fr.search.yahoo.com/search,,,,regex_match_no_context
case2,regex_baseline,url,ascii,222946702,https://fr.search.yahoo.com/sugg/chrome?output=fxjson&appid=crmas&command=,https://fr.search.yahoo.com/sugg/chrome?output=fxjson&appid=crmas&command=,,,,regex_match_no_context
case2,regex_baseline,url,ascii,222946850,https://hk.search.yahoo.com/favicon.ico,https://hk.search.yahoo.com/favicon.ico,,,,regex_match_no_context
case2,regex_baseline,url,ascii,222946890,https://hk.search.yahoo.com/search,https://hk.search.yahoo.com/search,,,,regex_match_no_context
case2,regex_baseline,url,ascii,222946990,https://hk.search.yahoo.com/sugg/chrome?output=fxjson&appid=crmas&command=,https://hk.search.yahoo.com/sugg/chrome?output=fxjson&appid=crmas&command=,,,,regex_match_no_context
case2,regex_baseline,url,ascii,222947138,https://id.search.yahoo.com/favicon.ico,https://id.search.yahoo.com/favicon.ico,,,,regex_match_no_context
case2,regex_baseline,url,ascii,222947178,https://id.search.yahoo.com/search,https://id.search.yahoo.com/search,,,,regex_match_no_context
case2,regex_baseline,url,ascii,222947278,https://id.search.yahoo.com/sugg/chrome?output=fxjson&appid=crmas&command=,https://id.search.yahoo.com/sugg/chrome?output=fxjson&appid=crmas&command=,,,,regex_match_no_context
case2,regex_baseline,url,ascii,222947418,https://in.search.yahoo.com/favicon.ico,https://in.search.yahoo.com/favicon.ico,,,,regex_match_no_context
case2,regex_baseline,url,ascii,222947458,https://in.search.yahoo.com/search,https://in.search.yahoo.com/search,,,,regex_match_no_context
case2,regex_baseline,url,ascii,222947558,https://in.search.yahoo.com/sugg/chrome?output=fxjson&appid=crmas&command=,https://in.search.yahoo.com/sugg/chrome?output=fxjson&appid=crmas&command=,,,,regex_match_no_context
case2,regex_baseline,url,ascii,222947696,https://search.yahoo.co.jp/favicon.ico,https://search.yahoo.co.jp/favicon.ico,,,,regex_match_no_context
case2,regex_baseline,url,ascii,222947735,https://search.yahoo.co.jp/search,https://search.yahoo.co.jp/search,,,,regex_match_no_context
case2,regex_baseline,url,ascii,222947834,https://search.yahooapis.jp/AssistSearchService/V2/webassistSearch?p=,https://search.yahooapis.jp/AssistSearchService/V2/webassistSearch?p=,,,,regex_match_no_context
case2,regex_baseline,url,ascii,222948070,https://mx.search.yahoo.com/favicon.ico,https://mx.search.yahoo.com/favicon.ico,,,,regex_match_no_context
case2,regex_baseline,url,ascii,222948110,https://mx.search.yahoo.com/search,https://mx.search.yahoo.com/search,,,,regex_match_no_context
case2,regex_baseline,url,ascii,222948210,https://mx.search.yahoo.com/sugg/chrome?output=fxjson&appid=crmas&command=,https://mx.search.yahoo.com/sugg/chrome?output=fxjson&appid=crmas&command=,,,,regex_match_no_context
case2,regex_baseline,url,ascii,222948368,https://malaysia.search.yahoo.com/favicon.ico,https://malaysia.search.yahoo.com/favicon.ico,,,,regex_match_no_context
case2,regex_baseline,url,ascii,222948414,https://malaysia.search.yahoo.com/search,https://malaysia.search.yahoo.com/search,,,,regex_match_no_context
case2,regex_baseline,url,ascii,222948520,https://malaysia.search.yahoo.com/sugg/chrome?output=fxjson&appid=crmas&command=,https://malaysia.search.yahoo.com/sugg/chrome?output=fxjson&appid=crmas&command=,,,,regex_match_no_context
case2,regex_baseline,url,ascii,222948674,https://nl.search.yahoo.com/favicon.ico,https://nl.search.yahoo.com/favicon.ico,,,,regex_match_no_context
case2,regex_baseline,url,ascii,222948714,https://nl.search.yahoo.com/search,https://nl.search.yahoo.com/search,,,,regex_match_no_context
case2,regex_baseline,url,ascii,222948814,https://nl.search.yahoo.com/sugg/chrome?output=fxjson&appid=crmas&command=,https://nl.search.yahoo.com/sugg/chrome?output=fxjson&appid=crmas&command=,,,,regex_match_no_context
case2,regex_baseline,url,ascii,222948966,https://nz.search.yahoo.com/favicon.ico,https://nz.search.yahoo.com/favicon.ico,,,,regex_match_no_context
case2,regex_baseline,url,ascii,222949006,https://nz.search.yahoo.com/search,https://nz.search.yahoo.com/search,,,,regex_match_no_context
case2,regex_baseline,url,ascii,222949106,https://nz.search.yahoo.com/sugg/chrome?output=fxjson&appid=crmas&command=,https://nz.search.yahoo.com/sugg/chrome?output=fxjson&appid=crmas&command=,,,,regex_match_no_context
case2,regex_baseline,url,ascii,222949244,https://pe.search.yahoo.com/favicon.ico,https://pe.search.yahoo.com/favicon.ico,,,,regex_match_no_context
case2,regex_baseline,url,ascii,222949284,https://pe.search.yahoo.com/search,https://pe.search.yahoo.com/search,,,,regex_match_no_context
case2,regex_baseline,url,ascii,222949384,https://pe.search.yahoo.com/sugg/chrome?output=fxjson&appid=crmas&command=,https://pe.search.yahoo.com/sugg/chrome?output=fxjson&appid=crmas&command=,,,,regex_match_no_context
case2,regex_baseline,url,ascii,222949536,https://ph.search.yahoo.com/favicon.ico,https://ph.search.yahoo.com/favicon.ico,,,,regex_match_no_context
case2,regex_baseline,url,ascii,222949576,https://ph.search.yahoo.com/search,https://ph.search.yahoo.com/search,,,,regex_match_no_context
case2,regex_baseline,url,ascii,222949676,https://ph.search.yahoo.com/sugg/chrome?output=fxjson&appid=crmas&command=,https://ph.search.yahoo.com/sugg/chrome?output=fxjson&appid=crmas&command=,,,,regex_match_no_context
case2,regex_baseline,url,ascii,222949820,https://se.search.yahoo.com/favicon.ico,https://se.search.yahoo.com/favicon.ico,,,,regex_match_no_context
case2,regex_baseline,url,ascii,222949860,https://se.search.yahoo.com/search,https://se.search.yahoo.com/search,,,,regex_match_no_context
case2,regex_baseline,url,ascii,222950020,https://sg.search.yahoo.com/favicon.ico,https://sg.search.yahoo.com/favicon.ico,,,,regex_match_no_context
case2,regex_baseline,url,ascii,222950060,https://sg.search.yahoo.com/search,https://sg.search.yahoo.com/search,,,,regex_match_no_context
case2,regex_baseline,url,ascii,222950160,https://sg.search.yahoo.com/sugg/chrome?output=fxjson&appid=crmas&command=,https://sg.search.yahoo.com/sugg/chrome?output=fxjson&appid=crmas&command=,,,,regex_match_no_context
case2,regex_baseline,url,ascii,222950308,https://th.search.yahoo.com/favicon.ico,https://th.search.yahoo.com/favicon.ico,,,,regex_match_no_context
case2,regex_baseline,url,ascii,222950348,https://th.search.yahoo.com/search,https://th.search.yahoo.com/search,,,,regex_match_no_context
case2,regex_baseline,url,ascii,222950448,https://th.search.yahoo.com/sugg/chrome?output=fxjson&appid=crmas&command=,https://th.search.yahoo.com/sugg/chrome?output=fxjson&appid=crmas&command=,,,,regex_match_no_context
case2,regex_baseline,url,ascii,222950592,https://tr.search.yahoo.com/favicon.ico,https://tr.search.yahoo.com/favicon.ico,,,,regex_match_no_context
case2,regex_baseline,url,ascii,222950632,https://tr.search.yahoo.com/search,https://tr.search.yahoo.com/search,,,,regex_match_no_context
case2,regex_baseline,url,ascii,222950776,https://tw.search.yahoo.com/favicon.ico,https://tw.search.yahoo.com/favicon.ico,,,,regex_match_no_context
case2,regex_baseline,url,ascii,222950816,https://tw.search.yahoo.com/search,https://tw.search.yahoo.com/search,,,,regex_match_no_context
case2,regex_baseline,url,ascii,222950916,https://tw.search.yahoo.com/sugg/chrome?output=fxjson&appid=crmas&command=,https://tw.search.yahoo.com/sugg/chrome?output=fxjson&appid=crmas&command=,,,,regex_match_no_context
case2,regex_baseline,url,ascii,222951070,https://uk.search.yahoo.com/favicon.ico,https://uk.search.yahoo.com/favicon.ico,,,,regex_match_no_context
case2,regex_baseline,url,ascii,222951110,https://uk.search.yahoo.com/search,https://uk.search.yahoo.com/search,,,,regex_match_no_context
case2,regex_baseline,url,ascii,222951210,https://uk.search.yahoo.com/sugg/chrome?output=fxjson&appid=crmas&command=,https://uk.search.yahoo.com/sugg/chrome?output=fxjson&appid=crmas&command=,,,,regex_match_no_context
case2,regex_baseline,url,ascii,222951358,https://ve.search.yahoo.com/favicon.ico,https://ve.search.yahoo.com/favicon.ico,,,,regex_match_no_context
case2,regex_baseline,url,ascii,222951398,https://ve.search.yahoo.com/search,https://ve.search.yahoo.com/search,,,,regex_match_no_context
case2,regex_baseline,url,ascii,222951498,https://ve.search.yahoo.com/sugg/chrome?output=fxjson&appid=crmas&command=,https://ve.search.yahoo.com/sugg/chrome?output=fxjson&appid=crmas&command=,,,,regex_match_no_context
case2,regex_baseline,url,ascii,222951644,https://vn.search.yahoo.com/favicon.ico,https://vn.search.yahoo.com/favicon.ico,,,,regex_match_no_context
case2,regex_baseline,url,ascii,222951684,https://vn.search.yahoo.com/search,https://vn.search.yahoo.com/search,,,,regex_match_no_context
case2,regex_baseline,url,ascii,222951784,https://vn.search.yahoo.com/sugg/chrome?output=fxjson&appid=crmas&command=,https://vn.search.yahoo.com/sugg/chrome?output=fxjson&appid=crmas&command=,,,,regex_match_no_context
case2,regex_baseline,url,ascii,222951906,https://yastatic.net/lego/_/pDu9OWAQKB0s2J9IojKpiS_Eho.ico,https://yastatic.net/lego/_/pDu9OWAQKB0s2J9IojKpiS_Eho.ico,,,,regex_match_no_context
case2,regex_baseline,url,ascii,222951965,https://yandex.by/,https://yandex.by,,,,regex_match_no_context
case2,regex_baseline,url,ascii,222952022,https://suggest.yandex.by/suggest-ff.cgi?part=,https://suggest.yandex.by/suggest-ff.cgi?part=,,,,regex_match_no_context
case2,regex_baseline,url,ascii,222952106,https://yandex.by/images/search/?rpt=imageview,https://yandex.by/images/search?rpt=imageview,,,,regex_match_no_context
case2,regex_baseline,url,ascii,222952153,https://www.yandex.by/chrome/newtab,https://www.yandex.by/chrome/newtab,,,,regex_match_no_context
case2,regex_baseline,url,ascii,222952189,https://storage.ape.yandex.net/get/browser/Doodles/yandex/drawable-xxhdpi/yandex.png,https://storage.ape.yandex.net/get/browser/Doodles/yandex/drawable-xxhdpi/yandex.png,,,,regex_match_no_context
case2,regex_baseline,url,ascii,222952436,https://yastatic.net/lego/_/rBTjd6UOPk5913OSn5ZQVYMTQWQ.ico,https://yastatic.net/lego/_/rBTjd6UOPk5913OSn5ZQVYMTQWQ.ico,,,,regex_match_no_context
case2,regex_baseline,url,ascii,222952496,https://yandex.com/search/?text=,https://yandex.com/search?text=,,,,regex_match_no_context
case2,regex_baseline,url,ascii,222952563,https://suggest.yandex.com/suggest-ff.cgi?part=,https://suggest.yandex.com/suggest-ff.cgi?part=,,,,regex_match_no_context
case2,regex_baseline,url,ascii,222952664,https://yandex.com/images/search?rpt=imageview,https://yandex.com/images/search?rpt=imageview,,,,regex_match_no_context
case2,regex_baseline,url,ascii,222952732,https://yandex.kz/,https://yandex.kz,,,,regex_match_no_context
case2,regex_baseline,url,ascii,222952789,https://suggest.yandex.kz/suggest-ff.cgi?part=,https://suggest.yandex.kz/suggest-ff.cgi?part=,,,,regex_match_no_context
case2,regex_baseline,url,ascii,222952873,https://yandex.kz/images/search/?rpt=imageview,https://yandex.kz/images/search?rpt=imageview,,,,regex_match_no_context
case2,regex_baseline,url,ascii,222952920,https://www.yandex.kz/chrome/newtab,https://www.yandex.kz/chrome/newtab,,,,regex_match_no_context
case2,regex_baseline,url,ascii,222953053,https://suggest.yandex.ru/suggest-ff.cgi?part=,https://suggest.yandex.ru/suggest-ff.cgi?part=,,,,regex_match_no_context
case2,regex_baseline,url,ascii,222953137,https://yandex.ru/images/search/?rpt=imageview,https://yandex.ru/images/search?rpt=imageview,,,,regex_match_no_context
case2,regex_baseline,url,ascii,222953184,https://www.yandex.ru/chrome/newtab,https://www.yandex.ru/chrome/newtab,,,,regex_match_no_context
case2,regex_baseline,url,ascii,222953248,https://www.yandex.com.tr/,https://www.yandex.com.tr,,,,regex_match_no_context
case2,regex_baseline,url,ascii,222953313,https://suggest.yandex.com.tr/suggest-ff.cgi?part=,https://suggest.yandex.com.tr/suggest-ff.cgi?part=,,,,regex_match_no_context
case2,regex_baseline,url,ascii,222953401,https://yandex.com.tr/gorsel/search?rpt=imageview,https://yandex.com.tr/gorsel/search?rpt=imageview,,,,regex_match_no_context
case2,regex_baseline,url,ascii,222953451,https://www.yandex.com.tr/chrome/newtab,https://www.yandex.com.tr/chrome/newtab,,,,regex_match_no_context
case2,regex_baseline,url,ascii,222953512,https://yandex.ua/,https://yandex.ua,,,,regex_match_no_context
case2,regex_baseline,url,ascii,222953569,https://suggest.yandex.ua/suggest-ff.cgi?part=,https://suggest.yandex.ua/suggest-ff.cgi?part=,,,,regex_match_no_context
case2,regex_baseline,url,ascii,222953653,https://yandex.ua/images/search/?rpt=imageview,https://yandex.ua/images/search?rpt=imageview,,,,regex_match_no_context
case2,regex_baseline,url,ascii,222953700,https://www.yandex.ua/chrome/newtab,https://www.yandex.ua/chrome/newtab,,,,regex_match_no_context
case2,regex_baseline,url,ascii,222953772,https://searchatlas.centrum.cz/favicon.ico,https://searchatlas.centrum.cz/favicon.ico,,,,regex_match_no_context
case2,regex_baseline,url,ascii,222953815,https://searchatlas.centrum.cz/?q=,https://searchatlas.centrum.cz?q=,,,,regex_match_no_context
case2,regex_baseline,url,ascii,222953863,http://radce.centrum.cz/?q=,http://radce.centrum.cz?q=,,,,regex_match_no_context
case2,regex_baseline,url,ascii,222953946,http://static.mediacentrum.sk/katalog/atlas.sk/images/favicon.ico,http://static.mediacentrum.sk/katalog/atlas.sk/images/favicon.ico,,,,regex_match_no_context
case2,regex_baseline,url,ascii,222954012,https://hladaj.atlas.sk/fulltext/?phrase=,https://hladaj.atlas.sk/fulltext?phrase=,,,,regex_match_no_context
case2,regex_baseline,url,ascii,222954106,http://search.avg.com/favicon.ico,http://search.avg.com/favicon.ico,,,,regex_match_no_context
case2,regex_baseline,url,ascii,222954140,http://search.avg.com/search?q=,http://search.avg.com/search?q=,,,,regex_match_no_context
case2,regex_baseline,url,ascii,222954240,http://search.babylon.com/favicon.ico,http://search.babylon.com/favicon.ico,,,,regex_match_no_context
case2,regex_baseline,url,ascii,222954278,http://search.babylon.com/home?q=,http://search.babylon.com/home?q=,,,,regex_match_no_context
case2,regex_baseline,url,ascii,222954366,http://www.conduit.com/favicon.ico,http://www.conduit.com/favicon.ico,,,,regex_match_no_context
case2,regex_baseline,url,ascii,222954401,http://www.conduit.com/search?q=,http://www.conduit.com/search?q=,,,,regex_match_no_context
case2,regex_baseline,url,ascii,222954550,https://www.delfi.lt/favicon.ico,https://www.delfi.lt/favicon.ico,,,,regex_match_no_context
case2,regex_baseline,url,ascii,222954583,https://www.delfi.lt/paieska/?q=,https://www.delfi.lt/paieska?q=,,,,regex_match_no_context
case2,regex_baseline,url,ascii,222954648,http://g1.delphi.lv/favicon.ico,http://g1.delphi.lv/favicon.ico,,,,regex_match_no_context
case2,regex_baseline,url,ascii,222954680,http://www.delfi.lv/search_all/?ie=,http://www.delfi.lv/search_all?ie=,,,,regex_match_no_context
case2,regex_baseline,url,ascii,222954870,http://www.delta-search.com/favicon.ico,http://www.delta-search.com/favicon.ico,,,,regex_match_no_context
case2,regex_baseline,url,ascii,222954910,http://www.delta-search.com/home?q=,http://www.delta-search.com/home?q=,,,,regex_match_no_context
case2,regex_baseline,url,ascii,222955016,http://searchfunmoods.com/favicon.ico,http://searchfunmoods.com/favicon.ico,,,,regex_match_no_context
case2,regex_baseline,url,ascii,222955054,http://searchfunmoods.com/results.php?q=,http://searchfunmoods.com/results.php?q=,,,,regex_match_no_context
case2,regex_baseline,url,ascii,222955144,https://www.givero.com/favicon.ico,https://www.givero.com/favicon.ico,,,,regex_match_no_context
case2,regex_baseline,url,ascii,222955179,https://www.givero.com/search?q=,https://www.givero.com/search?q=,,,,regex_match_no_context
case2,regex_baseline,url,ascii,222955225,https://www.givero.com/suggest?q=,https://www.givero.com/suggest?q=,,,,regex_match_no_context
case2,regex_baseline,url,ascii,222955324,https://dl.gmx.com/apps/favicon.ico,https://dl.gmx.com/apps/favicon.ico,,,,regex_match_no_context
case2,regex_baseline,url,ascii,222955360,https://search.gmx.com/web/result?q=,https://search.gmx.com/web/result?q=,,,,regex_match_no_context
case2,regex_baseline,url,ascii,222955415,https://suggestplugin.gmx.com/s?q=,https://suggestplugin.gmx.com/s?q=,,,,regex_match_no_context
case2,regex_baseline,url,ascii,222955548,https://suche.gmx.at/web/result?q=,https://suche.gmx.at/web/result?q=,,,,regex_match_no_context
case2,regex_baseline,url,ascii,222955601,https://suggestplugin.gmx.at/s?q=,https://suggestplugin.gmx.at/s?q=,,,,regex_match_no_context
case2,regex_baseline,url,ascii,222955714,https://suche.gmx.net/web/result?q=,https://suche.gmx.net/web/result?q=,,,,regex_match_no_context
case2,regex_baseline,url,ascii,222955768,https://suggestplugin.gmx.net/s?q=,https://suggestplugin.gmx.net/s?q=,,,,regex_match_no_context
case2,regex_baseline,url,ascii,222955880,https://search.gmx.es/web/result?q=,https://search.gmx.es/web/result?q=,,,,regex_match_no_context
case2,regex_baseline,url,ascii,222955934,https://suggestplugin.gmx.es/s?q=,https://suggestplugin.gmx.es/s?q=,,,,regex_match_no_context
case2,regex_baseline,url,ascii,222956046,https://search.gmx.fr/web/result?q=,https://search.gmx.fr/web/result?q=,,,,regex_match_no_context
case2,regex_baseline,url,ascii,222956100,https://suggestplugin.gmx.fr/s?q=,https://suggestplugin.gmx.fr/s?q=,,,,regex_match_no_context
case2,regex_baseline,url,ascii,222956218,https://search.gmx.co.uk/web/result?q=,https://search.gmx.co.uk/web/result?q=,,,,regex_match_no_context
case2,regex_baseline,url,ascii,222956275,https://suggestplugin.gmx.co.uk/s?q=,https://suggestplugin.gmx.co.uk/s?q=,,,,regex_match_no_context
case2,regex_baseline,url,ascii,222956406,https://search.goo.ne.jp/cdn/common/img/favicon.ico,https://search.goo.ne.jp/cdn/common/img/favicon.ico,,,,regex_match_no_context
case2,regex_baseline,url,ascii,222956458,https://search.goo.ne.jp/web.jsp?MT=,https://search.goo.ne.jp/web.jsp?MT=,,,,regex_match_no_context
case2,regex_baseline,url,ascii,222956534,https://search.goo.ne.jp/sgt.jsp?MT=,https://search.goo.ne.jp/sgt.jsp?MT=,,,,regex_match_no_context
case2,regex_baseline,url,ascii,222956668,http://search.imesh.net/favicon.ico,http://search.imesh.net/favicon.ico,,,,regex_match_no_context
case2,regex_baseline,url,ascii,222956704,http://search.imesh.net/music?hl=,http://search.imesh.net/music?hl=,,,,regex_match_no_context
case2,regex_baseline,url,ascii,222956816,http://search.iminent.com/Shared/Images/favicon_gl.ico,http://search.iminent.com/Shared/Images/favicon_gl.ico,,,,regex_match_no_context
case2,regex_baseline,url,ascii,222956871,http://search.iminent.com/?q=,http://search.iminent.com?q=,,,,regex_match_no_context
case2,regex_baseline,url,ascii,222956926,http://find.in.gr/Themes/1/Default/Media/Layout/icon_in.png,http://find.in.gr/Themes/1/Default/Media/Layout/icon_in.png,,,,regex_match_no_context
case2,regex_baseline,url,ascii,222956986,http://find.in.gr/?q=,http://find.in.gr?q=,,,,regex_match_no_context
case2,regex_baseline,url,ascii,222957162,http://search.incredibar.com/favicon.ico,http://search.incredibar.com/favicon.ico,,,,regex_match_no_context
case2,regex_baseline,url,ascii,222957203,http://search.incredibar.com/search.php?q=,http://search.incredibar.com/search.php?q=,,,,regex_match_no_context
case2,regex_baseline,url,ascii,222957296,https://www.info.com/static/www.info.com/favicon.ico,https://www.info.com/static/www.info.com/favicon.ico,,,,regex_match_no_context
case2,regex_baseline,url,ascii,222957349,https://www.info.com/serp?q=,https://www.info.com/serp?q=,,,,regex_match_no_context
case2,regex_baseline,url,ascii,222957444,http://ms1.iol.it/graph_hf/v.8.3.04/themes/default/img/favicon.ico,http://ms1.iol.it/graph_hf/v.8.3.04/themes/default/img/favicon.ico,,,,regex_match_no_context
case2,regex_baseline,url,ascii,222957511,http://arianna.libero.it/search/abin/integrata.cgi?query=,http://arianna.libero.it/search/abin/integrata.cgi?query=,,,,regex_match_no_context
case2,regex_baseline,url,ascii,222957632,https://metager.de/favicon.ico,https://metager.de/favicon.ico,,,,regex_match_no_context
case2,regex_baseline,url,ascii,222957663,https://metager.de/meta/meta.ger3?eingabe=,https://metager.de/meta/meta.ger3?eingabe=,,,,regex_match_no_context
case2,regex_baseline,url,ascii,222957744,https://metager.org/meta/meta.ger3?eingabe=,https://metager.org/meta/meta.ger3?eingabe=,,,,regex_match_no_context
case2,regex_baseline,url,ascii,222957828,http://www.neti.ee/favicon.ico,http://www.neti.ee/favicon.ico,,,,regex_match_no_context
case2,regex_baseline,url,ascii,222957859,http://www.neti.ee/cgi-bin/otsing?query=,http://www.neti.ee/cgi-bin/otsing?query=,,,,regex_match_no_context
case2,regex_baseline,url,ascii,222957913,http://www.neti.ee/api/suggestOS?suggestQuery=,http://www.neti.ee/api/suggestOS?suggestQuery=,,,,regex_match_no_context
case2,regex_baseline,url,ascii,222958004,http://nigma.ru/themes/nigma/img/favicon.ico,http://nigma.ru/themes/nigma/img/favicon.ico,,,,regex_match_no_context
case2,regex_baseline,url,ascii,222958049,http://nigma.ru/?s=,http://nigma.ru?s=,,,,regex_match_no_context
case2,regex_baseline,url,ascii,222958082,http://autocomplete.nigma.ru/complete/query_help.php?suggest=true&q=,http://autocomplete.nigma.ru/complete/query_help.php?suggest=true&q=,,,,regex_match_no_context
case2,regex_baseline,url,ascii,222958216,https://oceanhero.today/favicon.ico,https://oceanhero.today/favicon.ico,,,,regex_match_no_context
case2,regex_baseline,url,ascii,222958252,https://oceanhero.today/web?q=,https://oceanhero.today/web?q=,,,,regex_match_no_context
case2,regex_baseline,url,ascii,222958296,https://api.oceanhero.today/suggestions?q=,https://api.oceanhero.today/suggestions?q=,,,,regex_match_no_context
case2,regex_baseline,url,ascii,222958376,http://ok.hu/gfx/favicon.ico,http://ok.hu/gfx/favicon.ico,,,,regex_match_no_context
case2,regex_baseline,url,ascii,222958405,http://ok.hu/katalogus?q=,http://ok.hu/katalogus?q=,,,,regex_match_no_context
case2,regex_baseline,url,ascii,222958512,https://www.privacywall.org/images/favicon_32x32.ico,https://www.privacywall.org/images/favicon_32x32.ico,,,,regex_match_no_context
case2,regex_baseline,url,ascii,222958565,https://www.privacywall.org/search/secure/?q=,https://www.privacywall.org/search/secure?q=,,,,regex_match_no_context
case2,regex_baseline,url,ascii,222958624,https://search.privacywall.org/suggest.php?q=,https://search.privacywall.org/suggest.php?q=,,,,regex_match_no_context
case2,regex_baseline,url,ascii,222958722,http://i.rl0.ru/2011/icons/rambler.ico,http://i.rl0.ru/2011/icons/rambler.ico,,,,regex_match_no_context
case2,regex_baseline,url,ascii,222958761,http://nova.rambler.ru/search?query=,http://nova.rambler.ru/search?query=,,,,regex_match_no_context
case2,regex_baseline,url,ascii,222958811,http://nova.rambler.ru/suggest?v=3&query=,http://nova.rambler.ru/suggest?v=3&query=,,,,regex_match_no_context
case2,regex_baseline,url,ascii,222958892,http://imgs.sapo.pt/images/sapo.ico,http://imgs.sapo.pt/images/sapo.ico,,,,regex_match_no_context
case2,regex_baseline,url,ascii,222958928,http://pesquisa.sapo.pt/?q=,http://pesquisa.sapo.pt?q=,,,,regex_match_no_context
case2,regex_baseline,url,ascii,222958969,http://pesquisa.sapo.pt/livesapo?q=,http://pesquisa.sapo.pt/livesapo?q=,,,,regex_match_no_context
case2,regex_baseline,url,ascii,222959062,http://www.searchnu.com/favicon.ico,http://www.searchnu.com/favicon.ico,,,,regex_match_no_context
case2,regex_baseline,url,ascii,222959098,http://www.searchnu.com/web?hl=,http://www.searchnu.com/web?hl=,,,,regex_match_no_context
case2,regex_baseline,url,ascii,222959226,http://ak.apnstatic.com/media/images/favicon_search-results.ico,http://ak.apnstatic.com/media/images/favicon_search-results.ico,,,,regex_match_no_context
case2,regex_baseline,url,ascii,222959290,http://dts.search-results.com/sr?lng=,http://dts.search-results.com/sr?lng=,,,,regex_match_no_context
case2,regex_baseline,url,ascii,222959412,http://linkurystoragenorthus.blob.core.windows.net/static/favicon.ico,http://linkurystoragenorthus.blob.core.windows.net/static/favicon.ico,,,,regex_match_no_context
case2,regex_baseline,url,ascii,222959482,http://search.snapdo.com/?q=,http://search.snapdo.com?q=,,,,regex_match_no_context
case2,regex_baseline,url,ascii,222959582,http://search.softonic.com/img/favicon.ico,http://search.softonic.com/img/favicon.ico,,,,regex_match_no_context
case2,regex_baseline,url,ascii,222959625,http://search.softonic.com/?q=,http://search.softonic.com?q=,,,,regex_match_no_context
case2,regex_baseline,url,ascii,222959720,http://search.sweetim.com/favicon.ico,http://search.sweetim.com/favicon.ico,,,,regex_match_no_context
case2,regex_baseline,url,ascii,222959758,http://search.sweetim.com/search.asp?q=,http://search.sweetim.com/search.asp?q=,,,,regex_match_no_context
case2,regex_baseline,url,ascii,222959890,http://start.sweetpacks.com/favicon.ico,http://start.sweetpacks.com/favicon.ico,,,,regex_match_no_context
case2,regex_baseline,url,ascii,222959930,http://start.sweetpacks.com/search.asp?q=,http://start.sweetpacks.com/search.asp?q=,,,,regex_match_no_context
case2,regex_baseline,url,ascii,222960058,http://buscar.terra.com.ar/favicon.ico,http://buscar.terra.com.ar/favicon.ico,,,,regex_match_no_context
case2,regex_baseline,url,ascii,222960097,http://buscar.terra.com.ar/Default.aspx?source=Search&ca=s&query=,http://buscar.terra.com.ar/Default.aspx?source=Search&ca=s&query=,,,,regex_match_no_context
case2,regex_baseline,url,ascii,222960206,http://buscador.terra.es/favicon.ico,http://buscador.terra.es/favicon.ico,,,,regex_match_no_context
case2,regex_baseline,url,ascii,222960243,http://buscador.terra.es/Default.aspx?source=Search&ca=s&query=,http://buscador.terra.es/Default.aspx?source=Search&ca=s&query=,,,,regex_match_no_context
case2,regex_baseline,url,ascii,222960348,http://search.tut.by/favicon.ico,http://search.tut.by/favicon.ico,,,,regex_match_no_context
case2,regex_baseline,url,ascii,222960381,http://search.tut.by/?ru=1&query=,http://search.tut.by?ru=1&query=,,,,regex_match_no_context
case2,regex_baseline,url,ascii,222960428,http://suggest.yandex.ru/suggest-ff.cgi?part=,http://suggest.yandex.ru/suggest-ff.cgi?part=,,,,regex_match_no_context
case2,regex_baseline,url,ascii,222960534,http://www.walla.co.il/favicon.ico,http://www.walla.co.il/favicon.ico,,,,regex_match_no_context
case2,regex_baseline,url,ascii,222960569,http://search.walla.co.il/?q=,http://search.walla.co.il?q=,,,,regex_match_no_context
case2,regex_baseline,url,ascii,222960658,http://i.wp.pl/a/i/stg/500/favicon.ico,http://i.wp.pl/a/i/stg/500/favicon.ico,,,,regex_match_no_context
case2,regex_baseline,url,ascii,222960697,http://szukaj.wp.pl/szukaj.html?q=,http://szukaj.wp.pl/szukaj.html?q=,,,,regex_match_no_context
case2,regex_baseline,url,ascii,222960800,https://qc.search.yahoo.com/favicon.ico,https://qc.search.yahoo.com/favicon.ico,,,,regex_match_no_context
case2,regex_baseline,url,ascii,222960840,https://qc.search.yahoo.com/search,https://qc.search.yahoo.com/search,,,,regex_match_no_context
case2,regex_baseline,url,ascii,222960940,https://qc.search.yahoo.com/sugg/chrome?output=fxjson&appid=crmas&command=,https://qc.search.yahoo.com/sugg/chrome?output=fxjson&appid=crmas&command=,,,,regex_match_no_context
case2,regex_baseline,url,ascii,222961062,https://www.zoznam.sk/favicon.ico,https://www.zoznam.sk/favicon.ico,,,,regex_match_no_context
case2,regex_baseline,url,ascii,222961096,https://www.zoznam.sk/hladaj.fcgi?s=,https://www.zoznam.sk/hladaj.fcgi?s=,,,,regex_match_no_context
case2,regex_baseline,url,ascii,222961159,https://www.baidu.com/s?ie=,https://www.baidu.com/s?ie=,,,,regex_match_no_context
case2,regex_baseline,url,ascii,222961553,https://go.mail.ru/msearch?q=,https://go.mail.ru/msearch?q=,,,,regex_match_no_context
case2,regex_baseline,url,ascii,222961616,https://m.so.com/s?ie=,https://m.so.com/s?ie=,,,,regex_match_no_context
case2,regex_baseline,url,ascii,222961670,https://m.so.com/index.php?ie=,https://m.so.com/index.php?ie=,,,,regex_match_no_context
case2,regex_baseline,url,ascii,222961732,https://m.sogou.com/web/,https://m.sogou.com/web,,,,regex_match_no_context
case2,regex_baseline,url,ascii,222961819,http://searchatlas.centrum.cz/?q=,http://searchatlas.centrum.cz?q=,,,,regex_match_no_context
case2,regex_baseline,url,ascii,222961866,http://hladaj.atlas.sk/fulltext/?phrase=,http://hladaj.atlas.sk/fulltext?phrase=,,,,regex_match_no_context
case2,regex_baseline,url,ascii,222961920,http://isearch.avg.com/search?q=,http://isearch.avg.com/search?q=,,,,regex_match_no_context
case2,regex_baseline,url,ascii,222961966,http://search.avg.com/route/?q=,http://search.avg.com/route?q=,,,,regex_match_no_context
case2,regex_baseline,url,ascii,222962026,https://isearch.avg.com/search?q=,https://isearch.avg.com/search?q=,,,,regex_match_no_context
case2,regex_baseline,url,ascii,222962073,https://search.avg.com/route/?q=,https://search.avg.com/route?q=,,,,regex_match_no_context
case2,regex_baseline,url,ascii,222962134,http://search.babylon.com/?q=,http://search.babylon.com?q=,,,,regex_match_no_context
case2,regex_baseline,url,ascii,222962177,http://search.conduit.com/Results.aspx?q=,http://search.conduit.com/Results.aspx?q=,,,,regex_match_no_context
case2,regex_baseline,url,ascii,222962232,http://www.delfi.lt/paieska/?q=,http://www.delfi.lt/paieska?q=,,,,regex_match_no_context
case2,regex_baseline,url,ascii,222962277,http://www.delta-search.com/?q=,http://www.delta-search.com?q=,,,,regex_match_no_context
case2,regex_baseline,url,ascii,222962322,http://www1.delta-search.com/home?q=,http://www1.delta-search.com/home?q=,,,,regex_match_no_context
case2,regex_baseline,url,ascii,222962372,http://www1.delta-search.com/?q=,http://www1.delta-search.com?q=,,,,regex_match_no_context
case2,regex_baseline,url,ascii,222962418,http://www2.delta-search.com/home?q=,http://www2.delta-search.com/home?q=,,,,regex_match_no_context
case2,regex_baseline,url,ascii,222962468,http://www2.delta-search.com/?q=,http://www2.delta-search.com?q=,,,,regex_match_no_context
case2,regex_baseline,url,ascii,222962514,http://www.search.delta-search.com/home?q=,http://www.search.delta-search.com/home?q=,,,,regex_match_no_context
case2,regex_baseline,url,ascii,222962570,http://www.search.delta-search.com/?q=,http://www.search.delta-search.com?q=,,,,regex_match_no_context
case2,regex_baseline,url,ascii,222962622,http://www.yhs.delta-search.com/home?q=,http://www.yhs.delta-search.com/home?q=,,,,regex_match_no_context
case2,regex_baseline,url,ascii,222962675,http://www.yhs.delta-search.com/?q=,http://www.yhs.delta-search.com?q=,,,,regex_match_no_context
case2,regex_baseline,url,ascii,222962724,http://mixidj.delta-search.com/home?q=,http://mixidj.delta-search.com/home?q=,,,,regex_match_no_context
case2,regex_baseline,url,ascii,222962776,http://mixidj.delta-search.com/?q=,http://mixidj.delta-search.com?q=,,,,regex_match_no_context
case2,regex_baseline,url,ascii,222962824,http://search.goo.ne.jp/web.jsp?MT=,http://search.goo.ne.jp/web.jsp?MT=,,,,regex_match_no_context
case2,regex_baseline,url,ascii,222962892,http://search.goo.ne.jp/sgt.jsp?MT=,http://search.goo.ne.jp/sgt.jsp?MT=,,,,regex_match_no_context
case2,regex_baseline,url,ascii,222962978,http://search.iminent.com/SearchTheWeb/v6/1033/homepage/Default.aspx#q=,http://search.iminent.com/SearchTheWeb/v6/1033/homepage/Default.aspx,,,,regex_match_no_context
case2,regex_baseline,url,ascii,222963063,http://search.iminent.com/SearchTheWeb/v6/1033/homepage/Result.aspx#q=,http://search.iminent.com/SearchTheWeb/v6/1033/homepage/Result.aspx,,,,regex_match_no_context
case2,regex_baseline,url,ascii,222963147,http://start.iminent.com/?q=,http://start.iminent.com?q=,,,,regex_match_no_context
case2,regex_baseline,url,ascii,222963189,http://start.iminent.com/StartWeb/1033/homepage/#q=,http://start.iminent.com/StartWeb/1033/homepage,,,,regex_match_no_context
case2,regex_baseline,url,ascii,222963254,http://search.incredibar.com/?q=,http://search.incredibar.com?q=,,,,regex_match_no_context
case2,regex_baseline,url,ascii,222963300,http://mystart.incredibar.com/?search=,http://mystart.incredibar.com?search=,,,,regex_match_no_context
case2,regex_baseline,url,ascii,222963352,https://www.neti.ee/cgi-bin/otsing?query=,https://www.neti.ee/cgi-bin/otsing?query=,,,,regex_match_no_context
case2,regex_baseline,url,ascii,222963415,https://www.neti.ee/api/suggestOS?suggestVersion=1&suggestQuery=,https://www.neti.ee/api/suggestOS?suggestVersion=1&suggestQuery=,,,,regex_match_no_context
case2,regex_baseline,url,ascii,222963493,https://nova.rambler.ru/search?query=,https://nova.rambler.ru/search?query=,,,,regex_match_no_context
case2,regex_baseline,url,ascii,222963544,https://nova.rambler.ru/suggest?v=3&query=,https://nova.rambler.ru/suggest?v=3&query=,,,,regex_match_no_context
case2,regex_baseline,url,ascii,222963600,http://www.search-results.com/web?q=,http://www.search-results.com/web?q=,,,,regex_match_no_context
case2,regex_baseline,url,ascii,222963650,http://search.snap.do/?q=,http://search.snap.do?q=,,,,regex_match_no_context
case2,regex_baseline,url,ascii,222963689,http://feed.snapdo.com/?q=,http://feed.snapdo.com?q=,,,,regex_match_no_context
case2,regex_baseline,url,ascii,222963729,http://feed.snap.do/?q=,http://feed.snap.do?q=,,,,regex_match_no_context
case2,regex_baseline,url,ascii,222963766,http://en.softonic.com/s/,http://en.softonic.com/s,,,,regex_match_no_context
case2,regex_baseline,url,ascii,222963805,http://www.softonic.com/s/,http://www.softonic.com/s,,,,regex_match_no_context
case2,regex_baseline,url,ascii,222963845,http://www.softonic.com.br/s/,http://www.softonic.com.br/s,,,,regex_match_no_context
case2,regex_baseline,url,ascii,222963888,http://buscador.softonic.com/?q=,http://buscador.softonic.com?q=,,,,regex_match_no_context
case2,regex_baseline,url,ascii,222963934,http://nl.softonic.com/s/,http://nl.softonic.com/s,,,,regex_match_no_context
case2,regex_baseline,url,ascii,222963973,https://search.softonic.com/?q=,https://search.softonic.com?q=,,,,regex_match_no_context
case2,regex_baseline,url,ascii,222964018,https://en.softonic.com/s/,https://en.softonic.com/s,,,,regex_match_no_context
case2,regex_baseline,url,ascii,222964058,https://www.softonic.com/s/,https://www.softonic.com/s,,,,regex_match_no_context
case2,regex_baseline,url,ascii,222964099,https://www.softonic.com.br/s/,https://www.softonic.com.br/s,,,,regex_match_no_context
case2,regex_baseline,url,ascii,222964143,https://buscador.softonic.com/?q=,https://buscador.softonic.com?q=,,,,regex_match_no_context
case2,regex_baseline,url,ascii,222964190,https://nl.softonic.com/s/,https://nl.softonic.com/s,,,,regex_match_no_context
case2,regex_baseline,url,ascii,222964230,http://start.sweetpacks.com/?q=,http://start.sweetpacks.com?q=,,,,regex_match_no_context
case2,regex_baseline,url,ascii,222964275,http://mysearch.sweetpacks.com/?q=,http://mysearch.sweetpacks.com?q=,,,,regex_match_no_context
case2,regex_baseline,url,ascii,222964323,https://buscador.terra.com.ar/Default.aspx?source=Search&ca=s&query=,https://buscador.terra.com.ar/Default.aspx?source=Search&ca=s&query=,,,,regex_match_no_context
case2,regex_baseline,url,ascii,222964405,https://buscador.terra.es/Default.aspx?source=Search&ca=s&query=,https://buscador.terra.es/Default.aspx?source=Search&ca=s&query=,,,,regex_match_no_context
case2,regex_baseline,url,ascii,222964483,https://search.walla.co.il/?q=,https://search.walla.co.il?q=,,,,regex_match_no_context
case2,regex_baseline,url,ascii,222964527,http://www.zoznam.sk/hladaj.fcgi?s=,http://www.zoznam.sk/hladaj.fcgi?s=,,,,regex_match_no_context
case2,regex_baseline,url,ascii,222997729,https://bugs.chromium.org/p/chromium/issues/list?q=component:Services,https://bugs.chromium.org/p/chromium/issues/list?q=component:Services,,,,regex_match_no_context
case2,regex_baseline,url,ascii,223608409,https://crbug.com/778929.,https://crbug.com/778929.,,,,regex_match_no_context
case2,regex_baseline,url,ascii,223638004,https://www.tensorflow.org/lite/guide/ops_select,https://www.tensorflow.org/lite/guide/ops_select,,,,regex_match_no_context
case2,regex_baseline,url,ascii,223638119,https://www.tensorflow.org/lite/guide/ops_custom,https://www.tensorflow.org/lite/guide/ops_custom,,,,regex_match_no_context
case2,regex_baseline,url,ascii,226988035,https://beacons.gcp.gvt2.com/domainreliability/upload,https://beacons.gcp.gvt2.com/domainreliability/upload,,,,regex_match_no_context
case2,regex_baseline,url,ascii,226988089,https://beacons.gvt2.com/domainreliability/upload,https://beacons.gvt2.com/domainreliability/upload,,,,regex_match_no_context
case2,regex_baseline,url,ascii,226988139,https://beacons2.gvt2.com/domainreliability/upload,https://beacons2.gvt2.com/domainreliability/upload,,,,regex_match_no_context
case2,regex_baseline,url,ascii,226988190,https://beacons3.gvt2.com/domainreliability/upload,https://beacons3.gvt2.com/domainreliability/upload,,,,regex_match_no_context
case2,regex_baseline,url,ascii,226988241,https://beacons4.gvt2.com/domainreliability/upload,https://beacons4.gvt2.com/domainreliability/upload,,,,regex_match_no_context
case2,regex_baseline,url,ascii,226988292,https://beacons5.gvt2.com/domainreliability/upload,https://beacons5.gvt2.com/domainreliability/upload,,,,regex_match_no_context
case2,regex_baseline,url,ascii,226988343,https://beacons5.gvt3.com/domainreliability/upload,https://beacons5.gvt3.com/domainreliability/upload,,,,regex_match_no_context
case2,regex_baseline,url,ascii,226988394,https://clients2.google.com/domainreliability/upload,https://clients2.google.com/domainreliability/upload,,,,regex_match_no_context
case2,regex_baseline,url,ascii,227005447,https://c.android.clients.google.com/,https://c.android.clients.google.com,,,,regex_match_no_context
case2,regex_baseline,url,ascii,227006277,https://c.bigcache.googleapis.com/,https://c.bigcache.googleapis.com,,,,regex_match_no_context
case2,regex_baseline,url,ascii,227007105,https://c.doc-0-0-sj.sj.googleusercontent.com/,https://c.doc-0-0-sj.sj.googleusercontent.com,,,,regex_match_no_context
case2,regex_baseline,url,ascii,227007945,https://c.docs.google.com/,https://c.docs.google.com,,,,regex_match_no_context
case2,regex_baseline,url,ascii,227008764,https://c.drive.google.com/,https://c.drive.google.com,,,,regex_match_no_context
case2,regex_baseline,url,ascii,227009584,https://c.googlesyndication.com/,https://c.googlesyndication.com,,,,regex_match_no_context
case2,regex_baseline,url,ascii,227010410,https://c.pack.google.com/,https://c.pack.google.com,,,,regex_match_no_context
case2,regex_baseline,url,ascii,227011229,https://c.play.google.com/,https://c.play.google.com,,,,regex_match_no_context
case2,regex_baseline,url,ascii,227012048,https://c.youtube.com/,https://c.youtube.com,,,,regex_match_no_context
case2,regex_baseline,url,ascii,227012864,https://clients2.google.com/,https://clients2.google.com,,,,regex_match_no_context
case2,regex_baseline,url,ascii,227013506,https://docs.google.com/,https://docs.google.com,,,,regex_match_no_context
case2,regex_baseline,url,ascii,227014171,https://gcp.gvt2.com/,https://gcp.gvt2.com,,,,regex_match_no_context
case2,regex_baseline,url,ascii,227014806,https://gcp.gvt6.com/,https://gcp.gvt6.com,,,,regex_match_no_context
case2,regex_baseline,url,ascii,227015441,https://google-analytics.com/,https://google-analytics.com,,,,regex_match_no_context
case2,regex_baseline,url,ascii,227016099,https://googlevideo.com/,https://googlevideo.com,,,,regex_match_no_context
case2,regex_baseline,url,ascii,227016917,https://gvt1.com/,https://gvt1.com,,,,regex_match_no_context
case2,regex_baseline,url,ascii,227017728,https://gvt2.com/,https://gvt2.com,,,,regex_match_no_context
case2,regex_baseline,url,ascii,227018359,https://gvt6.com/,https://gvt6.com,,,,regex_match_no_context
case2,regex_baseline,url,ascii,265082425,https://crbug.com/1058527.,https://crbug.com/1058527.,,,,regex_match_no_context
case2,regex_baseline,url,ascii,276269593,https://support.microsoft.com/en-us/topic/media-feature-pack-for-windows-10-n-may-2020-ebbdf559-b84c-0fc2-bd51-e23c9f6a4439,https://support.microsoft.com/en-us/topic/media-feature-pack-for-windows-10-n-may-2020-ebbdf559-b84c-0fc2-bd51-e23c9f6a4439,,,,regex_match_no_context
case2,regex_baseline,url,ascii,291586458,https://source.chromium.org/chromium/chromium/src/+/main:ui/gfx/color_transform.cc;l=541),https://source.chromium.org/chromium/chromium/src/+/main:ui/gfx/color_transform.cc;l=541),,,,regex_match_no_context
case2,regex_baseline,url,ascii,291613891,https://bugs.chromium.org/p/dawn/issues/detail?id=42,https://bugs.chromium.org/p/dawn/issues/detail?id=42,,,,regex_match_no_context
case2,regex_baseline,url,ascii,291614032,https://bugs.chromium.org/p/dawn/issues/detail?id=955,https://bugs.chromium.org/p/dawn/issues/detail?id=955,,,,regex_match_no_context
case2,regex_baseline,url,ascii,291614240,https://bugs.chromium.org/p/dawn/issues/detail?id=434,https://bugs.chromium.org/p/dawn/issues/detail?id=434,,,,regex_match_no_context
case2,regex_baseline,url,ascii,291614490,https://bugs.chromium.org/p/dawn/issues/detail?id=1178,https://bugs.chromium.org/p/dawn/issues/detail?id=1178,,,,regex_match_no_context
case2,regex_baseline,url,ascii,291614612,https://bugs.chromium.org/p/dawn/issues/detail?id=690,https://bugs.chromium.org/p/dawn/issues/detail?id=690,,,,regex_match_no_context
case2,regex_baseline,url,ascii,291614740,https://bugs.chromium.org/p/tint/issues/detail?id=1497,https://bugs.chromium.org/p/tint/issues/detail?id=1497,,,,regex_match_no_context
case2,regex_baseline,url,ascii,291614881,https://bugs.chromium.org/p/dawn/issues/detail?id=1197,https://bugs.chromium.org/p/dawn/issues/detail?id=1197,,,,regex_match_no_context
case2,regex_baseline,url,ascii,291614992,https://bugs.chromium.org/p/dawn/issues/detail?id=1510,https://bugs.chromium.org/p/dawn/issues/detail?id=1510,,,,regex_match_no_context
case2,regex_baseline,url,ascii,291615208,https://bugs.chromium.org/p/dawn/issues/detail?id=1518,https://bugs.chromium.org/p/dawn/issues/detail?id=1518,,,,regex_match_no_context
case2,regex_baseline,url,ascii,291615345,https://bugs.chromium.org/p/dawn/issues/detail?id=1591,https://bugs.chromium.org/p/dawn/issues/detail?id=1591,,,,regex_match_no_context
case2,regex_baseline,url,ascii,291615570,https://dawn.googlesource.com/dawn/+/refs/heads/main/docs/dawn/features/dawn_internal_usages.md,https://dawn.googlesource.com/dawn/+/refs/heads/main/docs/dawn/features/dawn_internal_usages.md,,,,regex_match_no_context
case2,regex_baseline,url,ascii,291615751,https://bugs.chromium.org/p/dawn/issues/detail?id=551,https://bugs.chromium.org/p/dawn/issues/detail?id=551,,,,regex_match_no_context
case2,regex_baseline,url,ascii,291615858,https://dawn.googlesource.com/dawn/+/refs/heads/main/docs/dawn/features/dawn_native.md,https://dawn.googlesource.com/dawn/+/refs/heads/main/docs/dawn/features/dawn_native.md,,,,regex_match_no_context
case2,regex_baseline,url,ascii,292660144,https://crbug.com/dawn/56,https://crbug.com/dawn/56,,,,regex_match_no_context
case2,regex_baseline,url,ascii,292660409,https://crbug.com/dawn/145,https://crbug.com/dawn/145,,,,regex_match_no_context
case2,regex_baseline,url,ascii,292661270,https://crbug.com/dawn/237,https://crbug.com/dawn/237,,,,regex_match_no_context
case2,regex_baseline,url,ascii,292661753,https://github.com/KhronosGroup/Vulkan-Docs/issues/1005),https://github.com/KhronosGroup/Vulkan-Docs/issues/1005),,,,regex_match_no_context
case2,regex_baseline,url,ascii,292661828,https://crbug.com/dawn/42,https://crbug.com/dawn/42,,,,regex_match_no_context
case2,regex_baseline,url,ascii,292662059,https://crbug.com/dawn/27,https://crbug.com/dawn/27,,,,regex_match_no_context
case2,regex_baseline,url,ascii,292662294,https://crbug.com/dawn/36,https://crbug.com/dawn/36,,,,regex_match_no_context
case2,regex_baseline,url,ascii,292662671,https://crbug.com/dawn/193,https://crbug.com/dawn/193,,,,regex_match_no_context
case2,regex_baseline,url,ascii,292662899,https://crbug.com/1313172,https://crbug.com/1313172,,,,regex_match_no_context
case2,regex_baseline,url,ascii,292662985,https://crbug.com/dawn/271,https://crbug.com/dawn/271,,,,regex_match_no_context
case2,regex_baseline,url,ascii,292663229,https://crbug.com/dawn/286,https://crbug.com/dawn/286,,,,regex_match_no_context
case2,regex_baseline,url,ascii,292663460,https://crbug.com/dawn/666,https://crbug.com/dawn/666,,,,regex_match_no_context
case2,regex_baseline,url,ascii,292663605,https://crbug.com/dawn/342,https://crbug.com/dawn/342,,,,regex_match_no_context
case2,regex_baseline,url,ascii,292663929,https://crbug.com/dawn/434,https://crbug.com/dawn/434,,,,regex_match_no_context
case2,regex_baseline,url,ascii,292664057,https://crbug.com/dawn/343,https://crbug.com/dawn/343,,,,regex_match_no_context
case2,regex_baseline,url,ascii,292664304,https://crbug.com/dawn/582,https://crbug.com/dawn/582,,,,regex_match_no_context
case2,regex_baseline,url,ascii,292664427,https://crbug.com/dawn/667,https://crbug.com/dawn/667,,,,regex_match_no_context
case2,regex_baseline,url,ascii,292664856,https://crbug.com/dawn/1393,https://crbug.com/dawn/1393,,,,regex_match_no_context
case2,regex_baseline,url,ascii,292664998,https://crbug.com/dawn/673,https://crbug.com/dawn/673,,,,regex_match_no_context
case2,regex_baseline,url,ascii,292665200,https://crbug.com/dawn/155,https://crbug.com/dawn/155,,,,regex_match_no_context
case2,regex_baseline,url,ascii,292665329,https://crbug.com/dawn/402,https://crbug.com/dawn/402,,,,regex_match_no_context
case2,regex_baseline,url,ascii,292665404,https://crbug.com/dawn/480,https://crbug.com/dawn/480,,,,regex_match_no_context
case2,regex_baseline,url,ascii,292665648,http://crbug.com/1138528,http://crbug.com/1138528,,,,regex_match_no_context
case2,regex_baseline,url,ascii,292665774,https://crbug.com/dawn/633,https://crbug.com/dawn/633,,,,regex_match_no_context
case2,regex_baseline,url,ascii,292666340,https://crbug.com/1161355,https://crbug.com/1161355,,,,regex_match_no_context
case2,regex_baseline,url,ascii,292666565,https://crbug.com/dawn/776,https://crbug.com/dawn/776,,,,regex_match_no_context
case2,regex_baseline,url,ascii,292666816,https://crbug.com/1214923,https://crbug.com/1214923,,,,regex_match_no_context
case2,regex_baseline,url,ascii,292667010,https://crbug.com/dawn/792,https://crbug.com/dawn/792,,,,regex_match_no_context
case2,regex_baseline,url,ascii,292667275,https://crbug.com/dawn/960,https://crbug.com/dawn/960,,,,regex_match_no_context
case2,regex_baseline,url,ascii,292667396,https://crbug.com/tint/1003,https://crbug.com/tint/1003,,,,regex_match_no_context
case2,regex_baseline,url,ascii,292667511,https://crbug.com/dawn/1016,https://crbug.com/dawn/1016,,,,regex_match_no_context
case2,regex_baseline,url,ascii,292667661,https://crbug.com/dawn/840,https://crbug.com/dawn/840,,,,regex_match_no_context
case2,regex_baseline,url,ascii,292668002,https://crbug.com/dawn/136,https://crbug.com/dawn/136,,,,regex_match_no_context
case2,regex_baseline,url,ascii,292668183,https://crbug.com/dawn/1203,https://crbug.com/dawn/1203,,,,regex_match_no_context
case2,regex_baseline,url,ascii,292668524,https://crbug.com/dawn/1264,https://crbug.com/dawn/1264,,,,regex_match_no_context
case2,regex_baseline,url,ascii,292668648,https://crbug.com/dawn/1305,https://crbug.com/dawn/1305,,,,regex_match_no_context
case2,regex_baseline,url,ascii,292668868,https://crbug.com/dawn/1302,https://crbug.com/dawn/1302,,,,regex_match_no_context
case2,regex_baseline,url,ascii,292669386,https://crbug.com/dawn/1289,https://crbug.com/dawn/1289,,,,regex_match_no_context
case2,regex_baseline,url,ascii,292669732,https://crbug.com/dawn/1071,https://crbug.com/dawn/1071,,,,regex_match_no_context
case2,regex_baseline,url,ascii,292669927,https://crbug.com/dawn/549,https://crbug.com/dawn/549,,,,regex_match_no_context
case2,regex_baseline,url,ascii,292670213,https://crbug.com/dawn/1487,https://crbug.com/dawn/1487,,,,regex_match_no_context
case2,regex_baseline,url,ascii,292670699,https://crbug.com/dawn/1276,https://crbug.com/dawn/1276,,,,regex_match_no_context
case2,regex_baseline,url,ascii,292671073,https://crbug.com/dawn/949,https://crbug.com/dawn/949,,,,regex_match_no_context
case2,regex_baseline,url,ascii,292671438,https://crbug.com/dawn/727,https://crbug.com/dawn/727,,,,regex_match_no_context
case2,regex_baseline,url,ascii,292671739,https://crbug.com/dawn/1216,https://crbug.com/dawn/1216,,,,regex_match_no_context
case2,regex_baseline,url,ascii,292672411,https://crbug.com/dawn/537,https://crbug.com/dawn/537,,,,regex_match_no_context
case2,regex_baseline,url,ascii,292672712,https://crbug.com/dawn/1473,https://crbug.com/dawn/1473,,,,regex_match_no_context
case2,regex_baseline,url,ascii,292673093,https://crbug.com/dawn/1564,https://crbug.com/dawn/1564,,,,regex_match_no_context
case2,regex_baseline,url,ascii,292673451,https://crbug.com/1237175,https://crbug.com/1237175,,,,regex_match_no_context
case2,regex_baseline,url,ascii,292673966,https://crbug.com/dawn/1389,https://crbug.com/dawn/1389,,,,regex_match_no_context
case2,regex_baseline,url,ascii,292674767,https://crbug.com/dawn/838,https://crbug.com/dawn/838,,,,regex_match_no_context
case2,regex_baseline,url,ascii,292675485,https://crbug.com/dawn/1083,https://crbug.com/dawn/1083,,,,regex_match_no_context
case2,regex_baseline,url,ascii,292675771,https://crbug.com/dawn/1579,https://crbug.com/dawn/1579,,,,regex_match_no_context
case2,regex_baseline,url,ascii,292676038,https://crbug.com/dawn/1563,https://crbug.com/dawn/1563,,,,regex_match_no_context
case2,regex_baseline,url,ascii,292676273,https://crbug.com/tint/1798,https://crbug.com/tint/1798,,,,regex_match_no_context
case2,regex_baseline,url,ascii,292676553,https://crbug.com/dawn/1462,https://crbug.com/dawn/1462,,,,regex_match_no_context
case2,regex_baseline,url,ascii,292676764,https://crbug.com/dawn/966,https://crbug.com/dawn/966,,,,regex_match_no_context
case2,regex_baseline,url,ascii,292730711,https://crbug.com/tint.,https://crbug.com/tint.,,,,regex_match_no_context
case2,regex_baseline,url,ascii,292782237,https://crbug.com/1338622.,https://crbug.com/1338622.,,,,regex_match_no_context
case2,regex_baseline,url,ascii,293027004,https://gpuweb.github.io/gpuweb/wgsl/#texel-formats,https://gpuweb.github.io/gpuweb/wgsl,,,,regex_match_no_context
case2,regex_baseline,url,ascii,455793822,https://crbug.com/1088650,https://crbug.com/1088650,,,,regex_match_no_context
case2,regex_baseline,url,ascii,512324468,https://android.clients.google.com/checkin,https://android.clients.google.com/checkin,,,,regex_match_no_context
case2,regex_baseline,url,ascii,512324692,https://android.clients.google.com/c2dm/register3,https://android.clients.google.com/c2dm/register3,,,,regex_match_no_context
case2,regex_baseline,url,ascii,512324876,https://%s:%d,https://%s:%d,,,,regex_match_no_context
case2,regex_baseline,url,ascii,556835549,http://support.google.com/chrome/?p=tab_search,http://support.google.com/chrome?p=tab_search,,,,regex_match_no_context
case2,regex_baseline,url,ascii,630026574,https://bit.ly/3rpDuEX.,https://bit.ly/3rpDuEX.,,,,regex_match_no_context
case2,regex_baseline,url,ascii,630026866,https://crbug.com/1154140,https://crbug.com/1154140,,,,regex_match_no_context
case2,regex_baseline,url,ascii,635302997,https://lens.google.com/,https://lens.google.com,,,,regex_match_no_context
case2,regex_baseline,url,ascii,693079130,http://ns.adobe.com/AcrobatAdhocWorkflow/1.0/,http://ns.adobe.com/AcrobatAdhocWorkflow/1.0,,,,regex_match_no_context
case2,regex_baseline,url,ascii,693776939,http://ns.adobe.com/xdp/pdf/,http://ns.adobe.com/xdp/pdf,,,,regex_match_no_context
case2,regex_baseline,url,ascii,693811174,http://ns.adobe.com/xdp/,http://ns.adobe.com/xdp,,,,regex_match_no_context
case2,regex_baseline,url,ascii,693815618,http://ns.adobe.com/data-description/,http://ns.adobe.com/data-description,,,,regex_match_no_context
case2,regex_baseline,url,ascii,693817576,http://www.xfa.com/schema/xfa-package/,http://www.xfa.com/schema/xfa-package,,,,regex_match_no_context
case2,regex_baseline,url,ascii,693817615,http://www.xfa.org/schema/xfa-package/,http://www.xfa.org/schema/xfa-package,,,,regex_match_no_context
case2,regex_baseline,url,ascii,693817654,http://www.w3.org/2001/XMLSchema-instance,http://www.w3.org/2001/XMLSchema-instance,,,,regex_match_no_context
case2,regex_baseline,url,ascii,693817758,http://www.xfa.org/schema/xfa-data/1.0/,http://www.xfa.org/schema/xfa-data/1.0,,,,regex_match_no_context
case2,regex_baseline,url,ascii,693894116,http://www.xfa.org/schema/xfa-source-set/,http://www.xfa.org/schema/xfa-source-set,,,,regex_match_no_context
case2,regex_baseline,url,ascii,693894195,http://www.xfa.org/schema/xdc/,http://www.xfa.org/schema/xdc,,,,regex_match_no_context
case2,regex_baseline,url,ascii,693894263,http://ns.adobe.com/xmpmeta/,http://ns.adobe.com/xmpmeta,,,,regex_match_no_context
case2,regex_baseline,url,ascii,693894297,http://ns.adobe.com/xfdf/,http://ns.adobe.com/xfdf,,,,regex_match_no_context
case2,regex_baseline,url,ascii,693894330,http://www.xfa.org/schema/xci/,http://www.xfa.org/schema/xci,,,,regex_match_no_context
case2,regex_baseline,url,ascii,693894371,http://www.xfa.org/schema/xfa-locale-set/,http://www.xfa.org/schema/xfa-locale-set,,,,regex_match_no_context
case2,regex_baseline,url,ascii,693894424,http://www.w3.org/1999/XSL/Transform,http://www.w3.org/1999/XSL/Transform,,,,regex_match_no_context
case2,regex_baseline,url,ascii,693894470,http://www.xfa.org/schema/xfa-template/,http://www.xfa.org/schema/xfa-template,,,,regex_match_no_context
case2,regex_baseline,url,ascii,693894510,http://www.w3.org/2000/09/xmldsig#,http://www.w3.org/2000/09/xmldsig,,,,regex_match_no_context
case2,regex_baseline,url,ascii,693894545,http://www.xfa.org/schema/xfa-data/,http://www.xfa.org/schema/xfa-data,,,,regex_match_no_context
case2,regex_baseline,url,ascii,693894581,http://www.xfa.org/schema/xfa-form/,http://www.xfa.org/schema/xfa-form,,,,regex_match_no_context
case2,regex_baseline,url,ascii,693894631,http://www.xfa.org/schema/xfa-connection-set/,http://www.xfa.org/schema/xfa-connection-set,,,,regex_match_no_context
case2,regex_baseline,url,ascii,783504331,https://github.com/WebBluetoothCG/web-bluetooth/blob/main/implementation-status.md,https://github.com/WebBluetoothCG/web-bluetooth/blob/main/implementation-status.md,,,,regex_match_no_context
case2,regex_baseline,url,ascii,783511062,https://goo.gl/J6ASzs,https://goo.gl/J6ASzs,,,,regex_match_no_context
case2,regex_baseline,url,ascii,783511769,https://goo.gl/4NeimX,https://goo.gl/4NeimX,,,,regex_match_no_context
case2,regex_baseline,url,ascii,783512153,https://goo.gl/HxfxSQ,https://goo.gl/HxfxSQ,,,,regex_match_no_context
case2,regex_baseline,url,ascii,783522925,https://www.bluetooth.com/specifications/gatt/services,https://www.bluetooth.com/specifications/gatt/services,,,,regex_match_no_context
case2,regex_baseline,url,ascii,783523007,https://www.bluetooth.com/specifications/gatt/characteristics,https://www.bluetooth.com/specifications/gatt/characteristics,,,,regex_match_no_context
case2,regex_baseline,url,ascii,783523108,https://www.bluetooth.com/specifications/gatt/descriptors,https://www.bluetooth.com/specifications/gatt/descriptors,,,,regex_match_no_context
case2,regex_baseline,url,ascii,783572860,https://html.spec.whatwg.org/multipage/canvas.html#concept-canvas-will-read-frequently,https://html.spec.whatwg.org/multipage/canvas.html,,,,regex_match_no_context
case2,regex_baseline,url,ascii,783599868,https://goo.gl/EuHzyv,https://goo.gl/EuHzyv,,,,regex_match_no_context
case2,regex_baseline,url,ascii,783635156,https://chromium.googlesource.com/chromium/src/+/main/content/browser/webauth/pub_key_cred_params.md,https://chromium.googlesource.com/chromium/src/+/main/content/browser/webauth/pub_key_cred_params.md,,,,regex_match_no_context
case2,regex_baseline,url,ascii,783638413,https://www.w3.org/TR/webauthn-2/#sctn-privacy-considerations-client.,https://www.w3.org/TR/webauthn-2,,,,regex_match_no_context
case2,regex_baseline,url,ascii,783639572,https://chromium.googlesource.com/chromium/src/+/main/content/browser/webauth/origins.md,https://chromium.googlesource.com/chromium/src/+/main/content/browser/webauth/origins.md,,,,regex_match_no_context
case2,regex_baseline,url,ascii,783641464,https://crbug.com/1393662).,https://crbug.com/1393662).,,,,regex_match_no_context
case2,regex_baseline,url,ascii,783685158,https://github.com/w3c/webappsec-permissions-policy/blob/master/features.md#sensor-features,https://github.com/w3c/webappsec-permissions-policy/blob/master/features.md,,,,regex_match_no_context
case2,regex_baseline,url,ascii,783764669,https://github.com/w3c/gamepad/pull/120,https://github.com/w3c/gamepad/pull/120,,,,regex_match_no_context
case2,regex_baseline,url,ascii,783993908,https://crbug.com/1144908,https://crbug.com/1144908,,,,regex_match_no_context
case2,regex_baseline,url,ascii,784151012,https://google.com/pay,https://google.com/pay,,,,regex_match_no_context
case2,regex_baseline,url,ascii,784151044,https://android.com/pay,https://android.com/pay,,,,regex_match_no_context
case2,regex_baseline,url,ascii,784151460,https://play.google.com/billing,https://play.google.com/billing,,,,regex_match_no_context
case2,regex_baseline,url,ascii,784178138,https://datatracker.ietf.org/doc/draft-ietf-rtcweb-ip-handling.,https://datatracker.ietf.org/doc/draft-ietf-rtcweb-ip-handling.,,,,regex_match_no_context
case2,regex_baseline,url,ascii,784207414,https://example.org,https://example.org,,,,regex_match_no_context
case2,regex_baseline,url,ascii,784401397,https://www.chromestatus.com/feature/5682658461876224.,https://www.chromestatus.com/feature/5682658461876224.,,,,regex_match_no_context
case2,regex_baseline,url,ascii,784401553,https://www.chromestatus.com/feature/5644273861001216.,https://www.chromestatus.com/feature/5644273861001216.,,,,regex_match_no_context
case2,regex_baseline,url,ascii,784417076,https://goo.gl/7K7WLu,https://goo.gl/7K7WLu,,,,regex_match_no_context
case2,regex_baseline,url,ascii,784486419,https://bit.ly/audio-worklet),https://bit.ly/audio-worklet),,,,regex_match_no_context
case2,regex_baseline,url,ascii,850160572,http://crbug.com/619103.,http://crbug.com/619103.,,,,regex_match_no_context
case2,regex_baseline,url,ascii,850160627,https://crbug.com/619103.,https://crbug.com/619103.,,,,regex_match_no_context
case2,regex_baseline,url,ascii,850347469,https://goo.gl/Y0ZkNV).,https://goo.gl/Y0ZkNV).,,,,regex_match_no_context
case2,regex_baseline,url,ascii,850486029,https://dev.chromium.org/throttling,https://dev.chromium.org/throttling,,,,regex_match_no_context
case2,regex_baseline,url,ascii,850502101,https://www.chromestatus.com/feature/5527160148197376,https://www.chromestatus.com/feature/5527160148197376,,,,regex_match_no_context
case2,regex_baseline,url,ascii,852991871,http://dictionaryperceptionrevolutionfoundationpx;height:successfulsupportersmillenniumhis,http://dictionaryperceptionrevolutionfoundationpx;height:successfulsupportersmillenniumhis,,,,regex_match_no_context
case2,regex_baseline,url,ascii,853000446,http://mathematicsmargin-top:eventually,http://mathematicsmargin-top:eventually,,,,regex_match_no_context
case2,regex_baseline,url,ascii,853001315,http://Descriptionrelatively,http://descriptionrelatively,,,,regex_match_no_context
case2,regex_baseline,url,ascii,853011361,http://applicationslink,http://applicationslink,,,,regex_match_no_context
case2,regex_baseline,url,ascii,853013569,http://navigation,http://navigation,,,,regex_match_no_context
case2,regex_baseline,url,ascii,853016841,http://www.years,http://www.years,,,,regex_match_no_context
case2,regex_baseline,url,ascii,853024887,http://interested,http://interested,,,,regex_match_no_context
case2,regex_baseline,url,ascii,853026889,http://familiar,http://familiar,,,,regex_match_no_context
case2,regex_baseline,url,ascii,853031094,https://was,https://was,,,,regex_match_no_context
case2,regex_baseline,url,ascii,853031681,https://aIn,https://ain,,,,regex_match_no_context
case2,regex_baseline,url,ascii,853032579,http://whether,http://whether,,,,regex_match_no_context
case2,regex_baseline,url,ascii,853035449,http://interpreted,http://interpreted,,,,regex_match_no_context
case2,regex_baseline,url,ascii,853041693,http://addEventListenerresponsible,http://addeventlistenerresponsible,,,,regex_match_no_context
case2,regex_baseline,url,ascii,853043393,http://.jpg,http://.jpg,,,,regex_match_no_context
case2,regex_baseline,url,ascii,853043801,http://according,http://according,,,,regex_match_no_context
case2,regex_baseline,url,ascii,853043967,http://www.interpretation,http://www.interpretation,,,,regex_match_no_context
case2,regex_baseline,url,ascii,853045842,http://s;text-align:centerfont-weight:,http://s;text-align:centerfont-weight:,,,,regex_match_no_context
case2,regex_baseline,url,ascii,853045969,http://html4/loose.dtd,http://html4/loose.dtd,,,,regex_match_no_context
case2,regex_baseline,url,ascii,853046257,http://style=,http://style=,,,,regex_match_no_context
case2,regex_baseline,url,ascii,853046773,http://staticsuggested,http://staticsuggested,,,,regex_match_no_context
case2,regex_baseline,url,ascii,853046811,http://www.a,http://www.a,,,,regex_match_no_context
case2,regex_baseline,url,ascii,853047746,https://www.recent,https://www.recent,,,,regex_match_no_context
case2,regex_baseline,url,ascii,853050314,http://www./div,http://www./div,,,,regex_match_no_context
case2,regex_baseline,url,ascii,853050375,http://cript,http://cript,,,,regex_match_no_context
case2,regex_baseline,url,ascii,853050427,http://www.wencodeURIComponent(,http://www.wencodeuricomponent(,,,,regex_match_no_context
case2,regex_baseline,url,ascii,853050698,http://encoding=,http://encoding=,,,,regex_match_no_context
case2,regex_baseline,url,ascii,853050751,http://www.icon,http://www.icon,,,,regex_match_no_context
case2,regex_baseline,url,ascii,853051152,http://imEnglish,http://imenglish,,,,regex_match_no_context
case2,regex_baseline,url,ascii,853052577,http://www.,http://www.,,,,regex_match_no_context
case2,regex_baseline,url,ascii,853052601,http://site_name,http://site_name,,,,regex_match_no_context
case2,regex_baseline,url,ascii,853052837,http://www.hortcut,http://www.hortcut,,,,regex_match_no_context
case2,regex_baseline,url,ascii,853054080,http://iparticipation,http://iparticipation,,,,regex_match_no_context
case2,regex_baseline,url,ascii,853055237,http://www.w3.org/shortcut,http://www.w3.org/shortcut,,,,regex_match_no_context
case2,regex_baseline,url,ascii,853055374,http://xt/css,http://xt/css,,,,regex_match_no_context
case2,regex_baseline,url,ascii,853055395,http://link,http://link,,,,regex_match_no_context
case2,regex_baseline,url,ascii,853055538,http://www.text-decoration:underthe,http://www.text-decoration:underthe,,,,regex_match_no_context
case2,regex_baseline,url,ascii,853055689,http://option,http://option,,,,regex_match_no_context
case2,regex_baseline,url,ascii,853055812,http://www,http://www,,,,regex_match_no_context
case2,regex_baseline,url,ascii,853056577,http://.css,http://.css,,,,regex_match_no_context
case2,regex_baseline,url,ascii,853056881,http://www.style=,http://www.style=,,,,regex_match_no_context
case2,regex_baseline,url,ascii,853057343,http://www.css,http://www.css,,,,regex_match_no_context
case2,regex_baseline,url,ascii,853057545,http://ator,http://ator,,,,regex_match_no_context
case2,regex_baseline,url,ascii,853057585,http://www.language=,http://www.language=,,,,regex_match_no_context
case2,regex_baseline,url,ascii,853057965,http://www-//W3C//DTD,http://www-//W3C//DTD,,,,regex_match_no_context
case2,regex_baseline,url,ascii,853058221,http://UA-Compatible,http://ua-compatible,,,,regex_match_no_context
case2,regex_baseline,url,ascii,853058777,http://www.C//DTD,http://www.c//DTD,,,,regex_match_no_context
case2,regex_baseline,url,ascii,949397394,https://github.com/WICG/construct-stylesheets/issues/119#issuecomment-588352418.,https://github.com/WICG/construct-stylesheets/issues/119,,,,regex_match_no_context
case2,regex_baseline,url,ascii,949599950,https://www.chromestatus.com/feature/5636954674692096,https://www.chromestatus.com/feature/5636954674692096,,,,regex_match_no_context
case2,regex_baseline,url,ascii,949777648,https://www.chromestatus.com/feature/5745543795965952,https://www.chromestatus.com/feature/5745543795965952,,,,regex_match_no_context
case2,regex_baseline,url,ascii,950025088,https://www.chromestatus.com/feature/5093566007214080,https://www.chromestatus.com/feature/5093566007214080,,,,regex_match_no_context
case2,regex_baseline,url,ascii,950029439,https://www.chromestatus.com/feature/6662647093133312,https://www.chromestatus.com/feature/6662647093133312,,,,regex_match_no_context
case2,regex_baseline,url,ascii,950165530,https://www.chromestatus.com/feature/5629582019395584.,https://www.chromestatus.com/feature/5629582019395584.,,,,regex_match_no_context
case2,regex_baseline,url,ascii,950165928,https://www.chromestatus.com/feature/5851021045661696.,https://www.chromestatus.com/feature/5851021045661696.,,,,regex_match_no_context
case2,regex_baseline,url,ascii,950193083,https://crbug.com/1038223.,https://crbug.com/1038223.,,,,regex_match_no_context
case2,regex_baseline,url,ascii,950347434,https://crbug.com/1412729,https://crbug.com/1412729,,,,regex_match_no_context
case2,regex_baseline,url,ascii,950539520,https://html.spec.whatwg.org/multipage/dom.html#custom-data-attribute.,https://html.spec.whatwg.org/multipage/dom.html,,,,regex_match_no_context
case2,regex_baseline,url,ascii,950539664,https://chromestatus.com/feature/5463833265045504.,https://chromestatus.com/feature/5463833265045504.,,,,regex_match_no_context
case2,regex_baseline,url,ascii,950573530,https://goo.gl/ximf56,https://goo.gl/ximf56,,,,regex_match_no_context
case2,regex_baseline,url,ascii,950674722,https://goo.gl/xX8pDD,https://goo.gl/xX8pDD,,,,regex_match_no_context
case2,regex_baseline,url,ascii,950685553,https://goo.gl/LdLk22,https://goo.gl/LdLk22,,,,regex_match_no_context
case2,regex_baseline,url,ascii,950713271,https://www.chromium.org/blink/origin-trials/portals.,https://www.chromium.org/blink/origin-trials/portals.,,,,regex_match_no_context
case2,regex_baseline,url,ascii,951108253,https://github.com/WICG/view-transitions/blob/main/debugging_overflow_on_images.md,https://github.com/WICG/view-transitions/blob/main/debugging_overflow_on_images.md,,,,regex_match_no_context
case2,regex_baseline,url,ascii,951647468,https://chromestatus.com/feature/5105856067141632.,https://chromestatus.com/feature/5105856067141632.,,,,regex_match_no_context
case2,regex_baseline,url,ascii,951690600,https://blog.chromium.org/2019/10/no-more-mixed-messages-about-https.html,https://blog.chromium.org/2019/10/no-more-mixed-messages-about-https.html,,,,regex_match_no_context
case2,regex_baseline,url,ascii,951714578,https://crbug.com/981419,https://crbug.com/981419,,,,regex_match_no_context
case2,regex_baseline,url,ascii,951730008,https://www.chromestatus.com/feature/5738264052891648,https://www.chromestatus.com/feature/5738264052891648,,,,regex_match_no_context
case2,regex_baseline,url,ascii,951803437,https://crbug.com/850954,https://crbug.com/850954,,,,regex_match_no_context
case2,regex_baseline,url,ascii,952022351,https://www.chromestatus.com/feature/5718547946799104,https://www.chromestatus.com/feature/5718547946799104,,,,regex_match_no_context
case2,regex_baseline,url,ascii,952039605,https://crbug.com/927119,https://crbug.com/927119,,,,regex_match_no_context
case2,regex_baseline,url,ascii,952043896,https://github.com/w3c/ServiceWorker/issues/1356.,https://github.com/w3c/ServiceWorker/issues/1356.,,,,regex_match_no_context
case2,regex_baseline,url,ascii,952350069,https://github.com/w3c/webappsec-trusted-types/wiki/Trusted-Types-for-function-constructor,https://github.com/w3c/webappsec-trusted-types/wiki/Trusted-Types-for-function-constructor,,,,regex_match_no_context
case2,regex_baseline,url,ascii,952410569,http://www.w3.org/XML/1998/namespace,http://www.w3.org/XML/1998/namespace,,,,regex_match_no_context
case2,regex_baseline,url,ascii,952411190,http://www.w3.org/TR/xhtml,http://www.w3.org/TR/xhtml,,,,regex_match_no_context
case2,regex_baseline,url,ascii,952411217,http://www.w3.org/Graphics/SVG,http://www.w3.org/Graphics/SVG,,,,regex_match_no_context
case2,regex_baseline,url,ascii,952426644,http://exslt.org/common,http://exslt.org/common,,,,regex_match_no_context
case2,regex_baseline,url,ascii,952427943,http://www.w3.org/TR/xhtml1/DTD/xhtml1-strict.dtd,http://www.w3.org/TR/xhtml1/DTD/xhtml1-strict.dtd,,,,regex_match_no_context
case2,regex_baseline,url,ascii,952436190,https://www.chromestatus.com/feature/4664843055398912,https://www.chromestatus.com/feature/4664843055398912,,,,regex_match_no_context
case2,regex_baseline,url,ascii,952788516,http://www.w3.org/1998/Math/MathML,http://www.w3.org/1998/Math/MathML,,,,regex_match_no_context
case2,regex_baseline,url,ascii,952816844,http://www.w3.org/2000/xmlns/,http://www.w3.org/2000/xmlns,,,,regex_match_no_context
case2,regex_baseline,url,ascii,952835021,https://www.chromestatus.com/feature/5082396709879808,https://www.chromestatus.com/feature/5082396709879808,,,,regex_match_no_context
case2,regex_baseline,url,ascii,952835723,https://developers.google.com/web/updates/2016/08/removing-document-write,https://developers.google.com/web/updates/2016/08/removing-document-write,,,,regex_match_no_context
case2,regex_baseline,url,ascii,952881113,http://www.ibm.com/data/dtd/v11/ibmxhtml1-transitional.dtd,http://www.ibm.com/data/dtd/v11/ibmxhtml1-transitional.dtd,,,,regex_match_no_context
case2,regex_baseline,url,ascii,954648128,http://www.w3.org/2002/08/xquery-functions,http://www.w3.org/2002/08/xquery-functions,,,,regex_match_no_context
case2,regex_baseline,url,ascii,954655392,http://www.w3.org/TR/xhtml1/DTD/xhtml1-frameset.dtd,http://www.w3.org/TR/xhtml1/DTD/xhtml1-frameset.dtd,,,,regex_match_no_context
case2,regex_baseline,url,ascii,954655444,http://www.w3.org/TR/xhtml1/DTD/xhtml1-transitional.dtd,http://www.w3.org/TR/xhtml1/DTD/xhtml1-transitional.dtd,,,,regex_match_no_context
case2,regex_baseline,url,ascii,954676897,http://icl.com/saxon,http://icl.com/saxon,,,,regex_match_no_context
case2,regex_baseline,url,ascii,954681300,http://www.w3.org/TR/1999/REC-html401-19991224/frameset.dtd,http://www.w3.org/TR/1999/REC-html401-19991224/frameset.dtd,,,,regex_match_no_context
case2,regex_baseline,url,ascii,954681397,http://www.w3.org/TR/1999/REC-html401-19991224/strict.dtd,http://www.w3.org/TR/1999/REC-html401-19991224/strict.dtd,,,,regex_match_no_context
case2,regex_baseline,url,ascii,954681504,http://www.w3.org/TR/1999/REC-html401-19991224/loose.dtd,http://www.w3.org/TR/1999/REC-html401-19991224/loose.dtd,,,,regex_match_no_context
case2,regex_baseline,url,ascii,954681576,http://www.w3.org/TR/html4/strict.dtd,http://www.w3.org/TR/html4/strict.dtd,,,,regex_match_no_context
case2,regex_baseline,url,ascii,954681623,http://www.w3.org/TR/html4/loose.dtd,http://www.w3.org/TR/html4/loose.dtd,,,,regex_match_no_context
case2,regex_baseline,url,ascii,954681669,http://www.w3.org/TR/html4/frameset.dtd,http://www.w3.org/TR/html4/frameset.dtd,,,,regex_match_no_context
case2,regex_baseline,url,ascii,954683671,http://xmlsoft.org/XSLT/namespace,http://xmlsoft.org/XSLT/namespace,,,,regex_match_no_context
case2,regex_baseline,url,ascii,954683705,http://www.jclark.com/xt,http://www.jclark.com/xt,,,,regex_match_no_context
case2,regex_baseline,url,ascii,954683819,http://xmlsoft.org/XSLT/,http://xmlsoft.org/XSLT,,,,regex_match_no_context
case2,regex_baseline,url,ascii,954743581,http://www.w3.org/TR/REC-html40/loose.dtd,http://www.w3.org/TR/REC-html40/loose.dtd,,,,regex_match_no_context
case2,regex_baseline,url,ascii,1015410865,https://crbug.com/v8/8520,https://crbug.com/v8/8520,,,,regex_match_no_context
case2,regex_baseline,url,ascii,1026686267,https://tools.ietf.org/html/rfc6960,https://tools.ietf.org/html/rfc6960,,,,regex_match_no_context
case2,regex_baseline,url,ascii,1026686319,https://tools.ietf.org/html/rfc5280#section-4.2.1.13,https://tools.ietf.org/html/rfc5280,,,,regex_match_no_context
case2,regex_baseline,url,ascii,1044452132,https://cs.chromium.org/,https://cs.chromium.org,,,,regex_match_no_context
case2,regex_baseline,url,ascii,1044452164,https://cs.chromium.org/chromium/src/,https://cs.chromium.org/chromium/src,,,,regex_match_no_context
case2,regex_baseline,url,ascii,1047808841,https://streams.videolan.org/upload/,https://streams.videolan.org/upload,,,,regex_match_no_context
case2,regex_baseline,url,ascii,1076827243,http://www.microsoft.com/networking/WLAN/profile/v1,http://www.microsoft.com/networking/WLAN/profile/v1,,,,regex_match_no_context
case2,regex_baseline,url,ascii,1077903924,https://support.google.com/chrome?p=bluetooth,https://support.google.com/chrome?p=bluetooth,,,,regex_match_no_context
case2,regex_baseline,url,ascii,1086831638,http://schemas.microsoft.com/windows/2003/08/printing/printschemaframework,http://schemas.microsoft.com/windows/2003/08/printing/printschemaframework,,,,regex_match_no_context
case2,regex_baseline,url,ascii,1086831725,http://schemas.microsoft.com/windows/2003/08/printing/printschemakeywords,http://schemas.microsoft.com/windows/2003/08/printing/printschemakeywords,,,,regex_match_no_context
case2,regex_baseline,url,ascii,1087548564,http://schemas.microsoft.com/xps/2005/06,http://schemas.microsoft.com/xps/2005/06,,,,regex_match_no_context
case2,regex_baseline,url,ascii,1101251524,https://secureconnect-pa.clients6.google.com/v1:getManagedAccountsSigninRestriction,https://secureconnect-pa.clients6.google.com/v1:getManagedAccountsSigninRestriction,,,,regex_match_no_context
case2,regex_baseline,url,ascii,1101297988,https://source.chromium.org/chromium/chromium/src/+/main:%s;l=%i;drc:%s,https://source.chromium.org/chromium/chromium/src/+/main:%s;l=%i;drc:%s,,,,regex_match_no_context
case2,regex_baseline,url,ascii,1101314990,http://crbug.com,http://crbug.com,,,,regex_match_no_context
case2,regex_baseline,url,ascii,1109478534,http://www.google.com,http://www.google.com,,,,regex_match_no_context
case2,regex_baseline,url,ascii,1109488290,https://...,https://...,,,,regex_match_no_context
case2,regex_baseline,url,ascii,1109488596,https://www.google.com/accounts/OAuthLogin,https://www.google.com/accounts/OAuthLogin,,,,regex_match_no_context
case2,regex_baseline,url,ascii,1109488644,https://www.googleapis.com/auth/chromeosdevicemanagement,https://www.googleapis.com/auth/chromeosdevicemanagement,,,,regex_match_no_context
case2,regex_baseline,url,ascii,1109488708,https://www.googleapis.com/auth/any-api,https://www.googleapis.com/auth/any-api,,,,regex_match_no_context
case2,regex_baseline,url,ascii,1109488756,https://www.googleapis.com/auth/chromesync,https://www.googleapis.com/auth/chromesync,,,,regex_match_no_context
case2,regex_baseline,url,ascii,1109488804,https://www.googleapis.com/auth/chromesync_playpen,https://www.googleapis.com/auth/chromesync_playpen,,,,regex_match_no_context
case2,regex_baseline,url,ascii,1109488868,https://www.googleapis.com/auth/kid.management.privileged,https://www.googleapis.com/auth/kid.management.privileged,,,,regex_match_no_context
case2,regex_baseline,url,ascii,1109488932,https://www.googleapis.com/auth/kids.supervision.setup.child,https://www.googleapis.com/auth/kids.supervision.setup.child,,,,regex_match_no_context
case2,regex_baseline,url,ascii,1109488996,https://www.googleapis.com/auth/googletalk,https://www.googleapis.com/auth/googletalk,,,,regex_match_no_context
case2,regex_baseline,url,ascii,1109489044,https://www.googleapis.com/auth/userinfo.email,https://www.googleapis.com/auth/userinfo.email,,,,regex_match_no_context
case2,regex_baseline,url,ascii,1109489092,https://www.googleapis.com/auth/userinfo.profile,https://www.googleapis.com/auth/userinfo.profile,,,,regex_match_no_context
case2,regex_baseline,url,ascii,1109489156,https://www.googleapis.com/auth/kids.parentapproval,https://www.googleapis.com/auth/kids.parentapproval,,,,regex_match_no_context
case2,regex_baseline,url,ascii,1109489220,https://www.googleapis.com/auth/peopleapi.readonly,https://www.googleapis.com/auth/peopleapi.readonly,,,,regex_match_no_context
case2,regex_baseline,url,ascii,1109489284,https://www.googleapis.com/auth/accounts.programmaticchallenge,https://www.googleapis.com/auth/accounts.programmaticchallenge,,,,regex_match_no_context
case2,regex_baseline,url,ascii,1109489348,https://www.googleapis.com/auth/accounts.reauth,https://www.googleapis.com/auth/accounts.reauth,,,,regex_match_no_context
case2,regex_baseline,url,ascii,1109489396,https://www.googleapis.com/auth/auditrecording-pa,https://www.googleapis.com/auth/auditrecording-pa,,,,regex_match_no_context
case2,regex_baseline,url,ascii,1109489460,https://www.googleapis.com/auth/cclog,https://www.googleapis.com/auth/cclog,,,,regex_match_no_context
case2,regex_baseline,url,ascii,1109489508,https://www.googleapis.com/auth/firebase.messaging,https://www.googleapis.com/auth/firebase.messaging,,,,regex_match_no_context
case2,regex_baseline,url,ascii,1109489572,https://www.googleapis.com/auth/tachyon,https://www.googleapis.com/auth/tachyon,,,,regex_match_no_context
case2,regex_baseline,url,ascii,1109489620,https://www.googleapis.com/auth/photos,https://www.googleapis.com/auth/photos,,,,regex_match_no_context
case2,regex_baseline,url,ascii,1109489668,https://www.googleapis.com/auth/bce.secureconnect,https://www.googleapis.com/auth/bce.secureconnect,,,,regex_match_no_context
case2,regex_baseline,url,ascii,1109489732,https://www.googleapis.com/auth/cast.backdrop,https://www.googleapis.com/auth/cast.backdrop,,,,regex_match_no_context
case2,regex_baseline,url,ascii,1109489780,https://www.googleapis.com/auth/cloud-translation,https://www.googleapis.com/auth/cloud-translation,,,,regex_match_no_context
case2,regex_baseline,url,ascii,1109489844,https://www.googleapis.com/auth/identity.passwords.leak.check,https://www.googleapis.com/auth/identity.passwords.leak.check,,,,regex_match_no_context
case2,regex_baseline,url,ascii,1109489908,https://www.googleapis.com/auth/chrome-safe-browsing,https://www.googleapis.com/auth/chrome-safe-browsing,,,,regex_match_no_context
case2,regex_baseline,url,ascii,1109489972,https://www.googleapis.com/auth/kid.permission,https://www.googleapis.com/auth/kid.permission,,,,regex_match_no_context
case2,regex_baseline,url,ascii,1109490020,https://www.googleapis.com/auth/kid.family.readonly,https://www.googleapis.com/auth/kid.family.readonly,,,,regex_match_no_context
case2,regex_baseline,url,ascii,1109490084,https://www.googleapis.com/auth/wallet.chrome,https://www.googleapis.com/auth/wallet.chrome,,,,regex_match_no_context
case2,regex_baseline,url,ascii,1109490132,https://www.googleapis.com/auth/cryptauth,https://www.googleapis.com/auth/cryptauth,,,,regex_match_no_context
case2,regex_baseline,url,ascii,1109490180,https://www.googleapis.com/auth/drive,https://www.googleapis.com/auth/drive,,,,regex_match_no_context
case2,regex_baseline,url,ascii,1109490228,https://www.googleapis.com/auth/drive.readonly,https://www.googleapis.com/auth/drive.readonly,,,,regex_match_no_context
case2,regex_baseline,url,ascii,1109490276,https://www.googleapis.com/auth/assistant-sdk-prototype,https://www.googleapis.com/auth/assistant-sdk-prototype,,,,regex_match_no_context
case2,regex_baseline,url,ascii,1109490340,https://www.googleapis.com/auth/cloudplatformprojects,https://www.googleapis.com/auth/cloudplatformprojects,,,,regex_match_no_context
case2,regex_baseline,url,ascii,1109490404,https://www.googleapis.com/auth/nearbysharing-pa,https://www.googleapis.com/auth/nearbysharing-pa,,,,regex_match_no_context
case2,regex_baseline,url,ascii,1109490468,https://www.googleapis.com/auth/gcm,https://www.googleapis.com/auth/gcm,,,,regex_match_no_context
case2,regex_baseline,url,ascii,1109490516,https://www.googleapis.com/auth/android_checkin,https://www.googleapis.com/auth/android_checkin,,,,regex_match_no_context
case2,regex_baseline,url,ascii,1109490564,https://www.googleapis.com/auth/chromewebstore.readonly,https://www.googleapis.com/auth/chromewebstore.readonly,,,,regex_match_no_context
case2,regex_baseline,url,ascii,1109490628,https://www.googleapis.com/auth/account.capabilities,https://www.googleapis.com/auth/account.capabilities,,,,regex_match_no_context
case2,regex_baseline,url,ascii,1109490692,https://www.googleapis.com/auth/supportcontent,https://www.googleapis.com/auth/supportcontent,,,,regex_match_no_context
case2,regex_baseline,url,ascii,1109490868,https://www.googleapis.com/auth/googlenow,https://www.googleapis.com/auth/googlenow,,,,regex_match_no_context
case2,regex_baseline,url,ascii,1109490916,https://www.googleapis.com/auth/chromekanonymity,https://www.googleapis.com/auth/chromekanonymity,,,,regex_match_no_context
case2,regex_baseline,url,ascii,1109490980,https://www.googleapis.com/auth/calendar.readonly,https://www.googleapis.com/auth/calendar.readonly,,,,regex_match_no_context
case2,regex_baseline,url,ascii,1109491044,https://www.googleapis.com/auth/tasks.readonly,https://www.googleapis.com/auth/tasks.readonly,,,,regex_match_no_context
case2,regex_baseline,url,ascii,1109491092,https://www.googleapis.com/auth/tasks,https://www.googleapis.com/auth/tasks,,,,regex_match_no_context
case2,regex_baseline,url,ascii,1109492218,https://developers.google.com/identity/protocols,https://developers.google.com/identity/protocols,,,,regex_match_no_context
case2,regex_baseline,url,ascii,1109512356,https://www.chromium.org/developers/how-tos/api-keys,https://www.chromium.org/developers/how-tos/api-keys,,,,regex_match_no_context
case2,regex_baseline,url,ascii,1128068212,https://clientservices.googleapis.com/chrome-variations/seed,https://clientservices.googleapis.com/chrome-variations/seed,,,,regex_match_no_context
case2,regex_baseline,url,ascii,1128068276,http://clientservices.googleapis.com/chrome-variations/seed,http://clientservices.googleapis.com/chrome-variations/seed,,,,regex_match_no_context
case2,regex_baseline,url,ascii,1165865006,https://crbug.com/703369,https://crbug.com/703369,,,,regex_match_no_context
case2,regex_baseline,url,ascii,1196245405,https://tools.ietf.org/html/rfc3492),https://tools.ietf.org/html/rfc3492),,,,regex_match_no_context
case2,regex_baseline,url,ascii,1196245527,http://tools.ietf.org/html/rfc3986#section-2.1),http://tools.ietf.org/html/rfc3986,,,,regex_match_no_context
case2,regex_baseline,url,ascii,1196271356,http://%s:80,http://%s:80,,,,regex_match_no_context
case2,regex_baseline,url,ascii,1196275780,https://wicg.github.io/nav-speculation/no-vary-search.html,https://wicg.github.io/nav-speculation/no-vary-search.html,,,,regex_match_no_context
case2,regex_baseline,url,ascii,1196275844,https://www.rfc-editor.org/rfc/rfc8941.html#name-dictionaries,https://www.rfc-editor.org/rfc/rfc8941.html,,,,regex_match_no_context
case2,regex_baseline,url,ascii,1281781268,http://www.webrtc.org/experiments/rtp-hdrext/abs-send-time,http://www.webrtc.org/experiments/rtp-hdrext/abs-send-time,,,,regex_match_no_context
case2,regex_baseline,url,ascii,1281781332,http://www.webrtc.org/experiments/rtp-hdrext/abs-capture-time,http://www.webrtc.org/experiments/rtp-hdrext/abs-capture-time,,,,regex_match_no_context
case2,regex_baseline,url,ascii,1281781428,http://www.webrtc.org/experiments/rtp-hdrext/video-content-type,http://www.webrtc.org/experiments/rtp-hdrext/video-content-type,,,,regex_match_no_context
case2,regex_baseline,url,ascii,1281781492,http://www.webrtc.org/experiments/rtp-hdrext/video-timing,http://www.webrtc.org/experiments/rtp-hdrext/video-timing,,,,regex_match_no_context
case2,regex_baseline,url,ascii,1281781556,http://www.webrtc.org/experiments/rtp-hdrext/generic-frame-descriptor-00,http://www.webrtc.org/experiments/rtp-hdrext/generic-frame-descriptor-00,,,,regex_match_no_context
case2,regex_baseline,url,ascii,1281781636,https://aomediacodec.github.io/av1-rtp-spec/#dependency-descriptor-rtp-header-extension,https://aomediacodec.github.io/av1-rtp-spec,,,,regex_match_no_context
case2,regex_baseline,url,ascii,1281781732,http://www.webrtc.org/experiments/rtp-hdrext/video-layers-allocation00,http://www.webrtc.org/experiments/rtp-hdrext/video-layers-allocation00,,,,regex_match_no_context
case2,regex_baseline,url,ascii,1281781812,http://www.ietf.org/id/draft-holmer-rmcat-transport-wide-cc-extensions-01,http://www.ietf.org/id/draft-holmer-rmcat-transport-wide-cc-extensions-01,,,,regex_match_no_context
case2,regex_baseline,url,ascii,1281781892,http://www.webrtc.org/experiments/rtp-hdrext/transport-wide-cc-02,http://www.webrtc.org/experiments/rtp-hdrext/transport-wide-cc-02,,,,regex_match_no_context
case2,regex_baseline,url,ascii,1281781972,http://www.webrtc.org/experiments/rtp-hdrext/playout-delay,http://www.webrtc.org/experiments/rtp-hdrext/playout-delay,,,,regex_match_no_context
case2,regex_baseline,url,ascii,1281782036,http://www.webrtc.org/experiments/rtp-hdrext/color-space,http://www.webrtc.org/experiments/rtp-hdrext/color-space,,,,regex_match_no_context
case2,regex_baseline,url,ascii,1281782260,http://www.webrtc.org/experiments/rtp-hdrext/video-frame-tracking-id,http://www.webrtc.org/experiments/rtp-hdrext/video-frame-tracking-id,,,,regex_match_no_context
case2,regex_baseline,url,ascii,1282575295,https://crbug.com/1053756,https://crbug.com/1053756,,,,regex_match_no_context
case2,regex_baseline,url,ascii,1282636952,http://crl.globalsign.net/root-r2.crl0,http://crl.globalsign.net/root-r2.crl0,,,,regex_match_no_context
case2,regex_baseline,url,ascii,1282647782,http://www2.public-trust.com/crl/ct/ctroot.crl0,http://www2.public-trust.com/crl/ct/ctroot.crl0,,,,regex_match_no_context
case2,regex_baseline,url,ascii,1282743108,http://www.webrtc.org/experiments/rtp-hdrext/inband-cn,http://www.webrtc.org/experiments/rtp-hdrext/inband-cn,,,,regex_match_no_context
case2,regex_baseline,url,ascii,1283243344,https://webrtc.googlesource.com/src/+/refs/heads/main/docs/native-code/rtp-hdrext/playout-delay/,https://webrtc.googlesource.com/src/+/refs/heads/main/docs/native-code/rtp-hdrext/playout-delay,,,,regex_match_no_context
case2,regex_baseline,url,ascii,1293699577,http://certificates.godaddy.com/repository100.,http://certificates.godaddy.com/repository100.,,,,regex_match_no_context
case2,regex_baseline,url,ascii,1293699809,http://crl.godaddy.com/gds1-20*0(,http://crl.godaddy.com/gds1-20*0(,,,,regex_match_no_context
case2,regex_baseline,url,ascii,1293699854,https://www.verisign.com/cps04000000Z,https://www.verisign.com/cps04000000Z,,,,regex_match_no_context
case2,regex_baseline,url,ascii,1293699911,http://s0907,http://s0907,,,,regex_match_no_context
case2,regex_baseline,url,ascii,1293700059,https://www.verisign.com/rpa,https://www.verisign.com/rpa,,,,regex_match_no_context
case2,regex_baseline,url,ascii,1293700331,http://EVIntl-ccrt.gwww.gicert.com/1ocsp.verisign.com09rapidssl.cos.godaddy.com/repository/0,http://evintl-ccrt.gwww.gicert.com/1ocsp.verisign.com09rapidssl.cos.godaddy.com/repository/0,,,,regex_match_no_context
case2,regex_baseline,url,ascii,1293700453,http://ocsp.godaddy.com/0J,http://ocsp.godaddy.com/0J,,,,regex_match_no_context
case2,regex_baseline,url,ascii,1293700491,http://certificates.godaddy.com/repository/gd_intermediate.crt0,http://certificates.godaddy.com/repository/gd_intermediate.crt0,,,,regex_match_no_context
case2,regex_baseline,url,ascii,1307254117,https://chromium.googlesource.com/chromium/src/+/main/net/tools/stitch_net_log_files.py,https://chromium.googlesource.com/chromium/src/+/main/net/tools/stitch_net_log_files.py,,,,regex_match_no_context
case2,regex_baseline,url,ascii,1307295898,https://my-pac-script.invalid/wpad.dat,https://my-pac-script.invalid/wpad.dat,,,,regex_match_no_context
case2,regex_baseline,url,ascii,1307299044,http://wpad/wpad.dat,http://wpad/wpad.dat,,,,regex_match_no_context
case2,regex_baseline,url,ascii,1307492923,http://www.firmaprofesional.com/cps0,http://www.firmaprofesional.com/cps0,,,,regex_match_no_context
case2,regex_baseline,url,ascii,1307503037,http://www.d-trust.net/crl/d-trust_root_class_3_ca_2_2009.crl0,http://www.d-trust.net/crl/d-trust_root_class_3_ca_2_2009.crl0,,,,regex_match_no_context
case2,regex_baseline,url,ascii,1307504129,http://www.d-trust.net/crl/d-trust_root_class_3_ca_2_ev_2009.crl0,http://www.d-trust.net/crl/d-trust_root_class_3_ca_2_ev_2009.crl0,,,,regex_match_no_context
case2,regex_baseline,url,ascii,1307507356,https://wwww.certigna.fr/autorites/0m,https://wwww.certigna.fr/autorites/0m,,,,regex_match_no_context
case2,regex_baseline,url,ascii,1307507410,http://crl.certigna.fr/certignarootca.crl01,http://crl.certigna.fr/certignarootca.crl01,,,,regex_match_no_context
case2,regex_baseline,url,ascii,1307507459,http://crl.dhimyotis.com/certignarootca.crl0,http://crl.dhimyotis.com/certignarootca.crl0,,,,regex_match_no_context
case2,regex_baseline,url,ascii,1307548953,http://www.accv.es/fileadmin/Archivos/certificados/raizaccv1.crt0,http://www.accv.es/fileadmin/Archivos/certificados/raizaccv1.crt0,,,,regex_match_no_context
case2,regex_baseline,url,ascii,1307549031,http://ocsp.accv.es0,http://ocsp.accv.es0,,,,regex_match_no_context
case2,regex_baseline,url,ascii,1307549470,http://www.accv.es/legislacion_c.htm0U,http://www.accv.es/legislacion_c.htm0U,,,,regex_match_no_context
case2,regex_baseline,url,ascii,1307551020,http://www.cert.fnmt.es/dpcs/0,http://www.cert.fnmt.es/dpcs/0,,,,regex_match_no_context
case2,regex_baseline,url,ascii,1307568812,http://www.quovadisglobal.com/cps0,http://www.quovadisglobal.com/cps0,,,,regex_match_no_context
case2,regex_baseline,url,ascii,1307583900,http://crl.securetrust.com/SGCA.crl0,http://crl.securetrust.com/SGCA.crl0,,,,regex_match_no_context
case2,regex_baseline,url,ascii,1307587761,http://crl.xrampsecurity.com/XGCA.crl0,http://crl.xrampsecurity.com/XGCA.crl0,,,,regex_match_no_context
case2,regex_baseline,url,ascii,1307588719,http://crl.securetrust.com/STCA.crl0,http://crl.securetrust.com/STCA.crl0,,,,regex_match_no_context
case2,regex_baseline,url,ascii,1307597027,http://repository.swisssign.com/0,http://repository.swisssign.com/0,,,,regex_match_no_context
case2,regex_baseline,url,ascii,1307716327,https://alekberg.net/privacy,https://alekberg.net/privacy,,,,regex_match_no_context
case2,regex_baseline,url,ascii,1307716374,https://dnsnl.alekberg.net/dns-query,https://dnsnl.alekberg.net/dns-query,,,,regex_match_no_context
case2,regex_baseline,url,ascii,1307716428,https://doh.cleanbrowsing.org/doh/adult-filter,https://doh.cleanbrowsing.org/doh/adult-filter,,,,regex_match_no_context
case2,regex_baseline,url,ascii,1307716595,https://cleanbrowsing.org/privacy,https://cleanbrowsing.org/privacy,,,,regex_match_no_context
case2,regex_baseline,url,ascii,1307716659,https://doh.cleanbrowsing.org/doh/family-filter,https://doh.cleanbrowsing.org/doh/family-filter,,,,regex_match_no_context
case2,regex_baseline,url,ascii,1307716829,https://doh.cleanbrowsing.org/doh/security-filter,https://doh.cleanbrowsing.org/doh/security-filter,,,,regex_match_no_context
case2,regex_baseline,url,ascii,1307717001,https://developers.cloudflare.com/1.1.1.1/privacy/public-dns-resolver/,https://developers.cloudflare.com/1.1.1.1/privacy/public-dns-resolver,,,,regex_match_no_context
case2,regex_baseline,url,ascii,1307717093,https://chrome.cloudflare-dns.com/dns-query,https://chrome.cloudflare-dns.com/dns-query,,,,regex_match_no_context
case2,regex_baseline,url,ascii,1307717255,https://doh.xfinity.com/dns-query,https://doh.xfinity.com/dns-query,,,,regex_match_no_context
case2,regex_baseline,url,ascii,1307717377,https://doh.cox.net/dns-query,https://doh.cox.net/dns-query,,,,regex_match_no_context
case2,regex_baseline,url,ascii,1307717468,https://www.nic.cz/odvr/,https://www.nic.cz/odvr,,,,regex_match_no_context
case2,regex_baseline,url,ascii,1307717505,https://odvr.nic.cz/doh,https://odvr.nic.cz/doh,,,,regex_match_no_context
case2,regex_baseline,url,ascii,1307717614,https://dns.sb/privacy/,https://dns.sb/privacy,,,,regex_match_no_context
case2,regex_baseline,url,ascii,1307717645,https://doh.dns.sb/dns-query,https://doh.dns.sb/dns-query,,,,regex_match_no_context
case2,regex_baseline,url,ascii,1307717735,https://developers.google.com/speed/public-dns/privacy,https://developers.google.com/speed/public-dns/privacy,,,,regex_match_no_context
case2,regex_baseline,url,ascii,1307717810,https://dns.google/dns-query,https://dns.google/dns-query,,,,regex_match_no_context
case2,regex_baseline,url,ascii,1307717941,https://dns64.dns.google/dns-query,https://dns64.dns.google/dns-query,,,,regex_match_no_context
case2,regex_baseline,url,ascii,1307718054,https://public.dns.iij.jp/,https://public.dns.iij.jp,,,,regex_match_no_context
case2,regex_baseline,url,ascii,1307718098,https://public.dns.iij.jp/dns-query,https://public.dns.iij.jp/dns-query,,,,regex_match_no_context
case2,regex_baseline,url,ascii,1307718141,https://nextdns.io/privacy,https://nextdns.io/privacy,,,,regex_match_no_context
case2,regex_baseline,url,ascii,1307718176,https://chromium.dns.nextdns.io,https://chromium.dns.nextdns.io,,,,regex_match_no_context
case2,regex_baseline,url,ascii,1307718216,https://www.cisco.com/c/en/us/about/legal/privacy-full.html,https://www.cisco.com/c/en/us/about/legal/privacy-full.html,,,,regex_match_no_context
case2,regex_baseline,url,ascii,1307718284,https://doh.opendns.com/dns-query,https://doh.opendns.com/dns-query,,,,regex_match_no_context
case2,regex_baseline,url,ascii,1307718386,https://doh.familyshield.opendns.com/dns-query,https://doh.familyshield.opendns.com/dns-query,,,,regex_match_no_context
case2,regex_baseline,url,ascii,1307718517,https://dns11.quad9.net/dns-query,https://dns11.quad9.net/dns-query,,,,regex_match_no_context
case2,regex_baseline,url,ascii,1307718627,https://dns10.quad9.net/dns-query,https://dns10.quad9.net/dns-query,,,,regex_match_no_context
case2,regex_baseline,url,ascii,1307718742,https://www.quad9.net/home/privacy/,https://www.quad9.net/home/privacy,,,,regex_match_no_context
case2,regex_baseline,url,ascii,1307718794,https://dns.quad9.net/dns-query,https://dns.quad9.net/dns-query,,,,regex_match_no_context
case2,regex_baseline,url,ascii,1307718914,https://doh.quickline.ch/dns-query,https://doh.quickline.ch/dns-query,,,,regex_match_no_context
case2,regex_baseline,url,ascii,1307719052,https://doh-01.spectrum.com/dns-query,https://doh-01.spectrum.com/dns-query,,,,regex_match_no_context
case2,regex_baseline,url,ascii,1307719178,https://doh-02.spectrum.com/dns-query,https://doh-02.spectrum.com/dns-query,,,,regex_match_no_context
case2,regex_baseline,url,utf-16le,1307549421,http://www.accv.e,http://www.accv.e,,,,regex_match_no_context
case2,regex_baseline,url,ascii,1309250852,https://log.getdropbox.com/hpkp,https://log.getdropbox.com/hpkp,,,,regex_match_no_context
case2,regex_baseline,url,ascii,1309251028,http://clients3.google.com/cert_upload_json,http://clients3.google.com/cert_upload_json,,,,regex_match_no_context
case2,regex_baseline,url,ascii,1309251140,http://report-example.test/test,http://report-example.test/test,,,,regex_match_no_context
case2,regex_baseline,url,ascii,1309251604,http://l.twimg.com/i/hpkp_report,http://l.twimg.com/i/hpkp_report,,,,regex_match_no_context
case2,regex_baseline,url,ascii,1309251956,http://csp.yahoo.com/beacon/csp?src=yahoocom-hpkp-report-only,http://csp.yahoo.com/beacon/csp?src=yahoocom-hpkp-report-only,,,,regex_match_no_context
case2,regex_baseline,url,ascii,1341144006,https://crbug.com/new,https://crbug.com/new,,,,regex_match_no_context
case2,regex_baseline,url,ascii,1342019601,https://www.w3.org/TR/mse-byte-stream-format-isobmff/#movie-fragment-relative-addressing,https://www.w3.org/TR/mse-byte-stream-format-isobmff,,,,regex_match_no_context
case2,regex_baseline,url,ascii,1349520786,https://crbug.com/1181150.,https://crbug.com/1181150.,,,,regex_match_no_context
case2,regex_baseline,url,ascii,1383208100,http://ns.adobe.com/xap/1.0/,http://ns.adobe.com/xap/1.0,,,,regex_match_no_context
case2,regex_baseline,url,ascii,1383752292,http://www.color.org,http://www.color.org,,,,regex_match_no_context
case2,regex_baseline,url,ascii,1383764146,http://www.w3.org/1999/02/22-rdf-syntax-ns#,http://www.w3.org/1999/02/22-rdf-syntax-ns,,,,regex_match_no_context
case2,regex_baseline,url,ascii,1383764275,http://purl.org/dc/elements/1.1/,http://purl.org/dc/elements/1.1,,,,regex_match_no_context
case2,regex_baseline,url,ascii,1383764323,http://ns.adobe.com/xap/1.0/mm/,http://ns.adobe.com/xap/1.0/mm,,,,regex_match_no_context
case2,regex_baseline,url,ascii,1383764368,http://ns.adobe.com/pdf/1.3/,http://ns.adobe.com/pdf/1.3,,,,regex_match_no_context
case2,regex_baseline,url,ascii,1383764413,http://www.aiim.org/pdfa/ns/id/,http://www.aiim.org/pdfa/ns/id,,,,regex_match_no_context
case2,regex_baseline,url,ascii,1390561435,https://www.amd.com/en/support/apu/amd-series-processors/amd-a8-series-apu-for-laptops/a8-5550m-radeon-hd-8550g,https://www.amd.com/en/support/apu/amd-series-processors/amd-a8-series-apu-for-laptops/a8-5550m-radeon-hd-8550g,,,,regex_match_no_context
case2,regex_baseline,url,ascii,1390561711,https://www.intel.com/content/www/us/en/download-center/home.html,https://www.intel.com/content/www/us/en/download-center/home.html,,,,regex_match_no_context
case2,regex_baseline,url,ascii,1477685556,https://server1.example,https://server1.example,,,,regex_match_no_context
case2,regex_baseline,url,ascii,1477685580,https://server2.example,https://server2.example,,,,regex_match_no_context
case2,regex_baseline,url,ascii,1477693119,https://github.com/WICG/attribution-reporting-api).,https://github.com/WICG/attribution-reporting-api).,,,,regex_match_no_context
case2,regex_baseline,url,ascii,1477694040,https://publickeyservice.aws.privacysandboxservices.com/v1alpha/publicKeys,https://publickeyservice.aws.privacysandboxservices.com/v1alpha/publicKeys,,,,regex_match_no_context
case2,regex_baseline,url,ascii,1477917332,https://chrome-devtools-frontend.appspot.com/serve_rev/%s/%s.html,https://chrome-devtools-frontend.appspot.com/serve_rev/%s/%s.html,,,,regex_match_no_context
case2,regex_baseline,url,ascii,1478325199,https://w3c.github.io/encrypted-media/#direct-individualization.,https://w3c.github.io/encrypted-media,,,,regex_match_no_context
case2,regex_baseline,url,ascii,1478376605,https://www.chromium.org/blink/origin-trials/portals,https://www.chromium.org/blink/origin-trials/portals,,,,regex_match_no_context
case2,regex_baseline,url,ascii,1478419651,https://crbug.com/1176054,https://crbug.com/1176054,,,,regex_match_no_context
case2,regex_baseline,url,ascii,1478430390,https://crbug.com/401439).,https://crbug.com/401439).,,,,regex_match_no_context
case2,regex_baseline,url,ascii,1478462267,https://www.w3.org/TR/powerful-features/#potentially-trustworthy-origin,https://www.w3.org/TR/powerful-features,,,,regex_match_no_context
case2,regex_baseline,url,ascii,1478462343,https://html.spec.whatwg.org/#the-cross-origin-opener-policy-header.,https://html.spec.whatwg.org,,,,regex_match_no_context
case2,regex_baseline,url,ascii,1478609423,https://developer.chrome.com/en/docs/privacy-sandbox/fenced-frame/#examples,https://developer.chrome.com/en/docs/privacy-sandbox/fenced-frame,,,,regex_match_no_context
case2,regex_baseline,url,ascii,1478614105,https://www.chromestatus.com/feature/5669008342777856,https://www.chromestatus.com/feature/5669008342777856,,,,regex_match_no_context
case2,regex_baseline,url,ascii,1478614695,https://www.chromestatus.com/feature/5742188281462784.,https://www.chromestatus.com/feature/5742188281462784.,,,,regex_match_no_context
case2,regex_baseline,url,ascii,1478671876,https://monitoring.url.loader.factory.invalid,https://monitoring.url.loader.factory.invalid,,,,regex_match_no_context
case2,regex_baseline,url,ascii,1478677572,https://www.gstatic.com/securitykey/origins.json,https://www.gstatic.com/securitykey/origins.json,,,,regex_match_no_context
case2,regex_baseline,url,ascii,1478677636,https://www.gstatic.com/securitykey/a/google.com/origins.json,https://www.gstatic.com/securitykey/a/google.com/origins.json,,,,regex_match_no_context
case2,regex_baseline,url,ascii,1478998911,https://www.chromestatus.com/feature/5148698084376576,https://www.chromestatus.com/feature/5148698084376576,,,,regex_match_no_context
case2,regex_baseline,url,ascii,1479008378,https://crbug.com/1376879#c44),https://crbug.com/1376879,,,,regex_match_no_context
case2,regex_baseline,url,ascii,1479049971,https://goo.gl/yabPex,https://goo.gl/yabPex,,,,regex_match_no_context
case2,regex_baseline,url,ascii,1479179844,https://www.google.com/speech-api/full-duplex/v1,https://www.google.com/speech-api/full-duplex/v1,,,,regex_match_no_context
case2,regex_baseline,url,ascii,1479417316,https://www.googleapis.com/geolocation/v1/geolocate,https://www.googleapis.com/geolocation/v1/geolocate,,,,regex_match_no_context
case2,regex_baseline,url,ascii,1480445476,https://crbug.com/845683,https://crbug.com/845683,,,,regex_match_no_context
case2,regex_baseline,url,ascii,1480495585,https://goo.gl/rStTGz,https://goo.gl/rStTGz,,,,regex_match_no_context
case2,regex_baseline,url,ascii,1481278115,http://www.winimage.com/zLibDll,http://www.winimage.com/zLibDll,,,,regex_match_no_context
case2,regex_baseline,url,ascii,1566153115,https://goo.gle/chrome-headless-rendering,https://goo.gle/chrome-headless-rendering,,,,regex_match_no_context
case2,regex_baseline,url,ascii,1566974246,https://www.chromestatus.com/feature/6443143280984064,https://www.chromestatus.com/feature/6443143280984064,,,,regex_match_no_context
case2,regex_baseline,url,ascii,1566983902,https://support.google.com/webtools/answer/9799048.,https://support.google.com/webtools/answer/9799048.,,,,regex_match_no_context
case2,regex_baseline,url,ascii,1566984577,https://support.google.com/webtools/answer/9799048,https://support.google.com/webtools/answer/9799048,,,,regex_match_no_context
case2,regex_baseline,url,ascii,1567351044,https://passwordsleakcheck-pa.googleapis.com/v1/leaks:lookupSingle,https://passwordsleakcheck-pa.googleapis.com/v1/leaks:lookupSingle,,,,regex_match_no_context
case2,regex_baseline,url,ascii,1567597041,https://www.chromestatus.com/feature/5706745674465280,https://www.chromestatus.com/feature/5706745674465280,,,,regex_match_no_context
case2,regex_baseline,url,ascii,1567597193,https://www.chromestatus.com/feature/6311883621531648,https://www.chromestatus.com/feature/6311883621531648,,,,regex_match_no_context
case2,regex_baseline,url,ascii,1567630452,https://webpermissionpredictions.googleapis.com/v1:generatePredictions,https://webpermissionpredictions.googleapis.com/v1:generatePredictions,,,,regex_match_no_context
case2,regex_baseline,url,ascii,1567681652,https://safesearch.googleapis.com/v1:classify,https://safesearch.googleapis.com/v1:classify,,,,regex_match_no_context
case2,regex_baseline,url,ascii,1568072468,https://optimizationguide-pa.googleapis.com/v1:GetModels,https://optimizationguide-pa.googleapis.com/v1:GetModels,,,,regex_match_no_context
case2,regex_baseline,url,ascii,1788659412,https://safebrowsing.google.com/safebrowsing,https://safebrowsing.google.com/safebrowsing,,,,regex_match_no_context
case2,regex_baseline,url,ascii,1788659540,https://safebrowsing.googleapis.com/v4,https://safebrowsing.googleapis.com/v4,,,,regex_match_no_context
case2,regex_baseline,url,ascii,1788685876,https://sb-ssl.google.com/safebrowsing/clientreport/login,https://sb-ssl.google.com/safebrowsing/clientreport/login,,,,regex_match_no_context
case2,regex_baseline,url,ascii,1788716372,https://chrome.google.com/webstore/detail/%s,https://chrome.google.com/webstore/detail/%s,,,,regex_match_no_context
case2,regex_baseline,url,ascii,1788881561,http://crbug.com/454513,http://crbug.com/454513,,,,regex_match_no_context
case2,regex_baseline,url,ascii,1788968980,https://developer.chrome.com/apps/declare_permissions.html,https://developer.chrome.com/apps/declare_permissions.html,,,,regex_match_no_context
case2,regex_baseline,url,ascii,1788969044,https://developer.chrome.com/extensions/manifest.html#permissions,https://developer.chrome.com/extensions/manifest.html,,,,regex_match_no_context
case2,regex_baseline,url,ascii,1789001124,http://www.google.com/update2/response,http://www.google.com/update2/response,,,,regex_match_no_context
case2,regex_baseline,url,ascii,1789715099,https://goo.gle/improved-pwa-offline-detection,https://goo.gle/improved-pwa-offline-detection,,,,regex_match_no_context
case2,regex_baseline,url,ascii,1789732212,https://google.com/cast#__castAppId__=,https://google.com/cast,,,,regex_match_no_context
case2,regex_baseline,url,ascii,1789806004,https://sb-ssl.google.com/safebrowsing/clientreport/phishing,https://sb-ssl.google.com/safebrowsing/clientreport/phishing,,,,regex_match_no_context
case2,regex_baseline,url,ascii,1789821108,https://history.google.com/history/api/lookup?client=aesb,https://history.google.com/history/api/lookup?client=aesb,,,,regex_match_no_context
case2,regex_baseline,url,ascii,1789861700,https://www.googleapis.com/spelling/v%d/spelling/check?key=%s,https://www.googleapis.com/spelling/v%d/spelling/check?key=%s,,,,regex_match_no_context
case2,regex_baseline,url,ascii,1790541168,https://%s%s,https://%s%s,,,,regex_match_no_context
case2,regex_baseline,url,ascii,1790788031,https://www.chromestatus.com/feature/5243055179300864,https://www.chromestatus.com/feature/5243055179300864,,,,regex_match_no_context
case2,regex_baseline,url,ascii,1790813188,https://memex-pa.googleapis.com/v1/shopping/subscriptions,https://memex-pa.googleapis.com/v1/shopping/subscriptions,,,,regex_match_no_context
case2,regex_baseline,url,ascii,1790819476,https://www.googleapis.com/auth/chromememex,https://www.googleapis.com/auth/chromememex,,,,regex_match_no_context
case2,regex_baseline,url,ascii,1790819604,https://memex-pa.googleapis.com/v1/notifications/preferences,https://memex-pa.googleapis.com/v1/notifications/preferences,,,,regex_match_no_context
case2,regex_baseline,url,ascii,1790819716,https://history.google.com/history/api/lookup?client=web_app,https://history.google.com/history/api/lookup?client=web_app,,,,regex_match_no_context
case2,regex_baseline,url,ascii,1791006900,https://connectivitycheck.gstatic.com/generate_204,https://connectivitycheck.gstatic.com/generate_204,,,,regex_match_no_context
case2,regex_baseline,url,ascii,1791147220,https://dl.google.com/dl/softwareremovaltool/win/,https://dl.google.com/dl/softwareremovaltool/win,,,,regex_match_no_context
case2,regex_baseline,url,ascii,1791234148,https://discover-pa.googleapis.com/,https://discover-pa.googleapis.com,,,,regex_match_no_context
case2,regex_baseline,url,ascii,1791235412,https://www.google.com/httpservice/noretry/TrellisClankService/FeedQuery,https://www.google.com/httpservice/noretry/TrellisClankService/FeedQuery,,,,regex_match_no_context
case2,regex_baseline,url,ascii,1791235485,https://www.google.com/httpservice/retry/TrellisClankService/NextPageQuery,https://www.google.com/httpservice/retry/TrellisClankService/NextPageQuery,,,,regex_match_no_context
case2,regex_baseline,url,ascii,1791235560,https://www.google.com/httpservice/retry/TrellisClankService/FeedQuery,https://www.google.com/httpservice/retry/TrellisClankService/FeedQuery,,,,regex_match_no_context
case2,regex_baseline,url,ascii,1791296744,https://www.chromestatus.com/feature/4800491902992384?utm_source=devtools,https://www.chromestatus.com/feature/4800491902992384?utm_source=devtools,,,,regex_match_no_context
case2,regex_baseline,url,ascii,1791319791,https://ckintersect-pa.googleapis.com/v1/intersect/pixels,https://ckintersect-pa.googleapis.com/v1/intersect/pixels,,,,regex_match_no_context
case2,regex_baseline,url,ascii,1791319866,https://ckintersect-pa.googleapis.com/v1/intersect/langs,https://ckintersect-pa.googleapis.com/v1/intersect/langs,,,,regex_match_no_context
case2,regex_baseline,url,ascii,1791355846,https://remotedesktop.google.com,https://remotedesktop.google.com,,,,regex_match_no_context
case2,regex_baseline,url,ascii,1791355879,https://remotedesktop.corp.google.com,https://remotedesktop.corp.google.com,,,,regex_match_no_context
case2,regex_baseline,url,ascii,1791762409,http://schemas.microsoft.com/office/word/2003/wordml,http://schemas.microsoft.com/office/word/2003/wordml,,,,regex_match_no_context
case2,regex_baseline,url,ascii,1791969345,https://chromestatus.com/feature/5680742077038592,https://chromestatus.com/feature/5680742077038592,,,,regex_match_no_context
case2,regex_baseline,url,ascii,1792006676,https://g.co/Pixelbook/legal,https://g.co/Pixelbook/legal,,,,regex_match_no_context
case2,regex_baseline,url,ascii,1792006708,https://g.co/PixelSlate/legal,https://g.co/PixelSlate/legal,,,,regex_match_no_context
case2,regex_baseline,url,ascii,1792010132,https://support.google.com/chrome/a/?p=cast_to_class_teacher,https://support.google.com/chrome/a?p=cast_to_class_teacher,,,,regex_match_no_context
case2,regex_baseline,url,ascii,1792010196,https://support.google.com/chrome/?p=image_descriptions,https://support.google.com/chrome?p=image_descriptions,,,,regex_match_no_context
case2,regex_baseline,url,ascii,1792010260,https://support.google.com/chrome/?p=ad_privacy,https://support.google.com/chrome?p=ad_privacy,,,,regex_match_no_context
case2,regex_baseline,url,ascii,1792010308,https://support.google.com/chrome/?p=ui_automatic_settings_reset,https://support.google.com/chrome?p=ui_automatic_settings_reset,,,,regex_match_no_context
case2,regex_baseline,url,ascii,1792010388,https://support.google.com/accounts/accounts?p=safe-browsing,https://support.google.com/accounts/accounts?p=safe-browsing,,,,regex_match_no_context
case2,regex_baseline,url,ascii,1792010500,https://support.google.com/chrome/?p=chrome_battery_saver,https://support.google.com/chrome?p=chrome_battery_saver,,,,regex_match_no_context
case2,regex_baseline,url,ascii,1792010612,https://support.google.com/chromecast/?p=casting_cloud_services,https://support.google.com/chromecast?p=casting_cloud_services,,,,regex_match_no_context
case2,regex_baseline,url,ascii,1792010676,https://support.google.com/chromecast/?p=no_cast_destination,https://support.google.com/chromecast?p=no_cast_destination,,,,regex_match_no_context
case2,regex_baseline,url,ascii,1792010740,https://support.google.com/chrome?p=webhid,https://support.google.com/chrome?p=webhid,,,,regex_match_no_context
case2,regex_baseline,url,ascii,1792010788,https://support.google.com/chrome?p=webserial,https://support.google.com/chrome?p=webserial,,,,regex_match_no_context
case2,regex_baseline,url,ascii,1792010836,https://support.google.com/chrome?p=webusb,https://support.google.com/chrome?p=webusb,,,,regex_match_no_context
case2,regex_baseline,url,ascii,1792010884,https://support.google.com/chrome/?p=beta_forum,https://support.google.com/chrome?p=beta_forum,,,,regex_match_no_context
case2,regex_baseline,url,ascii,1792010932,https://support.google.com/chrome?p=fix_chrome_updates,https://support.google.com/chrome?p=fix_chrome_updates,,,,regex_match_no_context
case2,regex_baseline,url,ascii,1792010996,https://support.google.com/chrome/?p=help&ctx=keyboard,https://support.google.com/chrome?p=help&ctx=keyboard,,,,regex_match_no_context
case2,regex_baseline,url,ascii,1792011060,https://support.google.com/chrome/?p=help&ctx=menu,https://support.google.com/chrome?p=help&ctx=menu,,,,regex_match_no_context
case2,regex_baseline,url,ascii,1792011124,https://support.google.com/chrome/?p=help&ctx=settings,https://support.google.com/chrome?p=help&ctx=settings,,,,regex_match_no_context
case2,regex_baseline,url,ascii,1792011412,https://www.chromium.org/,https://www.chromium.org,,,,regex_match_no_context
case2,regex_baseline,url,ascii,1792011444,https://support.google.com/chrome/?p=settings_manage_exceptions,https://support.google.com/chrome?p=settings_manage_exceptions,,,,regex_match_no_context
case2,regex_baseline,url,ascii,1792011508,https://support.google.com/chrome?p=cpn_cookies,https://support.google.com/chrome?p=cpn_cookies,,,,regex_match_no_context
case2,regex_baseline,url,ascii,1792011556,https://support.google.com/chrome/?p=e_awsnap,https://support.google.com/chrome?p=e_awsnap,,,,regex_match_no_context
case2,regex_baseline,url,ascii,1792011604,https://support.google.com/chrome/?p=e_awsnap_rl,https://support.google.com/chrome?p=e_awsnap_rl,,,,regex_match_no_context
case2,regex_baseline,url,ascii,1792011668,https://support.google.com/chrome/?p=settings_do_not_track,https://support.google.com/chrome?p=settings_do_not_track,,,,regex_match_no_context
case2,regex_baseline,url,ascii,1792011732,https://support.google.com/chrome/?p=ui_download_errors,https://support.google.com/chrome?p=ui_download_errors,,,,regex_match_no_context
case2,regex_baseline,url,ascii,1792011796,https://support.google.com/chrome/?p=ib_download_blocked,https://support.google.com/chrome?p=ib_download_blocked,,,,regex_match_no_context
case2,regex_baseline,url,ascii,1792011860,https://support.google.com/chrome/?p=ui_settings_api_extension,https://support.google.com/chrome?p=ui_settings_api_extension,,,,regex_match_no_context
case2,regex_baseline,url,ascii,1792011956,https://developer.chrome.com/docs/privacy-sandbox/first-party-sets/,https://developer.chrome.com/docs/privacy-sandbox/first-party-sets,,,,regex_match_no_context
case2,regex_baseline,url,ascii,1792012036,https://blog.chromium.org/2017/07/so-long-and-thanks-for-all-flash.html,https://blog.chromium.org/2017/07/so-long-and-thanks-for-all-flash.html,,,,regex_match_no_context
case2,regex_baseline,url,ascii,1792012116,https://myaccount.google.com/activitycontrols/search,https://myaccount.google.com/activitycontrols/search,,,,regex_match_no_context
case2,regex_baseline,url,ascii,1792012180,https://myaccount.google.com/activitycontrols/search&utm_source=chrome&utm_medium=privacy-guide,https://myaccount.google.com/activitycontrols/search&utm_source=chrome&utm_medium=privacy-guide,,,,regex_match_no_context
case2,regex_baseline,url,ascii,1792012276,https://myaccount.google.com/language,https://myaccount.google.com/language,,,,regex_match_no_context
case2,regex_baseline,url,ascii,1792012356,https://accounts.google.com/AccountChooser,https://accounts.google.com/AccountChooser,,,,regex_match_no_context
case2,regex_baseline,url,ascii,1792012404,https://myaccount.google.com/device-activity?utm_source=chrome,https://myaccount.google.com/device-activity?utm_source=chrome,,,,regex_match_no_context
case2,regex_baseline,url,ascii,1792012468,https://passwords.google.com,https://passwords.google.com,,,,regex_match_no_context
case2,regex_baseline,url,ascii,1792012500,https://photos.google.com,https://photos.google.com,,,,regex_match_no_context
case2,regex_baseline,url,ascii,1792012532,https://support.google.com/chrome/?p=chrome_memory_saver,https://support.google.com/chrome?p=chrome_memory_saver,,,,regex_match_no_context
case2,regex_baseline,url,ascii,1792012596,https://support.google.com/chrome/?p=ui_usagestat,https://support.google.com/chrome?p=ui_usagestat,,,,regex_match_no_context
case2,regex_baseline,url,ascii,1792012660,https://support.google.com/chrome/?p=is_chrome_managed,https://support.google.com/chrome?p=is_chrome_managed,,,,regex_match_no_context
case2,regex_baseline,url,ascii,1792012724,https://support.google.com/chrome/?p=mixed_content_downloads,https://support.google.com/chrome?p=mixed_content_downloads,,,,regex_match_no_context
case2,regex_baseline,url,ascii,1792012788,https://myactivity.google.com/myactivity?utm_source=chrome_cbd,https://myactivity.google.com/myactivity?utm_source=chrome_cbd,,,,regex_match_no_context
case2,regex_baseline,url,ascii,1792012852,https://support.google.com/chrome/?p=settings_omnibox,https://support.google.com/chrome?p=settings_omnibox,,,,regex_match_no_context
case2,regex_baseline,url,ascii,1792012916,https://support.google.com/chrome/?p=ui_security_indicator,https://support.google.com/chrome?p=ui_security_indicator,,,,regex_match_no_context
case2,regex_baseline,url,ascii,1792012980,https://support.google.com/chrome/?p=settings_password#leak_detection_privacy,https://support.google.com/chrome?p=settings_password,,,,regex_match_no_context
case2,regex_baseline,url,ascii,1792013060,https://support.google.com/chrome/answer/7570435,https://support.google.com/chrome/answer/7570435,,,,regex_match_no_context
case2,regex_baseline,url,ascii,1792013188,https://pay.google.com/payments/home?utm_source=chrome&utm_medium=settings&utm_campaign=chrome-payment#paymentMethods,https://pay.google.com/payments/home?utm_source=chrome&utm_medium=settings&utm_campaign=chrome-payment,,,,regex_match_no_context
case2,regex_baseline,url,ascii,1792013316,https://support.google.com/chrome/answer/142893?visit_id=636857416902558798-696405304&p=settings_autofill&rd=1,https://support.google.com/chrome/answer/142893?visit_id=636857416902558798-696405304&p=settings_autofill&rd=1,,,,regex_match_no_context
case2,regex_baseline,url,ascii,1792013428,https://support.google.com/chrome/?p=settings_privacy,https://support.google.com/chrome?p=settings_privacy,,,,regex_match_no_context
case2,regex_baseline,url,ascii,1792013492,https://support.google.com/chrome/?p=ui_remove_non_cws_extensions,https://support.google.com/chrome?p=ui_remove_non_cws_extensions,,,,regex_match_no_context
case2,regex_baseline,url,ascii,1792013572,https://support.google.com/chrome/?p=ui_reset_settings,https://support.google.com/chrome?p=ui_reset_settings,,,,regex_match_no_context
case2,regex_baseline,url,ascii,1792013636,https://support.google.com/chrome?p=cpn_safe_browsing,https://support.google.com/chrome?p=cpn_safe_browsing,,,,regex_match_no_context
case2,regex_baseline,url,ascii,1792013700,https://support.google.com/chrome/?p=safety_tip,https://support.google.com/chrome?p=safety_tip,,,,regex_match_no_context
case2,regex_baseline,url,ascii,1792013748,https://myactivity.google.com/product/search?utm_source=chrome_cbd,https://myactivity.google.com/product/search?utm_source=chrome_cbd,,,,regex_match_no_context
case2,regex_baseline,url,ascii,1792013828,https://support.google.com/accounts/answer/32040,https://support.google.com/accounts/answer/32040,,,,regex_match_no_context
case2,regex_baseline,url,ascii,1792013892,https://support.google.com/chrome/?p=settings_search_help,https://support.google.com/chrome?p=settings_search_help,,,,regex_match_no_context
case2,regex_baseline,url,ascii,1792013956,https://support.google.com/chrome?p=syncgoogleservices,https://support.google.com/chrome?p=syncgoogleservices,,,,regex_match_no_context
case2,regex_baseline,url,ascii,1792014020,https://support.google.com/chrome/?p=settings_encryption,https://support.google.com/chrome?p=settings_encryption,,,,regex_match_no_context
case2,regex_baseline,url,ascii,1792014084,https://support.google.com/chrome/?p=settings_sync_error,https://support.google.com/chrome?p=settings_sync_error,,,,regex_match_no_context
case2,regex_baseline,url,ascii,1792014148,https://www.google.com/settings/chrome/sync,https://www.google.com/settings/chrome/sync,,,,regex_match_no_context
case2,regex_baseline,url,ascii,1792014196,https://support.google.com/chrome/?p=settings_sign_in,https://support.google.com/chrome?p=settings_sign_in,,,,regex_match_no_context
case2,regex_baseline,url,ascii,1792014260,https://support.google.com/chrome/a/?p=profile_separation,https://support.google.com/chrome/a?p=profile_separation,,,,regex_match_no_context
case2,regex_baseline,url,ascii,1792014324,https://passwords.google.com/encryption/enroll?utm_source=chrome&utm_medium=desktop&utm_campaign=encryption_enroll,https://passwords.google.com/encryption/enroll?utm_source=chrome&utm_medium=desktop&utm_campaign=encryption_enroll,,,,regex_match_no_context
case2,regex_baseline,url,ascii,1792014452,https://support.google.com/accounts?p=settings_password_ode,https://support.google.com/accounts?p=settings_password_ode,,,,regex_match_no_context
case2,regex_baseline,url,ascii,1792014516,https://support.google.com/installer/?product=,https://support.google.com/installer?product=,,,,regex_match_no_context
case2,regex_baseline,url,ascii,1792014612,https://support.google.com/chrome?p=your_administrator,https://support.google.com/chrome?p=your_administrator,,,,regex_match_no_context
case2,regex_baseline,url,ascii,1792014676,https://support.google.com/chrome?p=cws_enhanced_safe_browsing,https://support.google.com/chrome?p=cws_enhanced_safe_browsing,,,,regex_match_no_context
case2,regex_baseline,url,ascii,1792014740,https://support.google.com/chrome/?p=chrome_cleanup_tool,https://support.google.com/chrome?p=chrome_cleanup_tool,,,,regex_match_no_context
case2,regex_baseline,url,ascii,1792014804,https://chrome.blogspot.com/2015/11/updates-to-chrome-platform-support.html,https://chrome.blogspot.com/2015/11/updates-to-chrome-platform-support.html,,,,regex_match_no_context
case2,regex_baseline,url,ascii,1792014884,https://support.google.com/chrome/?p=unsupported_windows,https://support.google.com/chrome?p=unsupported_windows,,,,regex_match_no_context
case2,regex_baseline,url,ascii,1792014948,https://support.google.com/chrome/answer/165139,https://support.google.com/chrome/answer/165139,,,,regex_match_no_context
case2,regex_baseline,url,ascii,1792014996,https://support.google.com/chrome/?p=ib_outdated_plugin,https://support.google.com/chrome?p=ib_outdated_plugin,,,,regex_match_no_context
case2,regex_baseline,url,ascii,1792015060,https://support.google.com/chromebook/?p=multidevice,https://support.google.com/chromebook?p=multidevice,,,,regex_match_no_context
case2,regex_baseline,url,ascii,1792015124,https://support.google.com/chrome/?p=chrome_app_deprecation,https://support.google.com/chrome?p=chrome_app_deprecation,,,,regex_match_no_context
case2,regex_baseline,url,ascii,1792015188,https://support.google.com/chrome?p=root_store,https://support.google.com/chrome?p=root_store,,,,regex_match_no_context
case2,regex_baseline,url,ascii,1792122644,http://localhost:*,http://localhost:*,,,,regex_match_no_context
case2,regex_baseline,url,ascii,1792122663,http://127.0.0.1:*,http://127.0.0.1:*,,,,regex_match_no_context
case2,regex_baseline,url,ascii,1792148239,https://developer.chrome.com/blog/mv2-transition/,https://developer.chrome.com/blog/mv2-transition,,,,regex_match_no_context
case2,regex_baseline,url,ascii,1792823316,https://transparencyreport.google.com/safe-browsing/search?url=%s,https://transparencyreport.google.com/safe-browsing/search?url=%s,,,,regex_match_no_context
case2,regex_baseline,url,ascii,1792823412,https://safebrowsing.google.com/safebrowsing/report_error/?url=%s,https://safebrowsing.google.com/safebrowsing/report_error?url=%s,,,,regex_match_no_context
case2,regex_baseline,url,ascii,1792825044,https://support.google.com/chrome/,https://support.google.com/chrome,,,,regex_match_no_context
case2,regex_baseline,url,ascii,1792834495,https://www.google.com/feed-api/following,https://www.google.com/feed-api/following,,,,regex_match_no_context
case2,regex_baseline,url,ascii,1792847988,https://play.google.com/store/apps/details?id=,https://play.google.com/store/apps/details?id=,,,,regex_match_no_context
case2,regex_baseline,url,ascii,1792975006,https://safebrowsing.googleapis.com/v5alpha1/hashes:search?$req=%s&$ct=application/x-protobuf,https://safebrowsing.googleapis.com/v5alpha1/hashes:search?$req=%s&$ct=application/x-protobuf,,,,regex_match_no_context
case2,regex_baseline,url,ascii,1794151429,https://myaccount.google.com/signinoptions/password?utm_source=Google&utm_campaign=PhishGuard,https://myaccount.google.com/signinoptions/password?utm_source=Google&utm_campaign=PhishGuard,,,,regex_match_no_context
case2,regex_baseline,url,ascii,1794151523,https://accounts.google.com/AccountChooser?Email=%s&continue=%s,https://accounts.google.com/AccountChooser?Email=%s&continue=%s,,,,regex_match_no_context
case2,regex_baseline,url,ascii,1794179876,https://www.gstatic.com/chrome/supervised_user/denylist-20141001-1k.bin,https://www.gstatic.com/chrome/supervised_user/denylist-20141001-1k.bin,,,,regex_match_no_context
case2,regex_baseline,url,ascii,1794189252,https://www.gstatic.com/chrome/profile_avatars/,https://www.gstatic.com/chrome/profile_avatars,,,,regex_match_no_context
case2,regex_baseline,url,ascii,1794191082,https://kidsmanagement-pa.googleapis.com/kidsmanagement/v1/,https://kidsmanagement-pa.googleapis.com/kidsmanagement/v1,,,,regex_match_no_context
case2,regex_baseline,url,ascii,1794215526,https://chrome-sync.sandbox.google.com/chrome-sync/alpha,https://chrome-sync.sandbox.google.com/chrome-sync/alpha,,,,regex_match_no_context
case2,regex_baseline,url,ascii,1794291076,https://sctauditing-pa.googleapis.com/v1/knownscts/length/$1/prefix/$2?key=,https://sctauditing-pa.googleapis.com/v1/knownscts/length/$1/prefix/$2?key=,,,,regex_match_no_context
case2,regex_baseline,url,ascii,1794317672,https://www.chromestatus.com/feature/5675755719622656,https://www.chromestatus.com/feature/5675755719622656,,,,regex_match_no_context
case2,regex_baseline,url,ascii,1794319076,https://support.google.com/chrome?p=symantec#-202,https://support.google.com/chrome?p=symantec,,,,regex_match_no_context
case2,regex_baseline,url,ascii,1794338144,https://crbug.com/1081317,https://crbug.com/1081317,,,,regex_match_no_context
case2,regex_baseline,url,ascii,1794376932,https://support.google.com/chrome?p=rl_error,https://support.google.com/chrome?p=rl_error,,,,regex_match_no_context
case2,regex_baseline,url,ascii,1794379564,https://tunnel.googlezip.net/,https://tunnel.googlezip.net,,,,regex_match_no_context
case2,regex_baseline,url,ascii,1794379640,http://tls-tunnel-check.googlezip.net/connect,http://tls-tunnel-check.googlezip.net/connect,,,,regex_match_no_context
case2,regex_baseline,url,ascii,1794383748,https://remotedesktop-autopush.corp.google.com/,https://remotedesktop-autopush.corp.google.com,,,,regex_match_no_context
case2,regex_baseline,url,ascii,1794383796,https://remotedesktop-daily-6.corp.google.com/,https://remotedesktop-daily-6.corp.google.com,,,,regex_match_no_context
case2,regex_baseline,url,ascii,1794384535,https://webauthndemo.appspot.com,https://webauthndemo.appspot.com,,,,regex_match_no_context
case2,regex_baseline,url,ascii,1794493636,http://localhost,http://localhost,,,,regex_match_no_context
case2,regex_baseline,url,ascii,1794560772,https://history.google.com/history/api/delete?client=chrome,https://history.google.com/history/api/delete?client=chrome,,,,regex_match_no_context
case2,regex_baseline,url,ascii,1794560884,https://history.google.com/history/api/lookup?client=audio,https://history.google.com/history/api/lookup?client=audio,,,,regex_match_no_context
case2,regex_baseline,url,ascii,1794560964,https://history.google.com/history/api/change,https://history.google.com/history/api/change,,,,regex_match_no_context
case2,regex_baseline,url,ascii,1794561636,https://history.google.com/history/api/lookup?client=chrome,https://history.google.com/history/api/lookup?client=chrome,,,,regex_match_no_context
case2,regex_baseline,url,ascii,1794739124,https://www.google.com/chrome/browser/privacy/#safe-browsing-policies,https://www.google.com/chrome/browser/privacy,,,,regex_match_no_context
case2,regex_baseline,url,ascii,1794739204,https://www.google.com/chrome/browser/privacy/whitepaper.html#extendedreport,https://www.google.com/chrome/browser/privacy/whitepaper.html,,,,regex_match_no_context
case2,regex_baseline,url,ascii,1794739284,https://support.google.com/chrome/a/?p=block_warn,https://support.google.com/chrome/a?p=block_warn,,,,regex_match_no_context
case2,regex_baseline,url,ascii,1794740388,https://translate.googleapis.com/,https://translate.googleapis.com,,,,regex_match_no_context
case2,regex_baseline,url,ascii,1794741044,https://translate.googleapis.com/translate_a/element.js,https://translate.googleapis.com/translate_a/element.js,,,,regex_match_no_context
case2,regex_baseline,url,ascii,1794764132,https://support.google.com/chrome/answer/95606?ios=1,https://support.google.com/chrome/answer/95606?ios=1,,,,regex_match_no_context
case2,regex_baseline,url,ascii,1794764196,https://support.google.com/accounts?p=smart_lock_chrome,https://support.google.com/accounts?p=smart_lock_chrome,,,,regex_match_no_context
case2,regex_baseline,url,ascii,1794764260,https://passwords.google.com/app,https://passwords.google.com/app,,,,regex_match_no_context
case2,regex_baseline,url,ascii,1794764308,https://passwords.google/,https://passwords.google,,,,regex_match_no_context
case2,regex_baseline,url,ascii,1794988132,https://support.google.com/chrome/?p=blocked_ads,https://support.google.com/chrome?p=blocked_ads,,,,regex_match_no_context
case2,regex_baseline,url,ascii,1794988196,https://support.google.com/chrome/?p=unauthenticated,https://support.google.com/chrome?p=unauthenticated,,,,regex_match_no_context
case2,regex_baseline,url,ascii,1794988260,https://support.google.com/chrome/answer/3220216,https://support.google.com/chrome/answer/3220216,,,,regex_match_no_context
case2,regex_baseline,url,ascii,1795099907,https://enterprise-block.example.net,https://enterprise-block.example.net,,,,regex_match_no_context
case2,regex_baseline,url,ascii,1795099944,https://enterprise-warn.example.net,https://enterprise-warn.example.net,,,,regex_match_no_context
case2,regex_baseline,url,ascii,1795099999,https://example.net,https://example.net,,,,regex_match_no_context
case2,regex_baseline,url,ascii,1795100031,https://captive.portal/login,https://captive.portal/login,,,,regex_match_no_context
case2,regex_baseline,url,ascii,1795100103,https://localhost/,https://localhost,,,,regex_match_no_context
case2,regex_baseline,url,ascii,1795560852,https://clients4.google.com/chrome-sync,https://clients4.google.com/chrome-sync,,,,regex_match_no_context
case2,regex_baseline,url,ascii,1795615098,https://goo.gl/yqv4Q4,https://goo.gl/yqv4Q4,,,,regex_match_no_context
case2,regex_baseline,url,ascii,1795615286,https://crbug.com/979235.,https://crbug.com/979235.,,,,regex_match_no_context
case2,regex_baseline,url,ascii,1795639596,https://clients2.googleusercontent.com/crx/blobs/,https://clients2.googleusercontent.com/crx/blobs,,,,regex_match_no_context
case2,regex_baseline,url,ascii,1795639646,https://chrome.google.com/webstore/download/,https://chrome.google.com/webstore/download,,,,regex_match_no_context
case2,regex_baseline,url,ascii,1795640954,https://chrome.google.com/sync,https://chrome.google.com/sync,,,,regex_match_no_context
case2,regex_baseline,url,ascii,1795776486,https://www.chromestatus.com/feature/%s,https://www.chromestatus.com/feature/%s,,,,regex_match_no_context
case2,regex_baseline,url,ascii,1795823460,https://firebaseperusertopics-pa.googleapis.com,https://firebaseperusertopics-pa.googleapis.com,,,,regex_match_no_context
case2,regex_baseline,url,ascii,1795852836,https://drive.google.com/open?id=,https://drive.google.com/open?id=,,,,regex_match_no_context
case2,regex_baseline,url,ascii,1795878580,https://translation.googleapis.com/language/translate/v2?key=%s,https://translation.googleapis.com/language/translate/v2?key=%s,,,,regex_match_no_context
case2,regex_baseline,url,ascii,1795880807,https://sheets.google.com,https://sheets.google.com,,,,regex_match_no_context
case2,regex_baseline,url,ascii,1795881156,https://slides.google.com,https://slides.google.com,,,,regex_match_no_context
case2,regex_baseline,url,ascii,1795881508,https://appsitemsuggest-pa.googleapis.com/v1/items,https://appsitemsuggest-pa.googleapis.com/v1/items,,,,regex_match_no_context
case2,regex_baseline,url,ascii,1795907275,https://lh3.googleusercontent.com/proxy/CyeQrfWvSkJ-4wjGmm1zVIP4XZKL4oAjywWcPh8lhrwtizOY4kGsDtVa3nk984qJB5q2-r7aInfG25UFjfwyu7QEraqepTlbsDdKX1yeenhh7EGeAR2Hp1QcbO24C7WyU8bLPx8o_2HA-opm6cqZ8f4ehEXCxMEbR79A44jcWpacTLfYERPGeVrljo2vAl2LyFMHrA,https://lh3.googleusercontent.com/proxy/CyeQrfWvSkJ-4wjGmm1zVIP4XZKL4oAjywWcPh8lhrwtizOY4kGsDtVa3nk984qJB5q2-r7aInfG25UFjfwyu7QEraqepTlbsDdKX1yeenhh7EGeAR2Hp1QcbO24C7WyU8bLPx8o_2HA-opm6cqZ8f4ehEXCxMEbR79A44jcWpacTLfYERPGeVrljo2vAl2LyFMHrA,,,,regex_match_no_context
case2,regex_baseline,url,ascii,1795907700,https://photosfirstparty-pa.googleapis.com/v1/ntp/memories:read,https://photosfirstparty-pa.googleapis.com/v1/ntp/memories:read,,,,regex_match_no_context
case2,regex_baseline,url,ascii,1795908713,https://photos.google.com/memory/featured/,https://photos.google.com/memory/featured,,,,regex_match_no_context
case2,regex_baseline,url,ascii,1795919770,https://encrypted-tbn3.gstatic.com/shopping?q=tbn:ANd9GcQpn38jB2_BANnHUFa7kHJsf6SyubcgeU1lNYO_ZxM1Q2ju_ZMjv2EwNh0Zx_zbqYy_mFg_aiIhWYnD5PQ7t-uFzLM5cN77s_2_DFNeumI-LMPJMYjW-BOSaA&usqp=CAY,https://encrypted-tbn3.gstatic.com/shopping?q=tbn:ANd9GcQpn38jB2_BANnHUFa7kHJsf6SyubcgeU1lNYO_ZxM1Q2ju_ZMjv2EwNh0Zx_zbqYy_mFg_aiIhWYnD5PQ7t-uFzLM5cN77s_2_DFNeumI-LMPJMYjW-BOSaA&usqp=CAY,,,,regex_match_no_context
case2,regex_baseline,url,ascii,1795919956,https://encrypted-tbn0.gstatic.com/shopping?q=tbn:ANd9GcQyMRYWeM2Yq095nOXTL0-EUUnm79kh6hnw8yctJUNrAuse607KEr1CVxEa24r-8XHBuhTwcuC4GXeN94h9Kn19DhdBGsXG0qrD74veYSDJNLrUP-sru0jH&usqp=CAY,https://encrypted-tbn0.gstatic.com/shopping?q=tbn:ANd9GcQyMRYWeM2Yq095nOXTL0-EUUnm79kh6hnw8yctJUNrAuse607KEr1CVxEa24r-8XHBuhTwcuC4GXeN94h9Kn19DhdBGsXG0qrD74veYSDJNLrUP-sru0jH&usqp=CAY,,,,regex_match_no_context
case2,regex_baseline,url,ascii,1795920140,https://encrypted-tbn1.gstatic.com/shopping?q=tbn:ANd9GcT2ew6Aydzu5VzRV756ORGha6fyjKp_On7iTlr_tL9vODnlNtFo_xsxj6_lCop-3J0Vk44lHfk-AxoBJDABVHPVFN-EiWLcZvzkdpHFqcurm7fBVmWtYKo2rg&usqp=CAY,https://encrypted-tbn1.gstatic.com/shopping?q=tbn:ANd9GcT2ew6Aydzu5VzRV756ORGha6fyjKp_On7iTlr_tL9vODnlNtFo_xsxj6_lCop-3J0Vk44lHfk-AxoBJDABVHPVFN-EiWLcZvzkdpHFqcurm7fBVmWtYKo2rg&usqp=CAY,,,,regex_match_no_context
case2,regex_baseline,url,ascii,1795920361,https://www.amazon.com/,https://www.amazon.com,,,,regex_match_no_context
case2,regex_baseline,url,ascii,1795920402,https://www.ebay.com/,https://www.ebay.com,,,,regex_match_no_context
case2,regex_baseline,url,ascii,1795920442,https://www.walmart.com/,https://www.walmart.com,,,,regex_match_no_context
case2,regex_baseline,url,ascii,1795920476,https://www.bestbuy.com/,https://www.bestbuy.com,,,,regex_match_no_context
case2,regex_baseline,url,ascii,1795920512,https://www.nike.com/,https://www.nike.com,,,,regex_match_no_context
case2,regex_baseline,url,ascii,1795954698,https://github.com/WICG/web-app-launch/blob/main/launch_handler.md,https://github.com/WICG/web-app-launch/blob/main/launch_handler.md,,,,regex_match_no_context
case2,regex_baseline,url,ascii,1795955161,https://github.com/ivansandrk/multi-apps/blob/main/explainer.md,https://github.com/ivansandrk/multi-apps/blob/main/explainer.md,,,,regex_match_no_context
case2,regex_baseline,url,ascii,1795955388,https://github.com/WICG/manifest-incubations/blob/gh-pages/scope_extensions-explainer.md,https://github.com/WICG/manifest-incubations/blob/gh-pages/scope_extensions-explainer.md,,,,regex_match_no_context
case2,regex_baseline,url,ascii,1795956531,https://crbug.com/1290716.,https://crbug.com/1290716.,,,,regex_match_no_context
case2,regex_baseline,url,ascii,1795958589,https://github.com/shivanigithub/fenced-frame,https://github.com/shivanigithub/fenced-frame,,,,regex_match_no_context
case2,regex_baseline,url,ascii,1795959148,https://github.com/reillyeon/isolated-web-apps,https://github.com/reillyeon/isolated-web-apps,,,,regex_match_no_context
case2,regex_baseline,url,ascii,1795959423,https://github.com/chasephillips/controlled-frame/blob/main/EXPLAINER.md,https://github.com/chasephillips/controlled-frame/blob/main/EXPLAINER.md,,,,regex_match_no_context
case2,regex_baseline,url,ascii,1795961451,https://wicg.github.io/portals/,https://wicg.github.io/portals,,,,regex_match_no_context
case2,regex_baseline,url,ascii,1795962495,https://developer.chrome.com/blog/private-network-access-preflight/,https://developer.chrome.com/blog/private-network-access-preflight,,,,regex_match_no_context
case2,regex_baseline,url,ascii,1795969861,https://crbug.com/1261928.,https://crbug.com/1261928.,,,,regex_match_no_context
case2,regex_baseline,url,ascii,1795972470,https://github.com/WICG/file-handling/blob/main/explainer.md,https://github.com/WICG/file-handling/blob/main/explainer.md,,,,regex_match_no_context
case2,regex_baseline,url,ascii,1796003958,https://chromestatus.com/feature/5580139453743104,https://chromestatus.com/feature/5580139453743104,,,,regex_match_no_context
case2,regex_baseline,url,ascii,1796004762,https://github.com/Tanych/accept-language,https://github.com/Tanych/accept-language,,,,regex_match_no_context
case2,regex_baseline,url,ascii,1796006245,https://bugs.chromium.org/p/chromium/issues/entry?labels=StoragePartitioning-trial-bugs&components=Blink%3EStorage.,https://bugs.chromium.org/p/chromium/issues/entry?labels=StoragePartitioning-trial-bugs&components=Blink%3EStorage.,,,,regex_match_no_context
case2,regex_baseline,url,ascii,1796015750,https://crbug.com/1356658.,https://crbug.com/1356658.,,,,regex_match_no_context
case2,regex_baseline,url,ascii,1796016883,https://w3c.github.io/webappsec-secure-contexts/,https://w3c.github.io/webappsec-secure-contexts,,,,regex_match_no_context
case2,regex_baseline,url,ascii,1796017011,https://github.com/wicg/trust-token-api).,https://github.com/wicg/trust-token-api).,,,,regex_match_no_context
case2,regex_baseline,url,ascii,1796025795,https://github.com/WICG/sanitizer-api,https://github.com/WICG/sanitizer-api,,,,regex_match_no_context
case2,regex_baseline,url,ascii,1796152266,https://crbug.com/662084,https://crbug.com/662084,,,,regex_match_no_context
case2,regex_baseline,url,ascii,1796206724,https://clients2.google.com/cr/report,https://clients2.google.com/cr/report,,,,regex_match_no_context
case2,regex_baseline,url,ascii,1796231265,https://blog.chromium.org/2020/02/protecting-users-from-insecure.html,https://blog.chromium.org/2020/02/protecting-users-from-insecure.html,,,,regex_match_no_context
case2,regex_baseline,url,ascii,1796268862,https://wicg.github.io/change-password-url/response-code-reliability.html#iana,https://wicg.github.io/change-password-url/response-code-reliability.html,,,,regex_match_no_context
case2,regex_baseline,url,ascii,1796301506,https://safebrowsing.google.com/safebrowsing/uploads/scan,https://safebrowsing.google.com/safebrowsing/uploads/scan,,,,regex_match_no_context
case2,regex_baseline,url,ascii,1796304432,https://enterprise-safebrowsing.googleapis.com/safebrowsing/clientreport/realtime,https://enterprise-safebrowsing.googleapis.com/safebrowsing/clientreport/realtime,,,,regex_match_no_context
case2,regex_baseline,url,ascii,1796306006,https://safebrowsing.google.com/safebrowsing/clientreport/realtime,https://safebrowsing.google.com/safebrowsing/clientreport/realtime,,,,regex_match_no_context
case2,regex_baseline,url,ascii,1796427988,https://support.google.com/chrome?p=first_mode,https://support.google.com/chrome?p=first_mode,,,,regex_match_no_context
case2,regex_baseline,url,ascii,1796523872,https://www.google.__/search%,https://www.google.__/search%,,,,regex_match_no_context
case2,regex_baseline,url,ascii,1796523918,https://www.google.___/search%,https://www.google.___/search%,,,,regex_match_no_context
case2,regex_baseline,url,ascii,1796523965,https://www.google.__.__/search%,https://www.google.__.__/search%,,,,regex_match_no_context
case2,regex_baseline,url,ascii,1796524014,https://www.google.___.__/search%,https://www.google.___.__/search%,,,,regex_match_no_context
case2,regex_baseline,url,ascii,1796559869,https://%s/,https://%s,,,,regex_match_no_context
case2,regex_baseline,url,ascii,1796671787,http://developer.chrome.com/extensions/external_extensions.html),http://developer.chrome.com/extensions/external_extensions.html),,,,regex_match_no_context
case2,regex_baseline,url,ascii,1796678292,https://www.googleapis.com/chromewebstore/v1.1/items/verify,https://www.googleapis.com/chromewebstore/v1.1/items/verify,,,,regex_match_no_context
case2,regex_baseline,url,ascii,1796680928,http://*/*,http://*/*,,,,regex_match_no_context
case2,regex_baseline,url,ascii,1796680939,https://*/*,https://*/*,,,,regex_match_no_context
case2,regex_baseline,url,ascii,1796704196,http://www.gstatic.com/chrome/extensions/blocklist,http://www.gstatic.com/chrome/extensions/blocklist,,,,regex_match_no_context
case2,regex_baseline,url,ascii,1796704260,https://www.gstatic.com/chrome/extensions/blocklist,https://www.gstatic.com/chrome/extensions/blocklist,,,,regex_match_no_context
case2,regex_baseline,url,ascii,1796717972,https://support.google.com/chrome/?p=incognito,https://support.google.com/chrome?p=incognito,,,,regex_match_no_context
case2,regex_baseline,url,ascii,1796718052,https://support.google.com/chrome/?p=ui_guest,https://support.google.com/chrome?p=ui_guest,,,,regex_match_no_context
case2,regex_baseline,url,ascii,1796813604,https://support.google.com/chrome/answer/1181420?,https://support.google.com/chrome/answer/1181420,,,,regex_match_no_context
case2,regex_baseline,url,ascii,1796985115,https://storage.googleapis.com/chrome_hats_staging/index.html,https://storage.googleapis.com/chrome_hats_staging/index.html,,,,regex_match_no_context
case2,regex_baseline,url,ascii,1797035030,https://lh4.googleusercontent.com/proxy/kFIJNnm2DMbS3B5LXaIdm2JKI6twGWwmzQbcJCfqTfuaH_ULD50v1Z3BGPEF32xTPRvgGLx492zcy_kcatCde2wmz-9ZYFqifbJRMl2DzyE=w170-h85-p-k-no-nd-mv,https://lh4.googleusercontent.com/proxy/kFIJNnm2DMbS3B5LXaIdm2JKI6twGWwmzQbcJCfqTfuaH_ULD50v1Z3BGPEF32xTPRvgGLx492zcy_kcatCde2wmz-9ZYFqifbJRMl2DzyE=w170-h85-p-k-no-nd-mv,,,,regex_match_no_context
case2,regex_baseline,url,ascii,1797035210,https://lh6.googleusercontent.com/proxy/KyyCsF6dIQ783r3Znmvdo76QY2RgzcR5t4rnA5kKjsmrlpsb_pWGndQkyuAI4mv68X_9ZX2Edd-0FP4iQZRFm8UAW3oDX8Coqk3C85UNAX3H4Eh_5wGyDB0SY6HOQjOXVQ=w170-h85-p-k-no-nd-mv,https://lh6.googleusercontent.com/proxy/KyyCsF6dIQ783r3Znmvdo76QY2RgzcR5t4rnA5kKjsmrlpsb_pWGndQkyuAI4mv68X_9ZX2Edd-0FP4iQZRFm8UAW3oDX8Coqk3C85UNAX3H4Eh_5wGyDB0SY6HOQjOXVQ=w170-h85-p-k-no-nd-mv,,,,regex_match_no_context
case2,regex_baseline,url,ascii,1797035413,https://lh6.googleusercontent.com/proxy/4IP40Q18w6aDF4oS4WRnUj0MlCCKPK-vLHqSd4r-RfS6JxgblG5WJuRYpkJkoTzLMS0qv3Sxhf9wdaKkn3vHnyy6oe7Ah5y0=w170-h85-p-k-no-nd-mv,https://lh6.googleusercontent.com/proxy/4IP40Q18w6aDF4oS4WRnUj0MlCCKPK-vLHqSd4r-RfS6JxgblG5WJuRYpkJkoTzLMS0qv3Sxhf9wdaKkn3vHnyy6oe7Ah5y0=w170-h85-p-k-no-nd-mv,,,,regex_match_no_context
case2,regex_baseline,url,ascii,1797035578,https://lh3.googleusercontent.com/proxy/d_4gDNBtm9Ddv8zqqm0MVY93_j-_e5M-bGgH-bSAfIR65FYGacJTemvNp9fDT0eiIbi3bzrf7HMMsupe2QIIfm5H7BMHY3AI5rkYUpx-lQ=w170-h85-p-k-no-nd-mv,https://lh3.googleusercontent.com/proxy/d_4gDNBtm9Ddv8zqqm0MVY93_j-_e5M-bGgH-bSAfIR65FYGacJTemvNp9fDT0eiIbi3bzrf7HMMsupe2QIIfm5H7BMHY3AI5rkYUpx-lQ=w170-h85-p-k-no-nd-mv,,,,regex_match_no_context
case2,regex_baseline,url,ascii,1797041326,https://store.google.com/product/pixel_7?hl=en-US,https://store.google.com/product/pixel_7?hl=en-US,,,,regex_match_no_context
case2,regex_baseline,url,ascii,1797041391,https://store.google.com/product/pixel_buds_pro?hl=en-US,https://store.google.com/product/pixel_buds_pro?hl=en-US,,,,regex_match_no_context
case2,regex_baseline,url,ascii,1797041460,https://store.google.com/product/google_pixel_watch?hl=en-US,https://store.google.com/product/google_pixel_watch?hl=en-US,,,,regex_match_no_context
case2,regex_baseline,url,ascii,1797041543,https://www.google.com/search?q=,https://www.google.com/search?q=,,,,regex_match_no_context
case2,regex_baseline,url,ascii,1797043604,https://www.google.com/chrome/whats-new/,https://www.google.com/chrome/whats-new,,,,regex_match_no_context
case2,regex_baseline,url,ascii,1797051412,https://passwords.google.com/checkup/start?hideExplanation=true,https://passwords.google.com/checkup/start?hideExplanation=true,,,,regex_match_no_context
case2,regex_baseline,url,ascii,1797057444,https://support.google.com/chrome?p=enable_extensions,https://support.google.com/chrome?p=enable_extensions,,,,regex_match_no_context
case2,regex_baseline,url,ascii,1797057556,https://support.google.com/chrome_webstore/answer/2664769,https://support.google.com/chrome_webstore/answer/2664769,,,,regex_match_no_context
case2,regex_baseline,url,ascii,1797057916,https://content-autofill.googleapis.com,https://content-autofill.googleapis.com,,,,regex_match_no_context
case2,regex_baseline,url,ascii,1797061600,https://google.com.au,https://google.com.au,,,,regex_match_no_context
case2,regex_baseline,url,ascii,1797061622,https://google.de,https://google.de,,,,regex_match_no_context
case2,regex_baseline,url,ascii,1797061640,https://chromium.org,https://chromium.org,,,,regex_match_no_context
case2,regex_baseline,url,ascii,1797061661,https://googlesource.com,https://googlesource.com,,,,regex_match_no_context
case2,regex_baseline,url,ascii,1797089386,https://chrome.google.com/webstore/detail/,https://chrome.google.com/webstore/detail,,,,regex_match_no_context
case2,regex_baseline,url,ascii,1797100217,https://chrome.google.com/webstore?category=theme,https://chrome.google.com/webstore?category=theme,,,,regex_match_no_context
case2,regex_baseline,url,ascii,1797149020,https://landing.google.com/advancedprotection/,https://landing.google.com/advancedprotection,,,,regex_match_no_context
case2,regex_baseline,url,ascii,1797213720,https://tools.google.com/service/update2,https://tools.google.com/service/update2,,,,regex_match_no_context
case2,regex_baseline,url,ascii,1797276077,https://walli.shanga.co/image/view/?id=370,https://walli.shanga.co/image/view?id=370,,,,regex_match_no_context
case2,regex_baseline,url,ascii,1797276166,https://500px.com/photo/135751035/soulseek-by-%E5%B0%A4%E9%87%91%E5%B0%BC-ev-tchebotarev,https://500px.com/photo/135751035/soulseek-by-%E5%B0%A4%E9%87%91%E5%B0%BC-ev-tchebotarev,,,,regex_match_no_context
case2,regex_baseline,url,ascii,1797276286,https://www.google.com/sky/,https://www.google.com/sky,,,,regex_match_no_context
case2,regex_baseline,url,ascii,1797276352,https://walli.shanga.co/image/view/?id=1375,https://walli.shanga.co/image/view?id=1375,,,,regex_match_no_context
case2,regex_baseline,url,ascii,1797276434,https://500px.com/photo/41149196/le-piscine-sunset-by-giulio-rosso-chioso,https://500px.com/photo/41149196/le-piscine-sunset-by-giulio-rosso-chioso,,,,regex_match_no_context
case2,regex_baseline,url,ascii,1798855636,https://goo.gl/9p2vKq,https://goo.gl/9p2vKq,,,,regex_match_no_context
case2,regex_baseline,url,ascii,1798872814,http://goo.gl/YjeSsW,http://goo.gl/YjeSsW,,,,regex_match_no_context
case2,regex_baseline,url,ascii,1798934932,https://www.googleapis.com/auth/drive.apps.readonly,https://www.googleapis.com/auth/drive.apps.readonly,,,,regex_match_no_context
case2,regex_baseline,url,ascii,1798934996,https://www.googleapis.com/auth/drive.apps,https://www.googleapis.com/auth/drive.apps,,,,regex_match_no_context
case2,regex_baseline,url,ascii,1798979484,https://www.gstatic.com/autofill/virtualcard/icon/capitalone.png,https://www.gstatic.com/autofill/virtualcard/icon/capitalone.png,,,,regex_match_no_context
case2,regex_baseline,url,ascii,1799045108,https://redirector.gvt1.com/edgedl/chrome/dict/,https://redirector.gvt1.com/edgedl/chrome/dict,,,,regex_match_no_context
case2,regex_baseline,url,ascii,1799135556,https://sb-ssl.google.com/safebrowsing/clientreport/download,https://sb-ssl.google.com/safebrowsing/clientreport/download,,,,regex_match_no_context
case2,regex_baseline,url,ascii,1799137909,https://cs.chromium.org/chromium/src/chrome/,https://cs.chromium.org/chromium/src/chrome,,,,regex_match_no_context
case2,regex_baseline,url,ascii,1799151068,https://host/,https://host,,,,regex_match_no_context
case2,regex_baseline,url,ascii,1799157732,https://fcm.googleapis.com,https://fcm.googleapis.com,,,,regex_match_no_context
case2,regex_baseline,url,ascii,1799157892,https://fcm.googleapis.com/fcm/send/%s,https://fcm.googleapis.com/fcm/send/%s,,,,regex_match_no_context
case2,regex_baseline,url,ascii,1799207844,https://www.google.com/search,https://www.google.com/search,,,,regex_match_no_context
case2,regex_baseline,url,ascii,1799208047,https://permission.site,https://permission.site,,,,regex_match_no_context
case2,regex_baseline,url,ascii,1799208233,https://permission.site.com,https://permission.site.com,,,,regex_match_no_context
case2,regex_baseline,url,ascii,1799222916,https://www.gstatic.com/autofill/hourly/bins.json,https://www.gstatic.com/autofill/hourly/bins.json,,,,regex_match_no_context
case2,regex_baseline,url,ascii,1799223012,https://www.gstatic.com/autofill/weekly/merchants.json,https://www.gstatic.com/autofill/weekly/merchants.json,,,,regex_match_no_context
case2,regex_baseline,url,ascii,1799304035,https://mail.google.com/mail/?usp=chrome_app,https://mail.google.com/mail?usp=chrome_app,,,,regex_match_no_context
case2,regex_baseline,url,ascii,1799304112,https://docs.google.com/document/?usp=chrome_app,https://docs.google.com/document?usp=chrome_app,,,,regex_match_no_context
case2,regex_baseline,url,ascii,1799304194,https://drive.google.com/?lfhs=2,https://drive.google.com?lfhs=2,,,,regex_match_no_context
case2,regex_baseline,url,ascii,1799304227,https://docs.google.com/spreadsheets/?usp=chrome_app,https://docs.google.com/spreadsheets?usp=chrome_app,,,,regex_match_no_context
case2,regex_baseline,url,ascii,1799304316,https://docs.google.com/presentation/?usp=chrome_app,https://docs.google.com/presentation?usp=chrome_app,,,,regex_match_no_context
case2,regex_baseline,url,ascii,1799483734,https://cloudsearch.googleapis.com/v1/query/search,https://cloudsearch.googleapis.com/v1/query/search,,,,regex_match_no_context
case2,regex_baseline,url,ascii,1799484604,https://www.googleapis.com/auth/cloud_search.query,https://www.googleapis.com/auth/cloud_search.query,,,,regex_match_no_context
case2,regex_baseline,url,ascii,1799486036,https://www.gstatic.com/chrome/ntp/ios/suggested_sites_US_2023q1_mvt_experiment_with_popular_sites.json,https://www.gstatic.com/chrome/ntp/ios/suggested_sites_US_2023q1_mvt_experiment_with_popular_sites.json,,,,regex_match_no_context
case2,regex_baseline,url,ascii,1799486148,https://www.gstatic.com/chrome/ntp/ios/suggested_sites_US_2023q1_mvt_experiment_without_popular_sites.json,https://www.gstatic.com/chrome/ntp/ios/suggested_sites_US_2023q1_mvt_experiment_without_popular_sites.json,,,,regex_match_no_context
case2,regex_baseline,url,ascii,1799486260,https://www.gstatic.com/%ssuggested_sites_%s_%s.json,https://www.gstatic.com/%ssuggested_sites_%s_%s.json,,,,regex_match_no_context
case2,regex_baseline,url,ascii,1799531252,https://clients3.google.com,https://clients3.google.com,,,,regex_match_no_context
case2,regex_baseline,url,ascii,1799543684,https://memex-pa.googleapis.com/v1/shopping/cart/discounted,https://memex-pa.googleapis.com/v1/shopping/cart/discounted,,,,regex_match_no_context
case2,regex_baseline,url,ascii,1799546372,https://memex-pa.googleapis.com/v1/shopping/cart/discounts,https://memex-pa.googleapis.com/v1/shopping/cart/discounts,,,,regex_match_no_context
case2,regex_baseline,url,ascii,1799551732,https://sites.google.com/a/chromium.org/dev/administrators/common-problems-and-solutions#network_profile,https://sites.google.com/a/chromium.org/dev/administrators/common-problems-and-solutions,,,,regex_match_no_context
case2,regex_baseline,url,ascii,1799553924,https://clientservices.googleapis.com/uma/v2,https://clientservices.googleapis.com/uma/v2,,,,regex_match_no_context
case2,regex_baseline,url,ascii,1799553972,http://clientservices.googleapis.com/uma/v2,http://clientservices.googleapis.com/uma/v2,,,,regex_match_no_context
case2,regex_baseline,url,ascii,1799554020,https://clients4.google.com/uma/v2,https://clients4.google.com/uma/v2,,,,regex_match_no_context
case2,regex_baseline,url,ascii,1799555092,https://clients4.google.com/ukm,https://clients4.google.com/ukm,,,,regex_match_no_context
case2,regex_baseline,url,ascii,1799588764,https://support.google.com/chrome/?p=ib_nacl,https://support.google.com/chrome?p=ib_nacl,,,,regex_match_no_context
case2,regex_baseline,url,ascii,1799658660,https://sb-ssl.google.com/safebrowsing/clientreport/chrome-reset,https://sb-ssl.google.com/safebrowsing/clientreport/chrome-reset,,,,regex_match_no_context
case2,regex_baseline,url,ascii,1799662660,https://safebrowsing.google.com/safebrowsing/uploads/consumer,https://safebrowsing.google.com/safebrowsing/uploads/consumer,,,,regex_match_no_context
case2,regex_baseline,url,ascii,1799805210,https://login.live.com,https://login.live.com,,,,regex_match_no_context
case2,regex_baseline,url,ascii,1799805233,https://login.microsoftonline.com,https://login.microsoftonline.com,,,,regex_match_no_context
case2,regex_baseline,url,ascii,1800068452,https://docs.google.com/document/u/0/create?usp=chrome_actions,https://docs.google.com/document/u/0/create?usp=chrome_actions,,,,regex_match_no_context
case2,regex_baseline,url,ascii,1800068676,https://docs.google.com/spreadsheets/u/0/create?usp=chrome_actions,https://docs.google.com/spreadsheets/u/0/create?usp=chrome_actions,,,,regex_match_no_context
case2,regex_baseline,url,ascii,1800068836,https://docs.google.com/presentation/u/0/create?usp=chrome_actions,https://docs.google.com/presentation/u/0/create?usp=chrome_actions,,,,regex_match_no_context
case2,regex_baseline,url,ascii,1800068996,https://calendar.google.com/calendar/u/0/r/eventedit?usp=chrome_actions,https://calendar.google.com/calendar/u/0/r/eventedit?usp=chrome_actions,,,,regex_match_no_context
case2,regex_baseline,url,ascii,1800069156,https://sites.google.com/u/0/create?usp=chrome_actions,https://sites.google.com/u/0/create?usp=chrome_actions,,,,regex_match_no_context
case2,regex_baseline,url,ascii,1800069300,https://keep.google.com/u/0/?usp=chrome_actions#NEWNOTE,https://keep.google.com/u/0?usp=chrome_actions,,,,regex_match_no_context
case2,regex_baseline,url,ascii,1800069444,https://docs.google.com/forms/u/0/create?usp=chrome_actions,https://docs.google.com/forms/u/0/create?usp=chrome_actions,,,,regex_match_no_context
case2,regex_baseline,url,ascii,1800069588,https://myaccount.google.com/?utm_source=ga-chrome-actions&utm_medium=manageGA,https://myaccount.google.com?utm_source=ga-chrome-actions&utm_medium=manageGA,,,,regex_match_no_context
case2,regex_baseline,url,ascii,1800069748,https://myaccount.google.com/signinoptions/password?utm_source=ga-chrome-actions&utm_medium=changePW,https://myaccount.google.com/signinoptions/password?utm_source=ga-chrome-actions&utm_medium=changePW,,,,regex_match_no_context
case2,regex_baseline,url,ascii,1800297274,https://www.google.com/chrome,https://www.google.com/chrome,,,,regex_match_no_context
case2,regex_baseline,url,ascii,1800593908,https://payments.google.com/,https://payments.google.com,,,,regex_match_no_context
case2,regex_baseline,url,ascii,1800593940,https://payments.sandbox.google.com/,https://payments.sandbox.google.com,,,,regex_match_no_context
case2,regex_baseline,url,ascii,1800593988,https://pay.google.com/payments/home?utm_source=chrome&utm_medium=settings&utm_campaign=payment-methods#paymentMethods,https://pay.google.com/payments/home?utm_source=chrome&utm_medium=settings&utm_campaign=payment-methods,,,,regex_match_no_context
case2,regex_baseline,url,ascii,1800594116,https://pay.sandbox.google.com/payments/home?utm_source=chrome&utm_medium=settings&utm_campaign=payment-methods#paymentMethods,https://pay.sandbox.google.com/payments/home?utm_source=chrome&utm_medium=settings&utm_campaign=payment-methods,,,,regex_match_no_context
case2,regex_baseline,url,ascii,1800594244,https://support.google.com/googlepay/answer/11234179,https://support.google.com/googlepay/answer/11234179,,,,regex_match_no_context
case2,regex_baseline,url,ascii,1800628724,https://support.google.com/chrome/?p=pwa_default_associations,https://support.google.com/chrome?p=pwa_default_associations,,,,regex_match_no_context
case2,regex_baseline,url,ascii,1800631436,https://lh5.googleusercontent.com/proxy/E60bugMrz3Jw0Ty3vD1HqfrrabnAQGlHzIJjRadV1kDS_XSE0AtWuMnjW9VPvq1YeyPJK13gZw63TQYvh2RlaZq_aQm5xskpsgWW1l67gg3mkYaZr07BQqMV47onKA=w3840-h2160-p-k-no-nd-mv,https://lh5.googleusercontent.com/proxy/E60bugMrz3Jw0Ty3vD1HqfrrabnAQGlHzIJjRadV1kDS_XSE0AtWuMnjW9VPvq1YeyPJK13gZw63TQYvh2RlaZq_aQm5xskpsgWW1l67gg3mkYaZr07BQqMV47onKA=w3840-h2160-p-k-no-nd-mv,,,,regex_match_no_context
case2,regex_baseline,url,ascii,1800631628,https://lh4.googleusercontent.com/proxy/UOhQwfclsAK8TnXZqoTkh9szHvYOJ3auDH07hZBZeVaaRWvzGaXpaYl60MfCRuW_S57gvzBw859pj5Xl2pW_GpfG8k2GhE9LUFNKwA=w3840-h2160-p-k-no-nd-mv,https://lh4.googleusercontent.com/proxy/UOhQwfclsAK8TnXZqoTkh9szHvYOJ3auDH07hZBZeVaaRWvzGaXpaYl60MfCRuW_S57gvzBw859pj5Xl2pW_GpfG8k2GhE9LUFNKwA=w3840-h2160-p-k-no-nd-mv,,,,regex_match_no_context
case2,regex_baseline,url,ascii,1800631796,https://lh5.googleusercontent.com/proxy/xvtq6_782kBajCBr0GISHpujOb51XLKUeEOJ2lLPKh12-xNBTCtsoHT14NQcaH9l4JhatcXEMBkqgUeCWhb3XhdLnD1BiNzQ_LVydwg=w3840-h2160-p-k-no-nd-mv,https://lh5.googleusercontent.com/proxy/xvtq6_782kBajCBr0GISHpujOb51XLKUeEOJ2lLPKh12-xNBTCtsoHT14NQcaH9l4JhatcXEMBkqgUeCWhb3XhdLnD1BiNzQ_LVydwg=w3840-h2160-p-k-no-nd-mv,,,,regex_match_no_context
case2,regex_baseline,url,ascii,1800631965,https://lh3.googleusercontent.com/proxy/FWOBAVfQYasxV3KURX1VVKem1yOC2iazWAb8csOmqCDwI1CCzAA1zCpnAxR-wL2rbfZNcRHbI5b-SZfLASmF7uhJnzrksBWougEGlkw_-4U=w3840-h2160-p-k-no-nd-mv,https://lh3.googleusercontent.com/proxy/FWOBAVfQYasxV3KURX1VVKem1yOC2iazWAb8csOmqCDwI1CCzAA1zCpnAxR-wL2rbfZNcRHbI5b-SZfLASmF7uhJnzrksBWougEGlkw_-4U=w3840-h2160-p-k-no-nd-mv,,,,regex_match_no_context
case2,regex_baseline,url,ascii,1800632138,https://lh3.googleusercontent.com/proxy/nMIspgHzTUU0GzmiadmPphBelzF2xy9-tIiejZg3VvJTITxUb-1vILxf-IsCfyl94VSn6YvHa8_PiIyR9d3rwD8ZhNdQ1C1rnblP6zy3OaI=w3840-h2160-p-k-no-nd-mv,https://lh3.googleusercontent.com/proxy/nMIspgHzTUU0GzmiadmPphBelzF2xy9-tIiejZg3VvJTITxUb-1vILxf-IsCfyl94VSn6YvHa8_PiIyR9d3rwD8ZhNdQ1C1rnblP6zy3OaI=w3840-h2160-p-k-no-nd-mv,,,,regex_match_no_context
case2,regex_baseline,url,ascii,1800875874,https://crbug.com/639009,https://crbug.com/639009,,,,regex_match_no_context
case2,regex_baseline,url,ascii,1800880717,https://crbug.com/803205,https://crbug.com/803205,,,,regex_match_no_context
case2,regex_baseline,url,ascii,1800925988,https://sb-ssl.google.com/safebrowsing/clientreport/incident,https://sb-ssl.google.com/safebrowsing/clientreport/incident,,,,regex_match_no_context
case2,regex_baseline,url,ascii,1800926580,https://safebrowsing.google.com/safebrowsing/uploads/chrome,https://safebrowsing.google.com/safebrowsing/uploads/chrome,,,,regex_match_no_context
case2,regex_baseline,url,ascii,1800936228,https://fcm.googleapis.com/fcm/send/,https://fcm.googleapis.com/fcm/send,,,,regex_match_no_context
case2,regex_baseline,url,ascii,1801026180,https://safebrowsing.google.com/safebrowsing/clientreport/crx-telemetry,https://safebrowsing.google.com/safebrowsing/clientreport/crx-telemetry,,,,regex_match_no_context
case2,regex_baseline,url,ascii,1801078036,https://www.gstatic.com/diner/chrome/atp_loading.html,https://www.gstatic.com/diner/chrome/atp_loading.html,,,,regex_match_no_context
case2,regex_baseline,url,ascii,1801266144,https://meet.google.com,https://meet.google.com,,,,regex_match_no_context
case2,regex_baseline,url,ascii,1801266168,https://music.youtube.com,https://music.youtube.com,,,,regex_match_no_context
case2,regex_baseline,url,ascii,1801270917,https://music-green-qa.youtube.com/,https://music-green-qa.youtube.com,,,,regex_match_no_context
case2,regex_baseline,url,ascii,1801270953,https://music-release-qa.youtube.com/,https://music-release-qa.youtube.com,,,,regex_match_no_context
case2,regex_baseline,url,ascii,1801270991,https://tv.youtube.com,https://tv.youtube.com,,,,regex_match_no_context
case2,regex_baseline,url,ascii,1801271014,https://tv-green-qa.youtube.com,https://tv-green-qa.youtube.com,,,,regex_match_no_context
case2,regex_baseline,url,ascii,1801271046,https://tv-release-qa.youtube.com,https://tv-release-qa.youtube.com,,,,regex_match_no_context
case2,regex_baseline,url,ascii,1801271080,https://web-green-qa.youtube.com,https://web-green-qa.youtube.com,,,,regex_match_no_context
case2,regex_baseline,url,ascii,1801271113,https://web-release-qa.youtube.com,https://web-release-qa.youtube.com,,,,regex_match_no_context
case2,regex_baseline,url,ascii,1801271180,https://www.netflix.com,https://www.netflix.com,,,,regex_match_no_context
case2,regex_baseline,url,ascii,1801271212,https://www.pandora.com,https://www.pandora.com,,,,regex_match_no_context
case2,regex_baseline,url,ascii,1801271247,https://www.hulu.com,https://www.hulu.com,,,,regex_match_no_context
case2,regex_baseline,url,ascii,1801271274,https://www.vimeo.com,https://www.vimeo.com,,,,regex_match_no_context
case2,regex_baseline,url,ascii,1801271308,https://www.dailymotion.com,https://www.dailymotion.com,,,,regex_match_no_context
case2,regex_baseline,url,ascii,1801467609,https://www.gstatic.com/chrome/autofill/password_generation_specs/%d/%s,https://www.gstatic.com/chrome/autofill/password_generation_specs/%d/%s,,,,regex_match_no_context
case2,regex_baseline,url,ascii,1801576300,https://drive.google.com,https://drive.google.com,,,,regex_match_no_context
case2,regex_baseline,url,ascii,1801654108,https://support.google.com/chrome_webstore/?p=crx_warning,https://support.google.com/chrome_webstore?p=crx_warning,,,,regex_match_no_context
case2,regex_baseline,url,ascii,1802080292,https://www.google.com/chrome/devices/chromecast/,https://www.google.com/chrome/devices/chromecast,,,,regex_match_no_context
case2,regex_baseline,url,ascii,1802080356,https://support.google.com/chromecast/topic/3447927,https://support.google.com/chromecast/topic/3447927,,,,regex_match_no_context
case2,regex_baseline,url,ascii,1802080420,https://support.google.com/chromecast/answer/2998338,https://support.google.com/chromecast/answer/2998338,,,,regex_match_no_context
case2,regex_baseline,url,ascii,1802317020,http://www.correos.es/comun/CodigosPostales/1010_s-CodPostal.asp?Provincia=,http://www.correos.es/comun/CodigosPostales/1010_s-CodPostal.asp?Provincia=,,,,regex_match_no_context
case2,regex_baseline,url,ascii,1802317699,http://www.correoargentino.com.ar/formularios/cpa,http://www.correoargentino.com.ar/formularios/cpa,,,,regex_match_no_context
case2,regex_baseline,url,ascii,1802317893,http://zip4.usps.com/zip4/welcome.jsp,http://zip4.usps.com/zip4/welcome.jsp,,,,regex_match_no_context
case2,regex_baseline,url,ascii,1802318027,http://www.post.at/post_subsite_postleitzahlfinder.php,http://www.post.at/post_subsite_postleitzahlfinder.php,,,,regex_match_no_context
case2,regex_baseline,url,ascii,1802318264,http://www1.auspost.com.au/postcodes/,http://www1.auspost.com.au/postcodes,,,,regex_match_no_context
case2,regex_baseline,url,ascii,1802318467,https://www.alandpost.ax/privat/skicka-brev/postnummer-pa-aland/postnummersokning,https://www.alandpost.ax/privat/skicka-brev/postnummer-pa-aland/postnummersokning,,,,regex_match_no_context
case2,regex_baseline,url,ascii,1802318887,https://bdpost.portal.gov.bd/site/page/f41a42bd-2540-4afa-8568-af56443c3df8/-,https://bdpost.portal.gov.bd/site/page/f41a42bd-2540-4afa-8568-af56443c3df8/-,,,,regex_match_no_context
case2,regex_baseline,url,ascii,1802319058,http://www.post.be/site/nl/residential/customerservice/search/postal_codes.html,http://www.post.be/site/nl/residential/customerservice/search/postal_codes.html,,,,regex_match_no_context
case2,regex_baseline,url,ascii,1802319269,http://www.bgpost.bg/?cid=5,http://www.bgpost.bg?cid=5,,,,regex_match_no_context
case2,regex_baseline,url,ascii,1802319501,http://www.laposte.fr/Particulier/Utiliser-nos-outils-pratiques/Outils-et-documents/Trouvez-un-code-postal,http://www.laposte.fr/Particulier/Utiliser-nos-outils-pratiques/Outils-et-documents/Trouvez-un-code-postal,,,,regex_match_no_context
case2,regex_baseline,url,ascii,1802319693,http://www.landvaluation.bm/,http://www.landvaluation.bm,,,,regex_match_no_context
case2,regex_baseline,url,ascii,1802319813,http://www.post.gov.bn/SitePages/postcodes.aspx,http://www.post.gov.bn/SitePages/postcodes.aspx,,,,regex_match_no_context
case2,regex_baseline,url,ascii,1802320096,http://www.buscacep.correios.com.br/,http://www.buscacep.correios.com.br,,,,regex_match_no_context
case2,regex_baseline,url,ascii,1802320294,http://www.bhutanpost.bt/postcodes/,http://www.bhutanpost.bt/postcodes,,,,regex_match_no_context
case2,regex_baseline,url,ascii,1802320451,http://ex.belpost.by/addressbook/,http://ex.belpost.by/addressbook,,,,regex_match_no_context
case2,regex_baseline,url,ascii,1802320637,https://www.canadapost.ca/cpo/mc/personal/postalcode/fpc.jsf,https://www.canadapost.ca/cpo/mc/personal/postalcode/fpc.jsf,,,,regex_match_no_context
case2,regex_baseline,url,ascii,1802320930,http://www.post.ch/db/owa/pv_plz_pack/pr_main,http://www.post.ch/db/owa/pv_plz_pack/pr_main,,,,regex_match_no_context
case2,regex_baseline,url,ascii,1802321145,https://www.correos.cl/web/guest/codigo-postal,https://www.correos.cl/web/guest/codigo-postal,,,,regex_match_no_context
case2,regex_baseline,url,ascii,1802321405,http://www.ems.com.cn/serviceguide/you_bian_cha_xun.html,http://www.ems.com.cn/serviceguide/you_bian_cha_xun.html,,,,regex_match_no_context
case2,regex_baseline,url,ascii,1802321608,http://www.codigopostal.gov.co/,http://www.codigopostal.gov.co,,,,regex_match_no_context
case2,regex_baseline,url,ascii,1802321743,https://correos.go.cr/codigo-postal/,https://correos.go.cr/codigo-postal,,,,regex_match_no_context
case2,regex_baseline,url,ascii,1802322225,http://psc.ceskaposta.cz/CleanForm.action,http://psc.ceskaposta.cz/CleanForm.action,,,,regex_match_no_context
case2,regex_baseline,url,ascii,1802322362,http://www.postdirekt.de/plzserver/,http://www.postdirekt.de/plzserver,,,,regex_match_no_context
case2,regex_baseline,url,ascii,1802322516,http://www.postdanmark.dk/da/Privat/Kundeservice/postnummerkort/Sider/Find-postnummer.aspx,http://www.postdanmark.dk/da/Privat/Kundeservice/postnummerkort/Sider/Find-postnummer.aspx,,,,regex_match_no_context
case2,regex_baseline,url,ascii,1802322695,http://inposdom.gob.do/,http://inposdom.gob.do,,,,regex_match_no_context
case2,regex_baseline,url,ascii,1802322874,http://www.codigopostal.gob.ec/,http://www.codigopostal.gob.ec,,,,regex_match_no_context
case2,regex_baseline,url,ascii,1802323007,https://www.omniva.ee/era/sihtnumbrite_otsing,https://www.omniva.ee/era/sihtnumbrite_otsing,,,,regex_match_no_context
case2,regex_baseline,url,ascii,1802323360,http://www.correos.es/contenido/13-MenuRec2/04-MenuRec24/1010_s-CodPostal.asp,http://www.correos.es/contenido/13-MenuRec2/04-MenuRec24/1010_s-CodPostal.asp,,,,regex_match_no_context
case2,regex_baseline,url,ascii,1802323608,https://support.posti.fi/fi/tyokalut/postinumerohaku.html,https://support.posti.fi/fi/tyokalut/postinumerohaku.html,,,,regex_match_no_context
case2,regex_baseline,url,ascii,1802324043,https://www.posta.fo/fo/forsida/finn-postnr-stad/,https://www.posta.fo/fo/forsida/finn-postnr-stad,,,,regex_match_no_context
case2,regex_baseline,url,ascii,1802324563,http://www.royalmail.com/postcode-finder,http://www.royalmail.com/postcode-finder,,,,regex_match_no_context
case2,regex_baseline,url,ascii,1802324688,http://www.georgianpost.ge/index.php?page=10,http://www.georgianpost.ge/index.php?page=10,,,,regex_match_no_context
case2,regex_baseline,url,ascii,1802325048,http://www.guernseypost.com/postcode_finder/,http://www.guernseypost.com/postcode_finder,,,,regex_match_no_context
case2,regex_baseline,url,ascii,1802325501,http://www.elta.gr/findapostcode.aspx,http://www.elta.gr/findapostcode.aspx,,,,regex_match_no_context
case2,regex_baseline,url,ascii,1802326316,http://www.posta.hr/default.aspx?pretpum,http://www.posta.hr/default.aspx?pretpum,,,,regex_match_no_context
case2,regex_baseline,url,ascii,1802326542,http://posta.hu/ugyfelszolgalat/iranyitoszam_kereso,http://posta.hu/ugyfelszolgalat/iranyitoszam_kereso,,,,regex_match_no_context
case2,regex_baseline,url,ascii,1802326847,https://finder.eircode.ie,https://finder.eircode.ie,,,,regex_match_no_context
case2,regex_baseline,url,ascii,1802326948,http://www.israelpost.co.il/zipcode.nsf/demozip?openform,http://www.israelpost.co.il/zipcode.nsf/demozip?openform,,,,regex_match_no_context
case2,regex_baseline,url,ascii,1802327109,https://www.iompost.com/tools-forms/postcode-finder/,https://www.iompost.com/tools-forms/postcode-finder,,,,regex_match_no_context
case2,regex_baseline,url,ascii,1802327315,https://www.indiapost.gov.in/vas/pages/FindPinCode.aspx,https://www.indiapost.gov.in/vas/pages/FindPinCode.aspx,,,,regex_match_no_context
case2,regex_baseline,url,ascii,1802327750,https://posturinn.is/,https://posturinn.is,,,,regex_match_no_context
case2,regex_baseline,url,ascii,1802327877,http://www.poste.it/online/cercacap/,http://www.poste.it/online/cercacap,,,,regex_match_no_context
case2,regex_baseline,url,ascii,1802328025,http://www.jerseypost.com/tools/postcode-address-finder/,http://www.jerseypost.com/tools/postcode-address-finder,,,,regex_match_no_context
case2,regex_baseline,url,ascii,1802328444,http://www.post.japanpost.jp/zipcode/,http://www.post.japanpost.jp/zipcode,,,,regex_match_no_context
case2,regex_baseline,url,ascii,1802328708,https://www.cambodiapost.post/page/postal-codes,https://www.cambodiapost.post/page/postal-codes,,,,regex_match_no_context
case2,regex_baseline,url,ascii,1802329242,http://www.epost.go.kr/search/zipcode/search5.jsp,http://www.epost.go.kr/search/zipcode/search5.jsp,,,,regex_match_no_context
case2,regex_baseline,url,ascii,1802329507,http://www.caymanpost.gov.ky/,http://www.caymanpost.gov.ky,,,,regex_match_no_context
case2,regex_baseline,url,ascii,1802330003,http://www.slpost.gov.lk/,http://www.slpost.gov.lk,,,,regex_match_no_context
case2,regex_baseline,url,ascii,1802330261,http://www.post.lt/lt/?id=316,http://www.post.lt/lt?id=316,,,,regex_match_no_context
case2,regex_baseline,url,ascii,1802330386,https://www.post.lu/fr/grandes-entreprises/solutions-postales/rechercher-un-code-postal,https://www.post.lu/fr/grandes-entreprises/solutions-postales/rechercher-un-code-postal,,,,regex_match_no_context
case2,regex_baseline,url,ascii,1802330584,http://www.pasts.lv/lv/uzzinas/nodalas/,http://www.pasts.lv/lv/uzzinas/nodalas,,,,regex_match_no_context
case2,regex_baseline,url,ascii,1802331070,https://www.laposte.fr/particulier/outils/trouver-un-code-postal,https://www.laposte.fr/particulier/outils/trouver-un-code-postal,,,,regex_match_no_context
case2,regex_baseline,url,ascii,1802331630,http://www.zipcode.mn/,http://www.zipcode.mn,,,,regex_match_no_context
case2,regex_baseline,url,ascii,1802332244,https://www.maltapost.com/PostCode/,https://www.maltapost.com/PostCode,,,,regex_match_no_context
case2,regex_baseline,url,ascii,1802332424,http://www.maldivespost.com/?lid=10,http://www.maldivespost.com?lid=10,,,,regex_match_no_context
case2,regex_baseline,url,ascii,1802332686,https://www.correosdemexico.gob.mx/SSLServicios/ConsultaCP/Descarga.aspx,https://www.correosdemexico.gob.mx/SSLServicios/ConsultaCP/Descarga.aspx,,,,regex_match_no_context
case2,regex_baseline,url,ascii,1802332946,http://www.pos.com.my,http://www.pos.com.my,,,,regex_match_no_context
case2,regex_baseline,url,ascii,1802333218,https://www.opt.nc/particuliers/courrier-et-colis/les-codes-postaux-de-nouvelle-caledonie,https://www.opt.nc/particuliers/courrier-et-colis/les-codes-postaux-de-nouvelle-caledonie,,,,regex_match_no_context
case2,regex_baseline,url,ascii,1802333559,http://www.nigeriapostcodes.com/,http://www.nigeriapostcodes.com,,,,regex_match_no_context
case2,regex_baseline,url,ascii,1802333704,http://www.correos.gob.ni/codigo-postal/,http://www.correos.gob.ni/codigo-postal,,,,regex_match_no_context
case2,regex_baseline,url,ascii,1802333844,http://www.postnl.nl/voorthuis/,http://www.postnl.nl/voorthuis,,,,regex_match_no_context
case2,regex_baseline,url,ascii,1802334010,http://adressesok.posten.no/nb/postal_codes/search,http://adressesok.posten.no/nb/postal_codes/search,,,,regex_match_no_context
case2,regex_baseline,url,ascii,1802334143,http://www.gpo.gov.np/Home/Postalcode,http://www.gpo.gov.np/Home/Postalcode,,,,regex_match_no_context
case2,regex_baseline,url,ascii,1802334408,http://www.nzpost.co.nz/Cultures/en-NZ/OnlineTools/PostCodeFinder/,http://www.nzpost.co.nz/Cultures/en-NZ/OnlineTools/PostCodeFinder,,,,regex_match_no_context
case2,regex_baseline,url,ascii,1802334732,http://www.codigopostal.gob.pe/pages/invitado/consulta.jsf,http://www.codigopostal.gob.pe/pages/invitado/consulta.jsf,,,,regex_match_no_context
case2,regex_baseline,url,ascii,1802335101,http://www.philpost.gov.ph/,http://www.philpost.gov.ph,,,,regex_match_no_context
case2,regex_baseline,url,ascii,1802335206,http://www.pakpost.gov.pk/postcode.php,http://www.pakpost.gov.pk/postcode.php,,,,regex_match_no_context
case2,regex_baseline,url,ascii,1802335366,http://kody.poczta-polska.pl/,http://kody.poczta-polska.pl,,,,regex_match_no_context
case2,regex_baseline,url,ascii,1802335856,http://www.ctt.pt/feapl_2/app/open/tools.jspx?tool=1,http://www.ctt.pt/feapl_2/app/open/tools.jspx?tool=1,,,,regex_match_no_context
case2,regex_baseline,url,ascii,1802336477,http://www.posta-romana.ro/zip_codes,http://www.posta-romana.ro/zip_codes,,,,regex_match_no_context
case2,regex_baseline,url,ascii,1802336588,http://www.posta.rs/struktura/lat/aplikacije/pronadji/nadji-postu.asp,http://www.posta.rs/struktura/lat/aplikacije/pronadji/nadji-postu.asp,,,,regex_match_no_context
case2,regex_baseline,url,ascii,1802336850,https://www.pochta.ru/post-index,https://www.pochta.ru/post-index,,,,regex_match_no_context
case2,regex_baseline,url,ascii,1802337300,https://www.postnord.se/online-verktyg/verktyg/sok/sok-postnummer-och-adress,https://www.postnord.se/online-verktyg/verktyg/sok/sok-postnummer-och-adress,,,,regex_match_no_context
case2,regex_baseline,url,ascii,1802337490,https://www.singpost.com/find-postal-code,https://www.singpost.com/find-postal-code,,,,regex_match_no_context
case2,regex_baseline,url,ascii,1802337822,http://epab.posten.no/,http://epab.posten.no,,,,regex_match_no_context
case2,regex_baseline,url,ascii,1802337963,http://psc.posta.sk,http://psc.posta.sk,,,,regex_match_no_context
case2,regex_baseline,url,ascii,1802338643,http://www.sptc.co.sz/swazipost/codes/index.php,http://www.sptc.co.sz/swazipost/codes/index.php,,,,regex_match_no_context
case2,regex_baseline,url,ascii,1802339256,http://www.poste.tn/codes.php,http://www.poste.tn/codes.php,,,,regex_match_no_context
case2,regex_baseline,url,ascii,1802339444,http://postakodu.ptt.gov.tr/,http://postakodu.ptt.gov.tr,,,,regex_match_no_context
case2,regex_baseline,url,ascii,1802339744,http://www.post.gov.tw/post/internet/f_searchzone/index.jsp?ID=190102,http://www.post.gov.tw/post/internet/f_searchzone/index.jsp?ID=190102,,,,regex_match_no_context
case2,regex_baseline,url,ascii,1802340056,http://services.ukrposhta.com/postindex_new/,http://services.ukrposhta.com/postindex_new,,,,regex_match_no_context
case2,regex_baseline,url,ascii,1802340460,https://tools.usps.com/go/ZipLookupAction!input.action,https://tools.usps.com/go/ZipLookupAction!input.action,,,,regex_match_no_context
case2,regex_baseline,url,ascii,1802340594,http://www.correo.com.uy/index.asp?codPag=codPost&switchMapa=codPost,http://www.correo.com.uy/index.asp?codPag=codPost&switchMapa=codPost,,,,regex_match_no_context
case2,regex_baseline,url,ascii,1802340748,http://www.pochta.uz/ru/uslugi/indexsearch.html,http://www.pochta.uz/ru/uslugi/indexsearch.html,,,,regex_match_no_context
case2,regex_baseline,url,ascii,1802340956,http://www.svgpost.gov.vc/?option=com_content&view=article&id=3&Itemid=16,http://www.svgpost.gov.vc?option=com_content&view=article&id=3&Itemid=16,,,,regex_match_no_context
case2,regex_baseline,url,ascii,1802341166,http://postcode.vnpost.vn/services/search.aspx,http://postcode.vnpost.vn/services/search.aspx,,,,regex_match_no_context
case2,regex_baseline,url,ascii,1802342057,https://www.postoffice.co.za/Questions/postalcode.html,https://www.postoffice.co.za/Questions/postalcode.html,,,,regex_match_no_context
case2,regex_baseline,url,ascii,1802344733,https://www.googleapis.com/affiliation/v1/affiliation:lookupByHashPrefix,https://www.googleapis.com/affiliation/v1/affiliation:lookupByHashPrefix,,,,regex_match_no_context
case2,regex_baseline,url,ascii,1802563550,https://support.google.com/chrome/answer/96817,https://support.google.com/chrome/answer/96817,,,,regex_match_no_context
case2,regex_baseline,url,ascii,1802682212,https://update.googleapis.com/service/update2/json,https://update.googleapis.com/service/update2/json,,,,regex_match_no_context
case2,regex_baseline,url,ascii,1802682276,http://update.googleapis.com/service/update2/json,http://update.googleapis.com/service/update2/json,,,,regex_match_no_context
case2,regex_baseline,url,ascii,1802799220,https://www.googleapis.com/auth/cast-edu-messaging,https://www.googleapis.com/auth/cast-edu-messaging,,,,regex_match_no_context
case2,regex_baseline,url,ascii,1802799284,https://castedumessaging-pa.googleapis.com,https://castedumessaging-pa.googleapis.com,,,,regex_match_no_context
case2,regex_baseline,url,ascii,1803073972,https://%s.chromiumapp.org/,https://%s.chromiumapp.org,,,,regex_match_no_context
case2,regex_baseline,url,utf-16le,1799803758,https://login.windows.local,https://login.windows.local,,,,regex_match_no_context
case2,regex_baseline,url,utf-16le,1800086526,https://www.,https://www.,,,,regex_match_no_context
case2,regex_baseline,url,utf-16le,1847092796,https://symweb,https://symweb,,,,regex_match_no_context
case2,regex_baseline,url,utf-16le,1847092836,https://msdl.microsoft.com/download/symbols,https://msdl.microsoft.com/download/symbols,,,,regex_match_no_context
case2,regex_baseline,url,ascii,1863889689,https://perfetto.dev/docs/contributing/getting-started#community).,https://perfetto.dev/docs/contributing/getting-started,,,,regex_match_no_context
case2,regex_baseline,url,ascii,1871172503,https://crbug.com/820996,https://crbug.com/820996,,,,regex_match_no_context
case2,regex_baseline,url,ascii,1890379052,http://dashif.org/guidelines/trickmode,http://dashif.org/guidelines/trickmode,,,,regex_match_no_context
case2,regex_baseline,url,utf-16le,1890352522,http://ns.google.com/photos/1.0/panorama/,http://ns.google.com/photos/1.0/panorama,,,,regex_match_no_context
case2,regex_baseline,url,ascii,1904583216,https://chromekanonymityauth-pa.googleapis.com/,https://chromekanonymityauth-pa.googleapis.com,,,,regex_match_no_context
case2,regex_baseline,url,ascii,1904583325,https://chromekanonymity-pa.googleapis.com/,https://chromekanonymity-pa.googleapis.com,,,,regex_match_no_context
case2,regex_baseline,url,ascii,1904583462,https://chromekanonymityquery-pa.googleapis.com/,https://chromekanonymityquery-pa.googleapis.com,,,,regex_match_no_context
case2,regex_baseline,url,ascii,1918548114,https://bit.ly/31yqMJR.,https://bit.ly/31yqMJR.,,,,regex_match_no_context
case2,regex_baseline,url,ascii,1924436177,http://go.microsoft.com/fwlink/?LinkId=76126.,http://go.microsoft.com/fwlink?LinkId=76126.,,,,regex_match_no_context
case2,regex_baseline,url,ascii,1924436255,http://schemas.microsoft.com/windows/2005/02/color/ColorDeviceModel,http://schemas.microsoft.com/windows/2005/02/color/ColorDeviceModel,,,,regex_match_no_context
case2,regex_baseline,url,ascii,1924436338,http://schemas.microsoft.com/windows/2007/11/color/Calibration,http://schemas.microsoft.com/windows/2007/11/color/Calibration,,,,regex_match_no_context
case2,regex_baseline,url,ascii,1924436415,http://schemas.microsoft.com/windows/2005/02/color/WcsCommonProfileTypes,http://schemas.microsoft.com/windows/2005/02/color/WcsCommonProfileTypes,,,,regex_match_no_context
case2,regex_baseline,url,ascii,1924436589,http://www.w3.org/2001/XMLSchema,http://www.w3.org/2001/XMLSchema,,,,regex_match_no_context
case2,regex_baseline,url,ascii,1924451776,http://schemas.microsoft.com/windows/2005/02/color/ColorAppearanceModel,http://schemas.microsoft.com/windows/2005/02/color/ColorAppearanceModel,,,,regex_match_no_context
case2,regex_baseline,url,ascii,1924454784,http://schemas.microsoft.com/windows/2005/02/color/GamutMapModel,http://schemas.microsoft.com/windows/2005/02/color/GamutMapModel,,,,regex_match_no_context
case2,regex_baseline,url,utf-16le,1914592052,http://www.microsoft.com/msi/patch_applicability.xsd,http://www.microsoft.com/msi/patch_applicability.xsd,,,,regex_match_no_context
case2,regex_baseline,url,utf-16le,1920248098,http://manifests.microsoft.com/win/2005/08/windows/printing/spooler/core/events,http://manifests.microsoft.com/win/2005/08/windows/printing/spooler/core/events,,,,regex_match_no_context
case2,regex_baseline,url,utf-16le,1922481972,https://go.microsoft.com/fwlink/?linkid=873217,https://go.microsoft.com/fwlink?linkid=873217,,,,regex_match_no_context
case2,regex_baseline,url,utf-16le,1924291012,http://schemas.openxmlformats.org/markup-compatibility/2006,http://schemas.openxmlformats.org/markup-compatibility/2006,,,,regex_match_no_context
case2,regex_baseline,url,utf-16le,1924292132,http://schemas.microsoft.com/windows/2005/02/color/D50.camp,http://schemas.microsoft.com/windows/2005/02/color/D50.camp,,,,regex_match_no_context
case2,regex_baseline,url,utf-16le,1924292260,http://schemas.microsoft.com/windows/2005/02/color/D65.camp,http://schemas.microsoft.com/windows/2005/02/color/D65.camp,,,,regex_match_no_context
case2,regex_baseline,url,utf-16le,1924292388,http://schemas.microsoft.com/windows/2005/02/color/wsRGB.cdmp,http://schemas.microsoft.com/windows/2005/02/color/wsRGB.cdmp,,,,regex_match_no_context
case2,regex_baseline,url,utf-16le,1924292516,http://schemas.microsoft.com/windows/2005/02/color/wscRGB.cdmp,http://schemas.microsoft.com/windows/2005/02/color/wscRGB.cdmp,,,,regex_match_no_context
case2,regex_baseline,url,utf-16le,1924292644,http://schemas.microsoft.com/windows/2005/02/color/Graphics.gmmp,http://schemas.microsoft.com/windows/2005/02/color/Graphics.gmmp,,,,regex_match_no_context
case2,regex_baseline,url,utf-16le,1924292788,http://schemas.microsoft.com/windows/2005/02/color/Proofing.gmmp,http://schemas.microsoft.com/windows/2005/02/color/Proofing.gmmp,,,,regex_match_no_context
case2,regex_baseline,url,utf-16le,1924292932,http://schemas.microsoft.com/windows/2005/02/color/MediaSim.gmmp,http://schemas.microsoft.com/windows/2005/02/color/MediaSim.gmmp,,,,regex_match_no_context
case2,regex_baseline,url,utf-16le,1924293076,http://schemas.microsoft.com/windows/2005/02/color/Photo.gmmp,http://schemas.microsoft.com/windows/2005/02/color/Photo.gmmp,,,,regex_match_no_context
case2,regex_baseline,url,utf-16le,1924411596,http://schemas.microsoft.com/windows/2007/01/color/WindowsColorSystemEvents,http://schemas.microsoft.com/windows/2007/01/color/WindowsColorSystemEvents,,,,regex_match_no_context
case2,regex_baseline,url,utf-16le,1934897588,https://go.microsoft.com/fwlink/?linkid=2161157,https://go.microsoft.com/fwlink?linkid=2161157,,,,regex_match_no_context
case2,regex_baseline,url,utf-16le,1934897844,https://go.microsoft.com/fwlink/?linkid=2161156,https://go.microsoft.com/fwlink?linkid=2161156,,,,regex_match_no_context
case2,regex_baseline,url,utf-16le,1934897940,https://go.microsoft.com/fwlink/?linkid=2160968,https://go.microsoft.com/fwlink?linkid=2160968,,,,regex_match_no_context
case2,regex_baseline,url,utf-16le,1936282404,http://www.microsoft.com/networking/WLAN/profile/v2,http://www.microsoft.com/networking/WLAN/profile/v2,,,,regex_match_no_context
case2,regex_baseline,url,utf-16le,1936282548,http://www.microsoft.com/networking/WLAN/profile/v3,http://www.microsoft.com/networking/WLAN/profile/v3,,,,regex_match_no_context
case2,regex_baseline,url,utf-16le,1936282692,http://www.microsoft.com/networking/WLAN/profile/v4,http://www.microsoft.com/networking/WLAN/profile/v4,,,,regex_match_no_context
case2,regex_baseline,url,utf-16le,1936282836,http://www.microsoft.com/networking/WLAN/policy/v1,http://www.microsoft.com/networking/WLAN/policy/v1,,,,regex_match_no_context
case2,regex_baseline,url,utf-16le,1936282980,http://www.microsoft.com/networking/OneX/v1,http://www.microsoft.com/networking/OneX/v1,,,,regex_match_no_context
case2,regex_baseline,url,utf-16le,1936283092,http://www.microsoft.com/networking/WLANAP/profile/v1,http://www.microsoft.com/networking/WLANAP/profile/v1,,,,regex_match_no_context
case2,regex_baseline,url,utf-16le,1936283252,http://www.microsoft.com/networking/WiFiDirect/profile/v1,http://www.microsoft.com/networking/WiFiDirect/profile/v1,,,,regex_match_no_context
case2,regex_baseline,url,utf-16le,1936283412,http://www.microsoft.com/networking/WiFiDirectLegacy/profile/v1,http://www.microsoft.com/networking/WiFiDirectLegacy/profile/v1,,,,regex_match_no_context
case2,regex_baseline,url,utf-16le,1936283924,http://www.microsoft.com/networking/LAN/profile/v1,http://www.microsoft.com/networking/LAN/profile/v1,,,,regex_match_no_context
case2,regex_baseline,url,utf-16le,1936284062,http://www.microsoft.com/networking/LAN/policy/v1,http://www.microsoft.com/networking/LAN/policy/v1,,,,regex_match_no_context
case2,regex_baseline,url,utf-16le,1936284202,http://www.microsoft.com/networking/LAN/policy/v2,http://www.microsoft.com/networking/LAN/policy/v2,,,,regex_match_no_context
case2,regex_baseline,url,utf-16le,1936284492,http://www.microsoft.com/provisioning/BaseEapConnectionPropertiesV1,http://www.microsoft.com/provisioning/BaseEapConnectionPropertiesV1,,,,regex_match_no_context
case2,regex_baseline,url,utf-16le,1936284702,http://www.microsoft.com/provisioning/MsPeapConnectionPropertiesV1,http://www.microsoft.com/provisioning/MsPeapConnectionPropertiesV1,,,,regex_match_no_context
case2,regex_baseline,url,utf-16le,1936284914,http://www.microsoft.com/provisioning/MsChapV2ConnectionPropertiesV1,http://www.microsoft.com/provisioning/MsChapV2ConnectionPropertiesV1,,,,regex_match_no_context
case2,regex_baseline,url,utf-16le,1936285538,http://www.microsoft.com/networking/WLAN/policy/v2,http://www.microsoft.com/networking/WLAN/policy/v2,,,,regex_match_no_context
case2,regex_baseline,url,utf-16le,1936285682,http://www.microsoft.com/networking/WLAN/policy/v3,http://www.microsoft.com/networking/WLAN/policy/v3,,,,regex_match_no_context
case2,regex_baseline,url,utf-16le,1936285826,http://www.microsoft.com/networking/WLAN/policy/v4,http://www.microsoft.com/networking/WLAN/policy/v4,,,,regex_match_no_context
case2,regex_baseline,url,utf-16le,1937635964,https://%s:%hu,https://%s:%hu,,,,regex_match_no_context
case2,regex_baseline,url,utf-16le,1937638868,http://%s/%s,http://%s/%s,,,,regex_match_no_context
case2,regex_baseline,url,utf-16le,1942383524,http://schemas.microsoft.com/windows/2006/propertydescription,http://schemas.microsoft.com/windows/2006/propertydescription,,,,regex_match_no_context
case2,regex_baseline,url,utf-16le,1943294932,https://login.windows.net,https://login.windows.net,,,,regex_match_no_context
case2,regex_baseline,url,utf-16le,1943523396,https://login.microsoftonline.com/%s/oauth2/token,https://login.microsoftonline.com/%s/oauth2/token,,,,regex_match_no_context
case2,regex_baseline,url,utf-16le,1943523508,https://login.microsoftonline.com/%s/oauth2/authorize,https://login.microsoftonline.com/%s/oauth2/authorize,,,,regex_match_no_context
case2,regex_baseline,url,utf-16le,1943523716,https://enterpriseregistration.windows.net/EnrollmentServer/DeviceEnrollmentWebService.svc,https://enterpriseregistration.windows.net/EnrollmentServer/DeviceEnrollmentWebService.svc,,,,regex_match_no_context
case2,regex_baseline,url,utf-16le,1943523908,https://enterpriseregistration.windows.net/EnrollmentServer/key/,https://enterpriseregistration.windows.net/EnrollmentServer/key,,,,regex_match_no_context
case2,regex_baseline,url,utf-16le,1943524052,https://enterpriseregistration.windows.net/EnrollmentServer/device/,https://enterpriseregistration.windows.net/EnrollmentServer/device,,,,regex_match_no_context
case2,regex_baseline,url,utf-16le,1943569252,https://enterpriseregistration.windows.net/,https://enterpriseregistration.windows.net,,,,regex_match_no_context
case2,regex_baseline,url,utf-16le,1943576282,https://www.microsoft.com/aadjerrors,https://www.microsoft.com/aadjerrors,,,,regex_match_no_context
case2,regex_baseline,url,utf-16le,1943589516,https://login.microsoft.com,https://login.microsoft.com,,,,regex_match_no_context
case2,regex_baseline,url,utf-16le,1943591716,https://login.microsoftonline.com/common,https://login.microsoftonline.com/common,,,,regex_match_no_context
case2,regex_baseline,url,ascii,1962652508,http://schemas.microsoft.com/Search/2013/ApplicationContent,http://schemas.microsoft.com/Search/2013/ApplicationContent,,,,regex_match_no_context
case2,regex_baseline,url,utf-16le,1961475572,http://schemas.microsoft.com/windows/2008/propertynamespace,http://schemas.microsoft.com/windows/2008/propertynamespace,,,,regex_match_no_context
case2,regex_baseline,url,utf-16le,1961475732,http://schemas.microsoft.com/windows/2009/library,http://schemas.microsoft.com/windows/2009/library,,,,regex_match_no_context
case2,regex_baseline,url,utf-16le,1961476020,http://schemas.microsoft.com/windows/2009/searchConnector,http://schemas.microsoft.com/windows/2009/searchConnector,,,,regex_match_no_context
case2,regex_baseline,url,ascii,1973140700,http://www.microsoft.com/pki/certs/MicrosoftCodeVerifRoot.crt0,http://www.microsoft.com/pki/certs/MicrosoftCodeVerifRoot.crt0,,,,regex_match_no_context
case2,regex_baseline,url,utf-16le,1969290372,http://schemas.microsoft.com/SMI/2011/WindowsSettings,http://schemas.microsoft.com/SMI/2011/WindowsSettings,,,,regex_match_no_context
case2,regex_baseline,url,utf-16le,1969290484,http://schemas.microsoft.com/SMI/2013/WindowsSettings,http://schemas.microsoft.com/SMI/2013/WindowsSettings,,,,regex_match_no_context
case2,regex_baseline,url,utf-16le,1969290596,http://schemas.microsoft.com/SMI/2014/WindowsSettings,http://schemas.microsoft.com/SMI/2014/WindowsSettings,,,,regex_match_no_context
case2,regex_baseline,url,utf-16le,1969290708,http://schemas.microsoft.com/SMI/2016/WindowsSettings,http://schemas.microsoft.com/SMI/2016/WindowsSettings,,,,regex_match_no_context
case2,regex_baseline,url,utf-16le,1969290820,http://schemas.microsoft.com/SMI/2017/WindowsSettings,http://schemas.microsoft.com/SMI/2017/WindowsSettings,,,,regex_match_no_context
case2,regex_baseline,url,utf-16le,1969290932,http://schemas.microsoft.com/SMI/2019/WindowsSettings,http://schemas.microsoft.com/SMI/2019/WindowsSettings,,,,regex_match_no_context
case2,regex_baseline,url,utf-16le,1969291044,http://schemas.microsoft.com/SMI/2020/WindowsSettings,http://schemas.microsoft.com/SMI/2020/WindowsSettings,,,,regex_match_no_context
case2,regex_baseline,url,utf-16le,1971419988,https://%s/%s/%s,https://%s/%s/%s,,,,regex_match_no_context
case2,regex_baseline,url,utf-16le,1971420204,https://%s.pinrules.crt/%s,https://%s.pinrules.crt/%s,,,,regex_match_no_context
case2,regex_baseline,url,utf-16le,1971428228,http://ctldl.windowsupdate.com/msdownload/update/v3/static/trustedr/en,http://ctldl.windowsupdate.com/msdownload/update/v3/static/trustedr/en,,,,regex_match_no_context
case2,regex_baseline,url,utf-16le,1989669498,https://go.microsoft.com/fwlink/?linkid=2164367,https://go.microsoft.com/fwlink?linkid=2164367,,,,regex_match_no_context
case2,regex_baseline,url,utf-16le,1989684356,http://schemas.microsoft.com/opensearchext/2009,http://schemas.microsoft.com/opensearchext/2009,,,,regex_match_no_context
case2,regex_baseline,url,utf-16le,1989684452,http://a9.com/-/spec/opensearch/1.1,http://a9.com/-/spec/opensearch/1.1,,,,regex_match_no_context
case2,regex_baseline,url,utf-16le,1996915590,http://manifests.microsoft.com/win/2004/08/windows/userpnp,http://manifests.microsoft.com/win/2004/08/windows/userpnp,,,,regex_match_no_context
