case_id,tool,artifact_type,encoding,offset,url_raw,url_norm,window_index,tab_index,nav_order,note
case1,regex_baseline,url,ascii,4496408,https://apis.google.com,https://apis.google.com,,,,regex_match_no_context
case1,regex_baseline,url,ascii,4496432,https://ssl.gstatic.com,https://ssl.gstatic.com,,,,regex_match_no_context
case1,regex_baseline,url,ascii,4496456,https://www.google.com,https://www.google.com,,,,regex_match_no_context
case1,regex_baseline,url,ascii,4496479,https://www.googletagmanager.com,https://www.googletagmanager.com,,,,regex_match_no_context
case1,regex_baseline,url,ascii,4496512,https://www.gstatic.com,https://www.gstatic.com,,,,regex_match_no_context
case1,regex_baseline,url,ascii,4496536,https://www.google-analytics.com;report-uri,https://www.google-analytics.com;report-uri,,,,regex_match_no_context
case1,regex_baseline,url,ascii,4781630,https://github.com/,https://github.com,,,,regex_match_no_context
case1,regex_baseline,url,ascii,12426278,https://www.youtube.com,https://www.youtube.com,,,,regex_match_no_context
case1,regex_baseline,url,ascii,12475240,"http://127.0.0.1:4353/pervasive.js,3790EEB37E2A761CFD3B274CCF45CE5AB86A34DF11E28FB7ED4D82AFBBC13BEB","http://127.0.0.1:4353/pervasive.js,3790EEB37E2A761CFD3B274CCF45CE5AB86A34DF11E28FB7ED4D82AFBBC13BEB",,,,regex_match_no_context
case1,regex_baseline,url,ascii,16242911,http://www.unicode.org/copyright.html,http://www.unicode.org/copyright.html,,,,regex_match_no_context
case1,regex_baseline,url,utf-16le,7965658,http://schemas.microsoft.com/SMI/2005/WindowsSettings,http://schemas.microsoft.com/SMI/2005/WindowsSettings,,,,regex_match_no_context
case1,regex_baseline,url,ascii,32169782,https://chromewebstore.google.com/,https://chromewebstore.google.com,,,,regex_match_no_context
case1,regex_baseline,url,ascii,32173702,https://chrome.google.com/webstore,https://chrome.google.com/webstore,,,,regex_match_no_context
case1,regex_baseline,url,ascii,32381222,https://clients2.google.com/service/update2/crx,https://clients2.google.com/service/update2/crx,,,,regex_match_no_context
case1,regex_baseline,url,ascii,32415190,https://accounts.google.com/,https://accounts.google.com,,,,regex_match_no_context
case1,regex_baseline,url,ascii,32417014,https://www.googleapis.com/,https://www.googleapis.com,,,,regex_match_no_context
case1,regex_baseline,url,ascii,32518166,https://search.yahoo.com/search?ei=&fr=crmas_sfp&p=,https://search.yahoo.com/search?ei=&fr=crmas_sfp&p=,,,,regex_match_no_context
case1,regex_baseline,url,ascii,32682534,https://www.googleapis.com/oauth2/v1/userinfo,https://www.googleapis.com/oauth2/v1/userinfo,,,,regex_match_no_context
case1,regex_baseline,url,ascii,32682918,https://accounts.google.com/o/oauth2/revoke,https://accounts.google.com/o/oauth2/revoke,,,,regex_match_no_context
case1,regex_baseline,url,ascii,32683174,https://www.googleapis.com/oauth2/v4/token,https://www.googleapis.com/oauth2/v4/token,,,,regex_match_no_context
case1,regex_baseline,url,ascii,32684070,https://accounts.google.com/encryption/unlock/desktop,https://accounts.google.com/encryption/unlock/desktop,,,,regex_match_no_context
case1,regex_baseline,url,ascii,32684326,https://accounts.google.com/GetCheckConnectionInfo,https://accounts.google.com/GetCheckConnectionInfo,,,,regex_match_no_context
case1,regex_baseline,url,ascii,32684582,https://oauthaccountmanager.googleapis.com/v1/issuetoken,https://oauthaccountmanager.googleapis.com/v1/issuetoken,,,,regex_match_no_context
case1,regex_baseline,url,ascii,32685350,https://accounts.google.com/embedded/xreauth/chrome,https://accounts.google.com/embedded/xreauth/chrome,,,,regex_match_no_context
case1,regex_baseline,url,ascii,32685478,https://www.googleapis.com/reauth/v1beta/users/,https://www.googleapis.com/reauth/v1beta/users,,,,regex_match_no_context
case1,regex_baseline,url,ascii,32686118,https://accounts.google.com/embedded/setup/windows,https://accounts.google.com/embedded/setup/windows,,,,regex_match_no_context
case1,regex_baseline,url,ascii,32687142,https://accounts.google.com/embedded/reauth/chromeos,https://accounts.google.com/embedded/reauth/chromeos,,,,regex_match_no_context
case1,regex_baseline,url,ascii,32687270,https://accountcapabilities-pa.googleapis.com/,https://accountcapabilities-pa.googleapis.com,,,,regex_match_no_context
case1,regex_baseline,url,ascii,32687398,https://accounts.google.com/signin/chrome/sync?ssp=1,https://accounts.google.com/signin/chrome/sync?ssp=1,,,,regex_match_no_context
case1,regex_baseline,url,ascii,32688166,https://accounts.google.com/embedded/setup/v2/chromeos,https://accounts.google.com/embedded/setup/v2/chromeos,,,,regex_match_no_context
case1,regex_baseline,url,ascii,32688422,https://accounts.google.com/chrome/blank.html,https://accounts.google.com/chrome/blank.html,,,,regex_match_no_context
case1,regex_baseline,url,ascii,32688550,https://accounts.google.com/oauth/multilogin,https://accounts.google.com/oauth/multilogin,,,,regex_match_no_context
case1,regex_baseline,url,ascii,32689190,https://accounts.google.com/ListAccounts?json=standard,https://accounts.google.com/ListAccounts?json=standard,,,,regex_match_no_context
case1,regex_baseline,url,ascii,32689830,https://www.googleapis.com/oauth2/v2/tokeninfo,https://www.googleapis.com/oauth2/v2/tokeninfo,,,,regex_match_no_context
case1,regex_baseline,url,ascii,32895136,https://www.google.com%3Fhl%3Den-US,https://www.google.com%3fhl%3den-us,,,,regex_match_no_context
case1,regex_baseline,url,ascii,32896998,https://www.youtube.com/s/desktop/9318de79/jsbin/serviceworker-kevlar-appshell.vflset/serviceworker-kevlar-appshell.js,https://www.youtube.com/s/desktop/9318de79/jsbin/serviceworker-kevlar-appshell.vflset/serviceworker-kevlar-appshell.js,,,,regex_match_no_context
case1,regex_baseline,url,ascii,32938598,http://google.com/,http://google.com,,,,regex_match_no_context
case1,regex_baseline,url,ascii,33031750,https://accounts.google.com/embedded/setup/kidsignin/chromeos,https://accounts.google.com/embedded/setup/kidsignin/chromeos,,,,regex_match_no_context
case1,regex_baseline,url,ascii,33032470,https://accounts.google.com/embedded/setup/chrome/usermenu,https://accounts.google.com/embedded/setup/chrome/usermenu,,,,regex_match_no_context
case1,regex_baseline,url,ascii,33036502,https://accounts.google.com/embedded/setup/kidsignup/chromeos,https://accounts.google.com/embedded/setup/kidsignup/chromeos,,,,regex_match_no_context
case1,regex_baseline,url,ascii,33058886,https://accounts.google.com/encryption/unlock/desktop?kdi=CAIaDgoKY2hyb21lc3luYxAB,https://accounts.google.com/encryption/unlock/desktop?kdi=CAIaDgoKY2hyb21lc3luYxAB,,,,regex_match_no_context
case1,regex_baseline,url,ascii,33059046,https://accountcapabilities-pa.googleapis.com/v1/accountcapabilities:batchGet,https://accountcapabilities-pa.googleapis.com/v1/accountcapabilities:batchGet,,,,regex_match_no_context
case1,regex_baseline,url,ascii,33065446,https://safebrowsing.google.com/safebrowsing/clientreport/chrome-sct-auditing,https://safebrowsing.google.com/safebrowsing/clientreport/chrome-sct-auditing,,,,regex_match_no_context
case1,regex_baseline,url,ascii,33067046,https://sctauditing-pa.googleapis.com/v1/knownscts/length/$1/prefix/$2?key=dummytoken,https://sctauditing-pa.googleapis.com/v1/knownscts/length/$1/prefix/$2?key=dummytoken,,,,regex_match_no_context
case1,regex_baseline,url,ascii,33161474,https://support.google.com/chromebook?p=app_intent,https://support.google.com/chromebook?p=app_intent,,,,regex_match_no_context
case1,regex_baseline,url,ascii,33180072,https://www.example.comURL,https://www.example.comurl,,,,regex_match_no_context
case1,regex_baseline,url,ascii,33234557,https://chrome.google.com/webstore/category/extensions,https://chrome.google.com/webstore/category/extensions,,,,regex_match_no_context
case1,regex_baseline,url,ascii,33283855,https://chromeenterprise.google/policies/#BrowserSwitcherEnabled,https://chromeenterprise.google/policies,,,,regex_match_no_context
case1,regex_baseline,url,ascii,33288793,https://photos.google.com/settings?referrer=CHROME_NTP,https://photos.google.com/settings?referrer=CHROME_NTP,,,,regex_match_no_context
case1,regex_baseline,url,ascii,33289551,https://myactivity.google.com/,https://myactivity.google.com,,,,regex_match_no_context
case1,regex_baseline,url,ascii,33289717,https://policies.google.com/,https://policies.google.com,,,,regex_match_no_context
case1,regex_baseline,url,ascii,33396470,http://example.com,http://example.com,,,,regex_match_no_context
case1,regex_baseline,url,ascii,33396492,https://example.com.Use,https://example.com.use,,,,regex_match_no_context
case1,regex_baseline,url,ascii,33397616,https://support.google.com/chrome/a/answer/9122284,https://support.google.com/chrome/a/answer/9122284,,,,regex_match_no_context
case1,regex_baseline,url,ascii,33429872,https://support.google.com/chrome/answer/6098869,https://support.google.com/chrome/answer/6098869,,,,regex_match_no_context
case1,regex_baseline,url,ascii,33719555,https://accounts.google.com/*,https://accounts.google.com/*,,,,regex_match_no_context
case1,regex_baseline,url,ascii,36367691,http://crbug.com/717501,http://crbug.com/717501,,,,regex_match_no_context
case1,regex_baseline,url,ascii,36368323,http://crbug.com/839189,http://crbug.com/839189,,,,regex_match_no_context
case1,regex_baseline,url,ascii,36369443,https://crbug.com/1245093):,https://crbug.com/1245093):,,,,regex_match_no_context
case1,regex_baseline,url,ascii,36372617,https://codereview.chromium.org/25305002).,https://codereview.chromium.org/25305002).,,,,regex_match_no_context
case1,regex_baseline,url,ascii,36373160,http://crbug.com/497301,http://crbug.com/497301,,,,regex_match_no_context
case1,regex_baseline,url,ascii,36373316,http://crbug.com/514696,http://crbug.com/514696,,,,regex_match_no_context
case1,regex_baseline,url,ascii,36381470,http://crbug.com/275944,http://crbug.com/275944,,,,regex_match_no_context
case1,regex_baseline,url,ascii,36394722,http://crbug.com/775961,http://crbug.com/775961,,,,regex_match_no_context
case1,regex_baseline,url,ascii,36395401,https://chromewebstore.google.com/*,https://chromewebstore.google.com/*,,,,regex_match_no_context
case1,regex_baseline,url,ascii,37570147,http://crbug.com/437891.,http://crbug.com/437891.,,,,regex_match_no_context
case1,regex_baseline,url,ascii,37574359,http://crbug.com/1352358,http://crbug.com/1352358,,,,regex_match_no_context
case1,regex_baseline,url,ascii,37580158,http://crbug.com/378067,http://crbug.com/378067,,,,regex_match_no_context
case1,regex_baseline,url,ascii,37580314,http://crbug.com/456214,http://crbug.com/456214,,,,regex_match_no_context
case1,regex_baseline,url,ascii,37580693,http://crbug.com/510270,http://crbug.com/510270,,,,regex_match_no_context
case1,regex_baseline,url,ascii,37580849,http://crbug.com/642141,http://crbug.com/642141,,,,regex_match_no_context
case1,regex_baseline,url,ascii,37581161,http://crbug.com/819404,http://crbug.com/819404,,,,regex_match_no_context
case1,regex_baseline,url,ascii,37581395,http://crbug.com/957772,http://crbug.com/957772,,,,regex_match_no_context
case1,regex_baseline,url,ascii,37581473,https://crbug.com/1201800,https://crbug.com/1201800,,,,regex_match_no_context
case1,regex_baseline,url,ascii,37583147,http://crbug.com/672186).,http://crbug.com/672186).,,,,regex_match_no_context
case1,regex_baseline,url,ascii,38761392,http://www.w3.org/2000/svg,http://www.w3.org/2000/svg,,,,regex_match_no_context
case1,regex_baseline,url,ascii,38785948,http://www.w3.org/1999/xlink,http://www.w3.org/1999/xlink,,,,regex_match_no_context
case1,regex_baseline,url,ascii,38975575,http://127.0.0.1,http://127.0.0.1,,,,regex_match_no_context
case1,regex_baseline,url,ascii,39009427,https://web.dev/bfcache/),https://web.dev/bfcache/),,,,regex_match_no_context
case1,regex_baseline,url,ascii,39014564,https://www.chromestatus.com/feature/5629709824032768,https://www.chromestatus.com/feature/5629709824032768,,,,regex_match_no_context
case1,regex_baseline,url,ascii,39016277,https://tools.ietf.org/html/draft-west-cookie-prefixes-05.,https://tools.ietf.org/html/draft-west-cookie-prefixes-05.,,,,regex_match_no_context
case1,regex_baseline,url,ascii,39048305,https://developer.chrome.com/blog/immutable-document-domain/,https://developer.chrome.com/blog/immutable-document-domain,,,,regex_match_no_context
case1,regex_baseline,url,ascii,39048999,https://goo.gle/chrome-insecure-origins,https://goo.gle/chrome-insecure-origins,,,,regex_match_no_context
case1,regex_baseline,url,ascii,39053216,https://github.com/WICG/shared-element-transitions/blob/main/debugging_overflow_on_images.md.,https://github.com/WICG/shared-element-transitions/blob/main/debugging_overflow_on_images.md.,,,,regex_match_no_context
case1,regex_baseline,url,ascii,39055889,https://developer.chrome.com/docs/extensions/reference/privacy/#property-websites-privacySandboxEnabled.,https://developer.chrome.com/docs/extensions/reference/privacy,,,,regex_match_no_context
case1,regex_baseline,url,ascii,39056272,https://user:pass@host/),https://user:pass@host/),,,,regex_match_no_context
case1,regex_baseline,url,ascii,39057374,https://developer.chrome.com/blog/enabling-shared-array-buffer/,https://developer.chrome.com/blog/enabling-shared-array-buffer,,,,regex_match_no_context
case1,regex_baseline,url,ascii,39057808,https://developer.chrome.com/docs/extensions/mv3/cross-origin-isolation/.,https://developer.chrome.com/docs/extensions/mv3/cross-origin-isolation/.,,,,regex_match_no_context
case1,regex_baseline,url,ascii,39058075,https://bit.ly/window-placement-rename.,https://bit.ly/window-placement-rename.,,,,regex_match_no_context
case1,regex_baseline,url,ascii,39058714,https://xhr.spec.whatwg.org/.,https://xhr.spec.whatwg.org/.,,,,regex_match_no_context
case1,regex_baseline,url,ascii,39338217,https://g.co/chrome/lookalike-warnings.,https://g.co/chrome/lookalike-warnings.,,,,regex_match_no_context
case1,regex_baseline,url,ascii,39479072,https://tools.ietf.org/html/draft-west-cookie-prefixes-05,https://tools.ietf.org/html/draft-west-cookie-prefixes-05,,,,regex_match_no_context
case1,regex_baseline,url,ascii,39521082,https://github.com/WICG/shared-element-transitions/blob/main/debugging_overflow_on_images.md,https://github.com/WICG/shared-element-transitions/blob/main/debugging_overflow_on_images.md,,,,regex_match_no_context
case1,regex_baseline,url,ascii,39522825,https://user:pass@host/,https://user:pass@host,,,,regex_match_no_context
case1,regex_baseline,url,ascii,39524181,https://crbug.com/1302249,https://crbug.com/1302249,,,,regex_match_no_context
case1,regex_baseline,url,ascii,39525075,https://developer.chrome.com/docs/extensions/mv3/cross-origin-isolation/,https://developer.chrome.com/docs/extensions/mv3/cross-origin-isolation,,,,regex_match_no_context
case1,regex_baseline,url,ascii,39525692,https://xhr.spec.whatwg.org/,https://xhr.spec.whatwg.org,,,,regex_match_no_context
case1,regex_baseline,url,ascii,39797851,https://g.co/chrome/lookalike-warnings,https://g.co/chrome/lookalike-warnings,,,,regex_match_no_context
case1,regex_baseline,url,ascii,39967862,https://chrome-devtools-frontend.appspot.com,https://chrome-devtools-frontend.appspot.com,,,,regex_match_no_context
case1,regex_baseline,url,ascii,40222717,https://username:password@example.com,https://username:password@example.com,,,,regex_match_no_context
case1,regex_baseline,url,ascii,41477524,https://github.com/GoogleChrome/lighthouse#readme,https://github.com/GoogleChrome/lighthouse,,,,regex_match_no_context
case1,regex_baseline,url,ascii,41536579,http://www.apache.org/licenses/LICENSE-2.0,http://www.apache.org/licenses/LICENSE-2.0,,,,regex_match_no_context
case1,regex_baseline,url,ascii,41583094,https://github.com/GoogleChrome/lighthouse/issues,https://github.com/GoogleChrome/lighthouse/issues,,,,regex_match_no_context
case1,regex_baseline,url,ascii,41585103,https://nodejs.org/api/intl.html,https://nodejs.org/api/intl.html,,,,regex_match_no_context
case1,regex_baseline,url,ascii,41585774,https://github.com/GoogleChrome/lighthouse/blob/main/readme.md#how-do-i-get-localized-lighthouse-results-via-the-cli,https://github.com/GoogleChrome/lighthouse/blob/main/readme.md,,,,regex_match_no_context
case1,regex_baseline,url,ascii,41622605,https://github.com/GoogleChrome/lighthouse/blob/main/docs/throttling.md#cpu-throttling).,https://github.com/GoogleChrome/lighthouse/blob/main/docs/throttling.md,,,,regex_match_no_context
case1,regex_baseline,url,ascii,41684927,https://amp.dev/documentation/components/amp-img/?format=websites),https://amp.dev/documentation/components/amp-img?format=websites),,,,regex_match_no_context
case1,regex_baseline,url,ascii,41685095,https://amp.dev/documentation/components/amp-img/#example:-specifying-a-fallback-image).,https://amp.dev/documentation/components/amp-img,,,,regex_match_no_context
case1,regex_baseline,url,ascii,41685362,https://amp.dev/documentation/guides-and-tutorials/develop/media_iframes_3p/?format=websites#images).,https://amp.dev/documentation/guides-and-tutorials/develop/media_iframes_3p?format=websites,,,,regex_match_no_context
case1,regex_baseline,url,ascii,41685528,https://github.com/ampproject/amp-toolbox/tree/master/packages/optimizer),https://github.com/ampproject/amp-toolbox/tree/master/packages/optimizer),,,,regex_match_no_context
case1,regex_baseline,url,ascii,41685638,https://amp.dev/documentation/guides-and-tutorials/optimize-and-measure/server-side-rendering/).,https://amp.dev/documentation/guides-and-tutorials/optimize-and-measure/server-side-rendering/).,,,,regex_match_no_context
case1,regex_baseline,url,ascii,41685788,https://amp.dev/documentation/guides-and-tutorials/develop/style_and_layout/style_pages/),https://amp.dev/documentation/guides-and-tutorials/develop/style_and_layout/style_pages/),,,,regex_match_no_context
case1,regex_baseline,url,ascii,41685984,https://amp.dev/documentation/components/amp-anim/),https://amp.dev/documentation/components/amp-anim/),,,,regex_match_no_context
case1,regex_baseline,url,ascii,41686233,https://web.dev/use-srcset-to-automatically-choose-the-right-image/),https://web.dev/use-srcset-to-automatically-choose-the-right-image/),,,,regex_match_no_context
case1,regex_baseline,url,ascii,41686388,https://amp.dev/documentation/guides-and-tutorials/develop/style_and_layout/art_direction/).,https://amp.dev/documentation/guides-and-tutorials/develop/style_and_layout/art_direction/).,,,,regex_match_no_context
case1,regex_baseline,url,ascii,41686960,https://web.dev/route-level-code-splitting-in-angular/),https://web.dev/route-level-code-splitting-in-angular/),,,,regex_match_no_context
case1,regex_baseline,url,ascii,41687132,https://web.dev/precaching-with-the-angular-service-worker/).,https://web.dev/precaching-with-the-angular-service-worker/).,,,,regex_match_no_context
case1,regex_baseline,url,ascii,41687313,https://angular.io/guide/deployment#enable-runtime-production-mode).,https://angular.io/guide/deployment,,,,regex_match_no_context
case1,regex_baseline,url,ascii,41687724,https://material.angular.io/cdk/layout/overview).,https://material.angular.io/cdk/layout/overview).,,,,regex_match_no_context
case1,regex_baseline,url,ascii,41687861,https://web.dev/route-preloading-in-angular/).,https://web.dev/route-preloading-in-angular/).,,,,regex_match_no_context
case1,regex_baseline,url,ascii,41688034,https://web.dev/virtualize-lists-with-angular-cdk/).,https://web.dev/virtualize-lists-with-angular-cdk/).,,,,regex_match_no_context
case1,regex_baseline,url,ascii,41689264,https://www.drupal.org/docs/8/creating-custom-modules/adding-stylesheets-css-and-javascript-js-to-a-drupal-8-module#library),https://www.drupal.org/docs/8/creating-custom-modules/adding-stylesheets-css-and-javascript-js-to-a-drupal-8-module,,,,regex_match_no_context
case1,regex_baseline,url,ascii,41689493,https://developers.google.com/web/updates/2017/04/devtools-release-notes#coverage),https://developers.google.com/web/updates/2017/04/devtools-release-notes,,,,regex_match_no_context
case1,regex_baseline,url,ascii,41690864,https://www.drupal.org/docs/core-modules-and-themes/core-modules/image-module/working-with-images#styles),https://www.drupal.org/docs/core-modules-and-themes/core-modules/image-module/working-with-images,,,,regex_match_no_context
case1,regex_baseline,url,ascii,41691031,https://www.drupal.org/project/project_module?f%5B0%5D=&f%5B1%5D=&f%5B2%5D=im_vid_3%3A67&f%5B3%5D=&f%5B4%5D=sm_field_project_type%3Afull&f%5B5%5D=&f%5B6%5D=&text=%22lazy+load%22&solrsort=iss_project_release_usage+desc&op=Search),https://www.drupal.org/project/project_module?f%5B0%5D=&f%5B1%5D=&f%5B2%5D=im_vid_3%3A67&f%5B3%5D=&f%5B4%5D=sm_field_project_type%3Afull&f%5B5%5D=&f%5B6%5D=&text=%22lazy+load%22&solrsort=iss_project_release_usage+desc&op=Search),,,,regex_match_no_context
case1,regex_baseline,url,ascii,41691437,https://www.drupal.org/docs/8/mobile-guide/responsive-images-in-drupal-8),https://www.drupal.org/docs/8/mobile-guide/responsive-images-in-drupal-8),,,,regex_match_no_context
case1,regex_baseline,url,ascii,41691912,https://www.drupal.org/project/advagg),https://www.drupal.org/project/advagg),,,,regex_match_no_context
case1,regex_baseline,url,ascii,41692289,https://www.drupal.org/project/project_module?f%5B0%5D=&f%5B1%5D=&f%5B2%5D=im_vid_3%3A123&f%5B3%5D=&f%5B4%5D=sm_field_project_type%3Afull&f%5B5%5D=&f%5B6%5D=&text=css+aggregation&solrsort=iss_project_release_usage+desc&op=Search),https://www.drupal.org/project/project_module?f%5B0%5D=&f%5B1%5D=&f%5B2%5D=im_vid_3%3A123&f%5B3%5D=&f%5B4%5D=sm_field_project_type%3Afull&f%5B5%5D=&f%5B6%5D=&text=css+aggregation&solrsort=iss_project_release_usage+desc&op=Search),,,,regex_match_no_context
case1,regex_baseline,url,ascii,41692831,https://www.drupal.org/project/project_module?f%5B0%5D=&f%5B1%5D=&f%5B2%5D=im_vid_3%3A123&f%5B3%5D=&f%5B4%5D=sm_field_project_type%3Afull&f%5B5%5D=&f%5B6%5D=&text=javascript+aggregation&solrsort=iss_project_release_usage+desc&op=Search),https://www.drupal.org/project/project_module?f%5B0%5D=&f%5B1%5D=&f%5B2%5D=im_vid_3%3A123&f%5B3%5D=&f%5B4%5D=sm_field_project_type%3Afull&f%5B5%5D=&f%5B6%5D=&text=javascript+aggregation&solrsort=iss_project_release_usage+desc&op=Search),,,,regex_match_no_context
case1,regex_baseline,url,ascii,41693478,https://www.drupal.org/docs/7/managing-site-performance-and-scalability/caching-to-improve-performance/caching-overview#s-drupal-performance-resources).,https://www.drupal.org/docs/7/managing-site-performance-and-scalability/caching-to-improve-performance/caching-overview,,,,regex_match_no_context
case1,regex_baseline,url,ascii,41693683,https://www.drupal.org/project/project_module?f%5B0%5D=&f%5B1%5D=&f%5B2%5D=im_vid_3%3A123&f%5B3%5D=&f%5B4%5D=sm_field_project_type%3Afull&f%5B5%5D=&f%5B6%5D=&text=optimize+images&solrsort=iss_project_release_usage+desc&op=Search),https://www.drupal.org/project/project_module?f%5B0%5D=&f%5B1%5D=&f%5B2%5D=im_vid_3%3A123&f%5B3%5D=&f%5B4%5D=sm_field_project_type%3Afull&f%5B5%5D=&f%5B6%5D=&text=optimize+images&solrsort=iss_project_release_usage+desc&op=Search),,,,regex_match_no_context
case1,regex_baseline,url,ascii,41695151,https://www.drupal.org/project/project_module?f%5B0%5D=&f%5B1%5D=&f%5B2%5D=&f%5B3%5D=&f%5B4%5D=sm_field_project_type%3Afull&f%5B5%5D=&f%5B6%5D=&text=dns-prefetch&solrsort=iss_project_release_usage+desc&op=Search),https://www.drupal.org/project/project_module?f%5B0%5D=&f%5B1%5D=&f%5B2%5D=&f%5B3%5D=&f%5B4%5D=sm_field_project_type%3Afull&f%5B5%5D=&f%5B6%5D=&text=dns-prefetch&solrsort=iss_project_release_usage+desc&op=Search),,,,regex_match_no_context
case1,regex_baseline,url,ascii,41696219,https://pubdash.ezoic.com/speed),https://pubdash.ezoic.com/speed),,,,regex_match_no_context
case1,regex_baseline,url,ascii,41697773,https://pubdash.ezoic.com/speed/caching),https://pubdash.ezoic.com/speed/caching),,,,regex_match_no_context
case1,regex_baseline,url,ascii,41699695,https://extensions.joomla.org/),https://extensions.joomla.org/),,,,regex_match_no_context
case1,regex_baseline,url,ascii,41700255,https://extensions.joomla.org/instant-search/?jed_live%5Bquery%5D=webp),https://extensions.joomla.org/instant-search?jed_live%5Bquery%5D=webp),,,,regex_match_no_context
case1,regex_baseline,url,ascii,41700473,https://extensions.joomla.org/instant-search/?jed_live%5Bquery%5D=lazy%20loading),https://extensions.joomla.org/instant-search?jed_live%5Bquery%5D=lazy%20loading),,,,regex_match_no_context
case1,regex_baseline,url,ascii,41700732,https://github.com/joomla/joomla-cms/pull/30748),https://github.com/joomla/joomla-cms/pull/30748),,,,regex_match_no_context
case1,regex_baseline,url,ascii,41701183,https://extensions.joomla.org/instant-search/?jed_live%5Bquery%5D=performance),https://extensions.joomla.org/instant-search?jed_live%5Bquery%5D=performance),,,,regex_match_no_context
case1,regex_baseline,url,ascii,41701298,https://extensions.joomla.org/instant-search/?jed_live%5Bquery%5D=performance).,https://extensions.joomla.org/instant-search?jed_live%5Bquery%5D=performance).,,,,regex_match_no_context
case1,regex_baseline,url,ascii,41702858,https://docs.joomla.org/Cache).,https://docs.joomla.org/Cache).,,,,regex_match_no_context
case1,regex_baseline,url,ascii,41703310,https://extensions.joomla.org/instant-search/?jed_live%5Bquery%5D=responsive%20images),https://extensions.joomla.org/instant-search?jed_live%5Bquery%5D=responsive%20images),,,,regex_match_no_context
case1,regex_baseline,url,ascii,41704138,https://marketplace.magento.com/catalogsearch/result/?q=webp),https://marketplace.magento.com/catalogsearch/result?q=webp),,,,regex_match_no_context
case1,regex_baseline,url,ascii,41704397,https://web.dev/native-lazy-loading),https://web.dev/native-lazy-loading),,,,regex_match_no_context
case1,regex_baseline,url,ascii,41704530,https://devdocs.magento.com/guides/v2.3/frontend-dev-guide/themes/js-bundling.html),https://devdocs.magento.com/guides/v2.3/frontend-dev-guide/themes/js-bundling.html),,,,regex_match_no_context
case1,regex_baseline,url,ascii,41704642,https://github.com/magento/baler/),https://github.com/magento/baler/),,,,regex_match_no_context
case1,regex_baseline,url,ascii,41704793,https://devdocs.magento.com/guides/v2.3/performance-best-practices/configuration.html?itm_source=devdocs&itm_medium=search_page&itm_campaign=federated_search&itm_term=minify%20css%20files).,https://devdocs.magento.com/guides/v2.3/performance-best-practices/configuration.html?itm_source=devdocs&itm_medium=search_page&itm_campaign=federated_search&itm_term=minify%20css%20files).,,,,regex_match_no_context
case1,regex_baseline,url,ascii,41705022,https://www.npmjs.com/package/terser),https://www.npmjs.com/package/terser),,,,regex_match_no_context
case1,regex_baseline,url,ascii,41705242,https://devdocs.magento.com/guides/v2.3/frontend-dev-guide/themes/js-bundling.html).,https://devdocs.magento.com/guides/v2.3/frontend-dev-guide/themes/js-bundling.html).,,,,regex_match_no_context
case1,regex_baseline,url,ascii,41705398,https://marketplace.magento.com/catalogsearch/result/?q=optimize%20image),https://marketplace.magento.com/catalogsearch/result?q=optimize%20image),,,,regex_match_no_context
case1,regex_baseline,url,ascii,41705593,https://devdocs.magento.com/guides/v2.3/config-guide/varnish/config-varnish.html).,https://devdocs.magento.com/guides/v2.3/config-guide/varnish/config-varnish.html).,,,,regex_match_no_context
case1,regex_baseline,url,ascii,41705789,https://devdocs.magento.com/guides/v2.3/frontend-dev-guide/layouts/xml-manage.html).,https://devdocs.magento.com/guides/v2.3/frontend-dev-guide/layouts/xml-manage.html).,,,,regex_match_no_context
case1,regex_baseline,url,ascii,41706151,https://github.com/magento/baler).,https://github.com/magento/baler).,,,,regex_match_no_context
case1,regex_baseline,url,ascii,41706256,https://devdocs.magento.com/guides/v2.3/frontend-dev-guide/css-topics/using-fonts.html).,https://devdocs.magento.com/guides/v2.3/frontend-dev-guide/css-topics/using-fonts.html).,,,,regex_match_no_context
case1,regex_baseline,url,ascii,41707749,https://purgecss.com/guides/next.html).,https://purgecss.com/guides/next.html).,,,,regex_match_no_context
case1,regex_baseline,url,ascii,41707917,https://nextjs.org/docs/basic-features/image-optimization).,https://nextjs.org/docs/basic-features/image-optimization).,,,,regex_match_no_context
case1,regex_baseline,url,ascii,41708285,https://nextjs.org/docs/basic-features/script).,https://nextjs.org/docs/basic-features/script).,,,,regex_match_no_context
case1,regex_baseline,url,ascii,41708432,https://github.com/vercel/next.js/tree/canary/packages/next-bundle-analyzer),https://github.com/vercel/next.js/tree/canary/packages/next-bundle-analyzer),,,,regex_match_no_context
case1,regex_baseline,url,ascii,41708626,https://nextjs.org/docs/going-to-production#caching).,https://nextjs.org/docs/going-to-production,,,,regex_match_no_context
case1,regex_baseline,url,ascii,41708936,https://nextjs.org/docs/api-reference/next.config.js/compression).,https://nextjs.org/docs/api-reference/next.config.js/compression).,,,,regex_match_no_context
case1,regex_baseline,url,ascii,41709106,https://nextjs.org/docs/api-reference/next/image#sizes).,https://nextjs.org/docs/api-reference/next/image,,,,regex_match_no_context
case1,regex_baseline,url,ascii,41709274,https://nextjs.org/docs/advanced-features/measuring-performance).,https://nextjs.org/docs/advanced-features/measuring-performance).,,,,regex_match_no_context
case1,regex_baseline,url,ascii,41710319,https://image.nuxtjs.org/components/nuxt-img#format).,https://image.nuxtjs.org/components/nuxt-img,,,,regex_match_no_context
case1,regex_baseline,url,ascii,41712145,https://octobercms.com/plugins),https://octobercms.com/plugins),,,,regex_match_no_context
case1,regex_baseline,url,ascii,41712647,https://octobercms.com/plugins?search=image),https://octobercms.com/plugins?search=image),,,,regex_match_no_context
case1,regex_baseline,url,ascii,41712802,https://developers.google.com/speed/webp),https://developers.google.com/speed/webp),,,,regex_match_no_context
case1,regex_baseline,url,ascii,41713022,https://jakearchibald.com/2020/avif-has-landed/).,https://jakearchibald.com/2020/avif-has-landed/).,,,,regex_match_no_context
case1,regex_baseline,url,ascii,41713145,https://octobercms.com/plugins?search=lazy),https://octobercms.com/plugins?search=lazy),,,,regex_match_no_context
case1,regex_baseline,url,ascii,41713338,https://octobercms.com/plugins?search=Accelerated+Mobile+Pages).,https://octobercms.com/plugins?search=Accelerated+Mobile+Pages).,,,,regex_match_no_context
case1,regex_baseline,url,ascii,41713734,https://octobercms.com/plugins?search=css).,https://octobercms.com/plugins?search=css).,,,,regex_match_no_context
case1,regex_baseline,url,ascii,41713893,https://octobercms.com/plugins?search=css),https://octobercms.com/plugins?search=css),,,,regex_match_no_context
case1,regex_baseline,url,ascii,41714152,https://octobercms.com/plugins?search=javascript),https://octobercms.com/plugins?search=javascript),,,,regex_match_no_context
case1,regex_baseline,url,ascii,41714434,https://web.dev/replace-gifs-with-videos/),https://web.dev/replace-gifs-with-videos/),,,,regex_match_no_context
case1,regex_baseline,url,ascii,41714557,https://web.dev/replace-gifs-with-videos/#create-webm-videos),https://web.dev/replace-gifs-with-videos,,,,regex_match_no_context
case1,regex_baseline,url,ascii,41714628,https://developers.google.com/web/updates/2018/09/chrome-70-media-updates#av1-decoder),https://developers.google.com/web/updates/2018/09/chrome-70-media-updates,,,,regex_match_no_context
case1,regex_baseline,url,ascii,41715455,https://web.dev/http-cache/#caching-checklist).,https://web.dev/http-cache,,,,regex_match_no_context
case1,regex_baseline,url,ascii,41715528,https://octobercms.com/plugins?search=Caching),https://octobercms.com/plugins?search=Caching),,,,regex_match_no_context
case1,regex_baseline,url,ascii,41716020,https://octobercms.com/docs/markup/filter-resize),https://octobercms.com/docs/markup/filter-resize),,,,regex_match_no_context
case1,regex_baseline,url,ascii,41716464,https://octobercms.com/docs/services/queues),https://octobercms.com/docs/services/queues),,,,regex_match_no_context
case1,regex_baseline,url,ascii,41719549,https://reactjs.org/docs/optimizing-performance.html#use-the-production-build).,https://reactjs.org/docs/optimizing-performance.html,,,,regex_match_no_context
case1,regex_baseline,url,ascii,41720027,https://web.dev/code-splitting-suspense/),https://web.dev/code-splitting-suspense/),,,,regex_match_no_context
case1,regex_baseline,url,ascii,41720170,https://www.smooth-code.com/open-source/loadable-components/docs/getting-started/).,https://www.smooth-code.com/open-source/loadable-components/docs/getting-started/).,,,,regex_match_no_context
case1,regex_baseline,url,ascii,41720519,https://reactjs.org/docs/react-dom-server.html#renderToPipeableStream).,https://reactjs.org/docs/react-dom-server.html,,,,regex_match_no_context
case1,regex_baseline,url,ascii,41720703,https://reacttraining.com/react-router/web/api/Redirect).,https://reacttraining.com/react-router/web/api/Redirect).,,,,regex_match_no_context
case1,regex_baseline,url,ascii,41720919,https://reactjs.org/blog/2018/09/10/introducing-the-react-profiler.html),https://reactjs.org/blog/2018/09/10/introducing-the-react-profiler.html),,,,regex_match_no_context
case1,regex_baseline,url,ascii,41721177,https://web.dev/virtualize-long-lists-react-window/).,https://web.dev/virtualize-long-lists-react-window/).,,,,regex_match_no_context
case1,regex_baseline,url,ascii,41721406,https://reactjs.org/docs/react-api.html#reactpurecomponent),https://reactjs.org/docs/react-api.html,,,,regex_match_no_context
case1,regex_baseline,url,ascii,41721555,https://reactjs.org/docs/hooks-effect.html#tip-optimizing-performance-by-skipping-effects),https://reactjs.org/docs/hooks-effect.html,,,,regex_match_no_context
case1,regex_baseline,url,ascii,41722695,https://wordpress.org/plugins/),https://wordpress.org/plugins/),,,,regex_match_no_context
case1,regex_baseline,url,ascii,41722840,https://developer.chrome.com/docs/devtools/coverage/),https://developer.chrome.com/docs/devtools/coverage/),,,,regex_match_no_context
case1,regex_baseline,url,ascii,41723234,https://wordpress.org/plugins/performance-lab/),https://wordpress.org/plugins/performance-lab/),,,,regex_match_no_context
case1,regex_baseline,url,ascii,41723432,https://wordpress.org/plugins/search/lazy+load/),https://wordpress.org/plugins/search/lazy+load/),,,,regex_match_no_context
case1,regex_baseline,url,ascii,41723630,https://wordpress.org/plugins/amp/).,https://wordpress.org/plugins/amp/).,,,,regex_match_no_context
case1,regex_baseline,url,ascii,41724011,https://wordpress.org/plugins/search/critical+css/),https://wordpress.org/plugins/search/critical+css/),,,,regex_match_no_context
case1,regex_baseline,url,ascii,41724099,https://wordpress.org/plugins/search/defer+css+javascript/).,https://wordpress.org/plugins/search/defer+css+javascript/).,,,,regex_match_no_context
case1,regex_baseline,url,ascii,41724355,https://wordpress.org/plugins/search/minify+css/),https://wordpress.org/plugins/search/minify+css/),,,,regex_match_no_context
case1,regex_baseline,url,ascii,41724631,https://wordpress.org/plugins/search/minify+javascript/),https://wordpress.org/plugins/search/minify+javascript/),,,,regex_match_no_context
case1,regex_baseline,url,ascii,41725613,https://wordpress.org/support/article/optimization/#browser-caching).,https://wordpress.org/support/article/optimization,,,,regex_match_no_context
case1,regex_baseline,url,ascii,41725765,https://wordpress.org/plugins/search/optimize+images/),https://wordpress.org/plugins/search/optimize+images/),,,,regex_match_no_context
case1,regex_baseline,url,ascii,41726044,https://wordpress.org/support/article/media-library-screen/),https://wordpress.org/support/article/media-library-screen/),,,,regex_match_no_context
case1,regex_baseline,url,ascii,41726417,https://wordpress.org/support/article/inserting-images-into-posts-and-pages/).,https://wordpress.org/support/article/inserting-images-into-posts-and-pages/).,,,,regex_match_no_context
case1,regex_baseline,url,ascii,41728413,https://docs.wp-rocket.me/article/1529-remove-unused-css),https://docs.wp-rocket.me/article/1529-remove-unused-css),,,,regex_match_no_context
case1,regex_baseline,url,ascii,41728806,https://docs.wp-rocket.me/article/1349-delay-javascript-execution),https://docs.wp-rocket.me/article/1349-delay-javascript-execution),,,,regex_match_no_context
case1,regex_baseline,url,ascii,41729095,https://docs.wp-rocket.me/article/1674-lazyload-for-iframes-and-videos),https://docs.wp-rocket.me/article/1674-lazyload-for-iframes-and-videos),,,,regex_match_no_context
case1,regex_baseline,url,ascii,41729215,https://docs.wp-rocket.me/article/1488-replace-youtube-iframe-with-preview-image),https://docs.wp-rocket.me/article/1488-replace-youtube-iframe-with-preview-image),,,,regex_match_no_context
case1,regex_baseline,url,ascii,41729453,https://docs.wp-rocket.me/article/1265-load-javascript-deferred),https://docs.wp-rocket.me/article/1265-load-javascript-deferred),,,,regex_match_no_context
case1,regex_baseline,url,ascii,41729734,https://docs.wp-rocket.me/article/1350-css-minify-combine),https://docs.wp-rocket.me/article/1350-css-minify-combine),,,,regex_match_no_context
case1,regex_baseline,url,ascii,41730005,https://docs.wp-rocket.me/article/1351-javascript-minify-combine),https://docs.wp-rocket.me/article/1351-javascript-minify-combine),,,,regex_match_no_context
case1,regex_baseline,url,ascii,41730414,https://docs.wp-rocket.me/article/1302-prefetch-dns-requests),https://docs.wp-rocket.me/article/1302-prefetch-dns-requests),,,,regex_match_no_context
case1,regex_baseline,url,ascii,41730643,https://docs.wp-rocket.me/article/1312-optimize-google-fonts),https://docs.wp-rocket.me/article/1312-optimize-google-fonts),,,,regex_match_no_context
case1,regex_baseline,url,ascii,41730749,https://docs.wp-rocket.me/article/42-using-wp-rocket-with-a-cdn),https://docs.wp-rocket.me/article/42-using-wp-rocket-with-a-cdn),,,,regex_match_no_context
case1,regex_baseline,url,ascii,41731074,https://docs.wp-rocket.me/article/1141-lazyload-for-images),https://docs.wp-rocket.me/article/1141-lazyload-for-images),,,,regex_match_no_context
case1,regex_baseline,url,ascii,41780966,https://a6bb0da87ee048cc9ae2a345fc09ab2e:63a7029f46f74265981b7e005e0f69f8@sentry.io/174697,https://a6bb0da87ee048cc9ae2a345fc09ab2e:63a7029f46f74265981b7e005e0f69f8@sentry.io/174697,,,,regex_match_no_context
case1,regex_baseline,url,ascii,41786597,https://marketingplatform.google.com/about/enterprise/,https://marketingplatform.google.com/about/enterprise,,,,regex_match_no_context
case1,regex_baseline,url,ascii,41787290,https://www.facebook.com,https://www.facebook.com,,,,regex_match_no_context
case1,regex_baseline,url,ascii,41787640,https://github.com/calibreapp/react-live-chat-loader,https://github.com/calibreapp/react-live-chat-loader,,,,regex_match_no_context
case1,regex_baseline,url,ascii,41787727,https://www.instagram.com,https://www.instagram.com,,,,regex_match_no_context
case1,regex_baseline,url,ascii,41787868,https://developers.google.com/speed/libraries/,https://developers.google.com/speed/libraries,,,,regex_match_no_context
case1,regex_baseline,url,ascii,41788082,https://www.google.com/maps,https://www.google.com/maps,,,,regex_match_no_context
case1,regex_baseline,url,ascii,41788522,https://developers.google.com/apis-explorer/#p/,https://developers.google.com/apis-explorer,,,,regex_match_no_context
case1,regex_baseline,url,ascii,41789682,https://marketingplatform.google.com/about/analytics/,https://marketingplatform.google.com/about/analytics,,,,regex_match_no_context
case1,regex_baseline,url,ascii,41789883,https://marketingplatform.google.com/about/optimize/,https://marketingplatform.google.com/about/optimize,,,,regex_match_no_context
case1,regex_baseline,url,ascii,41790040,https://github.com/google/amp-client-id-library,https://github.com/google/amp-client-id-library,,,,regex_match_no_context
case1,regex_baseline,url,ascii,41790195,https://marketingplatform.google.com/about/tag-manager/,https://marketingplatform.google.com/about/tag-manager,,,,regex_match_no_context
case1,regex_baseline,url,ascii,41790359,https://fonts.google.com/,https://fonts.google.com,,,,regex_match_no_context
case1,regex_baseline,url,ascii,41790504,https://fonts.adobe.com/,https://fonts.adobe.com,,,,regex_match_no_context
case1,regex_baseline,url,ascii,41790614,https://youtube.com,https://youtube.com,,,,regex_match_no_context
case1,regex_baseline,url,ascii,41790844,https://github.com/paulirish/lite-youtube-embed,https://github.com/paulirish/lite-youtube-embed,,,,regex_match_no_context
case1,regex_baseline,url,ascii,41790924,https://twitter.com,https://twitter.com,,,,regex_match_no_context
case1,regex_baseline,url,ascii,41791091,https://www.addthis.com/,https://www.addthis.com,,,,regex_match_no_context
case1,regex_baseline,url,ascii,41791228,https://www.addtoany.com/,https://www.addtoany.com,,,,regex_match_no_context
case1,regex_baseline,url,ascii,41791326,https://www.akamai.com/,https://www.akamai.com,,,,regex_match_no_context
case1,regex_baseline,url,ascii,41791601,https://www.blogger.com/,https://www.blogger.com,,,,regex_match_no_context
case1,regex_baseline,url,ascii,41791784,https://en.gravatar.com/,https://en.gravatar.com,,,,regex_match_no_context
case1,regex_baseline,url,ascii,41791906,https://metrica.yandex.com/about?,https://metrica.yandex.com/about,,,,regex_match_no_context
case1,regex_baseline,url,ascii,41792061,https://www.hotjar.com/,https://www.hotjar.com,,,,regex_match_no_context
case1,regex_baseline,url,ascii,41792181,https://tongji.baidu.com/web/welcome/login,https://tongji.baidu.com/web/welcome/login,,,,regex_match_no_context
case1,regex_baseline,url,ascii,41792617,https://www.adobe.com/experience-platform/,https://www.adobe.com/experience-platform,,,,regex_match_no_context
case1,regex_baseline,url,ascii,41792812,https://code.jquery.com/,https://code.jquery.com,,,,regex_match_no_context
case1,regex_baseline,url,ascii,41792912,https://cdnjs.com/,https://cdnjs.com,,,,regex_match_no_context
case1,regex_baseline,url,ascii,41793031,https://www.cloudflare.com/website-optimization/,https://www.cloudflare.com/website-optimization,,,,regex_match_no_context
case1,regex_baseline,url,ascii,41793237,https://wp.com/,https://wp.com,,,,regex_match_no_context
case1,regex_baseline,url,ascii,41793583,https://hatenablog.com/,https://hatenablog.com,,,,regex_match_no_context
case1,regex_baseline,url,ascii,41793699,https://www.shopify.com/,https://www.shopify.com,,,,regex_match_no_context
case1,regex_baseline,url,ascii,41793854,https://www.dealer.com/,https://www.dealer.com,,,,regex_match_no_context
case1,regex_baseline,url,ascii,41793949,https://www.pixnet.net/,https://www.pixnet.net,,,,regex_match_no_context
case1,regex_baseline,url,ascii,41794055,https://moat.com/,https://moat.com,,,,regex_match_no_context
case1,regex_baseline,url,ascii,41794161,https://33across.com/,https://33across.com,,,,regex_match_no_context
case1,regex_baseline,url,ascii,41794250,https://www.openx.com/,https://www.openx.com,,,,regex_match_no_context
case1,regex_baseline,url,ascii,41794426,https://ad.amazon.com/,https://ad.amazon.com,,,,regex_match_no_context
case1,regex_baseline,url,ascii,41794533,https://rubiconproject.com/,https://rubiconproject.com,,,,regex_match_no_context
case1,regex_baseline,url,ascii,41794675,https://www.thetradedesk.com/,https://www.thetradedesk.com,,,,regex_match_no_context
case1,regex_baseline,url,ascii,41794806,https://www.bidswitch.com/,https://www.bidswitch.com,,,,regex_match_no_context
case1,regex_baseline,url,ascii,41794917,https://liveramp.com/discover-identitylink/,https://liveramp.com/discover-identitylink,,,,regex_match_no_context
case1,regex_baseline,url,ascii,41795055,https://www.drawbridge.com/,https://www.drawbridge.com,,,,regex_match_no_context
case1,regex_baseline,url,ascii,41795174,https://www.oath.com/,https://www.oath.com,,,,regex_match_no_context
case1,regex_baseline,url,ascii,41795371,https://www.xaxis.com/,https://www.xaxis.com,,,,regex_match_no_context
case1,regex_baseline,url,ascii,41795520,https://freshdesk.com/,https://freshdesk.com,,,,regex_match_no_context
case1,regex_baseline,url,ascii,41795644,https://www.helpscout.net/,https://www.helpscout.net,,,,regex_match_no_context
case1,regex_baseline,url,ascii,41795964,https://www.alexa.com/,https://www.alexa.com,,,,regex_match_no_context
case1,regex_baseline,url,ascii,41796101,https://onesignal.com/,https://onesignal.com,,,,regex_match_no_context
case1,regex_baseline,url,ascii,41796205,https://www.luckyorange.com/,https://www.luckyorange.com,,,,regex_match_no_context
case1,regex_baseline,url,ascii,41796367,https://www.crazyegg.com/,https://www.crazyegg.com,,,,regex_match_no_context
case1,regex_baseline,url,ascii,41796551,https://yandex.com/adv/,https://yandex.com/adv,,,,regex_match_no_context
case1,regex_baseline,url,ascii,41796645,https://www.salesforce.com/products/marketing-cloud/,https://www.salesforce.com/products/marketing-cloud,,,,regex_match_no_context
case1,regex_baseline,url,ascii,41796788,https://www.salesforce.com/products/commerce-cloud/overview/,https://www.salesforce.com/products/commerce-cloud/overview,,,,regex_match_no_context
case1,regex_baseline,url,ascii,41796973,https://www.optimizely.com/,https://www.optimizely.com,,,,regex_match_no_context
case1,regex_baseline,url,ascii,41797080,https://www.livechat.com/,https://www.livechat.com,,,,regex_match_no_context
case1,regex_baseline,url,ascii,41797229,https://vk.com/,https://vk.com,,,,regex_match_no_context
case1,regex_baseline,url,ascii,41797311,https://tumblr.com/,https://tumblr.com,,,,regex_match_no_context
case1,regex_baseline,url,ascii,41797401,https://wistia.com/,https://wistia.com,,,,regex_match_no_context
case1,regex_baseline,url,ascii,41797538,https://www.brightcove.com/en/,https://www.brightcove.com/en,,,,regex_match_no_context
case1,regex_baseline,url,ascii,41797682,https://www.jsdelivr.com/,https://www.jsdelivr.com,,,,regex_match_no_context
case1,regex_baseline,url,ascii,41797775,https://sumo.com/,https://sumo.com,,,,regex_match_no_context
case1,regex_baseline,url,ascii,41797895,https://vimeo.com/,https://vimeo.com,,,,regex_match_no_context
case1,regex_baseline,url,ascii,41798087,https://github.com/slightlyoff/lite-vimeo,https://github.com/slightlyoff/lite-vimeo,,,,regex_match_no_context
case1,regex_baseline,url,ascii,41798163,https://github.com/luwes/lite-vimeo-embed,https://github.com/luwes/lite-vimeo-embed,,,,regex_match_no_context
case1,regex_baseline,url,ascii,41798236,https://disqus.com/,https://disqus.com,,,,regex_match_no_context
case1,regex_baseline,url,ascii,41798366,https://yandex.ru/,https://yandex.ru,,,,regex_match_no_context
case1,regex_baseline,url,ascii,41798616,https://integralads.com/uk/,https://integralads.com/uk,,,,regex_match_no_context
case1,regex_baseline,url,ascii,41798736,https://tealium.com/,https://tealium.com,,,,regex_match_no_context
case1,regex_baseline,url,ascii,41798922,https://pubmatic.com/,https://pubmatic.com,,,,regex_match_no_context
case1,regex_baseline,url,ascii,41799011,https://www.olark.com/,https://www.olark.com,,,,regex_match_no_context
case1,regex_baseline,url,ascii,41799115,https://www.tawk.to/,https://www.tawk.to,,,,regex_match_no_context
case1,regex_baseline,url,ascii,41799219,https://optinmonster.com/,https://optinmonster.com,,,,regex_match_no_context
case1,regex_baseline,url,ascii,41799353,https://zendesk.com/,https://zendesk.com,,,,regex_match_no_context
case1,regex_baseline,url,ascii,41799486,https://pusher.com/,https://pusher.com,,,,regex_match_no_context
case1,regex_baseline,url,ascii,41799594,https://www.drift.com/,https://www.drift.com,,,,regex_match_no_context
case1,regex_baseline,url,ascii,41799908,https://sentry.io/,https://sentry.io,,,,regex_match_no_context
case1,regex_baseline,url,ascii,41800063,https://aws.amazon.com/s3/,https://aws.amazon.com/s3,,,,regex_match_no_context
case1,regex_baseline,url,ascii,41800294,https://pay.amazon.com,https://pay.amazon.com,,,,regex_match_no_context
case1,regex_baseline,url,ascii,41800422,https://www.media.net/,https://www.media.net,,,,regex_match_no_context
case1,regex_baseline,url,ascii,41800526,https://www.yahoo.com/,https://www.yahoo.com,,,,regex_match_no_context
case1,regex_baseline,url,ascii,41800728,https://www.adroll.com/,https://www.adroll.com,,,,regex_match_no_context
case1,regex_baseline,url,ascii,41800818,https://twitch.tv/,https://twitch.tv,,,,regex_match_no_context
case1,regex_baseline,url,ascii,41800906,https://www.taboola.com/,https://www.taboola.com,,,,regex_match_no_context
case1,regex_baseline,url,ascii,41801025,https://www.sizmek.com/,https://www.sizmek.com,,,,regex_match_no_context
case1,regex_baseline,url,ascii,41801148,https://www.scorecardresearch.com/,https://www.scorecardresearch.com,,,,regex_match_no_context
case1,regex_baseline,url,ascii,41801260,https://www.criteo.com/,https://www.criteo.com,,,,regex_match_no_context
case1,regex_baseline,url,ascii,41801391,https://segment.com/,https://segment.com,,,,regex_match_no_context
case1,regex_baseline,url,ascii,41801504,https://www.sharethis.com/,https://www.sharethis.com,,,,regex_match_no_context
case1,regex_baseline,url,ascii,41801613,https://www.distilnetworks.com/,https://www.distilnetworks.com,,,,regex_match_no_context
case1,regex_baseline,url,ascii,41801725,https://connexity.com/,https://connexity.com,,,,regex_match_no_context
case1,regex_baseline,url,ascii,41801824,https://www.popads.net/,https://www.popads.net,,,,regex_match_no_context
case1,regex_baseline,url,ascii,41801920,https://code.createjs.com/,https://code.createjs.com,,,,regex_match_no_context
case1,regex_baseline,url,ascii,41802021,https://www.squarespace.com/,https://www.squarespace.com,,,,regex_match_no_context
case1,regex_baseline,url,ascii,41802131,https://www.mediamath.com/,https://www.mediamath.com,,,,regex_match_no_context
case1,regex_baseline,url,ascii,41802243,https://mixpanel.com/,https://mixpanel.com,,,,regex_match_no_context
case1,regex_baseline,url,ascii,41802363,https://fontawesome.com/,https://fontawesome.com,,,,regex_match_no_context
case1,regex_baseline,url,ascii,41802461,https://hubspot.com/,https://hubspot.com,,,,regex_match_no_context
case1,regex_baseline,url,ascii,41802844,https://mailchimp.com/,https://mailchimp.com,,,,regex_match_no_context
case1,regex_baseline,url,ascii,41802981,https://www.mgid.com/,https://www.mgid.com,,,,regex_match_no_context
case1,regex_baseline,url,ascii,41803081,https://stripe.com,https://stripe.com,,,,regex_match_no_context
case1,regex_baseline,url,ascii,41803208,https://paypal.com,https://paypal.com,,,,regex_match_no_context
case1,regex_baseline,url,ascii,41803324,https://www.marketgid.com/,https://www.marketgid.com,,,,regex_match_no_context
case1,regex_baseline,url,ascii,41803423,https://pinterest.com/,https://pinterest.com,,,,regex_match_no_context
case1,regex_baseline,url,ascii,41803537,https://newrelic.com/,https://newrelic.com,,,,regex_match_no_context
case1,regex_baseline,url,ascii,41803653,https://www.appdynamics.com/,https://www.appdynamics.com,,,,regex_match_no_context
case1,regex_baseline,url,ascii,41803820,https://parkingcrew.net/,https://parkingcrew.net,,,,regex_match_no_context
case1,regex_baseline,url,ascii,41803973,https://wordads.co/,https://wordads.co,,,,regex_match_no_context
case1,regex_baseline,url,ascii,41804063,https://www.appnexus.com/,https://www.appnexus.com,,,,regex_match_no_context
case1,regex_baseline,url,ascii,41804186,https://www.histats.com/,https://www.histats.com,,,,regex_match_no_context
case1,regex_baseline,url,ascii,41804291,https://www.doubleverify.com/,https://www.doubleverify.com,,,,regex_match_no_context
case1,regex_baseline,url,ascii,41804424,https://www.mediavine.com/,https://www.mediavine.com,,,,regex_match_no_context
case1,regex_baseline,url,ascii,41804517,https://www.wix.com/,https://www.wix.com,,,,regex_match_no_context
case1,regex_baseline,url,ascii,41804661,https://webflow.com/,https://webflow.com,,,,regex_match_no_context
case1,regex_baseline,url,ascii,41804831,https://www.weebly.com/,https://www.weebly.com,,,,regex_match_no_context
case1,regex_baseline,url,ascii,41804932,https://www.linkedin.com/,https://www.linkedin.com,,,,regex_match_no_context
case1,regex_baseline,url,ascii,41805222,https://www.voxmedia.com/,https://www.voxmedia.com,,,,regex_match_no_context
case1,regex_baseline,url,ascii,41805338,https://www.hotmart.com/,https://www.hotmart.com,,,,regex_match_no_context
case1,regex_baseline,url,ascii,41805439,https://www.soundcloud.com/,https://www.soundcloud.com,,,,regex_match_no_context
case1,regex_baseline,url,ascii,41805573,https://www.spotify.com/,https://www.spotify.com,,,,regex_match_no_context
case1,regex_baseline,url,ascii,41805679,https://amp.dev/,https://amp.dev,,,,regex_match_no_context
case1,regex_baseline,url,ascii,41805774,https://beeketing.com/,https://beeketing.com,,,,regex_match_no_context
case1,regex_baseline,url,ascii,41805876,https://albacross.com/,https://albacross.com,,,,regex_match_no_context
case1,regex_baseline,url,ascii,41805982,https://www.trafficjunky.com/,https://www.trafficjunky.com,,,,regex_match_no_context
case1,regex_baseline,url,ascii,41806110,https://www.bootstrapcdn.com/,https://www.bootstrapcdn.com,,,,regex_match_no_context
case1,regex_baseline,url,ascii,41806218,https://www.shareaholic.com/,https://www.shareaholic.com,,,,regex_match_no_context
case1,regex_baseline,url,ascii,41806355,https://snowplowanalytics.com/,https://snowplowanalytics.com,,,,regex_match_no_context
case1,regex_baseline,url,ascii,41806480,https://www.rdstation.com/en/,https://www.rdstation.com/en,,,,regex_match_no_context
case1,regex_baseline,url,ascii,41806601,https://www.jivochat.com/,https://www.jivochat.com,,,,regex_match_no_context
case1,regex_baseline,url,ascii,41806710,https://www.listrak.com/,https://www.listrak.com,,,,regex_match_no_context
case1,regex_baseline,url,ascii,41806827,https://www.ontame.io,https://www.ontame.io,,,,regex_match_no_context
case1,regex_baseline,url,ascii,41806920,https://www.ipify.org,https://www.ipify.org,,,,regex_match_no_context
case1,regex_baseline,url,ascii,41807016,https://www.ensighten.com/,https://www.ensighten.com,,,,regex_match_no_context
case1,regex_baseline,url,ascii,41807124,https://www.episerver.com,https://www.episerver.com,,,,regex_match_no_context
case1,regex_baseline,url,ascii,41807224,https://developer.akamai.com/akamai-mpulse,https://developer.akamai.com/akamai-mpulse,,,,regex_match_no_context
case1,regex_baseline,url,ascii,41807391,https://www.pingdom.com/product/performance-monitoring/,https://www.pingdom.com/product/performance-monitoring,,,,regex_match_no_context
case1,regex_baseline,url,ascii,41807550,https://speedcurve.com/features/lux/,https://speedcurve.com/features/lux,,,,regex_match_no_context
case1,regex_baseline,url,ascii,41807681,https://www.cedexis.com/radar/,https://www.cedexis.com/radar,,,,regex_match_no_context
case1,regex_baseline,url,ascii,41808124,https://byside.com,https://byside.com,,,,regex_match_no_context
case1,regex_baseline,url,ascii,41808213,https://vwo.com,https://vwo.com,,,,regex_match_no_context
case1,regex_baseline,url,ascii,41808379,https://bingads.microsoft.com,https://bingads.microsoft.com,,,,regex_match_no_context
case1,regex_baseline,url,ascii,41808564,https://www.gosquared.com,https://www.gosquared.com,,,,regex_match_no_context
case1,regex_baseline,url,ascii,41808700,https://usabilla.com,https://usabilla.com,,,,regex_match_no_context
case1,regex_baseline,url,ascii,41808837,https://insights.fastlylabs.com,https://insights.fastlylabs.com,,,,regex_match_no_context
case1,regex_baseline,url,ascii,41808954,https://www.visualiq.com,https://www.visualiq.com,,,,regex_match_no_context
case1,regex_baseline,url,ascii,41809058,https://www.snapchat.com,https://www.snapchat.com,,,,regex_match_no_context
case1,regex_baseline,url,ascii,41809185,https://atlassolutions.com,https://atlassolutions.com,,,,regex_match_no_context
case1,regex_baseline,url,ascii,41809287,https://www.quantcast.com,https://www.quantcast.com,,,,regex_match_no_context
case1,regex_baseline,url,ascii,41809461,https://www.spiceworks.com,https://www.spiceworks.com,,,,regex_match_no_context
case1,regex_baseline,url,ascii,41809566,https://www.marketo.com,https://www.marketo.com,,,,regex_match_no_context
case1,regex_baseline,url,ascii,41809700,https://www.intercom.com,https://www.intercom.com,,,,regex_match_no_context
case1,regex_baseline,url,ascii,41810036,https://github.com/danielbachhuber/intercom-facade/,https://github.com/danielbachhuber/intercom-facade,,,,regex_match_no_context
case1,regex_baseline,url,ascii,41810118,https://unpkg.com,https://unpkg.com,,,,regex_match_no_context
case1,regex_baseline,url,ascii,41810222,https://www.readspeaker.com,https://www.readspeaker.com,,,,regex_match_no_context
case1,regex_baseline,url,ascii,41810329,https://www.texthelp.com/en-gb/products/browsealoud/,https://www.texthelp.com/en-gb/products/browsealoud,,,,regex_match_no_context
case1,regex_baseline,url,ascii,41813387,https://www.accentuate.io/,https://www.accentuate.io,,,,regex_match_no_context
case1,regex_baseline,url,ascii,41816667,https://www.ebis.ne.jp/,https://www.ebis.ne.jp,,,,regex_match_no_context
case1,regex_baseline,url,ascii,41818254,https://www.businesscatalyst.com/,https://www.businesscatalyst.com,,,,regex_match_no_context
case1,regex_baseline,url,ascii,41820707,https://www.afterpay.com/,https://www.afterpay.com,,,,regex_match_no_context
case1,regex_baseline,url,ascii,41823636,https://appsolute.us/,https://appsolute.us,,,,regex_match_no_context
case1,regex_baseline,url,ascii,41826048,https://basis.net/,https://basis.net,,,,regex_match_no_context
case1,regex_baseline,url,ascii,41829603,https://bow-now.jp/,https://bow-now.jp,,,,regex_match_no_context
case1,regex_baseline,url,ascii,41830356,https://www.signal.co,https://www.signal.co,,,,regex_match_no_context
case1,regex_baseline,url,ascii,41832052,https://www.inauth.com/,https://www.inauth.com,,,,regex_match_no_context
case1,regex_baseline,url,ascii,41834760,https://www.channelape.com/,https://www.channelape.com,,,,regex_match_no_context
case1,regex_baseline,url,ascii,41842897,https://www.dailykarma.com/,https://www.dailykarma.com,,,,regex_match_no_context
case1,regex_baseline,url,ascii,41843563,https://www.datocms.com/,https://www.datocms.com,,,,regex_match_no_context
case1,regex_baseline,url,ascii,41847000,https://ec-concier.com/,https://ec-concier.com,,,,regex_match_no_context
case1,regex_baseline,url,ascii,41854124,https://flipdesk.jp/,https://flipdesk.jp,,,,regex_match_no_context
case1,regex_baseline,url,ascii,41858698,https://www.gladly.com/,https://www.gladly.com,,,,regex_match_no_context
case1,regex_baseline,url,ascii,41866476,https://www.innovid.com/,https://www.innovid.com,,,,regex_match_no_context
case1,regex_baseline,url,ascii,41866834,https://www.instart.com/,https://www.instart.com,,,,regex_match_no_context
case1,regex_baseline,url,ascii,41869899,https://karte.io/,https://karte.io,,,,regex_match_no_context
case1,regex_baseline,url,ascii,41870051,https://keen.io/,https://keen.io,,,,regex_match_no_context
case1,regex_baseline,url,ascii,41872175,https://www.leaseweb.com/,https://www.leaseweb.com,,,,regex_match_no_context
case1,regex_baseline,url,ascii,41873459,https://www.littledata.io/,https://www.littledata.io,,,,regex_match_no_context
case1,regex_baseline,url,ascii,41873934,https://www.liveperson.com/,https://www.liveperson.com,,,,regex_match_no_context
case1,regex_baseline,url,ascii,41874703,https://www.loginradius.com/,https://www.loginradius.com,,,,regex_match_no_context
case1,regex_baseline,url,ascii,41876115,https://group.macromill.com/,https://group.macromill.com,,,,regex_match_no_context
case1,regex_baseline,url,ascii,41878207,https://www.measured.com/,https://www.measured.com,,,,regex_match_no_context
case1,regex_baseline,url,ascii,41884391,http://www.nielsen-online.com/intlpage.html,http://www.nielsen-online.com/intlpage.html,,,,regex_match_no_context
case1,regex_baseline,url,ascii,41886384,https://www.godaddy.com/,https://www.godaddy.com,,,,regex_match_no_context
case1,regex_baseline,url,ascii,41889475,https://www.outbrain.com/,https://www.outbrain.com,,,,regex_match_no_context
case1,regex_baseline,url,ascii,41893314,https://polar.me/,https://polar.me,,,,regex_match_no_context
case1,regex_baseline,url,ascii,41902626,https://www.rockerbox.com/,https://www.rockerbox.com,,,,regex_match_no_context
case1,regex_baseline,url,ascii,41903296,https://www.brainpad.co.jp/rtoaster/,https://www.brainpad.co.jp/rtoaster,,,,regex_match_no_context
case1,regex_baseline,url,ascii,41903886,https://satori.marketing/,https://satori.marketing,,,,regex_match_no_context
case1,regex_baseline,url,ascii,41913218,https://www.sourceknowledge.com,https://www.sourceknowledge.com,,,,regex_match_no_context
case1,regex_baseline,url,ascii,41919702,https://www.thesistesting.com/,https://www.thesistesting.com,,,,regex_match_no_context
case1,regex_baseline,url,ascii,41920875,https://throtle.io/,https://throtle.io,,,,regex_match_no_context
case1,regex_baseline,url,ascii,41921085,https://www.tiktok.com/en/,https://www.tiktok.com/en,,,,regex_match_no_context
case1,regex_baseline,url,ascii,41921223,https://www.tidiochat.com/en/,https://www.tidiochat.com/en,,,,regex_match_no_context
case1,regex_baseline,url,ascii,41924500,https://letsencrypt.org/,https://letsencrypt.org,,,,regex_match_no_context
case1,regex_baseline,url,ascii,41928261,https://www.ve.com/,https://www.ve.com,,,,regex_match_no_context
case1,regex_baseline,url,ascii,41929074,https://www.verizondigitalmedia.com/,https://www.verizondigitalmedia.com,,,,regex_match_no_context
case1,regex_baseline,url,ascii,41930593,https://visely.io/,https://visely.io,,,,regex_match_no_context
case1,regex_baseline,url,ascii,41934751,https://appmate.io/,https://appmate.io,,,,regex_match_no_context
case1,regex_baseline,url,ascii,41935541,https://www.wunderkind.co/,https://www.wunderkind.co,,,,regex_match_no_context
case1,regex_baseline,url,ascii,41935889,https://www.atinternet.com/en/,https://www.atinternet.com/en,,,,regex_match_no_context
case1,regex_baseline,url,ascii,41936159,https://marketing.yahoo.co.jp/service/yahooads/,https://marketing.yahoo.co.jp/service/yahooads,,,,regex_match_no_context
case1,regex_baseline,url,ascii,41936349,https://marketing.yahoo.co.jp/service/tagmanager/,https://marketing.yahoo.co.jp/service/tagmanager,,,,regex_match_no_context
case1,regex_baseline,url,ascii,41937177,https://www.yotpo.com/,https://www.yotpo.com,,,,regex_match_no_context
case1,regex_baseline,url,ascii,41946971,https://www.cdkglobal.com/us,https://www.cdkglobal.com/us,,,,regex_match_no_context
case1,regex_baseline,url,ascii,41947095,http://admin.fam-ad.com/report/,http://admin.fam-ad.com/report,,,,regex_match_no_context
case1,regex_baseline,url,ascii,41947249,https://www.codigo.se,https://www.codigo.se,,,,regex_match_no_context
case1,regex_baseline,url,ascii,41947347,https://playground.xyz,https://playground.xyz,,,,regex_match_no_context
case1,regex_baseline,url,ascii,41947437,https://www2.rampanel.com/,https://www2.rampanel.com,,,,regex_match_no_context
case1,regex_baseline,url,ascii,41947540,https://www.adition.com,https://www.adition.com,,,,regex_match_no_context
case1,regex_baseline,url,ascii,41947635,https://www.widespace.com,https://www.widespace.com,,,,regex_match_no_context
case1,regex_baseline,url,ascii,41947839,https://www.brandmetrics.com,https://www.brandmetrics.com,,,,regex_match_no_context
case1,regex_baseline,url,ascii,41947947,https://web.easy-ads.com/,https://web.easy-ads.com,,,,regex_match_no_context
case1,regex_baseline,url,ascii,41948040,https://glimr.io/,https://glimr.io,,,,regex_match_no_context
case1,regex_baseline,url,ascii,41948131,https://www.webtrekk.com/en/home/,https://www.webtrekk.com/en/home,,,,regex_match_no_context
case1,regex_baseline,url,ascii,41948240,http://www.digitru.st/,http://www.digitru.st,,,,regex_match_no_context
case1,regex_baseline,url,ascii,41948341,https://www.kantarsifo.se,https://www.kantarsifo.se,,,,regex_match_no_context
case1,regex_baseline,url,ascii,41948446,https://concert.io/,https://concert.io,,,,regex_match_no_context
case1,regex_baseline,url,ascii,41948532,https://www.emerse.com/,https://www.emerse.com,,,,regex_match_no_context
case1,regex_baseline,url,ascii,41948624,https://iteratehq.com/,https://iteratehq.com,,,,regex_match_no_context
case1,regex_baseline,url,ascii,41948726,https://www.cookiebot.com/,https://www.cookiebot.com,,,,regex_match_no_context
case1,regex_baseline,url,ascii,41948828,https://www.netlify.com/,https://www.netlify.com,,,,regex_match_no_context
case1,regex_baseline,url,ascii,41948952,https://scroll.com/,https://scroll.com,,,,regex_match_no_context
case1,regex_baseline,url,ascii,41949047,https://consumable.com/,https://consumable.com,,,,regex_match_no_context
case1,regex_baseline,url,ascii,41949147,https://www.dmdconnects.com/,https://www.dmdconnects.com,,,,regex_match_no_context
case1,regex_baseline,url,ascii,41949255,https://www.catchpoint.com/,https://www.catchpoint.com,,,,regex_match_no_context
case1,regex_baseline,url,ascii,41949355,https://terminus.com/,https://terminus.com,,,,regex_match_no_context
case1,regex_baseline,url,ascii,41949458,https://acceptableads.com/,https://acceptableads.com,,,,regex_match_no_context
case1,regex_baseline,url,ascii,41949574,https://www.clearbrain.com/,https://www.clearbrain.com,,,,regex_match_no_context
case1,regex_baseline,url,ascii,41949680,https://www.cookielaw.org/,https://www.cookielaw.org,,,,regex_match_no_context
case1,regex_baseline,url,ascii,41949809,https://www.trustarc.com/,https://www.trustarc.com,,,,regex_match_no_context
case1,regex_baseline,url,ascii,41949910,https://www.ispot.tv/,https://www.ispot.tv,,,,regex_match_no_context
case1,regex_baseline,url,ascii,41949996,https://www.revjet.com/,https://www.revjet.com,,,,regex_match_no_context
case1,regex_baseline,url,ascii,41950088,https://www.atlasrtx.com/,https://www.atlasrtx.com,,,,regex_match_no_context
case1,regex_baseline,url,ascii,41950203,https://www.contactatonce.com/,https://www.contactatonce.com,,,,regex_match_no_context
case1,regex_baseline,url,ascii,41950322,https://www.algolia.com/,https://www.algolia.com,,,,regex_match_no_context
case1,regex_baseline,url,ascii,41950458,https://emxdigital.com,https://emxdigital.com,,,,regex_match_no_context
case1,regex_baseline,url,ascii,41950547,https://www.gomoxie.com/,https://www.gomoxie.com,,,,regex_match_no_context
case1,regex_baseline,url,ascii,41950667,https://www.scrippsnetworksdigital.com/,https://www.scrippsnetworksdigital.com,,,,regex_match_no_context
case1,regex_baseline,url,ascii,41950777,https://www.turntonetworks.com/,https://www.turntonetworks.com,,,,regex_match_no_context
case1,regex_baseline,url,ascii,41950888,https://www.quantummetric.com/,https://www.quantummetric.com,,,,regex_match_no_context
case1,regex_baseline,url,ascii,41951003,https://www.carbonads.net/,https://www.carbonads.net,,,,regex_match_no_context
case1,regex_baseline,url,ascii,41951115,https://www.ably.io/,https://www.ably.io,,,,regex_match_no_context
case1,regex_baseline,url,ascii,41951205,https://sectigo.com/,https://sectigo.com,,,,regex_match_no_context
case1,regex_baseline,url,ascii,41951300,https://gospecless.com/,https://gospecless.com,,,,regex_match_no_context
case1,regex_baseline,url,ascii,41951393,https://www.loggly.com/,https://www.loggly.com,,,,regex_match_no_context
case1,regex_baseline,url,ascii,41951528,https://intent.com/,https://intent.com,,,,regex_match_no_context
case1,regex_baseline,url,ascii,41951622,https://supership.jp/,https://supership.jp,,,,regex_match_no_context
case1,regex_baseline,url,ascii,41951721,https://www.fancs.com/,https://www.fancs.com,,,,regex_match_no_context
case1,regex_baseline,url,ascii,41951810,https://www.vidyard.com/,https://www.vidyard.com,,,,regex_match_no_context
case1,regex_baseline,url,ascii,41951909,https://www.rapidssl.com/,https://www.rapidssl.com,,,,regex_match_no_context
case1,regex_baseline,url,ascii,41952015,https://coherentpath.com/,https://coherentpath.com,,,,regex_match_no_context
case1,regex_baseline,url,ascii,41952121,https://attentivemobile.com/,https://attentivemobile.com,,,,regex_match_no_context
case1,regex_baseline,url,ascii,41952238,https://www.emetriq.com/,https://www.emetriq.com,,,,regex_match_no_context
case1,regex_baseline,url,ascii,41952345,https://www.bonzai.co/,https://www.bonzai.co,,,,regex_match_no_context
case1,regex_baseline,url,ascii,41952436,https://www.freshworks.com/live-chat-software/,https://www.freshworks.com/live-chat-software,,,,regex_match_no_context
case1,regex_baseline,url,ascii,41952708,https://github.com/coliff/freshdesk-messaging-facade/,https://github.com/coliff/freshdesk-messaging-facade,,,,regex_match_no_context
case1,regex_baseline,url,ascii,41952797,https://www.contentful.com/,https://www.contentful.com,,,,regex_match_no_context
case1,regex_baseline,url,ascii,41952902,https://www.purecars.com/,https://www.purecars.com,,,,regex_match_no_context
case1,regex_baseline,url,ascii,41953010,https://www.tray.com.br/,https://www.tray.com.br,,,,regex_match_no_context
case1,regex_baseline,url,ascii,41953110,https://www.adscore.com/,https://www.adscore.com,,,,regex_match_no_context
case1,regex_baseline,url,ascii,41953211,https://www.websitebuilder.com,https://www.websitebuilder.com,,,,regex_match_no_context
case1,regex_baseline,url,ascii,41953326,https://www.mparticle.com/,https://www.mparticle.com,,,,regex_match_no_context
case1,regex_baseline,url,ascii,41953424,https://www.ada.support/,https://www.ada.support,,,,regex_match_no_context
case1,regex_baseline,url,ascii,41953534,https://www.quora.com/business/,https://www.quora.com/business,,,,regex_match_no_context
case1,regex_baseline,url,ascii,41953630,https://auth0.com/,https://auth0.com,,,,regex_match_no_context
case1,regex_baseline,url,ascii,41953727,https://www.bridgewell.com/,https://www.bridgewell.com,,,,regex_match_no_context
case1,regex_baseline,url,ascii,41953829,https://www.wickedreports.com/,https://www.wickedreports.com,,,,regex_match_no_context
case1,regex_baseline,url,ascii,41953941,https://jaywing.com/,https://jaywing.com,,,,regex_match_no_context
case1,regex_baseline,url,ascii,41954040,https://u360.d-bi.fr/,https://u360.d-bi.fr,,,,regex_match_no_context
case1,regex_baseline,url,ascii,41954132,https://www.izooto.com,https://www.izooto.com,,,,regex_match_no_context
case1,regex_baseline,url,ascii,41954233,https://www.ordergroove.com/,https://www.ordergroove.com,,,,regex_match_no_context
case1,regex_baseline,url,ascii,41954343,https://www.zoho.com/pagesense/,https://www.zoho.com/pagesense,,,,regex_match_no_context
case1,regex_baseline,url,ascii,41954450,https://www.vizzit.se,https://www.vizzit.se,,,,regex_match_no_context
case1,regex_baseline,url,ascii,41954553,https://www.clickguardian.co.uk/,https://www.clickguardian.co.uk,,,,regex_match_no_context
case1,regex_baseline,url,ascii,41954710,https://www.smartsupp.com,https://www.smartsupp.com,,,,regex_match_no_context
case1,regex_baseline,url,ascii,41954927,https://www.smartlook.com/,https://www.smartlook.com,,,,regex_match_no_context
case1,regex_baseline,url,ascii,41955055,https://www.luigisbox.com/,https://www.luigisbox.com,,,,regex_match_no_context
case1,regex_baseline,url,ascii,41955178,https://www.targito.com,https://www.targito.com,,,,regex_match_no_context
case1,regex_baseline,url,ascii,41955296,https://foxentry.cz/,https://foxentry.cz,,,,regex_match_no_context
case1,regex_baseline,url,ascii,41955388,https://www.pendo.io,https://www.pendo.io,,,,regex_match_no_context
case1,regex_baseline,url,ascii,41955480,https://www.braze.com,https://www.braze.com,,,,regex_match_no_context
case1,regex_baseline,url,ascii,41955580,https://usersnap.com,https://usersnap.com,,,,regex_match_no_context
case1,regex_baseline,url,ascii,41955686,https://www.getrewardful.com,https://www.getrewardful.com,,,,regex_match_no_context
case1,regex_baseline,url,ascii,41955792,https://launchdarkly.com,https://launchdarkly.com,,,,regex_match_no_context
case1,regex_baseline,url,ascii,41955918,https://www.statuspage.io,https://www.statuspage.io,,,,regex_match_no_context
case1,regex_baseline,url,ascii,41956024,https://hyperinzerce.cz,https://hyperinzerce.cz,,,,regex_match_no_context
case1,regex_baseline,url,ascii,41956117,https://www.powr.io,https://www.powr.io,,,,regex_match_no_context
case1,regex_baseline,url,ascii,41956220,https://coralproject.net,https://coralproject.net,,,,regex_match_no_context
case1,regex_baseline,url,ascii,41956326,https://www.bolt.com/,https://www.bolt.com,,,,regex_match_no_context
case1,regex_baseline,url,ascii,41956419,https://judge.me/,https://judge.me,,,,regex_match_no_context
case1,regex_baseline,url,ascii,41956508,https://tilda.cc/,https://tilda.cc,,,,regex_match_no_context
case1,regex_baseline,url,ascii,41956602,https://salesloft.com/,https://salesloft.com,,,,regex_match_no_context
case1,regex_baseline,url,ascii,41956746,https://accessibe.com/,https://accessibe.com,,,,regex_match_no_context
case1,regex_baseline,url,ascii,41956875,https://www.builder.io/,https://www.builder.io,,,,regex_match_no_context
case1,regex_baseline,url,ascii,41956973,https://www.pepperjam.com/,https://www.pepperjam.com,,,,regex_match_no_context
case1,regex_baseline,url,ascii,41957103,https://withreach.com/,https://withreach.com,,,,regex_match_no_context
case1,regex_baseline,url,ascii,41957204,https://www.trychameleon.com/,https://www.trychameleon.com,,,,regex_match_no_context
case1,regex_baseline,url,ascii,41957333,https://matomo.org/,https://matomo.org,,,,regex_match_no_context
case1,regex_baseline,url,ascii,41957430,https://segmanta.com/,https://segmanta.com,,,,regex_match_no_context
case1,regex_baseline,url,ascii,41957531,https://podsights.com/,https://podsights.com,,,,regex_match_no_context
case1,regex_baseline,url,ascii,41957675,https://www.chatwoot.com/,https://www.chatwoot.com,,,,regex_match_no_context
case1,regex_baseline,url,ascii,41957782,https://crisp.chat/,https://crisp.chat,,,,regex_match_no_context
case1,regex_baseline,url,ascii,41957887,https://www.getadmiral.com,https://www.getadmiral.com,,,,regex_match_no_context
case1,regex_baseline,url,ascii,41958042,https://adnuntius.com,https://adnuntius.com,,,,regex_match_no_context
case1,regex_baseline,url,ascii,41958208,https://clickio.com,https://clickio.com,,,,regex_match_no_context
case1,regex_baseline,url,ascii,41958357,https://appconsent.io/en,https://appconsent.io/en,,,,regex_match_no_context
case1,regex_baseline,url,ascii,41958517,https://www.dmgmedia.co.uk,https://www.dmgmedia.co.uk,,,,regex_match_no_context
case1,regex_baseline,url,ascii,41958678,https://www.axelspringer.com,https://www.axelspringer.com,,,,regex_match_no_context
case1,regex_baseline,url,ascii,41958843,https://www.bedrockstreaming.com,https://www.bedrockstreaming.com,,,,regex_match_no_context
case1,regex_baseline,url,ascii,41959000,https://www.bmind.es,https://www.bmind.es,,,,regex_match_no_context
case1,regex_baseline,url,ascii,41959143,https://borlabs.io,https://borlabs.io,,,,regex_match_no_context
case1,regex_baseline,url,ascii,41959286,https://www.civicuk.com,https://www.civicuk.com,,,,regex_match_no_context
case1,regex_baseline,url,ascii,41959456,https://www.commandersact.com,https://www.commandersact.com,,,,regex_match_no_context
case1,regex_baseline,url,ascii,41959626,https://complianz.io/,https://complianz.io,,,,regex_match_no_context
case1,regex_baseline,url,ascii,41959783,https://www.consentdesk.com/,https://www.consentdesk.com,,,,regex_match_no_context
case1,regex_baseline,url,ascii,41959954,https://consentmanager.net,https://consentmanager.net,,,,regex_match_no_context
case1,regex_baseline,url,ascii,41960124,https://www.conversantmedia.eu/,https://www.conversantmedia.eu,,,,regex_match_no_context
case1,regex_baseline,url,ascii,41960299,https://www.cookieinformation.com/,https://www.cookieinformation.com,,,,regex_match_no_context
case1,regex_baseline,url,ascii,41960639,https://truendo.com/,https://truendo.com,,,,regex_match_no_context
case1,regex_baseline,url,ascii,41960785,https://www.dentsuaegisnetwork.de/,https://www.dentsuaegisnetwork.de,,,,regex_match_no_context
case1,regex_baseline,url,ascii,41960937,https://www.didomi.io/en/,https://www.didomi.io/en,,,,regex_match_no_context
case1,regex_baseline,url,ascii,41961245,https://evidon.com,https://evidon.com,,,,regex_match_no_context
case1,regex_baseline,url,ascii,41961387,https://www.ezoic.com/,https://www.ezoic.com,,,,regex_match_no_context
case1,regex_baseline,url,ascii,41961531,https://www.gemius.com,https://www.gemius.com,,,,regex_match_no_context
case1,regex_baseline,url,ascii,41961679,https://nitropay.com/,https://nitropay.com,,,,regex_match_no_context
case1,regex_baseline,url,ascii,41961839,https://fundingchoices.google.com/start/,https://fundingchoices.google.com/start,,,,regex_match_no_context
case1,regex_baseline,url,ascii,41962020,https://www.gravito.net/,https://www.gravito.net,,,,regex_match_no_context
case1,regex_baseline,url,ascii,41962171,https://id-ward.com/enterprise,https://id-ward.com/enterprise,,,,regex_match_no_context
case1,regex_baseline,url,ascii,41962327,https://www.iubenda.com,https://www.iubenda.com,,,,regex_match_no_context
case1,regex_baseline,url,ascii,41962474,https://jumpgroup.it/,https://jumpgroup.it,,,,regex_match_no_context
case1,regex_baseline,url,ascii,41962619,https://liveramp.com/,https://liveramp.com,,,,regex_match_no_context
case1,regex_baseline,url,ascii,41962768,https://madvertise.com/en/,https://madvertise.com/en,,,,regex_match_no_context
case1,regex_baseline,url,ascii,41962939,https://www.mairdumont-netletix.com/,https://www.mairdumont-netletix.com,,,,regex_match_no_context
case1,regex_baseline,url,ascii,41963100,https://www.marfeel.com/,https://www.marfeel.com,,,,regex_match_no_context
case1,regex_baseline,url,ascii,41963416,https://www.consentserve.com/,https://www.consentserve.com,,,,regex_match_no_context
case1,regex_baseline,url,ascii,41963581,https://www.next14.com/,https://www.next14.com,,,,regex_match_no_context
case1,regex_baseline,url,ascii,41963874,https://www.ogury.com/,https://www.ogury.com,,,,regex_match_no_context
case1,regex_baseline,url,ascii,41964018,https://onetag.net,https://onetag.net,,,,regex_match_no_context
case1,regex_baseline,url,ascii,41964162,https://onetrust.com,https://onetrust.com,,,,regex_match_no_context
case1,regex_baseline,url,ascii,41964313,https://www.optad360.com/,https://www.optad360.com,,,,regex_match_no_context
case1,regex_baseline,url,ascii,41964465,https://www.osano.com,https://www.osano.com,,,,regex_match_no_context
case1,regex_baseline,url,ascii,41964610,https://www.playwire.com,https://www.playwire.com,,,,regex_match_no_context
case1,regex_baseline,url,ascii,41964765,https://www.pulselive.com,https://www.pulselive.com,,,,regex_match_no_context
case1,regex_baseline,url,ascii,41964926,https://quantcast.com,https://quantcast.com,,,,regex_match_no_context
case1,regex_baseline,url,ascii,41965085,http://www.rcspubblicita.it/site/home.html,http://www.rcspubblicita.it/site/home.html,,,,regex_match_no_context
case1,regex_baseline,url,ascii,41965273,https://richaudience.com,https://richaudience.com,,,,regex_match_no_context
case1,regex_baseline,url,ascii,41965448,https://www.ringieraxelspringer.pl/en/home/,https://www.ringieraxelspringer.pl/en/home,,,,regex_match_no_context
case1,regex_baseline,url,ascii,41965619,https://secureprivacy.ai/,https://secureprivacy.ai,,,,regex_match_no_context
case1,regex_baseline,url,ascii,41965784,https://securiti.ai/,https://securiti.ai,,,,regex_match_no_context
case1,regex_baseline,url,ascii,41965935,https://www.seznam.cz/,https://www.seznam.cz,,,,regex_match_no_context
case1,regex_baseline,url,ascii,41966084,https://sharethis.com,https://sharethis.com,,,,regex_match_no_context
case1,regex_baseline,url,ascii,41966239,https://www.shinystat.com,https://www.shinystat.com,,,,regex_match_no_context
case1,regex_baseline,url,ascii,41966393,https://sibboventures.com/en/,https://sibboventures.com/en,,,,regex_match_no_context
case1,regex_baseline,url,ascii,41966564,https://www.singlespot.com/en,https://www.singlespot.com/en,,,,regex_match_no_context
case1,regex_baseline,url,ascii,41966726,https://www.sirdata.com,https://www.sirdata.com,,,,regex_match_no_context
case1,regex_baseline,url,ascii,41966871,https://snigel.com,https://snigel.com,,,,regex_match_no_context
case1,regex_baseline,url,ascii,41967024,https://sourcepoint.com,https://sourcepoint.com,,,,regex_match_no_context
case1,regex_baseline,url,ascii,41967182,https://www.pubtech.ai/,https://www.pubtech.ai,,,,regex_match_no_context
case1,regex_baseline,url,ascii,41967339,https://admetricspro.com,https://admetricspro.com,,,,regex_match_no_context
case1,regex_baseline,url,ascii,41967486,https://traffective.com,https://traffective.com,,,,regex_match_no_context
case1,regex_baseline,url,ascii,41967647,https://uniconsent.com,https://uniconsent.com,,,,regex_match_no_context
case1,regex_baseline,url,ascii,41967803,https://trustarc.com/,https://trustarc.com,,,,regex_match_no_context
case1,regex_baseline,url,ascii,41967958,https://usercentrics.com,https://usercentrics.com,,,,regex_match_no_context
case1,regex_baseline,url,ascii,41968167,https://www.webads.nl/,https://www.webads.nl,,,,regex_match_no_context
case1,regex_baseline,url,ascii,41968462,https://www.hubvisor.io,https://www.hubvisor.io,,,,regex_match_no_context
case1,regex_baseline,url,ascii,41968553,https://castle.io,https://castle.io,,,,regex_match_no_context
case1,regex_baseline,url,ascii,41968672,https://www.wigzo.com/,https://www.wigzo.com,,,,regex_match_no_context
case1,regex_baseline,url,ascii,41968789,https://convertful.com/,https://convertful.com,,,,regex_match_no_context
case1,regex_baseline,url,ascii,41968914,https://www.mediawallah.com/,https://www.mediawallah.com,,,,regex_match_no_context
case1,regex_baseline,url,ascii,41969033,http://tpmn.io/,http://tpmn.io,,,,regex_match_no_context
case1,regex_baseline,url,ascii,41969130,https://www.usehero.com/,https://www.usehero.com,,,,regex_match_no_context
case1,regex_baseline,url,ascii,41969257,https://zetaglobal.com/,https://zetaglobal.com,,,,regex_match_no_context
case1,regex_baseline,url,ascii,41969377,https://goadfuel.com/,https://goadfuel.com,,,,regex_match_no_context
case1,regex_baseline,url,ascii,41969508,https://www.prefixbox.com/,https://www.prefixbox.com,,,,regex_match_no_context
case1,regex_baseline,url,ascii,41969647,https://speedsize.com/,https://speedsize.com,,,,regex_match_no_context
case1,regex_baseline,url,ascii,41969816,https://www.vonage.com/communications-apis/video/,https://www.vonage.com/communications-apis/video,,,,regex_match_no_context
case1,regex_baseline,url,ascii,41969965,https://www.checkout.com,https://www.checkout.com,,,,regex_match_no_context
case1,regex_baseline,url,ascii,41970078,https://www.noibu.com,https://www.noibu.com,,,,regex_match_no_context
case1,regex_baseline,url,ascii,41970192,https://clarity.microsoft.com/,https://clarity.microsoft.com,,,,regex_match_no_context
case1,regex_baseline,url,ascii,41970315,https://goinstore.com/,https://goinstore.com,,,,regex_match_no_context
case1,regex_baseline,url,ascii,41970452,https://segmentstream.com/,https://segmentstream.com,,,,regex_match_no_context
case1,regex_baseline,url,ascii,41970587,https://affiliate-program.amazon.co.uk/,https://affiliate-program.amazon.co.uk,,,,regex_match_no_context
case1,regex_baseline,url,ascii,41970731,https://www.dotmetrics.net/,https://www.dotmetrics.net,,,,regex_match_no_context
case1,regex_baseline,url,ascii,41970859,https://truffle.bid/,https://truffle.bid,,,,regex_match_no_context
case1,regex_baseline,url,ascii,41970964,https://hybrid.ai/,https://hybrid.ai,,,,regex_match_no_context
case1,regex_baseline,url,ascii,41971069,https://admanmedia.com/,https://admanmedia.com,,,,regex_match_no_context
case1,regex_baseline,url,ascii,41971193,https://id5.io/,https://id5.io,,,,regex_match_no_context
case1,regex_baseline,url,ascii,41971331,https://www.audiencerate.com/,https://www.audiencerate.com,,,,regex_match_no_context
case1,regex_baseline,url,ascii,41971458,https://www.seedtag.com/,https://www.seedtag.com,,,,regex_match_no_context
case1,regex_baseline,url,ascii,41971574,http://ivitechnologies.com/,http://ivitechnologies.com,,,,regex_match_no_context
case1,regex_baseline,url,ascii,41971695,https://www.sportradar.com/,https://www.sportradar.com,,,,regex_match_no_context
case1,regex_baseline,url,ascii,41971817,https://zeotap.com/,https://zeotap.com,,,,regex_match_no_context
case1,regex_baseline,url,ascii,41971939,https://mediatrust.com/,https://mediatrust.com,,,,regex_match_no_context
case1,regex_baseline,url,ascii,41972062,https://hellogenie.com/,https://hellogenie.com,,,,regex_match_no_context
case1,regex_baseline,url,ascii,41972186,https://www.mediarithmics.com/,https://www.mediarithmics.com,,,,regex_match_no_context
case1,regex_baseline,url,ascii,41972325,https://www.ozoneproject.com/,https://www.ozoneproject.com,,,,regex_match_no_context
case1,regex_baseline,url,ascii,41972453,https://fifty.io/,https://fifty.io,,,,regex_match_no_context
case1,regex_baseline,url,ascii,41972559,https://smadex.com/,https://smadex.com,,,,regex_match_no_context
case1,regex_baseline,url,ascii,41972750,https://www.knorex.com/,https://www.knorex.com,,,,regex_match_no_context
case1,regex_baseline,url,ascii,41972868,https://viafoura.com/,https://viafoura.com,,,,regex_match_no_context
case1,regex_baseline,url,ascii,41972991,https://www.adnami.io/,https://www.adnami.io,,,,regex_match_no_context
case1,regex_baseline,url,ascii,41973116,https://liveramp.com/privacy-legal-compliance/,https://liveramp.com/privacy-legal-compliance,,,,regex_match_no_context
case1,regex_baseline,url,ascii,41973432,https://www.mrpfd.com/,https://www.mrpfd.com,,,,regex_match_no_context
case1,regex_baseline,url,ascii,41973537,https://iprom.eu/,https://iprom.eu,,,,regex_match_no_context
case1,regex_baseline,url,ascii,41988236,https://developer.chrome.com/docs/lighthouse/performance/performance-scoring/),https://developer.chrome.com/docs/lighthouse/performance/performance-scoring/),,,,regex_match_no_context
case1,regex_baseline,url,ascii,41989236,https://developer.chrome.com/docs/lighthouse/accessibility/).,https://developer.chrome.com/docs/lighthouse/accessibility/).,,,,regex_match_no_context
case1,regex_baseline,url,ascii,41989572,https://web.dev/how-to-review/).,https://web.dev/how-to-review/).,,,,regex_match_no_context
case1,regex_baseline,url,ascii,41991434,https://web.dev/learn-core-web-vitals/).,https://web.dev/learn-core-web-vitals/).,,,,regex_match_no_context
case1,regex_baseline,url,ascii,41991519,https://support.google.com/webmasters/answer/35769).,https://support.google.com/webmasters/answer/35769).,,,,regex_match_no_context
case1,regex_baseline,url,ascii,41991913,https://developers.google.com/search/mobile-sites/).,https://developers.google.com/search/mobile-sites/).,,,,regex_match_no_context
case1,regex_baseline,url,ascii,41992425,https://web.dev/pwa-checklist/).,https://web.dev/pwa-checklist/).,,,,regex_match_no_context
case1,regex_baseline,url,ascii,41992547,https://web.dev/pwa-checklist/),https://web.dev/pwa-checklist/),,,,regex_match_no_context
case1,regex_baseline,url,ascii,42012633,https://github.com/GoogleChrome/lighthouse/blob/main/docs/emulation.md,https://github.com/GoogleChrome/lighthouse/blob/main/docs/emulation.md,,,,regex_match_no_context
case1,regex_baseline,url,ascii,42084140,http://mozilla.org/MPL/2.0/.,http://mozilla.org/MPL/2.0/.,,,,regex_match_no_context
case1,regex_baseline,url,ascii,42148134,https://dequeuniversity.com/rules/,https://dequeuniversity.com/rules,,,,regex_match_no_context
case1,regex_baseline,url,ascii,42317325,https://github.com/dequelabs/axe-core/blob/master/doc/context.md,https://github.com/dequelabs/axe-core/blob/master/doc/context.md,,,,regex_match_no_context
case1,regex_baseline,url,ascii,42676413,http://www.gwtproject.org/,http://www.gwtproject.org,,,,regex_match_no_context
case1,regex_baseline,url,ascii,42677007,http://ink.sapo.pt/,http://ink.sapo.pt,,,,regex_match_no_context
case1,regex_baseline,url,ascii,42677150,https://vaadin.com/,https://vaadin.com,,,,regex_match_no_context
case1,regex_baseline,url,ascii,42677313,http://getbootstrap.com/,http://getbootstrap.com,,,,regex_match_no_context
case1,regex_baseline,url,ascii,42677954,https://foundation.zurb.com/,https://foundation.zurb.com,,,,regex_match_no_context
case1,regex_baseline,url,ascii,42678163,https://www.polymer-project.org/,https://www.polymer-project.org,,,,regex_match_no_context
case1,regex_baseline,url,ascii,42678369,https://lit-element.polymer-project.org/,https://lit-element.polymer-project.org,,,,regex_match_no_context
case1,regex_baseline,url,ascii,42678673,https://lit-html.polymer-project.org/,https://lit-html.polymer-project.org,,,,regex_match_no_context
case1,regex_baseline,url,ascii,42678970,http://www.highcharts.com,http://www.highcharts.com,,,,regex_match_no_context
case1,regex_baseline,url,ascii,42679160,http://philogb.github.com/jit/,http://philogb.github.com/jit,,,,regex_match_no_context
case1,regex_baseline,url,ascii,42679340,http://www.flotcharts.org/,http://www.flotcharts.org,,,,regex_match_no_context
case1,regex_baseline,url,ascii,42679513,https://createjs.com/,https://createjs.com,,,,regex_match_no_context
case1,regex_baseline,url,ascii,42679683,https://developers.google.com/maps/,https://developers.google.com/maps,,,,regex_match_no_context
case1,regex_baseline,url,ascii,42679863,http://jquery.com,http://jquery.com,,,,regex_match_no_context
case1,regex_baseline,url,ascii,42680257,http://jqueryui.com,http://jqueryui.com,,,,regex_match_no_context
case1,regex_baseline,url,ascii,42680730,http://dojotoolkit.org,http://dojotoolkit.org,,,,regex_match_no_context
case1,regex_baseline,url,ascii,42680985,http://prototypejs.org,http://prototypejs.org,,,,regex_match_no_context
case1,regex_baseline,url,ascii,42681188,http://script.aculo.us,http://script.aculo.us,,,,regex_match_no_context
case1,regex_baseline,url,ascii,42681377,https://mootools.net/,https://mootools.net,,,,regex_match_no_context
case1,regex_baseline,url,ascii,42681539,http://labs.adobe.com/technologies/spry,http://labs.adobe.com/technologies/spry,,,,regex_match_no_context
case1,regex_baseline,url,ascii,42681691,http://developer.yahoo.com/yui/2/,http://developer.yahoo.com/yui/2,,,,regex_match_no_context
case1,regex_baseline,url,ascii,42681858,https://yuilibrary.com/,https://yuilibrary.com,,,,regex_match_no_context
case1,regex_baseline,url,ascii,42682024,http://www.qooxdoo.org/,http://www.qooxdoo.org,,,,regex_match_no_context
case1,regex_baseline,url,ascii,42682180,https://www.sencha.com/products/extjs/,https://www.sencha.com/products/extjs,,,,regex_match_no_context
case1,regex_baseline,url,ascii,42682533,http://code.google.com/p/base2,http://code.google.com/p/base2,,,,regex_match_no_context
case1,regex_baseline,url,ascii,42682712,https://developers.google.com/closure/library/,https://developers.google.com/closure/library,,,,regex_match_no_context
case1,regex_baseline,url,ascii,42682918,http://dmitrybaranovskiy.github.io/raphael/,http://dmitrybaranovskiy.github.io/raphael,,,,regex_match_no_context
case1,regex_baseline,url,ascii,42683103,https://reactjs.org/,https://reactjs.org,,,,regex_match_no_context
case1,regex_baseline,url,ascii,42684059,https://nextjs.org/,https://nextjs.org,,,,regex_match_no_context
case1,regex_baseline,url,ascii,42684419,https://preactjs.com/,https://preactjs.com,,,,regex_match_no_context
case1,regex_baseline,url,ascii,42685452,https://modernizr.com/,https://modernizr.com,,,,regex_match_no_context
case1,regex_baseline,url,ascii,42685664,http://processingjs.org,http://processingjs.org,,,,regex_match_no_context
case1,regex_baseline,url,ascii,42685862,http://backbonejs.org/,http://backbonejs.org,,,,regex_match_no_context
case1,regex_baseline,url,ascii,42686056,http://leafletjs.com,http://leafletjs.com,,,,regex_match_no_context
case1,regex_baseline,url,ascii,42686257,https://www.mapbox.com/,https://www.mapbox.com,,,,regex_match_no_context
case1,regex_baseline,url,ascii,42686453,https://lodash.com/,https://lodash.com,,,,regex_match_no_context
case1,regex_baseline,url,ascii,42686730,http://underscorejs.org/,http://underscorejs.org,,,,regex_match_no_context
case1,regex_baseline,url,ascii,42686984,http://sammyjs.org,http://sammyjs.org,,,,regex_match_no_context
case1,regex_baseline,url,ascii,42687146,http://openrico.sourceforge.net/examples/index.html,http://openrico.sourceforge.net/examples/index.html,,,,regex_match_no_context
case1,regex_baseline,url,ascii,42687353,https://mochi.github.io/mochikit/,https://mochi.github.io/mochikit,,,,regex_match_no_context
case1,regex_baseline,url,ascii,42687550,https://github.com/DmitryBaranovskiy/g.raphael,https://github.com/DmitryBaranovskiy/g.raphael,,,,regex_match_no_context
case1,regex_baseline,url,ascii,42687714,http://www.bbc.co.uk/glow/,http://www.bbc.co.uk/glow,,,,regex_match_no_context
case1,regex_baseline,url,ascii,42687988,https://socket.io/,https://socket.io,,,,regex_match_no_context
case1,regex_baseline,url,ascii,42688173,http://mustache.github.io/,http://mustache.github.io,,,,regex_match_no_context
case1,regex_baseline,url,ascii,42688370,http://fabricjs.com/,http://fabricjs.com,,,,regex_match_no_context
case1,regex_baseline,url,ascii,42688543,http://fusejs.io/,http://fusejs.io,,,,regex_match_no_context
case1,regex_baseline,url,ascii,42688681,https://github.com/tweenjs/tween.js,https://github.com/tweenjs/tween.js,,,,regex_match_no_context
case1,regex_baseline,url,ascii,42688865,http://sproutcore.com/,http://sproutcore.com,,,,regex_match_no_context
case1,regex_baseline,url,ascii,42689010,http://zeptojs.com,http://zeptojs.com,,,,regex_match_no_context
case1,regex_baseline,url,ascii,42689163,https://threejs.org/,https://threejs.org,,,,regex_match_no_context
case1,regex_baseline,url,ascii,42689359,http://www.senchalabs.org/philogl/,http://www.senchalabs.org/philogl,,,,regex_match_no_context
case1,regex_baseline,url,ascii,42689555,http://camanjs.com/,http://camanjs.com,,,,regex_match_no_context
case1,regex_baseline,url,ascii,42689752,http://yepnopejs.com/,http://yepnopejs.com,,,,regex_match_no_context
case1,regex_baseline,url,ascii,42689899,https://github.com/getify/LABjs,https://github.com/getify/LABjs,,,,regex_match_no_context
case1,regex_baseline,url,ascii,42690057,http://headjs.com/,http://headjs.com,,,,regex_match_no_context
case1,regex_baseline,url,ascii,42690210,http://stevesouders.com/controljs/,http://stevesouders.com/controljs,,,,regex_match_no_context
case1,regex_baseline,url,ascii,42690370,http://requirejs.org/,http://requirejs.org,,,,regex_match_no_context
case1,regex_baseline,url,ascii,42690641,http://rightjs.org/,http://rightjs.org,,,,regex_match_no_context
case1,regex_baseline,url,ascii,42690823,http://jquerytools.github.io/,http://jquerytools.github.io,,,,regex_match_no_context
case1,regex_baseline,url,ascii,42690998,https://pusher.com/docs/,https://pusher.com/docs,,,,regex_match_no_context
case1,regex_baseline,url,ascii,42691187,http://paperjs.org/,http://paperjs.org,,,,regex_match_no_context
case1,regex_baseline,url,ascii,42691356,https://developers.google.com/swiffy/,https://developers.google.com/swiffy,,,,regex_match_no_context
case1,regex_baseline,url,ascii,42691510,https://github.com/rsms/move,https://github.com/rsms/move,,,,regex_match_no_context
case1,regex_baseline,url,ascii,42691697,http://amplifyjs.com/,http://amplifyjs.com,,,,regex_match_no_context
case1,regex_baseline,url,ascii,42691873,https://github.com/mozilla/popcorn-js/,https://github.com/mozilla/popcorn-js,,,,regex_match_no_context
case1,regex_baseline,url,ascii,42692044,https://d3js.org/,https://d3js.org,,,,regex_match_no_context
case1,regex_baseline,url,ascii,42692212,http://handlebarsjs.com/,http://handlebarsjs.com,,,,regex_match_no_context
case1,regex_baseline,url,ascii,42692426,https://handsontable.com/,https://handsontable.com,,,,regex_match_no_context
case1,regex_baseline,url,ascii,42692634,http://knockoutjs.com/,http://knockoutjs.com,,,,regex_match_no_context
case1,regex_baseline,url,ascii,42692806,http://spine.github.io/,http://spine.github.io,,,,regex_match_no_context
case1,regex_baseline,url,ascii,42692995,http://jquerymobile.com/,http://jquerymobile.com,,,,regex_match_no_context
case1,regex_baseline,url,ascii,42693235,https://github.com/typekit/webfontloader,https://github.com/typekit/webfontloader,,,,regex_match_no_context
case1,regex_baseline,url,ascii,42693422,https://angular.io/,https://angular.io,,,,regex_match_no_context
case1,regex_baseline,url,ascii,42693710,https://angularjs.org/,https://angularjs.org,,,,regex_match_no_context
case1,regex_baseline,url,ascii,42693884,https://ionicframework.com/,https://ionicframework.com,,,,regex_match_no_context
case1,regex_baseline,url,ascii,42694099,https://emberjs.com/,https://emberjs.com,,,,regex_match_no_context
case1,regex_baseline,url,ascii,42694290,http://eightmedia.github.io/hammer.js/,http://eightmedia.github.io/hammer.js,,,,regex_match_no_context
case1,regex_baseline,url,ascii,42694497,https://github.com/ai/visibilityjs,https://github.com/ai/visibilityjs,,,,regex_match_no_context
case1,regex_baseline,url,ascii,42694692,http://velocityjs.org/,http://velocityjs.org,,,,regex_match_no_context
case1,regex_baseline,url,ascii,42695012,http://serkanyersen.github.io/ifvisible.js/,http://serkanyersen.github.io/ifvisible.js,,,,regex_match_no_context
case1,regex_baseline,url,ascii,42695240,http://www.pixijs.com/,http://www.pixijs.com,,,,regex_match_no_context
case1,regex_baseline,url,ascii,42695440,http://dc-js.github.io/dc.js/,http://dc-js.github.io/dc.js,,,,regex_match_no_context
case1,regex_baseline,url,ascii,42695631,https://greensock.com/gsap,https://greensock.com/gsap,,,,regex_match_no_context
case1,regex_baseline,url,ascii,42695827,https://github.com/ftlabs/fastclick,https://github.com/ftlabs/fastclick,,,,regex_match_no_context
case1,regex_baseline,url,ascii,42696014,https://isotope.metafizzy.co/,https://isotope.metafizzy.co,,,,regex_match_no_context
case1,regex_baseline,url,ascii,42696207,https://marionettejs.com/,https://marionettejs.com,,,,regex_match_no_context
case1,regex_baseline,url,ascii,42696412,https://canjs.com/,https://canjs.com,,,,regex_match_no_context
case1,regex_baseline,url,ascii,42696567,https://vuejs.org/,https://vuejs.org,,,,regex_match_no_context
case1,regex_baseline,url,ascii,42697050,https://nuxtjs.org/,https://nuxtjs.org,,,,regex_match_no_context
case1,regex_baseline,url,ascii,42697418,https://two.js.org/,https://two.js.org,,,,regex_match_no_context
case1,regex_baseline,url,ascii,42697585,https://robertpataki.github.io/brewser/,https://robertpataki.github.io/brewser,,,,regex_match_no_context
case1,regex_baseline,url,ascii,42697802,https://getmdl.io/,https://getmdl.io,,,,regex_match_no_context
case1,regex_baseline,url,ascii,42698005,https://github.com/telerik/kendo-ui-core,https://github.com/telerik/kendo-ui-core,,,,regex_match_no_context
case1,regex_baseline,url,ascii,42698232,http://brm.io/matter-js/,http://brm.io/matter-js,,,,regex_match_no_context
case1,regex_baseline,url,ascii,42698390,http://riotjs.com/,http://riotjs.com,,,,regex_match_no_context
case1,regex_baseline,url,ascii,42698555,https://seajs.github.io/seajs/docs/,https://seajs.github.io/seajs/docs,,,,regex_match_no_context
case1,regex_baseline,url,ascii,42698747,http://momentjs.com/,http://momentjs.com,,,,regex_match_no_context
case1,regex_baseline,url,ascii,42698962,http://momentjs.com/timezone/,http://momentjs.com/timezone,,,,regex_match_no_context
case1,regex_baseline,url,ascii,42699169,http://scrollmagic.io/,http://scrollmagic.io,,,,regex_match_no_context
case1,regex_baseline,url,ascii,42699374,https://github.com/swfobject/swfobject,https://github.com/swfobject/swfobject,,,,regex_match_no_context
case1,regex_baseline,url,ascii,42699635,https://woocommerce.com/flexslider/,https://woocommerce.com/flexslider,,,,regex_match_no_context
case1,regex_baseline,url,ascii,42699846,https://youtube.github.io/spfjs/,https://youtube.github.io/spfjs,,,,regex_match_no_context
case1,regex_baseline,url,ascii,42700013,http://numeraljs.com/,http://numeraljs.com,,,,regex_match_no_context
case1,regex_baseline,url,ascii,42700203,https://soasta.github.io/boomerang/,https://soasta.github.io/boomerang,,,,regex_match_no_context
case1,regex_baseline,url,ascii,42700407,https://framer.com/,https://framer.com,,,,regex_match_no_context
case1,regex_baseline,url,ascii,42700585,https://markojs.com/,https://markojs.com,,,,regex_match_no_context
case1,regex_baseline,url,ascii,42700783,https://www.npmjs.com/org/ampproject,https://www.npmjs.com/org/ampproject,,,,regex_match_no_context
case1,regex_baseline,url,ascii,42700963,https://www.gatsbyjs.org/,https://www.gatsbyjs.org,,,,regex_match_no_context
case1,regex_baseline,url,ascii,42701296,https://magento.com/,https://magento.com,,,,regex_match_no_context
case1,regex_baseline,url,ascii,42701595,https://wordpress.org/,https://wordpress.org,,,,regex_match_no_context
case1,regex_baseline,url,ascii,42701690,https://api.w.org/,https://api.w.org,,,,regex_match_no_context
case1,regex_baseline,url,ascii,42702256,https://developers.google.com/web/tools/workbox/,https://developers.google.com/web/tools/workbox,,,,regex_match_no_context
case1,regex_baseline,url,ascii,42703274,https://github.com/johnmichel/Library-Detector-for-Chrome/pull/143,https://github.com/johnmichel/Library-Detector-for-Chrome/pull/143,,,,regex_match_no_context
case1,regex_baseline,url,ascii,42703456,https://github.com/johnmichel/Library-Detector-for-Chrome/pull/147,https://github.com/johnmichel/Library-Detector-for-Chrome/pull/147,,,,regex_match_no_context
case1,regex_baseline,url,ascii,42703654,https://github.com/zloirock/core-js,https://github.com/zloirock/core-js,,,,regex_match_no_context
case1,regex_baseline,url,ascii,42703982,https://www.drupal.org/,https://www.drupal.org,,,,regex_match_no_context
case1,regex_baseline,url,ascii,42704451,https://typo3.org/,https://typo3.org,,,,regex_match_no_context
case1,regex_baseline,url,ascii,42704834,https://create-react-app.dev/,https://create-react-app.dev,,,,regex_match_no_context
case1,regex_baseline,url,ascii,42705187,https://guess-js.github.io/,https://guess-js.github.io,,,,regex_match_no_context
case1,regex_baseline,url,ascii,42705355,https://octobercms.com/,https://octobercms.com,,,,regex_match_no_context
case1,regex_baseline,url,ascii,42705836,https://www.joomla.org/,https://www.joomla.org,,,,regex_match_no_context
case1,regex_baseline,url,ascii,42706201,https://sugarjs.com,https://sugarjs.com,,,,regex_match_no_context
case1,regex_baseline,url,ascii,42706401,https://bentojs.dev,https://bentojs.dev,,,,regex_match_no_context
case1,regex_baseline,url,ascii,42706427,https://www.npmjs.com/org/bentoproject,https://www.npmjs.com/org/bentoproject,,,,regex_match_no_context
case1,regex_baseline,url,ascii,42706596,https://wp-rocket.me/,https://wp-rocket.me,,,,regex_match_no_context
case1,regex_baseline,url,ascii,42721783,https://dequeuniversity.com/rules/axe/4.6/accesskeys).,https://dequeuniversity.com/rules/axe/4.6/accesskeys).,,,,regex_match_no_context
case1,regex_baseline,url,ascii,42722474,https://dequeuniversity.com/rules/axe/4.6/aria-allowed-attr).,https://dequeuniversity.com/rules/axe/4.6/aria-allowed-attr).,,,,regex_match_no_context
case1,regex_baseline,url,ascii,42723272,https://dequeuniversity.com/rules/axe/4.6/aria-command-name).,https://dequeuniversity.com/rules/axe/4.6/aria-command-name).,,,,regex_match_no_context
case1,regex_baseline,url,ascii,42724025,https://dequeuniversity.com/rules/axe/4.6/aria-hidden-body).,https://dequeuniversity.com/rules/axe/4.6/aria-hidden-body).,,,,regex_match_no_context
case1,regex_baseline,url,ascii,42724835,https://dequeuniversity.com/rules/axe/4.6/aria-hidden-focus).,https://dequeuniversity.com/rules/axe/4.6/aria-hidden-focus).,,,,regex_match_no_context
case1,regex_baseline,url,ascii,42725573,https://dequeuniversity.com/rules/axe/4.6/aria-input-field-name).,https://dequeuniversity.com/rules/axe/4.6/aria-input-field-name).,,,,regex_match_no_context
case1,regex_baseline,url,ascii,42726335,https://dequeuniversity.com/rules/axe/4.6/aria-meter-name).,https://dequeuniversity.com/rules/axe/4.6/aria-meter-name).,,,,regex_match_no_context
case1,regex_baseline,url,ascii,42727101,https://dequeuniversity.com/rules/axe/4.6/aria-progressbar-name).,https://dequeuniversity.com/rules/axe/4.6/aria-progressbar-name).,,,,regex_match_no_context
case1,regex_baseline,url,ascii,42727827,https://dequeuniversity.com/rules/axe/4.6/aria-required-attr).,https://dequeuniversity.com/rules/axe/4.6/aria-required-attr).,,,,regex_match_no_context
case1,regex_baseline,url,ascii,42728698,https://dequeuniversity.com/rules/axe/4.6/aria-required-children).,https://dequeuniversity.com/rules/axe/4.6/aria-required-children).,,,,regex_match_no_context
case1,regex_baseline,url,ascii,42729474,https://dequeuniversity.com/rules/axe/4.6/aria-required-parent).,https://dequeuniversity.com/rules/axe/4.6/aria-required-parent).,,,,regex_match_no_context
case1,regex_baseline,url,ascii,42730126,https://dequeuniversity.com/rules/axe/4.6/aria-roles).,https://dequeuniversity.com/rules/axe/4.6/aria-roles).,,,,regex_match_no_context
case1,regex_baseline,url,ascii,42730834,https://dequeuniversity.com/rules/axe/4.6/aria-toggle-field-name).,https://dequeuniversity.com/rules/axe/4.6/aria-toggle-field-name).,,,,regex_match_no_context
case1,regex_baseline,url,ascii,42731608,https://dequeuniversity.com/rules/axe/4.6/aria-tooltip-name).,https://dequeuniversity.com/rules/axe/4.6/aria-tooltip-name).,,,,regex_match_no_context
case1,regex_baseline,url,ascii,42732377,https://dequeuniversity.com/rules/axe/4.6/aria-treeitem-name).,https://dequeuniversity.com/rules/axe/4.6/aria-treeitem-name).,,,,regex_match_no_context
case1,regex_baseline,url,ascii,42733072,https://dequeuniversity.com/rules/axe/4.6/aria-valid-attr-value).,https://dequeuniversity.com/rules/axe/4.6/aria-valid-attr-value).,,,,regex_match_no_context
case1,regex_baseline,url,ascii,42733778,https://dequeuniversity.com/rules/axe/4.6/aria-valid-attr).,https://dequeuniversity.com/rules/axe/4.6/aria-valid-attr).,,,,regex_match_no_context
case1,regex_baseline,url,ascii,42734485,https://dequeuniversity.com/rules/axe/4.6/button-name).,https://dequeuniversity.com/rules/axe/4.6/button-name).,,,,regex_match_no_context
case1,regex_baseline,url,ascii,42735173,https://dequeuniversity.com/rules/axe/4.6/bypass).,https://dequeuniversity.com/rules/axe/4.6/bypass).,,,,regex_match_no_context
case1,regex_baseline,url,ascii,42735895,https://dequeuniversity.com/rules/axe/4.6/color-contrast).,https://dequeuniversity.com/rules/axe/4.6/color-contrast).,,,,regex_match_no_context
case1,regex_baseline,url,ascii,42736729,https://dequeuniversity.com/rules/axe/4.6/definition-list).,https://dequeuniversity.com/rules/axe/4.6/definition-list).,,,,regex_match_no_context
case1,regex_baseline,url,ascii,42737482,https://dequeuniversity.com/rules/axe/4.6/dlitem).,https://dequeuniversity.com/rules/axe/4.6/dlitem).,,,,regex_match_no_context
case1,regex_baseline,url,ascii,42738161,https://dequeuniversity.com/rules/axe/4.6/document-title).,https://dequeuniversity.com/rules/axe/4.6/document-title).,,,,regex_match_no_context
case1,regex_baseline,url,ascii,42738866,https://dequeuniversity.com/rules/axe/4.6/duplicate-id-active).,https://dequeuniversity.com/rules/axe/4.6/duplicate-id-active).,,,,regex_match_no_context
case1,regex_baseline,url,ascii,42739526,https://dequeuniversity.com/rules/axe/4.6/duplicate-id-aria).,https://dequeuniversity.com/rules/axe/4.6/duplicate-id-aria).,,,,regex_match_no_context
case1,regex_baseline,url,ascii,42740249,https://dequeuniversity.com/rules/axe/4.6/form-field-multiple-labels).,https://dequeuniversity.com/rules/axe/4.6/form-field-multiple-labels).,,,,regex_match_no_context
case1,regex_baseline,url,ascii,42740999,https://dequeuniversity.com/rules/axe/4.6/frame-title).,https://dequeuniversity.com/rules/axe/4.6/frame-title).,,,,regex_match_no_context
case1,regex_baseline,url,ascii,42741754,https://dequeuniversity.com/rules/axe/4.6/heading-order).,https://dequeuniversity.com/rules/axe/4.6/heading-order).,,,,regex_match_no_context
case1,regex_baseline,url,ascii,42742615,https://dequeuniversity.com/rules/axe/4.6/html-has-lang).,https://dequeuniversity.com/rules/axe/4.6/html-has-lang).,,,,regex_match_no_context
case1,regex_baseline,url,ascii,42743226,https://www.w3.org/International/questions/qa-choosing-language-tags#question),https://www.w3.org/International/questions/qa-choosing-language-tags,,,,regex_match_no_context
case1,regex_baseline,url,ascii,42743390,https://dequeuniversity.com/rules/axe/4.6/html-lang-valid).,https://dequeuniversity.com/rules/axe/4.6/html-lang-valid).,,,,regex_match_no_context
case1,regex_baseline,url,ascii,42744096,https://dequeuniversity.com/rules/axe/4.6/image-alt).,https://dequeuniversity.com/rules/axe/4.6/image-alt).,,,,regex_match_no_context
case1,regex_baseline,url,ascii,42744808,https://dequeuniversity.com/rules/axe/4.6/input-image-alt).,https://dequeuniversity.com/rules/axe/4.6/input-image-alt).,,,,regex_match_no_context
case1,regex_baseline,url,ascii,42745478,https://dequeuniversity.com/rules/axe/4.6/label).,https://dequeuniversity.com/rules/axe/4.6/label).,,,,regex_match_no_context
case1,regex_baseline,url,ascii,42746156,https://dequeuniversity.com/rules/axe/4.6/link-name).,https://dequeuniversity.com/rules/axe/4.6/link-name).,,,,regex_match_no_context
case1,regex_baseline,url,ascii,42746936,https://dequeuniversity.com/rules/axe/4.6/list).,https://dequeuniversity.com/rules/axe/4.6/list).,,,,regex_match_no_context
case1,regex_baseline,url,ascii,42747683,https://dequeuniversity.com/rules/axe/4.6/listitem).,https://dequeuniversity.com/rules/axe/4.6/listitem).,,,,regex_match_no_context
case1,regex_baseline,url,ascii,42748534,https://developer.chrome.com/docs/lighthouse/accessibility/custom-controls-labels/).,https://developer.chrome.com/docs/lighthouse/accessibility/custom-controls-labels/).,,,,regex_match_no_context
case1,regex_baseline,url,ascii,42748963,https://developer.chrome.com/docs/lighthouse/accessibility/custom-control-roles/).,https://developer.chrome.com/docs/lighthouse/accessibility/custom-control-roles/).,,,,regex_match_no_context
case1,regex_baseline,url,ascii,42749393,https://developer.chrome.com/docs/lighthouse/accessibility/focus-traps/).,https://developer.chrome.com/docs/lighthouse/accessibility/focus-traps/).,,,,regex_match_no_context
case1,regex_baseline,url,ascii,42749845,https://developer.chrome.com/docs/lighthouse/accessibility/focusable-controls/).,https://developer.chrome.com/docs/lighthouse/accessibility/focusable-controls/).,,,,regex_match_no_context
case1,regex_baseline,url,ascii,42750391,https://developer.chrome.com/docs/lighthouse/accessibility/interactive-element-affordance/).,https://developer.chrome.com/docs/lighthouse/accessibility/interactive-element-affordance/).,,,,regex_match_no_context
case1,regex_baseline,url,ascii,42750874,https://developer.chrome.com/docs/lighthouse/accessibility/logical-tab-order/).,https://developer.chrome.com/docs/lighthouse/accessibility/logical-tab-order/).,,,,regex_match_no_context
case1,regex_baseline,url,ascii,42751312,https://developer.chrome.com/docs/lighthouse/accessibility/managed-focus/).,https://developer.chrome.com/docs/lighthouse/accessibility/managed-focus/).,,,,regex_match_no_context
case1,regex_baseline,url,ascii,42751775,https://developer.chrome.com/docs/lighthouse/accessibility/offscreen-content-hidden/).,https://developer.chrome.com/docs/lighthouse/accessibility/offscreen-content-hidden/).,,,,regex_match_no_context
case1,regex_baseline,url,ascii,42752269,https://developer.chrome.com/docs/lighthouse/accessibility/use-landmarks/).,https://developer.chrome.com/docs/lighthouse/accessibility/use-landmarks/).,,,,regex_match_no_context
case1,regex_baseline,url,ascii,42752735,https://developer.chrome.com/docs/lighthouse/accessibility/visual-order-follows-dom/).,https://developer.chrome.com/docs/lighthouse/accessibility/visual-order-follows-dom/).,,,,regex_match_no_context
case1,regex_baseline,url,ascii,42753255,https://dequeuniversity.com/rules/axe/4.6/meta-refresh).,https://dequeuniversity.com/rules/axe/4.6/meta-refresh).,,,,regex_match_no_context
case1,regex_baseline,url,ascii,42754121,https://dequeuniversity.com/rules/axe/4.6/meta-viewport).,https://dequeuniversity.com/rules/axe/4.6/meta-viewport).,,,,regex_match_no_context
case1,regex_baseline,url,ascii,42754838,https://dequeuniversity.com/rules/axe/4.6/object-alt).,https://dequeuniversity.com/rules/axe/4.6/object-alt).,,,,regex_match_no_context
case1,regex_baseline,url,ascii,42755597,https://dequeuniversity.com/rules/axe/4.6/tabindex).,https://dequeuniversity.com/rules/axe/4.6/tabindex).,,,,regex_match_no_context
case1,regex_baseline,url,ascii,42756504,https://dequeuniversity.com/rules/axe/4.6/td-headers-attr).,https://dequeuniversity.com/rules/axe/4.6/td-headers-attr).,,,,regex_match_no_context
case1,regex_baseline,url,ascii,42757365,https://dequeuniversity.com/rules/axe/4.6/th-has-data-cells).,https://dequeuniversity.com/rules/axe/4.6/th-has-data-cells).,,,,regex_match_no_context
case1,regex_baseline,url,ascii,42758191,https://dequeuniversity.com/rules/axe/4.6/valid-lang).,https://dequeuniversity.com/rules/axe/4.6/valid-lang).,,,,regex_match_no_context
case1,regex_baseline,url,ascii,42758913,https://dequeuniversity.com/rules/axe/4.6/video-caption).,https://dequeuniversity.com/rules/axe/4.6/video-caption).,,,,regex_match_no_context
case1,regex_baseline,url,ascii,42759709,https://developers.google.com/web/fundamentals/design-and-ux/input/forms#use_metadata_to_enable_auto-complete),https://developers.google.com/web/fundamentals/design-and-ux/input/forms,,,,regex_match_no_context
case1,regex_baseline,url,ascii,42786903,https://developer.chrome.com/docs/lighthouse/performance/bf-cache/),https://developer.chrome.com/docs/lighthouse/performance/bf-cache/),,,,regex_match_no_context
case1,regex_baseline,url,ascii,42797428,https://developer.chrome.com/docs/lighthouse/performance/bootup-time/).,https://developer.chrome.com/docs/lighthouse/performance/bootup-time/).,,,,regex_match_no_context
case1,regex_baseline,url,ascii,42824390,https://developer.chrome.com/docs/lighthouse/performance/efficient-animated-content/),https://developer.chrome.com/docs/lighthouse/performance/efficient-animated-content/),,,,regex_match_no_context
case1,regex_baseline,url,ascii,42836096,https://web.dev/publish-modern-javascript/),https://web.dev/publish-modern-javascript/),,,,regex_match_no_context
case1,regex_baseline,url,ascii,42843254,https://developer.chrome.com/docs/lighthouse/performance/uses-webp-images/).,https://developer.chrome.com/docs/lighthouse/performance/uses-webp-images/).,,,,regex_match_no_context
case1,regex_baseline,url,ascii,42849326,https://developer.chrome.com/docs/lighthouse/performance/offscreen-images/).,https://developer.chrome.com/docs/lighthouse/performance/offscreen-images/).,,,,regex_match_no_context
case1,regex_baseline,url,ascii,42854617,https://developer.chrome.com/docs/lighthouse/performance/render-blocking-resources/).,https://developer.chrome.com/docs/lighthouse/performance/render-blocking-resources/).,,,,regex_match_no_context
case1,regex_baseline,url,ascii,42858448,https://developer.chrome.com/docs/lighthouse/performance/total-byte-weight/).,https://developer.chrome.com/docs/lighthouse/performance/total-byte-weight/).,,,,regex_match_no_context
case1,regex_baseline,url,ascii,42860963,https://developer.chrome.com/docs/lighthouse/performance/unminified-css/).,https://developer.chrome.com/docs/lighthouse/performance/unminified-css/).,,,,regex_match_no_context
case1,regex_baseline,url,ascii,42862578,https://developer.chrome.com/docs/lighthouse/performance/unminified-javascript/).,https://developer.chrome.com/docs/lighthouse/performance/unminified-javascript/).,,,,regex_match_no_context
case1,regex_baseline,url,ascii,42864251,https://developer.chrome.com/docs/lighthouse/performance/unused-css-rules/).,https://developer.chrome.com/docs/lighthouse/performance/unused-css-rules/).,,,,regex_match_no_context
case1,regex_baseline,url,ascii,42867402,https://developer.chrome.com/docs/lighthouse/performance/unused-javascript/).,https://developer.chrome.com/docs/lighthouse/performance/unused-javascript/).,,,,regex_match_no_context
case1,regex_baseline,url,ascii,42870395,https://developer.chrome.com/docs/lighthouse/performance/uses-long-cache-ttl/).,https://developer.chrome.com/docs/lighthouse/performance/uses-long-cache-ttl/).,,,,regex_match_no_context
case1,regex_baseline,url,ascii,42873636,https://developer.chrome.com/docs/lighthouse/performance/uses-optimized-images/).,https://developer.chrome.com/docs/lighthouse/performance/uses-optimized-images/).,,,,regex_match_no_context
case1,regex_baseline,url,ascii,42876365,https://developer.chrome.com/docs/lighthouse/performance/uses-responsive-images/).,https://developer.chrome.com/docs/lighthouse/performance/uses-responsive-images/).,,,,regex_match_no_context
case1,regex_baseline,url,ascii,42880259,https://developer.chrome.com/docs/lighthouse/performance/uses-text-compression/).,https://developer.chrome.com/docs/lighthouse/performance/uses-text-compression/).,,,,regex_match_no_context
case1,regex_baseline,url,ascii,42881659,https://developer.chrome.com/docs/lighthouse/pwa/content-width/).,https://developer.chrome.com/docs/lighthouse/pwa/content-width/).,,,,regex_match_no_context
case1,regex_baseline,url,ascii,42884231,https://developer.chrome.com/docs/lighthouse/performance/critical-request-chains/).,https://developer.chrome.com/docs/lighthouse/performance/critical-request-chains/).,,,,regex_match_no_context
case1,regex_baseline,url,ascii,42924858,https://developer.chrome.com/docs/lighthouse/best-practices/csp-xss/),https://developer.chrome.com/docs/lighthouse/best-practices/csp-xss/),,,,regex_match_no_context
case1,regex_baseline,url,ascii,42937333,https://developer.chrome.com/docs/lighthouse/best-practices/deprecations/).,https://developer.chrome.com/docs/lighthouse/best-practices/deprecations/).,,,,regex_match_no_context
case1,regex_baseline,url,ascii,42944052,https://chromestatus.com/feature/$,https://chromestatus.com/feature/$,,,,regex_match_no_context
case1,regex_baseline,url,ascii,42944139,https://chromiumdash.appspot.com/schedule,https://chromiumdash.appspot.com/schedule,,,,regex_match_no_context
case1,regex_baseline,url,ascii,42946674,https://developer.chrome.com/docs/lighthouse/best-practices/charset/).,https://developer.chrome.com/docs/lighthouse/best-practices/charset/).,,,,regex_match_no_context
case1,regex_baseline,url,ascii,42948001,https://developer.chrome.com/docs/lighthouse/best-practices/doctype/).,https://developer.chrome.com/docs/lighthouse/best-practices/doctype/).,,,,regex_match_no_context
case1,regex_baseline,url,ascii,42949775,https://developers.google.com/web/fundamentals/performance/rendering/reduce-the-scope-and-complexity-of-style-calculations),https://developers.google.com/web/fundamentals/performance/rendering/reduce-the-scope-and-complexity-of-style-calculations),,,,regex_match_no_context
case1,regex_baseline,url,ascii,42949936,https://developers.google.com/speed/articles/reflow).,https://developers.google.com/speed/articles/reflow).,,,,regex_match_no_context
case1,regex_baseline,url,ascii,42950033,https://developer.chrome.com/docs/lighthouse/performance/dom-size/).,https://developer.chrome.com/docs/lighthouse/performance/dom-size/).,,,,regex_match_no_context
case1,regex_baseline,url,ascii,42952461,https://developer.chrome.com/docs/lighthouse/best-practices/geolocation-on-start/).,https://developer.chrome.com/docs/lighthouse/best-practices/geolocation-on-start/).,,,,regex_match_no_context
case1,regex_baseline,url,ascii,42955895,https://developer.chrome.com/docs/lighthouse/best-practices/js-libraries/).,https://developer.chrome.com/docs/lighthouse/best-practices/js-libraries/).,,,,regex_match_no_context
case1,regex_baseline,url,ascii,42957067,https://developer.chrome.com/docs/lighthouse/best-practices/no-document-write/).,https://developer.chrome.com/docs/lighthouse/best-practices/no-document-write/).,,,,regex_match_no_context
case1,regex_baseline,url,ascii,42958116,https://developer.chrome.com/docs/lighthouse/best-practices/notification-on-start/).,https://developer.chrome.com/docs/lighthouse/best-practices/notification-on-start/).,,,,regex_match_no_context
case1,regex_baseline,url,ascii,42959128,https://developer.chrome.com/docs/lighthouse/best-practices/paste-preventing-inputs/).,https://developer.chrome.com/docs/lighthouse/best-practices/paste-preventing-inputs/).,,,,regex_match_no_context
case1,regex_baseline,url,ascii,42960015,https://developer.chrome.com/docs/lighthouse/best-practices/uses-http2/).,https://developer.chrome.com/docs/lighthouse/best-practices/uses-http2/).,,,,regex_match_no_context
case1,regex_baseline,url,ascii,42963508,https://developer.chrome.com/docs/lighthouse/best-practices/uses-passive-event-listeners/).,https://developer.chrome.com/docs/lighthouse/best-practices/uses-passive-event-listeners/).,,,,regex_match_no_context
case1,regex_baseline,url,ascii,42964543,https://developer.chrome.com/docs/lighthouse/best-practices/errors-in-console/),https://developer.chrome.com/docs/lighthouse/best-practices/errors-in-console/),,,,regex_match_no_context
case1,regex_baseline,url,ascii,42967317,https://developer.chrome.com/docs/lighthouse/performance/font-display/).,https://developer.chrome.com/docs/lighthouse/performance/font-display/).,,,,regex_match_no_context
case1,regex_baseline,url,ascii,42969837,https://developer.chrome.com/docs/lighthouse/best-practices/image-aspect-ratio/).,https://developer.chrome.com/docs/lighthouse/best-practices/image-aspect-ratio/).,,,,regex_match_no_context
case1,regex_baseline,url,ascii,42971786,https://web.dev/serve-responsive-images/).,https://web.dev/serve-responsive-images/).,,,,regex_match_no_context
case1,regex_baseline,url,ascii,42978133,https://developer.chrome.com/docs/lighthouse/pwa/installable-manifest/).,https://developer.chrome.com/docs/lighthouse/pwa/installable-manifest/).,,,,regex_match_no_context
case1,regex_baseline,url,ascii,42983371,https://developers.google.com/web/fundamentals/security/prevent-mixed-content/what-is-mixed-content),https://developers.google.com/web/fundamentals/security/prevent-mixed-content/what-is-mixed-content),,,,regex_match_no_context
case1,regex_baseline,url,ascii,42983784,https://developer.chrome.com/docs/lighthouse/pwa/is-on-https/).,https://developer.chrome.com/docs/lighthouse/pwa/is-on-https/).,,,,regex_match_no_context
case1,regex_baseline,url,ascii,42985567,https://developer.chrome.com/docs/lighthouse/performance/lighthouse-largest-contentful-paint/),https://developer.chrome.com/docs/lighthouse/performance/lighthouse-largest-contentful-paint/),,,,regex_match_no_context
case1,regex_baseline,url,ascii,42987202,https://web.dev/optimize-cls/),https://web.dev/optimize-cls/),,,,regex_match_no_context
case1,regex_baseline,url,ascii,42988425,https://web.dev/lcp-lazy-loading/).,https://web.dev/lcp-lazy-loading/).,,,,regex_match_no_context
case1,regex_baseline,url,ascii,42989655,https://web.dev/long-tasks-devtools/),https://web.dev/long-tasks-devtools/),,,,regex_match_no_context
case1,regex_baseline,url,ascii,42992320,https://developer.chrome.com/docs/lighthouse/performance/mainthread-work-breakdown/),https://developer.chrome.com/docs/lighthouse/performance/mainthread-work-breakdown/),,,,regex_match_no_context
case1,regex_baseline,url,ascii,42994032,https://developer.chrome.com/docs/lighthouse/pwa/pwa-cross-browser/).,https://developer.chrome.com/docs/lighthouse/pwa/pwa-cross-browser/).,,,,regex_match_no_context
case1,regex_baseline,url,ascii,42994624,https://developer.chrome.com/docs/lighthouse/pwa/pwa-each-page-has-url/).,https://developer.chrome.com/docs/lighthouse/pwa/pwa-each-page-has-url/).,,,,regex_match_no_context
case1,regex_baseline,url,ascii,42995278,https://developer.chrome.com/docs/lighthouse/pwa/pwa-page-transitions/).,https://developer.chrome.com/docs/lighthouse/pwa/pwa-page-transitions/).,,,,regex_match_no_context
case1,regex_baseline,url,ascii,42995944,https://developer.chrome.com/docs/lighthouse/pwa/maskable-icon-audit/).,https://developer.chrome.com/docs/lighthouse/pwa/maskable-icon-audit/).,,,,regex_match_no_context
case1,regex_baseline,url,ascii,43040326,https://web.dev/cls/).,https://web.dev/cls/).,,,,regex_match_no_context
case1,regex_baseline,url,ascii,43041313,https://web.dev/inp/).,https://web.dev/inp/).,,,,regex_match_no_context
case1,regex_baseline,url,ascii,43042736,https://developers.google.com/web/tools/lighthouse/audits/first-contentful-paint).,https://developers.google.com/web/tools/lighthouse/audits/first-contentful-paint).,,,,regex_match_no_context
case1,regex_baseline,url,ascii,43043609,https://developer.chrome.com/docs/lighthouse/performance/first-contentful-paint/).,https://developer.chrome.com/docs/lighthouse/performance/first-contentful-paint/).,,,,regex_match_no_context
case1,regex_baseline,url,ascii,43044802,https://developer.chrome.com/docs/lighthouse/performance/first-meaningful-paint/).,https://developer.chrome.com/docs/lighthouse/performance/first-meaningful-paint/).,,,,regex_match_no_context
case1,regex_baseline,url,ascii,43046005,https://developer.chrome.com/docs/lighthouse/performance/interactive/).,https://developer.chrome.com/docs/lighthouse/performance/interactive/).,,,,regex_match_no_context
case1,regex_baseline,url,ascii,43048425,https://developer.chrome.com/docs/lighthouse/performance/lighthouse-max-potential-fid/).,https://developer.chrome.com/docs/lighthouse/performance/lighthouse-max-potential-fid/).,,,,regex_match_no_context
case1,regex_baseline,url,ascii,43049524,https://developer.chrome.com/docs/lighthouse/performance/speed-index/).,https://developer.chrome.com/docs/lighthouse/performance/speed-index/).,,,,regex_match_no_context
case1,regex_baseline,url,ascii,43050703,https://developer.chrome.com/docs/lighthouse/performance/lighthouse-total-blocking-time/).,https://developer.chrome.com/docs/lighthouse/performance/lighthouse-total-blocking-time/).,,,,regex_match_no_context
case1,regex_baseline,url,ascii,43054182,https://hpbn.co/primer-on-latency-and-bandwidth/).,https://hpbn.co/primer-on-latency-and-bandwidth/).,,,,regex_match_no_context
case1,regex_baseline,url,ascii,43055473,https://hpbn.co/primer-on-web-performance/#analyzing-the-resource-waterfall).,https://hpbn.co/primer-on-web-performance,,,,regex_match_no_context
case1,regex_baseline,url,ascii,43056921,https://web.dev/bfcache/#never-use-the-unload-event),https://web.dev/bfcache,,,,regex_match_no_context
case1,regex_baseline,url,ascii,43058044,https://developer.chrome.com/docs/lighthouse/performance/non-composited-animations/),https://developer.chrome.com/docs/lighthouse/performance/non-composited-animations/),,,,regex_match_no_context
case1,regex_baseline,url,ascii,43062861,https://developers.google.com/web/tools/lighthouse/audits/budgets).,https://developers.google.com/web/tools/lighthouse/audits/budgets).,,,,regex_match_no_context
case1,regex_baseline,url,ascii,43067011,https://web.dev/preload-optional-fonts/),https://web.dev/preload-optional-fonts/),,,,regex_match_no_context
case1,regex_baseline,url,ascii,43068233,https://web.dev/optimize-lcp/#optimize-when-the-resource-is-discovered).,https://web.dev/optimize-lcp,,,,regex_match_no_context
case1,regex_baseline,url,ascii,43072231,https://developer.chrome.com/docs/lighthouse/performance/redirects/).,https://developer.chrome.com/docs/lighthouse/performance/redirects/).,,,,regex_match_no_context
case1,regex_baseline,url,ascii,43074399,https://web.dev/use-lighthouse-for-performance-budgets/).,https://web.dev/use-lighthouse-for-performance-budgets/).,,,,regex_match_no_context
case1,regex_baseline,url,ascii,43081429,https://developer.chrome.com/docs/lighthouse/seo/canonical/).,https://developer.chrome.com/docs/lighthouse/seo/canonical/).,,,,regex_match_no_context
case1,regex_baseline,url,ascii,43083971,https://support.google.com/webmasters/answer/9112205),https://support.google.com/webmasters/answer/9112205),,,,regex_match_no_context
case1,regex_baseline,url,ascii,43089901,https://developer.chrome.com/docs/lighthouse/seo/font-size/).,https://developer.chrome.com/docs/lighthouse/seo/font-size/).,,,,regex_match_no_context
case1,regex_baseline,url,ascii,43117591,https://developer.chrome.com/docs/lighthouse/seo/hreflang/).,https://developer.chrome.com/docs/lighthouse/seo/hreflang/).,,,,regex_match_no_context
case1,regex_baseline,url,ascii,43119512,https://developer.chrome.com/docs/lighthouse/seo/http-status-code/).,https://developer.chrome.com/docs/lighthouse/seo/http-status-code/).,,,,regex_match_no_context
case1,regex_baseline,url,ascii,43121098,http://robots-relative.samclarke.com/,http://robots-relative.samclarke.com,,,,regex_match_no_context
case1,regex_baseline,url,ascii,43123792,https://developer.chrome.com/docs/lighthouse/seo/is-crawlable/).,https://developer.chrome.com/docs/lighthouse/seo/is-crawlable/).,,,,regex_match_no_context
case1,regex_baseline,url,ascii,43127264,https://developer.chrome.com/docs/lighthouse/seo/link-text/).,https://developer.chrome.com/docs/lighthouse/seo/link-text/).,,,,regex_match_no_context
case1,regex_baseline,url,ascii,43128399,https://search.google.com/structured-data/testing-tool/),https://search.google.com/structured-data/testing-tool/),,,,regex_match_no_context
case1,regex_baseline,url,ascii,43128489,http://linter.structured-data.org/),http://linter.structured-data.org/),,,,regex_match_no_context
case1,regex_baseline,url,ascii,43128589,https://developer.chrome.com/docs/lighthouse/seo/structured-data/).,https://developer.chrome.com/docs/lighthouse/seo/structured-data/).,,,,regex_match_no_context
case1,regex_baseline,url,ascii,43129246,https://developer.chrome.com/docs/lighthouse/seo/meta-description/).,https://developer.chrome.com/docs/lighthouse/seo/meta-description/).,,,,regex_match_no_context
case1,regex_baseline,url,ascii,43130352,https://developer.chrome.com/docs/lighthouse/seo/plugins/).,https://developer.chrome.com/docs/lighthouse/seo/plugins/).,,,,regex_match_no_context
case1,regex_baseline,url,ascii,43132047,https://developer.chrome.com/docs/lighthouse/seo/invalid-robots-txt/).,https://developer.chrome.com/docs/lighthouse/seo/invalid-robots-txt/).,,,,regex_match_no_context
case1,regex_baseline,url,ascii,43135675,https://developer.chrome.com/docs/lighthouse/seo/tap-targets/).,https://developer.chrome.com/docs/lighthouse/seo/tap-targets/).,,,,regex_match_no_context
case1,regex_baseline,url,ascii,43139584,https://developer.chrome.com/docs/lighthouse/performance/time-to-first-byte/).,https://developer.chrome.com/docs/lighthouse/performance/time-to-first-byte/).,,,,regex_match_no_context
case1,regex_baseline,url,ascii,43141117,https://developer.chrome.com/docs/lighthouse/pwa/service-worker/).,https://developer.chrome.com/docs/lighthouse/pwa/service-worker/).,,,,regex_match_no_context
case1,regex_baseline,url,ascii,43144227,https://developer.chrome.com/docs/lighthouse/pwa/splash-screen/).,https://developer.chrome.com/docs/lighthouse/pwa/splash-screen/).,,,,regex_match_no_context
case1,regex_baseline,url,ascii,43145334,https://developer.chrome.com/docs/lighthouse/pwa/themed-omnibox/).,https://developer.chrome.com/docs/lighthouse/pwa/themed-omnibox/).,,,,regex_match_no_context
case1,regex_baseline,url,ascii,43146778,https://developers.google.com/web/fundamentals/performance/optimizing-content-efficiency/loading-third-party-javascript/).,https://developers.google.com/web/fundamentals/performance/optimizing-content-efficiency/loading-third-party-javascript/).,,,,regex_match_no_context
case1,regex_baseline,url,ascii,43150257,https://developer.chrome.com/docs/lighthouse/performance/third-party-facades/).,https://developer.chrome.com/docs/lighthouse/performance/third-party-facades/).,,,,regex_match_no_context
case1,regex_baseline,url,ascii,43156094,https://web.dev/optimize-cls/#images-without-dimensions),https://web.dev/optimize-cls,,,,regex_match_no_context
case1,regex_baseline,url,ascii,43158906,https://developer.chrome.com/docs/lighthouse/performance/user-timings/).,https://developer.chrome.com/docs/lighthouse/performance/user-timings/).,,,,regex_match_no_context
case1,regex_baseline,url,ascii,43160595,https://developer.chrome.com/docs/lighthouse/performance/uses-rel-preconnect/).,https://developer.chrome.com/docs/lighthouse/performance/uses-rel-preconnect/).,,,,regex_match_no_context
case1,regex_baseline,url,ascii,43164243,https://developer.chrome.com/docs/lighthouse/performance/uses-rel-preload/).,https://developer.chrome.com/docs/lighthouse/performance/uses-rel-preload/).,,,,regex_match_no_context
case1,regex_baseline,url,ascii,43168718,https://developers.google.com/web/tools/chrome-devtools/javascript/source-maps).,https://developers.google.com/web/tools/chrome-devtools/javascript/source-maps).,,,,regex_match_no_context
case1,regex_baseline,url,ascii,43171145,https://developer.chrome.com/blog/300ms-tap-delay-gone-away/).,https://developer.chrome.com/blog/300ms-tap-delay-gone-away/).,,,,regex_match_no_context
case1,regex_baseline,url,ascii,43171255,https://developer.chrome.com/docs/lighthouse/pwa/viewport/).,https://developer.chrome.com/docs/lighthouse/pwa/viewport/).,,,,regex_match_no_context
case1,regex_baseline,url,ascii,43179132,https://developers.google.com/publisher-ads-audits/reference),https://developers.google.com/publisher-ads-audits/reference),,,,regex_match_no_context
case1,regex_baseline,url,ascii,43200715,https://developers.google.com/publisher-ads-audits/reference/audits/ad-blocking-tasks).,https://developers.google.com/publisher-ads-audits/reference/audits/ad-blocking-tasks).,,,,regex_match_no_context
case1,regex_baseline,url,ascii,43202914,https://developers.google.com/web/tools/lighthouse/audits/blocking-resources).,https://developers.google.com/web/tools/lighthouse/audits/blocking-resources).,,,,regex_match_no_context
case1,regex_baseline,url,ascii,43208281,https://developers.google.com/publisher-ads-audits/reference/audits/ad-request-critical-path).,https://developers.google.com/publisher-ads-audits/reference/audits/ad-request-critical-path).,,,,regex_match_no_context
case1,regex_baseline,url,ascii,43211321,https://developers.google.com/publisher-ads-audits/reference/audits/bid-request-from-page-start).,https://developers.google.com/publisher-ads-audits/reference/audits/bid-request-from-page-start).,,,,regex_match_no_context
case1,regex_baseline,url,ascii,43212735,https://developers.google.com/publisher-ads-audits/reference/audits/ad-request-from-page-start).,https://developers.google.com/publisher-ads-audits/reference/audits/ad-request-from-page-start).,,,,regex_match_no_context
case1,regex_baseline,url,ascii,43214214,https://developers.google.com/publisher-ads-audits/reference/audits/ad-top-of-viewport).,https://developers.google.com/publisher-ads-audits/reference/audits/ad-top-of-viewport).,,,,regex_match_no_context
case1,regex_baseline,url,ascii,43216030,https://developers.google.com/doubleclick-gpt/reference#googletag.PubAdsService_enableLazyLoad).,https://developers.google.com/doubleclick-gpt/reference,,,,regex_match_no_context
case1,regex_baseline,url,ascii,43216140,https://developers.google.com/publisher-ads-audits/reference/audits/ads-in-viewport).,https://developers.google.com/publisher-ads-audits/reference/audits/ads-in-viewport).,,,,regex_match_no_context
case1,regex_baseline,url,ascii,43217794,https://developers.google.com/publisher-ads-audits/reference/audits/async-ad-tags).,https://developers.google.com/publisher-ads-audits/reference/audits/async-ad-tags).,,,,regex_match_no_context
case1,regex_baseline,url,ascii,43218950,https://developers.google.com/publisher-ads-audits/reference/audits/blocking-load-events).,https://developers.google.com/publisher-ads-audits/reference/audits/blocking-load-events).,,,,regex_match_no_context
case1,regex_baseline,url,ascii,43222047,https://developers.google.com/publisher-ads-audits/reference/audits/bottleneck-requests).,https://developers.google.com/publisher-ads-audits/reference/audits/bottleneck-requests).,,,,regex_match_no_context
case1,regex_baseline,url,ascii,43223779,https://developers.google.com/publisher-ads-audits/reference/audits/duplicate-tags).,https://developers.google.com/publisher-ads-audits/reference/audits/duplicate-tags).,,,,regex_match_no_context
case1,regex_baseline,url,ascii,43226482,https://developers.google.com/publisher-ads-audits/reference/audits/first-ad-render).,https://developers.google.com/publisher-ads-audits/reference/audits/first-ad-render).,,,,regex_match_no_context
case1,regex_baseline,url,ascii,43229278,https://developers.google.com/publisher-ads-audits/reference/audits/gpt-bids-parallel).,https://developers.google.com/publisher-ads-audits/reference/audits/gpt-bids-parallel).,,,,regex_match_no_context
case1,regex_baseline,url,ascii,43230907,https://developers.google.com/publisher-ads-audits/reference/audits/loads-gpt-from-official-source).,https://developers.google.com/publisher-ads-audits/reference/audits/loads-gpt-from-official-source).,,,,regex_match_no_context
case1,regex_baseline,url,ascii,43231989,https://securepubads.g.doubleclick.net/tag/js/gpt.js,https://securepubads.g.doubleclick.net/tag/js/gpt.js,,,,regex_match_no_context
case1,regex_baseline,url,ascii,43232082,https://pagead2.googlesyndication.com/pagead/js/adsbygoogle.js,https://pagead2.googlesyndication.com/pagead/js/adsbygoogle.js,,,,regex_match_no_context
case1,regex_baseline,url,ascii,43232162,https://developers.google.com/publisher-ads-audits/reference/audits/loads-ad-tag-over-https).,https://developers.google.com/publisher-ads-audits/reference/audits/loads-ad-tag-over-https).,,,,regex_match_no_context
case1,regex_baseline,url,ascii,43233362,https://developers.google.com/publisher-ads-audits/reference/audits/script-injected-tags).,https://developers.google.com/publisher-ads-audits/reference/audits/script-injected-tags).,,,,regex_match_no_context
case1,regex_baseline,url,ascii,43236289,https://developers.google.com/publisher-ads-audits/reference/audits/serial-header-bidding).,https://developers.google.com/publisher-ads-audits/reference/audits/serial-header-bidding).,,,,regex_match_no_context
case1,regex_baseline,url,ascii,43239596,https://developers.google.com/publisher-ads-audits/reference/audits/tag-load-time).,https://developers.google.com/publisher-ads-audits/reference/audits/tag-load-time).,,,,regex_match_no_context
case1,regex_baseline,url,ascii,43240906,https://developers.google.com/publisher-ads-audits/reference/audits/viewport-ad-density).,https://developers.google.com/publisher-ads-audits/reference/audits/viewport-ad-density).,,,,regex_match_no_context
case1,regex_baseline,url,ascii,43242751,https://developers.google.com/publisher-ads-audits/reference/audits/cumulative-ad-shift).,https://developers.google.com/publisher-ads-audits/reference/audits/cumulative-ad-shift).,,,,regex_match_no_context
case1,regex_baseline,url,ascii,43245256,https://developers.google.com/publisher-ads-audits/reference/audits/deprecated-gpt-api-usage).,https://developers.google.com/publisher-ads-audits/reference/audits/deprecated-gpt-api-usage).,,,,regex_match_no_context
case1,regex_baseline,url,ascii,43246729,https://developers.google.com/publisher-ads-audits/reference/audits/gpt-errors-overall).,https://developers.google.com/publisher-ads-audits/reference/audits/gpt-errors-overall).,,,,regex_match_no_context
case1,regex_baseline,url,ascii,43248205,https://developers.google.com/publisher-ads-audits/reference/audits/total-ad-blocking-time).,https://developers.google.com/publisher-ads-audits/reference/audits/total-ad-blocking-time).,,,,regex_match_no_context
case1,regex_baseline,url,ascii,45309471,https://developer.chrome.com/blog/new-in-devtools-92/#protocol-monitor,https://developer.chrome.com/blog/new-in-devtools-92,,,,regex_match_no_context
case1,regex_baseline,url,ascii,45309739,https://developer.chrome.com/blog/new-in-devtools-89/#csp,https://developer.chrome.com/blog/new-in-devtools-89,,,,regex_match_no_context
case1,regex_baseline,url,ascii,45310389,https://developer.chrome.com/blog/new-in-devtools-88/#keyboard-shortcuts,https://developer.chrome.com/blog/new-in-devtools-88,,,,regex_match_no_context
case1,regex_baseline,url,ascii,45311303,https://developer.chrome.com/blog/wasm-debugging-2020/,https://developer.chrome.com/blog/wasm-debugging-2020,,,,regex_match_no_context
case1,regex_baseline,url,ascii,45312392,https://developer.chrome.com/blog/new-in-devtools-90/#accesibility-tree,https://developer.chrome.com/blog/new-in-devtools-90,,,,regex_match_no_context
case1,regex_baseline,url,ascii,45312467,https://g.co/devtools/a11y-tree-feedback,https://g.co/devtools/a11y-tree-feedback,,,,regex_match_no_context
case1,regex_baseline,url,ascii,45313247,https://developer.chrome.com/blog/new-in-devtools-96/#length,https://developer.chrome.com/blog/new-in-devtools-96,,,,regex_match_no_context
case1,regex_baseline,url,ascii,45313311,https://g.co/devtools/length-feedback,https://g.co/devtools/length-feedback,,,,regex_match_no_context
case1,regex_baseline,url,ascii,45314205,https://goo.gle/authored-deployed,https://goo.gle/authored-deployed,,,,regex_match_no_context
case1,regex_baseline,url,ascii,45314242,https://goo.gle/authored-deployed-feedback,https://goo.gle/authored-deployed-feedback,,,,regex_match_no_context
case1,regex_baseline,url,ascii,45347254,https://nodejs.org/static/images/logos/nodejs-new-pantone-black.svg,https://nodejs.org/static/images/logos/nodejs-new-pantone-black.svg,,,,regex_match_no_context
case1,regex_baseline,url,ascii,45349007,https://nodejs.org/en/docs/inspector/,https://nodejs.org/en/docs/inspector,,,,regex_match_no_context
case1,regex_baseline,url,ascii,45370304,http://www.w3.org/1999/xhtml,http://www.w3.org/1999/xhtml,,,,regex_match_no_context
case1,regex_baseline,url,ascii,46280633,https://tools.ietf.org/id/draft-ietf-httpbis-header-structure-15.html#rfc.section.4.2.2,https://tools.ietf.org/id/draft-ietf-httpbis-header-structure-15.html,,,,regex_match_no_context
case1,regex_baseline,url,ascii,46281099,https://wicg.github.io/attribution-reporting-api/validate-headers,https://wicg.github.io/attribution-reporting-api/validate-headers,,,,regex_match_no_context
case1,regex_baseline,url,ascii,46287111,https://wicg.github.io/client-hints-infrastructure/,https://wicg.github.io/client-hints-infrastructure,,,,regex_match_no_context
case1,regex_baseline,url,ascii,46290001,https://developers.google.com/web/fundamentals/security/csp#source_allowlists,https://developers.google.com/web/fundamentals/security/csp,,,,regex_match_no_context
case1,regex_baseline,url,ascii,46290752,https://web.dev/trusted-types/#fix-the-violations,https://web.dev/trusted-types,,,,regex_match_no_context
case1,regex_baseline,url,ascii,46302069,https://web.dev/samesite-cookies-explained/,https://web.dev/samesite-cookies-explained,,,,regex_match_no_context
case1,regex_baseline,url,ascii,46303932,https://web.dev/schemeful-samesite/,https://web.dev/schemeful-samesite,,,,regex_match_no_context
case1,regex_baseline,url,ascii,46306079,https://developer.chrome.com/blog/first-party-sets-sameparty/,https://developer.chrome.com/blog/first-party-sets-sameparty,,,,regex_match_no_context
case1,regex_baseline,url,ascii,46315804,https://developer.chrome.com/blog/private-network-access-update,https://developer.chrome.com/blog/private-network-access-update,,,,regex_match_no_context
case1,regex_baseline,url,ascii,46316507,https://web.dev/cross-origin-resource-sharing,https://web.dev/cross-origin-resource-sharing,,,,regex_match_no_context
case1,regex_baseline,url,ascii,46323226,https://web.dev/coop-coep/,https://web.dev/coop-coep,,,,regex_match_no_context
case1,regex_baseline,url,ascii,46323324,https://web.dev/same-site-same-origin/,https://web.dev/same-site-same-origin,,,,regex_match_no_context
case1,regex_baseline,url,ascii,46329742,https://fedidcg.github.io/FedCM/,https://fedidcg.github.io/FedCM,,,,regex_match_no_context
case1,regex_baseline,url,ascii,46336733,https://github.com/WICG/portals#same-origin-communication-channels,https://github.com/WICG/portals,,,,regex_match_no_context
case1,regex_baseline,url,ascii,46336992,https://html.spec.whatwg.org/multipage/forms.html#attr-label-for,https://html.spec.whatwg.org/multipage/forms.html,,,,regex_match_no_context
case1,regex_baseline,url,ascii,46337496,https://web.dev/learn/forms/autofill/#how-does-autofill-work,https://web.dev/learn/forms/autofill,,,,regex_match_no_context
case1,regex_baseline,url,ascii,46337773,https://developer.mozilla.org/en-US/docs/Web/HTML/Element/label,https://developer.mozilla.org/en-US/docs/Web/HTML/Element/label,,,,regex_match_no_context
case1,regex_baseline,url,ascii,46338066,https://developer.mozilla.org/en-US/docs/Web/HTML/Element/input,https://developer.mozilla.org/en-US/docs/Web/HTML/Element/input,,,,regex_match_no_context
case1,regex_baseline,url,ascii,46338393,https://developer.mozilla.org/en-US/docs/Web/HTML/Attributes/autocomplete#values,https://developer.mozilla.org/en-US/docs/Web/HTML/Attributes/autocomplete,,,,regex_match_no_context
case1,regex_baseline,url,ascii,46342607,https://developers.google.com/web/updates/2020/05/heavy-ad-interventions,https://developers.google.com/web/updates/2020/05/heavy-ad-interventions,,,,regex_match_no_context
case1,regex_baseline,url,ascii,46360815,https://web.dev/color-and-contrast-accessibility/,https://web.dev/color-and-contrast-accessibility,,,,regex_match_no_context
case1,regex_baseline,url,ascii,46365786,https://web.dev/what-is-mixed-content/,https://web.dev/what-is-mixed-content,,,,regex_match_no_context
case1,regex_baseline,url,ascii,46367903,https://blog.chromium.org/2021/09/user-agent-reduction-origin-trial-and-dates.html,https://blog.chromium.org/2021/09/user-agent-reduction-origin-trial-and-dates.html,,,,regex_match_no_context
case1,regex_baseline,url,ascii,46370056,https://web.dev/doctype/,https://web.dev/doctype,,,,regex_match_no_context
case1,regex_baseline,url,ascii,46379990,https://blog.chromium.org/2020/06/changes-to-quality-criteria-for-pwas.html,https://blog.chromium.org/2020/06/changes-to-quality-criteria-for-pwas.html,,,,regex_match_no_context
case1,regex_baseline,url,ascii,47270007,https://web.dev/add-manifest/,https://web.dev/add-manifest,,,,regex_match_no_context
case1,regex_baseline,url,ascii,47277065,https://developer.chrome.com/blog/pwa-manifest-id/,https://developer.chrome.com/blog/pwa-manifest-id,,,,regex_match_no_context
case1,regex_baseline,url,ascii,47282712,https://web.dev/maskable-icon/,https://web.dev/maskable-icon,,,,regex_match_no_context
case1,regex_baseline,url,ascii,47290591,https://developer.chrome.com/blog/improved-pwa-offline-detection/,https://developer.chrome.com/blog/improved-pwa-offline-detection,,,,regex_match_no_context
case1,regex_baseline,url,ascii,47303744,https://developer.chrome.com/docs/devtools/storage/localstorage/?utm_source=devtools,https://developer.chrome.com/docs/devtools/storage/localstorage?utm_source=devtools,,,,regex_match_no_context
case1,regex_baseline,url,ascii,47304263,https://developer.chrome.com/docs/devtools/storage/sessionstorage/?utm_source=devtools,https://developer.chrome.com/docs/devtools/storage/sessionstorage?utm_source=devtools,,,,regex_match_no_context
case1,regex_baseline,url,ascii,47304709,https://developer.chrome.com/docs/devtools/storage/indexeddb/?utm_source=devtools,https://developer.chrome.com/docs/devtools/storage/indexeddb?utm_source=devtools,,,,regex_match_no_context
case1,regex_baseline,url,ascii,47305033,https://developer.chrome.com/docs/devtools/storage/websql/?utm_source=devtools,https://developer.chrome.com/docs/devtools/storage/websql?utm_source=devtools,,,,regex_match_no_context
case1,regex_baseline,url,ascii,47305505,https://developer.chrome.com/docs/devtools/storage/cookies/?utm_source=devtools,https://developer.chrome.com/docs/devtools/storage/cookies?utm_source=devtools,,,,regex_match_no_context
case1,regex_baseline,url,ascii,47385003,https://developer.chrome.com/docs/devtools/javascript/background-services/?utm_source=devtools,https://developer.chrome.com/docs/devtools/javascript/background-services?utm_source=devtools,,,,regex_match_no_context
case1,regex_baseline,url,ascii,47492068,https://developer.chrome.com/docs/devtools/storage/cache/?utm_source=devtools,https://developer.chrome.com/docs/devtools/storage/cache?utm_source=devtools,,,,regex_match_no_context
case1,regex_baseline,url,ascii,47579850,https://developer.chrome.com/docs/devtools/progressive-web-apps#opaque-responses,https://developer.chrome.com/docs/devtools/progressive-web-apps,,,,regex_match_no_context
case1,regex_baseline,url,ascii,47669440,https://web.dev/why-coop-coep/,https://web.dev/why-coop-coep,,,,regex_match_no_context
case1,regex_baseline,url,ascii,47672712,https://web.dev/monitor-total-page-memory-usage/,https://web.dev/monitor-total-page-memory-usage,,,,regex_match_no_context
case1,regex_baseline,url,ascii,47706100,https://web.dev/url-protocol-handler/,https://web.dev/url-protocol-handler,,,,regex_match_no_context
case1,regex_baseline,url,ascii,47712012,https://web.dev/reporting-api/#report-status,https://web.dev/reporting-api,,,,regex_match_no_context
case1,regex_baseline,url,ascii,48225823,https://g.co/devtools/css-overview-feedback,https://g.co/devtools/css-overview-feedback,,,,regex_match_no_context
case1,regex_baseline,url,ascii,48225887,https://developer.chrome.com/docs/devtools/css-overview,https://developer.chrome.com/docs/devtools/css-overview,,,,regex_match_no_context
case1,regex_baseline,url,ascii,49280643,https://github.com/GoogleChrome/lighthouse/blob/HEAD/docs/user-flows.md,https://github.com/GoogleChrome/lighthouse/blob/HEAD/docs/user-flows.md,,,,regex_match_no_context
case1,regex_baseline,url,ascii,49280940,https://github.com/GoogleChrome/lighthouse/blob/master/docs/throttling.md#devtools-lighthouse-panel-throttling,https://github.com/GoogleChrome/lighthouse/blob/master/docs/throttling.md,,,,regex_match_no_context
case1,regex_baseline,url,ascii,49510266,http://www.google.com/bot.html),http://www.google.com/bot.html),,,,regex_match_no_context
case1,regex_baseline,url,ascii,49598597,https://developer.chrome.com/docs/devtools/network/?utm_source=devtools&utm_campaign=2019Q1,https://developer.chrome.com/docs/devtools/network?utm_source=devtools&utm_campaign=2019Q1,,,,regex_match_no_context
case1,regex_baseline,url,ascii,49762598,https://developer.chrome.com/en/docs/privacy-sandbox/chips/,https://developer.chrome.com/en/docs/privacy-sandbox/chips,,,,regex_match_no_context
case1,regex_baseline,url,ascii,49792410,https://developer.chrome.com/docs/devtools/network/reference/#provisional-headers,https://developer.chrome.com/docs/devtools/network/reference,,,,regex_match_no_context
case1,regex_baseline,url,ascii,49842507,https://web.dev/custom-metrics/#server-timing-api,https://web.dev/custom-metrics,,,,regex_match_no_context
case1,regex_baseline,url,ascii,49868175,https://github.com/WICG/webpackage,https://github.com/WICG/webpackage,,,,regex_match_no_context
case1,regex_baseline,url,ascii,49958495,https://web.dev/web-bundles/#explaining-web-bundles,https://web.dev/web-bundles,,,,regex_match_no_context
case1,regex_baseline,url,ascii,49974030,https://codepen.io/sosuke/pen/Pjoqqp,https://codepen.io/sosuke/pen/Pjoqqp,,,,regex_match_no_context
case1,regex_baseline,url,ascii,50327598,https://github.com/ChromeDevTools/rfcs/discussions/2,https://github.com/ChromeDevTools/rfcs/discussions/2,,,,regex_match_no_context
case1,regex_baseline,url,ascii,50357334,https://chromedevtools.github.io/devtools-protocol/tot/$,https://chromedevtools.github.io/devtools-protocol/tot/$,,,,regex_match_no_context
case1,regex_baseline,url,ascii,50570085,https://developer.chrome.com/docs/devtools/shortcuts/,https://developer.chrome.com/docs/devtools/shortcuts,,,,regex_match_no_context
case1,regex_baseline,url,ascii,50603375,https://developer.chrome.com/docs/devtools/,https://developer.chrome.com/docs/devtools,,,,regex_match_no_context
case1,regex_baseline,url,ascii,50642161,https://web.dev/user-agent-client-hints/,https://web.dev/user-agent-client-hints,,,,regex_match_no_context
case1,regex_baseline,url,ascii,50694944,https://goo.gle/devtools-loc,https://goo.gle/devtools-loc,,,,regex_match_no_context
case1,regex_baseline,url,ascii,50978972,https://developer.chrome.com/docs/devtools/workspaces/,https://developer.chrome.com/docs/devtools/workspaces,,,,regex_match_no_context
case1,regex_baseline,url,ascii,50980446,https://developers.google.com/web/updates/2018/01/devtools#overrides,https://developers.google.com/web/updates/2018/01/devtools,,,,regex_match_no_context
case1,regex_baseline,url,ascii,50983931,https://developer.chrome.com/extensions/content_scripts,https://developer.chrome.com/extensions/content_scripts,,,,regex_match_no_context
case1,regex_baseline,url,ascii,50984807,https://developer.chrome.com/docs/devtools/javascript/snippets/,https://developer.chrome.com/docs/devtools/javascript/snippets,,,,regex_match_no_context
case1,regex_baseline,url,ascii,51273411,https://web.dev/tbt/,https://web.dev/tbt,,,,regex_match_no_context
case1,regex_baseline,url,ascii,51441802,https://developer.chrome.com/docs/devtools/evaluate-performance/,https://developer.chrome.com/docs/devtools/evaluate-performance,,,,regex_match_no_context
case1,regex_baseline,url,ascii,51524371,https://web.dev/user-centric-performance-metrics/,https://web.dev/user-centric-performance-metrics,,,,regex_match_no_context
case1,regex_baseline,url,ascii,51524611,https://web.dev/lcp/,https://web.dev/lcp,,,,regex_match_no_context
case1,regex_baseline,url,ascii,51524739,https://web.dev/first-contentful-paint/,https://web.dev/first-contentful-paint,,,,regex_match_no_context
case1,regex_baseline,url,ascii,51540776,https://web.dev/cls/,https://web.dev/cls,,,,regex_match_no_context
case1,regex_baseline,url,ascii,51540900,https://web.dev/evolving-cls/,https://web.dev/evolving-cls,,,,regex_match_no_context
case1,regex_baseline,url,ascii,51567442,https://developers.google.com/web/fundamentals/performance/rendering/,https://developers.google.com/web/fundamentals/performance/rendering,,,,regex_match_no_context
case1,regex_baseline,url,ascii,51572128,https://developers.google.com/web/fundamentals/performance/rendering/avoid-large-complex-layouts-and-layout-thrashing#avoid-forced-synchronous-layouts,https://developers.google.com/web/fundamentals/performance/rendering/avoid-large-complex-layouts-and-layout-thrashing,,,,regex_match_no_context
case1,regex_baseline,url,ascii,51573260,https://web.dev/optimize-long-tasks/,https://web.dev/optimize-long-tasks,,,,regex_match_no_context
case1,regex_baseline,url,ascii,51573610,https://github.com/GoogleChrome/devtools-docs/issues/53,https://github.com/GoogleChrome/devtools-docs/issues/53,,,,regex_match_no_context
case1,regex_baseline,url,ascii,51705421,https://developers.google.com/web/updates/2018/05/webauthn,https://developers.google.com/web/updates/2018/05/webauthn,,,,regex_match_no_context
case1,regex_baseline,url,ascii,51751557,https://bugzilla.mozilla.org/show_bug.cgi?id=745678,https://bugzilla.mozilla.org/show_bug.cgi?id=745678,,,,regex_match_no_context
case1,regex_baseline,url,ascii,51861045,https://github.com/acornjs/acorn/issues/575,https://github.com/acornjs/acorn/issues/575,,,,regex_match_no_context
case1,regex_baseline,url,ascii,51878819,https://www.ecma-international.org/ecma-262/8.0/#prod-Pattern,https://www.ecma-international.org/ecma-262/8.0,,,,regex_match_no_context
case1,regex_baseline,url,ascii,51919072,https://github.com/estree/estree/blob/a27003adf4fd7bfad44de9cef372a2eacd527b1c/es5.md#regexpliteral,https://github.com/estree/estree/blob/a27003adf4fd7bfad44de9cef372a2eacd527b1c/es5.md,,,,regex_match_no_context
case1,regex_baseline,url,ascii,51932443,https://developer.mozilla.org/en-US/docs/SpiderMonkey/Parser_API,https://developer.mozilla.org/en-US/docs/SpiderMonkey/Parser_API,,,,regex_match_no_context
case1,regex_baseline,url,ascii,51949225,https://codemirror.net/LICENSE,https://codemirror.net/LICENSE,,,,regex_match_no_context
case1,regex_baseline,url,ascii,52157597,https://github.com/GoogleChrome/Lighthouse/issues,https://github.com/GoogleChrome/Lighthouse/issues,,,,regex_match_no_context
case1,regex_baseline,url,ascii,52166028,https://codepen.io/paulirish/pen/yEVMbP,https://codepen.io/paulirish/pen/yEVMbP,,,,regex_match_no_context
case1,regex_baseline,url,ascii,52180889,https://www.materialui.co/colors,https://www.materialui.co/colors,,,,regex_match_no_context
case1,regex_baseline,url,ascii,52211855,https://chromestatus.com/feature/6730096436051968*/,https://chromestatus.com/feature/6730096436051968*,,,,regex_match_no_context
case1,regex_baseline,url,ascii,52230920,https://web.dev/content-visibility/,https://web.dev/content-visibility,,,,regex_match_no_context
case1,regex_baseline,url,ascii,52235734,https://codepen.io/paulirish/pen/LmzEmK,https://codepen.io/paulirish/pen/LmzEmK,,,,regex_match_no_context
case1,regex_baseline,url,ascii,52253106,https://developers.google.com,https://developers.google.com,,,,regex_match_no_context
case1,regex_baseline,url,ascii,52253140,https://web.dev,https://web.dev,,,,regex_match_no_context
case1,regex_baseline,url,ascii,52253160,https://developer.chrome.com,https://developer.chrome.com,,,,regex_match_no_context
case1,regex_baseline,url,ascii,52263135,https://developers.google.com/web/tools/lighthouse/),https://developers.google.com/web/tools/lighthouse/),,,,regex_match_no_context
case1,regex_baseline,url,ascii,52294663,https://googlechrome.github.io/lighthouse/scorecalc/,https://googlechrome.github.io/lighthouse/scorecalc,,,,regex_match_no_context
case1,regex_baseline,url,ascii,52311548,http://localhost:7333,http://localhost:7333,,,,regex_match_no_context
case1,regex_baseline,url,ascii,52311574,https://googlechrome.github.io/lighthouse,https://googlechrome.github.io/lighthouse,,,,regex_match_no_context
case1,regex_baseline,url,ascii,52340791,https://github.com/GoogleChrome/lighthouse/pull/5065#discussion_r191926212,https://github.com/GoogleChrome/lighthouse/pull/5065,,,,regex_match_no_context
case1,regex_baseline,url,ascii,52340891,https://publicsuffix.org/learn/,https://publicsuffix.org/learn,,,,regex_match_no_context
case1,regex_baseline,url,ascii,52343454,https://...)),https://...)),,,,regex_match_no_context
case1,regex_baseline,url,ascii,52461996,https://github.com/google/safevalues/,https://github.com/google/safevalues,,,,regex_match_no_context
case1,regex_baseline,url,ascii,52462187,https://github.com/GoogleChrome/lighthouse/issues/12868,https://github.com/GoogleChrome/lighthouse/issues/12868,,,,regex_match_no_context
case1,regex_baseline,url,ascii,52464753,https://github.com/GoogleChrome/lighthouse/issues/12011,https://github.com/GoogleChrome/lighthouse/issues/12011,,,,regex_match_no_context
case1,regex_baseline,url,ascii,52489250,https://www.example.com).,https://www.example.com).,,,,regex_match_no_context
case1,regex_baseline,url,ascii,52513271,https://codepen.io/xgad/post/svg-radial-progress-meters,https://codepen.io/xgad/post/svg-radial-progress-meters,,,,regex_match_no_context
case1,regex_baseline,url,ascii,52559368,https://github.com/GoogleChrome/lighthouse/issues/1056,https://github.com/GoogleChrome/lighthouse/issues/1056,,,,regex_match_no_context
case1,regex_baseline,url,ascii,52559434,https://github.com/GoogleChrome/lighthouse/pull/9822,https://github.com/GoogleChrome/lighthouse/pull/9822,,,,regex_match_no_context
case1,regex_baseline,url,ascii,52560013,https://github.com/tc39/proposal-intl-duration-format,https://github.com/tc39/proposal-intl-duration-format,,,,regex_match_no_context
case1,regex_baseline,url,ascii,52597099,https://github.com/ChromeDevTools/devtools-frontend/blob/dd6a6d4153647c2a4203c327c595692c5e0a4256/front_end/dom_extension/DOMExtension.js#L809-L819,https://github.com/ChromeDevTools/devtools-frontend/blob/dd6a6d4153647c2a4203c327c595692c5e0a4256/front_end/dom_extension/DOMExtension.js,,,,regex_match_no_context
case1,regex_baseline,url,ascii,52599283,https://jsbench.me/2gkoxazvjl,https://jsbench.me/2gkoxazvjl,,,,regex_match_no_context
case1,regex_baseline,url,ascii,52615578,http://caniuse.com/#feat=clipboard.,http://caniuse.com,,,,regex_match_no_context
case1,regex_baseline,url,ascii,52637433,https://docs.google.com/document/d/1jnt3BqKB-4q3AE94UWFA0Gqspx8Sd_jivlB7gQMlmfk/edit,https://docs.google.com/document/d/1jnt3BqKB-4q3AE94UWFA0Gqspx8Sd_jivlB7gQMlmfk/edit,,,,regex_match_no_context
case1,regex_baseline,url,ascii,52673176,https://github.com/markedjs/marked,https://github.com/markedjs/marked,,,,regex_match_no_context
case1,regex_baseline,url,ascii,52676369,https://tools.ietf.org/html/rfc3986#section-3,https://tools.ietf.org/html/rfc3986,,,,regex_match_no_context
case1,regex_baseline,url,ascii,52679642,https://marked.js.org/#/USING_ADVANCED.md#options,https://marked.js.org,,,,regex_match_no_context
case1,regex_baseline,url,ascii,52679717,https://stackoverflow.com/a/5450113/806777,https://stackoverflow.com/a/5450113/806777,,,,regex_match_no_context
case1,regex_baseline,url,ascii,52739543,https://github.com/markedjs/marked.,https://github.com/markedjs/marked.,,,,regex_match_no_context
case1,regex_baseline,url,ascii,52748544,https://example.com,https://example.com,,,,regex_match_no_context
case1,regex_baseline,url,ascii,52750958,https://chromedevtools.github.io/devtools-protocol,https://chromedevtools.github.io/devtools-protocol,,,,regex_match_no_context
case1,regex_baseline,url,ascii,52758980,https://developer.chrome.com/extensions/background_pages,https://developer.chrome.com/extensions/background_pages,,,,regex_match_no_context
case1,regex_baseline,url,ascii,52763335,https://developer.mozilla.org/en-US/docs/Web/API/Web_Workers_API,https://developer.mozilla.org/en-US/docs/Web/API/Web_Workers_API,,,,regex_match_no_context
case1,regex_baseline,url,ascii,52774590,https://en.wikipedia.org/wiki/Screen_reader,https://en.wikipedia.org/wiki/Screen_reader,,,,regex_match_no_context
case1,regex_baseline,url,ascii,52774665,https://en.wikipedia.org/wiki/Switch_access,https://en.wikipedia.org/wiki/Switch_access,,,,regex_match_no_context
case1,regex_baseline,url,ascii,52811920,https://www.example.com/,https://www.example.com,,,,regex_match_no_context
case1,regex_baseline,url,ascii,52820219,https://html5demos.com,https://html5demos.com,,,,regex_match_no_context
case1,regex_baseline,url,ascii,52857789,https://github.com/ChromeDevTools/devtools-protocol/pull/113#issuecomment-412603285,https://github.com/ChromeDevTools/devtools-protocol/pull/113,,,,regex_match_no_context
case1,regex_baseline,url,ascii,52864574,https://github.com/aslushnikov/getting-started-with-cdp/blob/HEAD/README.md,https://github.com/aslushnikov/getting-started-with-cdp/blob/HEAD/README.md,,,,regex_match_no_context
case1,regex_baseline,url,ascii,52877414,https://github.com/istanbuljs,https://github.com/istanbuljs,,,,regex_match_no_context
case1,regex_baseline,url,ascii,52877471,https://github.com/istanbuljs/puppeteer-to-istanbul,https://github.com/istanbuljs/puppeteer-to-istanbul,,,,regex_match_no_context
case1,regex_baseline,url,ascii,52894998,https://www.npmjs.com/package/debug,https://www.npmjs.com/package/debug,,,,regex_match_no_context
case1,regex_baseline,url,ascii,52958180,https://developer.mozilla.org/en-US/docs/Web/API/Document/evaluate,https://developer.mozilla.org/en-US/docs/Web/API/Document/evaluate,,,,regex_match_no_context
case1,regex_baseline,url,ascii,52959165,https://google.com,https://google.com,,,,regex_match_no_context
case1,regex_baseline,url,ascii,52959198,https://bbc.com,https://bbc.com,,,,regex_match_no_context
case1,regex_baseline,url,ascii,52961261,https://developer.mozilla.org/en-US/docs/Web/XPath,https://developer.mozilla.org/en-US/docs/Web/XPath,,,,regex_match_no_context
case1,regex_baseline,url,ascii,52971958,https://nodejs.org/api/process.html#process_process_cwd,https://nodejs.org/api/process.html,,,,regex_match_no_context
case1,regex_baseline,url,ascii,52974662,https://developer.mozilla.org/en-US/docs/Web/API/HTMLElement/focus,https://developer.mozilla.org/en-US/docs/Web/API/HTMLElement/focus,,,,regex_match_no_context
case1,regex_baseline,url,ascii,52986352,https://en.wikipedia.org/wiki/Polygon#Simple_polygons,https://en.wikipedia.org/wiki/Polygon,,,,regex_match_no_context
case1,regex_baseline,url,ascii,52999794,https://developer.chrome.com/extensions,https://developer.chrome.com/extensions,,,,regex_match_no_context
case1,regex_baseline,url,ascii,53011896,https://developer.mozilla.org/en-US/docs/Web/HTML/Element/input/file#attr-multiple,https://developer.mozilla.org/en-US/docs/Web/HTML/Element/input/file,,,,regex_match_no_context
case1,regex_baseline,url,ascii,53016259,https://bugzilla.mozilla.org/show_bug.cgi?id=1610855,https://bugzilla.mozilla.org/show_bug.cgi?id=1610855,,,,regex_match_no_context
case1,regex_baseline,url,ascii,53016317,https://bugzilla.mozilla.org/show_bug.cgi?id=1636979,https://bugzilla.mozilla.org/show_bug.cgi?id=1636979,,,,regex_match_no_context
case1,regex_baseline,url,ascii,53031014,https://www.google.com/chrome/browser/canary.html,https://www.google.com/chrome/browser/canary.html,,,,regex_match_no_context
case1,regex_baseline,url,ascii,53033657,https://bugs.chromium.org/p/chromium/issues/detail?id=761295,https://bugs.chromium.org/p/chromium/issues/detail?id=761295,,,,regex_match_no_context
case1,regex_baseline,url,ascii,53036828,https://developer.mozilla.org/en-US/docs/Web/API/History_API,https://developer.mozilla.org/en-US/docs/Web/API/History_API,,,,regex_match_no_context
case1,regex_baseline,url,ascii,53107093,https://www.iana.org/assignments/http-status-codes/http-status-codes.xhtml,https://www.iana.org/assignments/http-status-codes/http-status-codes.xhtml,,,,regex_match_no_context
case1,regex_baseline,url,ascii,53122144,https://github.com/puppeteer/puppeteer/issues/1313,https://github.com/puppeteer/puppeteer/issues/1313,,,,regex_match_no_context
case1,regex_baseline,url,ascii,53123850,https://developer.mozilla.org/en-US/docs/Web/API/KeyboardEvent/repeat,https://developer.mozilla.org/en-US/docs/Web/API/KeyboardEvent/repeat,,,,regex_match_no_context
case1,regex_baseline,url,ascii,53132109,https://developer.mozilla.org/en-US/docs/Web/API/DocumentOrShadowRoot/getSelection,https://developer.mozilla.org/en-US/docs/Web/API/DocumentOrShadowRoot/getSelection,,,,regex_match_no_context
case1,regex_baseline,url,ascii,53137286,https://mdn.mozillademos.org/en-US/docs/Web/API/Element/wheel_event$samples/Scaling_an_element_via_the_wheel?revision=1587366,https://mdn.mozillademos.org/en-US/docs/Web/API/Element/wheel_event$samples/Scaling_an_element_via_the_wheel?revision=1587366,,,,regex_match_no_context
case1,regex_baseline,url,ascii,53153527,https://crrev.com/608658,https://crrev.com/608658,,,,regex_match_no_context
case1,regex_baseline,url,ascii,53170531,https://chromedevtools.github.io/devtools-protocol/tot/Runtime/#type-RemoteObject),https://chromedevtools.github.io/devtools-protocol/tot/Runtime,,,,regex_match_no_context
case1,regex_baseline,url,ascii,53225576,https://crbug.com/750469,https://crbug.com/750469,,,,regex_match_no_context
case1,regex_baseline,url,ascii,53225750,https://crbug.com/883475,https://crbug.com/883475,,,,regex_match_no_context
case1,regex_baseline,url,ascii,53251552,https://pptr.dev/next/guides/request-interception,https://pptr.dev/next/guides/request-interception,,,,regex_match_no_context
case1,regex_baseline,url,ascii,53254893,https://developer.mozilla.org/en-US/docs/Web/CSS/CSS_Selectors,https://developer.mozilla.org/en-US/docs/Web/CSS/CSS_Selectors,,,,regex_match_no_context
case1,regex_baseline,url,ascii,53281455,https://example.com/resource,https://example.com/resource,,,,regex_match_no_context
case1,regex_baseline,url,ascii,53297605,https://source.chromium.org/chromium/chromium/deps/icu.git/+/faee8bc70570192d82d2978a71e2a615788597d1:source/data/misc/metaZones.txt,https://source.chromium.org/chromium/chromium/deps/icu.git/+/faee8bc70570192d82d2978a71e2a615788597d1:source/data/misc/metaZones.txt,,,,regex_match_no_context
case1,regex_baseline,url,ascii,53299573,https://v8.dev/blog/10-years,https://v8.dev/blog/10-years,,,,regex_match_no_context
case1,regex_baseline,url,ascii,53308080,https://chromedevtools.github.io/devtools-protocol/tot/Page/#method-captureScreenshot,https://chromedevtools.github.io/devtools-protocol/tot/Page,,,,regex_match_no_context
case1,regex_baseline,url,ascii,53308753,https://crbug.com/741689,https://crbug.com/741689,,,,regex_match_no_context
case1,regex_baseline,url,ascii,53312684,https://developer.mozilla.org/en-US/docs/Web/CSS/-webkit-print-color-adjust,https://developer.mozilla.org/en-US/docs/Web/CSS/-webkit-print-color-adjust,,,,regex_match_no_context
case1,regex_baseline,url,ascii,53328586,https://api.github.com/users/$,https://api.github.com/users/$,,,,regex_match_no_context
case1,regex_baseline,url,ascii,53333707,https://github.com/puppeteer/puppeteer/issues/3865,https://github.com/puppeteer/puppeteer/issues/3865,,,,regex_match_no_context
case1,regex_baseline,url,ascii,53358710,https://en.wikipedia.org/wiki/Unix_time,https://en.wikipedia.org/wiki/Unix_time,,,,regex_match_no_context
case1,regex_baseline,url,ascii,53359607,https://en.wikipedia.org/wiki/Subject_Alternative_Name,https://en.wikipedia.org/wiki/Subject_Alternative_Name,,,,regex_match_no_context
case1,regex_baseline,url,ascii,53378388,https://chromedevtools.github.io/timeline-viewer/,https://chromedevtools.github.io/timeline-viewer,,,,regex_match_no_context
case1,regex_baseline,url,ascii,53443996,https://github.com/puppeteer/puppeteer/blob/main/src/injected/README.md),https://github.com/puppeteer/puppeteer/blob/main/src/injected/README.md),,,,regex_match_no_context
case1,regex_baseline,url,ascii,53482381,https://storage.googleapis.com,https://storage.googleapis.com,,,,regex_match_no_context
case1,regex_baseline,url,ascii,53482451,https://archive.mozilla.org/pub/firefox/nightly/latest-mozilla-central,https://archive.mozilla.org/pub/firefox/nightly/latest-mozilla-central,,,,regex_match_no_context
case1,regex_baseline,url,ascii,53484143,http://omahaproxy.appspot.com/,http://omahaproxy.appspot.com,,,,regex_match_no_context
case1,regex_baseline,url,ascii,53507256,https://nodejs.org/api/child_process.html#child_process_options_detached,https://nodejs.org/api/child_process.html,,,,regex_match_no_context
case1,regex_baseline,url,ascii,53516658,https://github.com/puppeteer/puppeteer/blob/main/docs/troubleshooting.md,https://github.com/puppeteer/puppeteer/blob/main/docs/troubleshooting.md,,,,regex_match_no_context
case1,regex_baseline,url,ascii,53535332,https://bugzilla.mozilla.org/show_bug.cgi?id=1543115,https://bugzilla.mozilla.org/show_bug.cgi?id=1543115,,,,regex_match_no_context
case1,regex_baseline,url,ascii,53540254,https://bit.ly/bug-1732263),https://bit.ly/bug-1732263),,,,regex_match_no_context
case1,regex_baseline,url,ascii,53542309,https://bugzilla.mozilla.org/show_bug.cgi?id=1710839,https://bugzilla.mozilla.org/show_bug.cgi?id=1710839,,,,regex_match_no_context
case1,regex_baseline,url,ascii,53560542,https://www.chromium.org/getting-involved/dev-channel,https://www.chromium.org/getting-involved/dev-channel,,,,regex_match_no_context
case1,regex_baseline,url,ascii,53560656,https://www.howtogeek.com/202825/what%E2%80%99s-the-difference-between-chromium-and-chrome/,https://www.howtogeek.com/202825/what%E2%80%99s-the-difference-between-chromium-and-chrome,,,,regex_match_no_context
case1,regex_baseline,url,ascii,53560851,https://chromium.googlesource.com/chromium/src/+/lkgr/docs/chromium_browser_vs_google_chrome.md,https://chromium.googlesource.com/chromium/src/+/lkgr/docs/chromium_browser_vs_google_chrome.md,,,,regex_match_no_context
case1,regex_baseline,url,ascii,53658711,https://github.com/WebAssembly/design/blob/master/BinaryEncoding.md,https://github.com/WebAssembly/design/blob/master/BinaryEncoding.md,,,,regex_match_no_context
case1,regex_baseline,url,ascii,53750371,https://github.com/WebAssembly/tool-conventions/blob/master/Linking.md,https://github.com/WebAssembly/tool-conventions/blob/master/Linking.md,,,,regex_match_no_context
case1,regex_baseline,url,ascii,54013463,https://www.w3.org/TR/WCAG21/#contrast-minimum,https://www.w3.org/TR/WCAG21,,,,regex_match_no_context
case1,regex_baseline,url,ascii,54013629,https://developers.google.com/web/updates/2020/08/devtools#accessible-color,https://developers.google.com/web/updates/2020/08/devtools,,,,regex_match_no_context
case1,regex_baseline,url,ascii,54013734,https://web.dev/strict-csp,https://web.dev/strict-csp,,,,regex_match_no_context
case1,regex_baseline,url,ascii,54014189,https://wikipedia.org/wiki/Punycode,https://wikipedia.org/wiki/Punycode,,,,regex_match_no_context
case1,regex_baseline,url,ascii,54014390,https://webrtc.org/web-apis/chrome/unified-plan/,https://webrtc.org/web-apis/chrome/unified-plan,,,,regex_match_no_context
case1,regex_baseline,url,ascii,54014648,https://developer.chrome.com/docs/extensions/mv3/,https://developer.chrome.com/docs/extensions/mv3,,,,regex_match_no_context
case1,regex_baseline,url,ascii,54023810,https://crbug.com/1227651,https://crbug.com/1227651,,,,regex_match_no_context
case1,regex_baseline,url,ascii,54796142,https://github.com/bgrins/spectrum,https://github.com/bgrins/spectrum,,,,regex_match_no_context
case1,regex_baseline,url,ascii,55495587,https://crbug.com/1122511,https://crbug.com/1122511,,,,regex_match_no_context
case1,regex_baseline,url,ascii,55551267,https://w3c.github.io/manifest/#icon-masks,https://w3c.github.io/manifest,,,,regex_match_no_context
case1,regex_baseline,url,ascii,55593026,https://docs.google.com/document/d/1QrSSRsJRzaQBY3zz73ZL84bTcFUV60yMtE5cuu6ED14,https://docs.google.com/document/d/1QrSSRsJRzaQBY3zz73ZL84bTcFUV60yMtE5cuu6ED14,,,,regex_match_no_context
case1,regex_baseline,url,ascii,61322246,https://accounts.google.com/OAuthLogin,https://accounts.google.com/OAuthLogin,,,,regex_match_no_context
case1,regex_baseline,url,ascii,61324822,https://accounts.google.com/AddSession,https://accounts.google.com/AddSession,,,,regex_match_no_context
case1,regex_baseline,url,ascii,61325942,https://accounts.google.com/Logout,https://accounts.google.com/Logout,,,,regex_match_no_context
case1,regex_baseline,url,ascii,61327510,https://oauthaccountmanager.googleapis.com/,https://oauthaccountmanager.googleapis.com,,,,regex_match_no_context
case1,regex_baseline,url,ascii,61327622,https://accounts.google.com/MergeSession,https://accounts.google.com/MergeSession,,,,regex_match_no_context
case1,regex_baseline,url,ascii,61376678,https://m.google.com/devicemanagement/data/api,https://m.google.com/devicemanagement/data/api,,,,regex_match_no_context
case1,regex_baseline,url,ascii,62184342,https://chromereporting-pa.googleapis.com/v1/events,https://chromereporting-pa.googleapis.com/v1/events,,,,regex_match_no_context
case1,regex_baseline,url,ascii,62187286,http://clients2.google.com/time/1/current,http://clients2.google.com/time/1/current,,,,regex_match_no_context
case1,regex_baseline,url,ascii,62188438,https://chromereporting-pa.googleapis.com/v1/record,https://chromereporting-pa.googleapis.com/v1/record,,,,regex_match_no_context
case1,regex_baseline,url,ascii,62293958,https://myaccount.google.com/data-and-privacy?utm_source=ga-chrome-actions&utm_medium=managePrivacy,https://myaccount.google.com/data-and-privacy?utm_source=ga-chrome-actions&utm_medium=managePrivacy,,,,regex_match_no_context
case1,regex_baseline,url,ascii,62297654,https://myaccount.google.com/find-your-phone?utm_source=ga-chrome-actions&utm_medium=findYourPhone,https://myaccount.google.com/find-your-phone?utm_source=ga-chrome-actions&utm_medium=findYourPhone,,,,regex_match_no_context
case1,regex_baseline,url,ascii,62537912,https://lh3.googleusercontent.com/-_Lg7SdDKzcU/AAAAAAAAAAI/AAAAAAAAAAA/KIhM3z6R60Q/s48-c/photo.jpg,https://lh3.googleusercontent.com/-_Lg7SdDKzcU/AAAAAAAAAAI/AAAAAAAAAAA/KIhM3z6R60Q/s48-c/photo.jpg,,,,regex_match_no_context
case1,regex_baseline,url,ascii,63635830,"http://forensic.korea.ac.kr:80,*","http://forensic.korea.ac.kr:80,*",,,,regex_match_no_context
case1,regex_baseline,url,ascii,63636950,"https://myaccount.google.com:443,*","https://myaccount.google.com:443,*",,,,regex_match_no_context
case1,regex_baseline,url,ascii,63637286,"https://accounts.google.com:443,*","https://accounts.google.com:443,*",,,,regex_match_no_context
case1,regex_baseline,url,ascii,63637734,"https://accounts.google.co.kr:443,*","https://accounts.google.co.kr:443,*",,,,regex_match_no_context
case1,regex_baseline,url,ascii,63639862,"https://accounts.youtube.com:443,*","https://accounts.youtube.com:443,*",,,,regex_match_no_context
case1,regex_baseline,url,ascii,63649270,"https://geun-yeong.tistory.com:443,*","https://geun-yeong.tistory.com:443,*",,,,regex_match_no_context
case1,regex_baseline,url,ascii,63651622,"https://recruit.webtoonscorp.com:443,*","https://recruit.webtoonscorp.com:443,*",,,,regex_match_no_context
case1,regex_baseline,url,ascii,63816566,"https://www.chromium.org:443,*","https://www.chromium.org:443,*",,,,regex_match_no_context
case1,regex_baseline,url,ascii,63816662,"https://mail.google.com:443,*","https://mail.google.com:443,*",,,,regex_match_no_context
case1,regex_baseline,url,ascii,63816950,"https://arxiv.org:443,*","https://arxiv.org:443,*",,,,regex_match_no_context
case1,regex_baseline,url,ascii,63817046,"https://en.wikipedia.org:443,*","https://en.wikipedia.org:443,*",,,,regex_match_no_context
case1,regex_baseline,url,ascii,63817142,"https://github.com:443,*","https://github.com:443,*",,,,regex_match_no_context
case1,regex_baseline,url,ascii,63817430,"https://www.youtube.com:443,*","https://www.youtube.com:443,*",,,,regex_match_no_context
case1,regex_baseline,url,ascii,63817718,"https://ko.wikipedia.org:443,*","https://ko.wikipedia.org:443,*",,,,regex_match_no_context
case1,regex_baseline,url,ascii,63818102,"https://www.naver.com:443,*","https://www.naver.com:443,*",,,,regex_match_no_context
case1,regex_baseline,url,ascii,63819062,"https://comic.naver.com:443,*","https://comic.naver.com:443,*",,,,regex_match_no_context
case1,regex_baseline,url,ascii,63819158,"https://gds.google.com:443,*","https://gds.google.com:443,*",,,,regex_match_no_context
case1,regex_baseline,url,ascii,63819350,"https://stackoverflow.com:443,*","https://stackoverflow.com:443,*",,,,regex_match_no_context
case1,regex_baseline,url,ascii,63819446,"https://www.google.com:443,*","https://www.google.com:443,*",,,,regex_match_no_context
case1,regex_baseline,url,ascii,63819638,"https://www.ieee.org:443,*","https://www.ieee.org:443,*",,,,regex_match_no_context
case1,regex_baseline,url,ascii,63820598,"https://www.daum.net:443,*","https://www.daum.net:443,*",,,,regex_match_no_context
case1,regex_baseline,url,ascii,63820790,"https://www.kakaocorp.com:443,*","https://www.kakaocorp.com:443,*",,,,regex_match_no_context
case1,regex_baseline,url,ascii,63822230,"https://www.wikipedia.org:443,*","https://www.wikipedia.org:443,*",,,,regex_match_no_context
case1,regex_baseline,url,ascii,63896710,https://www.youtube.com/results?search_query=,https://www.youtube.com/results?search_query=,,,,regex_match_no_context
case1,regex_baseline,url,ascii,63925830,https://www.google.com/search?gs_ssp=eJzj4tTP1TcwMU02T1JgNGB0YPBiS8_PT89JBQBASQXT&q=google&oq=gi&sourceid=chrome&ie=UTF-8,https://www.google.com/search?gs_ssp=eJzj4tTP1TcwMU02T1JgNGB0YPBiS8_PT89JBQBASQXT&q=google&oq=gi&sourceid=chrome&ie=UTF-8,,,,regex_match_no_context
case1,regex_baseline,url,ascii,63926022,https://www.google.com/search?gs_ssp=eJzj4tLP1TcoqiwoyE1XYDRgdGDwYkvPLMkoTQIAWC4HFA&q=github&oq=git&sourceid=chrome&ie=UTF-8,https://www.google.com/search?gs_ssp=eJzj4tLP1TcoqiwoyE1XYDRgdGDwYkvPLMkoTQIAWC4HFA&q=github&oq=git&sourceid=chrome&ie=UTF-8,,,,regex_match_no_context
case1,regex_baseline,url,ascii,63926214,https://www.google.com/search?q=gif+%EC%9A%A9%EB%9F%89+%EC%A4%84%EC%9D%B4%EA%B8%B0&oq=git&sourceid=chrome&ie=UTF-8,https://www.google.com/search?q=gif+%EC%9A%A9%EB%9F%89+%EC%A4%84%EC%9D%B4%EA%B8%B0&oq=git&sourceid=chrome&ie=UTF-8,,,,regex_match_no_context
case1,regex_baseline,url,ascii,63926598,https://www.google.com/search?gs_ssp=eJzj4tLP1TcoqiwoyE1XYDRgdGDwYkvPLMkoTQIAWC4HFA&q=github&oq=gith&sourceid=chrome&ie=UTF-8,https://www.google.com/search?gs_ssp=eJzj4tLP1TcoqiwoyE1XYDRgdGDwYkvPLMkoTQIAWC4HFA&q=github&oq=gith&sourceid=chrome&ie=UTF-8,,,,regex_match_no_context
case1,regex_baseline,url,ascii,63928326,https://www.google.com/search?gs_ssp=eJzj4tLP1TcoqiwoyE1XYDRgdGDwYkvPLMkoTQIAWC4HFA&q=github&oq=github&sourceid=chrome&ie=UTF-8,https://www.google.com/search?gs_ssp=eJzj4tLP1TcoqiwoyE1XYDRgdGDwYkvPLMkoTQIAWC4HFA&q=github&oq=github&sourceid=chrome&ie=UTF-8,,,,regex_match_no_context
case1,regex_baseline,url,ascii,63928902,https://www.google.com/search?gs_ssp=eJzj4tLP1TcoqiwoyE1XYDRgdGDwYkvPLMkoTQIAWC4HFA&q=github&oq=githu&sourceid=chrome&ie=UTF-8,https://www.google.com/search?gs_ssp=eJzj4tLP1TcoqiwoyE1XYDRgdGDwYkvPLMkoTQIAWC4HFA&q=github&oq=githu&sourceid=chrome&ie=UTF-8,,,,regex_match_no_context
case1,regex_baseline,url,ascii,65832662,https://ogs.google.com/u/0/widget/app?awv2=1&origin=https%3A%2F%2Fwww.google.com&cn=app&pid=1&spid=538&hl=ko&dm=,https://ogs.google.com/u/0/widget/app?awv2=1&origin=https%3A%2F%2Fwww.google.com&cn=app&pid=1&spid=538&hl=ko&dm=,,,,regex_match_no_context
case1,regex_baseline,url,ascii,66246948,https://www.chromium.org/Home,https://www.chromium.org/Home,,,,regex_match_no_context
case1,regex_baseline,url,ascii,66264411,https://mail.google.com/,https://mail.google.com,,,,regex_match_no_context
case1,regex_baseline,url,ascii,66264451,https://mail.google.com/mail/u/0/,https://mail.google.com/mail/u/0,,,,regex_match_no_context
case1,regex_baseline,url,ascii,66266445,https://www.youtube.com/sw.js,https://www.youtube.com/sw.js,,,,regex_match_no_context
case1,regex_baseline,url,ascii,66839350,https://www.google.com/images/branding/product/ico/googleg_lodp.ico,https://www.google.com/images/branding/product/ico/googleg_lodp.ico,,,,regex_match_no_context
case1,regex_baseline,url,ascii,66925244,https://www.google.com/search?q=%ED%8F%AC%EB%A0%8C%EC%8B%9D+%EC%9C%84%ED%82%A4&oq=%ED%8F%AC%EB%A0%8C%EC%8B%9D+%EC%9C%84%ED%82%A4&gs_lcrp=EgZjaHJvbWUyBggAEEUYOdIBCDExOTFqMGo3qAIAsAIA&sourceid=chrome&ie=UTF-8,https://www.google.com/search?q=%ED%8F%AC%EB%A0%8C%EC%8B%9D+%EC%9C%84%ED%82%A4&oq=%ED%8F%AC%EB%A0%8C%EC%8B%9D+%EC%9C%84%ED%82%A4&gs_lcrp=EgZjaHJvbWUyBggAEEUYOdIBCDExOTFqMGo3qAIAsAIA&sourceid=chrome&ie=UTF-8,,,,regex_match_no_context
case1,regex_baseline,url,ascii,66926171,https://gmail.com/Gmail:,https://gmail.com/Gmail:,,,,regex_match_no_context
case1,regex_baseline,url,ascii,66926289,https://en.wikipedia.org/Wikipedia,https://en.wikipedia.org/Wikipedia,,,,regex_match_no_context
case1,regex_baseline,url,ascii,66926364,http://forensic.korea.ac.kr/DFRC,http://forensic.korea.ac.kr/DFRC,,,,regex_match_no_context
case1,regex_baseline,url,ascii,66926450,https://www.youtube.com/YouTube,https://www.youtube.com/YouTube,,,,regex_match_no_context
case1,regex_baseline,url,ascii,66926503,https://ieee.org/IEEE,https://ieee.org/IEEE,,,,regex_match_no_context
case1,regex_baseline,url,ascii,66926666,https://stackoverflow.com/Stack,https://stackoverflow.com/Stack,,,,regex_match_no_context
case1,regex_baseline,url,ascii,66926773,https://geun-yeong.tistory.com/Believe,https://geun-yeong.tistory.com/Believe,,,,regex_match_no_context
case1,regex_baseline,url,ascii,66926852,https://arxiv.org/arXiv.org,https://arxiv.org/arXiv.org,,,,regex_match_no_context
case1,regex_baseline,url,ascii,66926915,https://github.com/GitHub:,https://github.com/GitHub:,,,,regex_match_no_context
case1,regex_baseline,url,ascii,66926995,https://www.kakao.com/,https://www.kakao.com,,,,regex_match_no_context
case1,regex_baseline,url,ascii,66927046,https://www.daum.net/Daum,https://www.daum.net/Daum,,,,regex_match_no_context
case1,regex_baseline,url,ascii,66927091,https://www.naver.com/NAVER*,https://www.naver.com/NAVER*,,,,regex_match_no_context
case1,regex_baseline,url,ascii,66927138,https://www.google.com/Google,https://www.google.com/Google,,,,regex_match_no_context
case1,regex_baseline,url,ascii,66927187,https://google.com/Google,https://google.com/Google,,,,regex_match_no_context
case1,regex_baseline,url,ascii,67005261,https://www.youtube.com/$,https://www.youtube.com/$,,,,regex_match_no_context
case1,regex_baseline,url,ascii,67005290,https://www.naver.com/,https://www.naver.com,,,,regex_match_no_context
case1,regex_baseline,url,ascii,67006157,https://www.daum.net/,https://www.daum.net,,,,regex_match_no_context
case1,regex_baseline,url,ascii,67006183,https://www.chromium.org/,https://www.chromium.org,,,,regex_match_no_context
case1,regex_baseline,url,ascii,67006213,https://stackoverflow.com/,https://stackoverflow.com,,,,regex_match_no_context
case1,regex_baseline,url,ascii,67006244,https://ieee.org/,https://ieee.org,,,,regex_match_no_context
case1,regex_baseline,url,ascii,67006289,https://gmail.com/@,https://gmail.com/@,,,,regex_match_no_context
case1,regex_baseline,url,ascii,67006336,https://geun-yeong.tistory.com/,https://geun-yeong.tistory.com,,,,regex_match_no_context
case1,regex_baseline,url,ascii,67006372,https://en.wikipedia.org/,https://en.wikipedia.org,,,,regex_match_no_context
case1,regex_baseline,url,ascii,67006402,https://arxiv.org/,https://arxiv.org,,,,regex_match_no_context
case1,regex_baseline,url,ascii,67006425,http://forensic.korea.ac.kr/,http://forensic.korea.ac.kr,,,,regex_match_no_context
case1,regex_baseline,url,ascii,67168550,https://www.youtube.com/results?search_query=&page=&utm_source=opensearch,https://www.youtube.com/results?search_query=&page=&utm_source=opensearch,,,,regex_match_no_context
case1,regex_baseline,url,ascii,67169958,https://search.yahoo.com/search,https://search.yahoo.com/search,,,,regex_match_no_context
case1,regex_baseline,url,ascii,67327126,https://www.google.com/chrome/tips/,https://www.google.com/chrome/tips,,,,regex_match_no_context
case1,regex_baseline,url,ascii,67406566,https://ogs.google.com/u/0/widget/app?awv2=1&origin=chrome-untrusted%3A%2F%2Fnew-tab-page&origin=chrome%3A%2F%2Fnew-tab-page&cn=app&pid=1&spid=243&hl=en,https://ogs.google.com/u/0/widget/app?awv2=1&origin=chrome-untrusted%3A%2F%2Fnew-tab-page&origin=chrome%3A%2F%2Fnew-tab-page&cn=app&pid=1&spid=243&hl=en,,,,regex_match_no_context
case1,regex_baseline,url,ascii,67624230,https://www.google.com/tools/feedback/chrome/__submit,https://www.google.com/tools/feedback/chrome/__submit,,,,regex_match_no_context
case1,regex_baseline,url,ascii,67803558,https://optimizationguide-pa.googleapis.com/v1:GetHints,https://optimizationguide-pa.googleapis.com/v1:GetHints,,,,regex_match_no_context
case1,regex_baseline,url,ascii,68179802,https://www.ieee.org,https://www.ieee.org,,,,regex_match_no_context
case1,regex_baseline,url,ascii,68798374,https://securitydomain-pa.googleapis.com/v1/,https://securitydomain-pa.googleapis.com/v1,,,,regex_match_no_context
case1,regex_baseline,url,ascii,68835846,https://clients4.google.com/chrome-sync/dev,https://clients4.google.com/chrome-sync/dev,,,,regex_match_no_context
case1,regex_baseline,url,ascii,68839174,https://clients4.google.com/chrome-sync/dev/event,https://clients4.google.com/chrome-sync/dev/event,,,,regex_match_no_context
case1,regex_baseline,url,ascii,69226389,http://crl.usertrust.com/USERTrustECCCertificationAuthority.crl0v,http://crl.usertrust.com/USERTrustECCCertificationAuthority.crl0v,,,,regex_match_no_context
case1,regex_baseline,url,ascii,69226547,http://ocsp.usertrust.com0,http://ocsp.usertrust.com0,,,,regex_match_no_context
case1,regex_baseline,url,ascii,69479174,http://youtube.com/,http://youtube.com,,,,regex_match_no_context
case1,regex_baseline,url,ascii,69555722,https://recruit.webtoonscorp.com,https://recruit.webtoonscorp.com,,,,regex_match_no_context
case1,regex_baseline,url,ascii,70250070,https://accounts.google.com/CheckCookie?continue=https://mail.google.com/mail/&service=mail&checkedDomains=youtube&checkConnection=youtube:271:0&pstMsg=1&flowName=GlifWebSignIn&ifkv=AWnogHdB2R47P8_be1so0fF5AMBtyCl6BDwEB27tq1JXdNxmLP4oSim3J-gghyoQV3HJ_lsNV7yYDw&chtml=LoginDoneHtml&gidl=Em4IGhJiQUVqSEw0UFdyS0xyVU5GNW9oNVRTdUROdVdhU3hfRDhaRl9FRHlGZW00YXBEcXBKbmlOak1ESlowTGRGeFd0ZEl0RkFZVlZTVDhMWlI1SmVmMlByRnZUV1c2aTF6MmNaUXciBggpCEsQAg&flowEntry=ServiceLogin,https://accounts.google.com/CheckCookie?continue=https://mail.google.com/mail/&service=mail&checkedDomains=youtube&checkConnection=youtube:271:0&pstMsg=1&flowName=GlifWebSignIn&ifkv=AWnogHdB2R47P8_be1so0fF5AMBtyCl6BDwEB27tq1JXdNxmLP4oSim3J-gghyoQV3HJ_lsNV7yYDw&chtml=LoginDoneHtml&gidl=Em4IGhJiQUVqSEw0UFdyS0xyVU5GNW9oNVRTdUROdVdhU3hfRDhaRl9FRHlGZW00YXBEcXBKbmlOak1ESlowTGRGeFd0ZEl0RkFZVlZTVDhMWlI1SmVmMlByRnZUV1c2aTF6MmNaUXciBggpCEsQAg&flowEntry=ServiceLogin,,,,regex_match_no_context
case1,regex_baseline,url,ascii,70251158,https://gds.google.com/web/chip?ep=p&gdsid=-2084009212&authuser=0&hl=ko&continue=https://accounts.google.com/ServiceLogin?continue%3Dhttps%253A%252F%252Fmail.google.com%252Fmail%252F%26service%3Dmail%26hl%3Dko%26authuser%3D0%26passive%3Dtrue%26sarp%3D1%26aodrpl%3D1%26checkedDomains%3Dyoutube%26checkConnection%3Dyoutube%253A271%253A0%26pstMsg%3D1&service=mail&rapt=AEjHL4PWrKLrUNF5oh5TSuDNuWaSx_D8ZF_EDyFem4apDqpJniNjMDJZ0LdFxWtdItFAYVVST8LZR5Jef2PrFvTWW6i1z2cZQw&pli=1,https://gds.google.com/web/chip?ep=p&gdsid=-2084009212&authuser=0&hl=ko&continue=https://accounts.google.com/ServiceLogin?continue%3Dhttps%253A%252F%252Fmail.google.com%252Fmail%252F%26service%3Dmail%26hl%3Dko%26authuser%3D0%26passive%3Dtrue%26sarp%3D1%26aodrpl%3D1%26checkedDomains%3Dyoutube%26checkConnection%3Dyoutube%253A271%253A0%26pstMsg%3D1&service=mail&rapt=AEjHL4PWrKLrUNF5oh5TSuDNuWaSx_D8ZF_EDyFem4apDqpJniNjMDJZ0LdFxWtdItFAYVVST8LZR5Jef2PrFvTWW6i1z2cZQw&pli=1,,,,regex_match_no_context
case1,regex_baseline,url,ascii,70970358,https://www.gstatic.com/chrome/intelligence/assist/ranker/models/translate/2017/03/translate_ranker_model_20170329.pb.bin,https://www.gstatic.com/chrome/intelligence/assist/ranker/models/translate/2017/03/translate_ranker_model_20170329.pb.bin,,,,regex_match_no_context
case1,regex_baseline,url,ascii,71018630,https://accounts.google.com/v3/signin/challenge/pwd?TL=ALbfvL0LzpFXMwegg4QFOu3TKUFl0W-heK1rg6fzZ46OPxJuQIrcwoJtEbwy75uy&checkConnection=youtube%3A271%3A0&checkedDomains=youtube&cid=2&continue=https%3A%2F%2Fmail.google.com%2Fmail%2F&dsh=S-502362205%3A1677653382461634&flowEntry=ServiceLogin&flowName=GlifWebSignIn&ifkv=AWnogHdB2R47P8_be1so0fF5AMBtyCl6BDwEB27tq1JXdNxmLP4oSim3J-gghyoQV3HJ_lsNV7yYDw&pstMsg=1&rip=1&service=mail,https://accounts.google.com/v3/signin/challenge/pwd?TL=ALbfvL0LzpFXMwegg4QFOu3TKUFl0W-heK1rg6fzZ46OPxJuQIrcwoJtEbwy75uy&checkConnection=youtube%3A271%3A0&checkedDomains=youtube&cid=2&continue=https%3A%2F%2Fmail.google.com%2Fmail%2F&dsh=S-502362205%3A1677653382461634&flowEntry=ServiceLogin&flowName=GlifWebSignIn&ifkv=AWnogHdB2R47P8_be1so0fF5AMBtyCl6BDwEB27tq1JXdNxmLP4oSim3J-gghyoQV3HJ_lsNV7yYDw&pstMsg=1&rip=1&service=mail,,,,regex_match_no_context
case1,regex_baseline,url,ascii,71660614,https://googleusercontent.com/,https://googleusercontent.com,,,,regex_match_no_context
case1,regex_baseline,url,ascii,71996566,https://www.google.com/search?q=git&sourceid=chrome&ie=UTF-8,https://www.google.com/search?q=git&sourceid=chrome&ie=UTF-8,,,,regex_match_no_context
case1,regex_baseline,url,ascii,71997206,https://www.google.com/search?q=githu&sourceid=chrome&ie=UTF-8,https://www.google.com/search?q=githu&sourceid=chrome&ie=UTF-8,,,,regex_match_no_context
case1,regex_baseline,url,ascii,71999894,https://www.google.com/search?q=gi&sourceid=chrome&ie=UTF-8,https://www.google.com/search?q=gi&sourceid=chrome&ie=UTF-8,,,,regex_match_no_context
case1,regex_baseline,url,ascii,72000790,https://www.google.com/search?q=gith&sourceid=chrome&ie=UTF-8,https://www.google.com/search?q=gith&sourceid=chrome&ie=UTF-8,,,,regex_match_no_context
case1,regex_baseline,url,ascii,72001046,https://www.google.com/search?q=g&sourceid=chrome&ie=UTF-8,https://www.google.com/search?q=g&sourceid=chrome&ie=UTF-8,,,,regex_match_no_context
case1,regex_baseline,url,ascii,72100758,http://google.com/search?q=github.com&sourceid=chrome&ie=UTF-8,http://google.com/search?q=github.com&sourceid=chrome&ie=UTF-8,,,,regex_match_no_context
case1,regex_baseline,url,ascii,72104214,http://google.com/search?q=github.io&sourceid=chrome&ie=UTF-8,http://google.com/search?q=github.io&sourceid=chrome&ie=UTF-8,,,,regex_match_no_context
case1,regex_baseline,url,ascii,72116118,https://www.google.com/async/ddljson?async=ntp:2,https://www.google.com/async/ddljson?async=ntp:2,,,,regex_match_no_context
case1,regex_baseline,url,ascii,72210310,http://chromium.org/,http://chromium.org,,,,regex_match_no_context
case1,regex_baseline,url,ascii,72531974,http://forensic.korea.ac.kr/DFWIKI/index.php/%EB%8C%80%EB%AC%B8,http://forensic.korea.ac.kr/DFWIKI/index.php/%EB%8C%80%EB%AC%B8,,,,regex_match_no_context
case1,regex_baseline,url,ascii,74012443,http://gmail.com/@,http://gmail.com/@,,,,regex_match_no_context
case1,regex_baseline,url,ascii,74012467,http://en.wikipedia.org/,http://en.wikipedia.org,,,,regex_match_no_context
case1,regex_baseline,url,ascii,74012533,http://youtube.com/$,http://youtube.com/$,,,,regex_match_no_context
case1,regex_baseline,url,ascii,74012559,http://ieee.org/,http://ieee.org,,,,regex_match_no_context
case1,regex_baseline,url,ascii,74012582,http://arxiv.org/,http://arxiv.org,,,,regex_match_no_context
case1,regex_baseline,url,ascii,74012606,http://stackoverflow.com/,http://stackoverflow.com,,,,regex_match_no_context
case1,regex_baseline,url,ascii,74012638,http://github.com/k#,http://github.com/k,,,,regex_match_no_context
case1,regex_baseline,url,ascii,74012663,http://geun-yeong.tistory.com/,http://geun-yeong.tistory.com,,,,regex_match_no_context
case1,regex_baseline,url,ascii,74012700,http://kakao.com/,http://kakao.com,,,,regex_match_no_context
case1,regex_baseline,url,ascii,74012724,http://daum.net/,http://daum.net,,,,regex_match_no_context
case1,regex_baseline,url,ascii,74012747,http://naver.com/,http://naver.com,,,,regex_match_no_context
case1,regex_baseline,url,ascii,74016564,http://gmail.com/,http://gmail.com,,,,regex_match_no_context
case1,regex_baseline,url,ascii,74016745,http://github.com/,http://github.com,,,,regex_match_no_context
case1,regex_baseline,url,ascii,74061616,https://en.wikipedia.org/https://en.wikipedia.org/wiki/Best_evidence_ruleen.wikipedia.org/wiki/Best_evidence_rule,https://en.wikipedia.org/https://en.wikipedia.org/wiki/Best_evidence_ruleen.wikipedia.org/wiki/Best_evidence_rule,,,,regex_match_no_context
case1,regex_baseline,url,ascii,74061754,https://recruit.webtoonscorp.com/https://recruit.webtoonscorp.com/cnts/techrecruit.webtoonscorp.com/cnts/tech,https://recruit.webtoonscorp.com/https://recruit.webtoonscorp.com/cnts/techrecruit.webtoonscorp.com/cnts/tech,,,,regex_match_no_context
case1,regex_baseline,url,ascii,74061887,https://youtube.com/https://www.youtube.com/youtube.com,https://youtube.com/https://www.youtube.com/youtube.com,,,,regex_match_no_context
case1,regex_baseline,url,ascii,74081997,https://accounts.google.com/v3/signin/challenge/pwd?TL=ALbfvL0LzpFXMwegg4QFOu3TKUFl0W-heK1rg6fzZ46OPxJuQIrcwoJtEbwy75uy&checkConnection=youtube%3A271%3A0&checkedDomains=youtube&cid=2&continue=https%3A%2F%2Fmail.google.com%2Fmail%2F&dsh=S-502362205%3A1677653382461634&flowEntry=ServiceLogin&flowName=GlifWebSignIn&ifkv=AWnogHdB2R47P8_be1so0fF5AMBtyCl6BDwEB27tq1JXdNxmLP4oSim3J-gghyoQV3HJ_lsNV7yYDw&pstMsg=1&rip=1&service=mailL,https://accounts.google.com/v3/signin/challenge/pwd?TL=ALbfvL0LzpFXMwegg4QFOu3TKUFl0W-heK1rg6fzZ46OPxJuQIrcwoJtEbwy75uy&checkConnection=youtube%3A271%3A0&checkedDomains=youtube&cid=2&continue=https%3A%2F%2Fmail.google.com%2Fmail%2F&dsh=S-502362205%3A1677653382461634&flowEntry=ServiceLogin&flowName=GlifWebSignIn&ifkv=AWnogHdB2R47P8_be1so0fF5AMBtyCl6BDwEB27tq1JXdNxmLP4oSim3J-gghyoQV3HJ_lsNV7yYDw&pstMsg=1&rip=1&service=mailL,,,,regex_match_no_context
case1,regex_baseline,url,ascii,74090791,https://comic.naver.com/webtoon/weekdayList?week=sat,https://comic.naver.com/webtoon/weekdayList?week=sat,,,,regex_match_no_context
case1,regex_baseline,url,ascii,74090915,https://www.ieee.org//IEEE,https://www.ieee.org//IEEE,,,,regex_match_no_context
case1,regex_baseline,url,ascii,74092755,https://comic.naver.com/webtoon/detail?titleId=790713&no=98&weekday=fri,https://comic.naver.com/webtoon/detail?titleId=790713&no=98&weekday=fri,,,,regex_match_no_context
case1,regex_baseline,url,ascii,74092887,https://comic.naver.com/webtoon/list?titleId=790713&weekday=fri,https://comic.naver.com/webtoon/list?titleId=790713&weekday=fri,,,,regex_match_no_context
case1,regex_baseline,url,ascii,74093010,https://comic.naver.com/webtoon/weekdayList?week=fri,https://comic.naver.com/webtoon/weekdayList?week=fri,,,,regex_match_no_context
case1,regex_baseline,url,ascii,74093132,https://comic.naver.com/webtoon/detail?titleId=790713&no=98,https://comic.naver.com/webtoon/detail?titleId=790713&no=98,,,,regex_match_no_context
case1,regex_baseline,url,ascii,74093252,https://comic.naver.com/webtoon/detail?titleId=790713&no=99,https://comic.naver.com/webtoon/detail?titleId=790713&no=99,,,,regex_match_no_context
case1,regex_baseline,url,ascii,74093373,https://comic.naver.com/webtoon/detail?titleId=790713&no=100,https://comic.naver.com/webtoon/detail?titleId=790713&no=100,,,,regex_match_no_context
case1,regex_baseline,url,ascii,74093496,https://comic.naver.com/webtoon/detail?titleId=790713&no=101&weekday=tue,https://comic.naver.com/webtoon/detail?titleId=790713&no=101&weekday=tue,,,,regex_match_no_context
case1,regex_baseline,url,ascii,74093629,https://comic.naver.com/webtoon/list?titleId=790713&weekday=tue,https://comic.naver.com/webtoon/list?titleId=790713&weekday=tue,,,,regex_match_no_context
case1,regex_baseline,url,ascii,74093752,https://comic.naver.com/webtoon/weekdayList,https://comic.naver.com/webtoon/weekdayList,,,,regex_match_no_context
case1,regex_baseline,url,ascii,74093865,https://comic.naver.com/webtoon/weekdayList.nhn,https://comic.naver.com/webtoon/weekdayList.nhn,,,,regex_match_no_context
case1,regex_baseline,url,ascii,74094312,https://www.kakaocorp.com/page/,https://www.kakaocorp.com/page,,,,regex_match_no_context
case1,regex_baseline,url,ascii,74094429,https://www.kakaocorp.com/,https://www.kakaocorp.com,,,,regex_match_no_context
case1,regex_baseline,url,ascii,74095831,http://forensic.korea.ac.kr/DFWIKI/index.php/%EB%8D%B0%EC%9D%B4%ED%84%B0_%EA%B5%AC%EC%84%B1_%EB%8B%A8%EC%9C%84,http://forensic.korea.ac.kr/DFWIKI/index.php/%EB%8D%B0%EC%9D%B4%ED%84%B0_%EA%B5%AC%EC%84%B1_%EB%8B%A8%EC%9C%84,,,,regex_match_no_context
case1,regex_baseline,url,ascii,74096013,http://forensic.korea.ac.kr/DFWIKI/index.php/%ED%8C%8C%EC%9D%BC%EC%8B%9C%EC%8A%A4%ED%85%9C,http://forensic.korea.ac.kr/DFWIKI/index.php/%ED%8C%8C%EC%9D%BC%EC%8B%9C%EC%8A%A4%ED%85%9C,,,,regex_match_no_context
case1,regex_baseline,url,ascii,74096166,http://forensic.korea.ac.kr/DFWIKI/index.php/NTFSNTFS,http://forensic.korea.ac.kr/DFWIKI/index.php/NTFSNTFS,,,,regex_match_no_context
case1,regex_baseline,url,ascii,74096268,http://forensic.korea.ac.kr/DFWIKI/index.php/%EB%8C%80%EB%AC%B8Digital,http://forensic.korea.ac.kr/DFWIKI/index.php/%EB%8C%80%EB%AC%B8Digital,,,,regex_match_no_context
case1,regex_baseline,url,ascii,74096635,https://www.google.com/intl/ko_kr/chrome/Chrome,https://www.google.com/intl/ko_kr/chrome/Chrome,,,,regex_match_no_context
case1,regex_baseline,url,ascii,74096716,https://en.wikipedia.org/wiki/BlockchainBlockchain,https://en.wikipedia.org/wiki/BlockchainBlockchain,,,,regex_match_no_context
case1,regex_baseline,url,ascii,74096796,https://en.wikipedia.org/wiki/CryptocurrencyCryptocurrency,https://en.wikipedia.org/wiki/CryptocurrencyCryptocurrency,,,,regex_match_no_context
case1,regex_baseline,url,ascii,74096884,https://en.wikipedia.org/wiki/RansomwareRansomware,https://en.wikipedia.org/wiki/RansomwareRansomware,,,,regex_match_no_context
case1,regex_baseline,url,ascii,74096964,https://en.wikipedia.org/wiki/CybercrimeCybercrime,https://en.wikipedia.org/wiki/CybercrimeCybercrime,,,,regex_match_no_context
case1,regex_baseline,url,ascii,74097044,https://en.wikipedia.org/wiki/Computer_crimeCybercrime,https://en.wikipedia.org/wiki/Computer_crimeCybercrime,,,,regex_match_no_context
case1,regex_baseline,url,ascii,74097128,https://en.wikipedia.org/wiki/Digital_forensicsDigital,https://en.wikipedia.org/wiki/Digital_forensicsDigital,,,,regex_match_no_context
case1,regex_baseline,url,ascii,74097225,https://en.wikipedia.org/w/index.php?search=digital+forensics&title=Special%3ASearch&ns0=1Digital,https://en.wikipedia.org/w/index.php?search=digital+forensics&title=Special%3ASearch&ns0=1Digital,,,,regex_match_no_context
case1,regex_baseline,url,ascii,74097362,https://en.wikipedia.org/wiki/Main_PageWikipedia,https://en.wikipedia.org/wiki/Main_PageWikipedia,,,,regex_match_no_context
case1,regex_baseline,url,ascii,74097454,http://forensic.korea.ac.kr/DFWIKI/index.php/%EB%8D%B0%EC%9D%B4%ED%84%B0%EB%B2%A0%EC%9D%B4%EC%8A%A4,http://forensic.korea.ac.kr/DFWIKI/index.php/%EB%8D%B0%EC%9D%B4%ED%84%B0%EB%B2%A0%EC%9D%B4%EC%8A%A4,,,,regex_match_no_context
case1,regex_baseline,url,ascii,74097618,http://forensic.korea.ac.kr/DFWIKI/index.php/DB,http://forensic.korea.ac.kr/DFWIKI/index.php/DB,,,,regex_match_no_context
case1,regex_baseline,url,ascii,74097730,http://forensic.korea.ac.kr/DFWIKI/index.php/IOSIOS,http://forensic.korea.ac.kr/DFWIKI/index.php/IOSIOS,,,,regex_match_no_context
case1,regex_baseline,url,ascii,74097831,http://forensic.korea.ac.kr/DFWIKI/index.php/%EC%95%88%EB%93%9C%EB%A1%9C%EC%9D%B4%EB%93%9C,http://forensic.korea.ac.kr/DFWIKI/index.php/%EC%95%88%EB%93%9C%EB%A1%9C%EC%9D%B4%EB%93%9C,,,,regex_match_no_context
case1,regex_baseline,url,ascii,74097986,http://forensic.korea.ac.kr/DFWIKI/index.php/%EC%8A%A4%EB%A7%88%ED%8A%B8%ED%8F%B0,http://forensic.korea.ac.kr/DFWIKI/index.php/%EC%8A%A4%EB%A7%88%ED%8A%B8%ED%8F%B0,,,,regex_match_no_context
case1,regex_baseline,url,ascii,74098128,http://forensic.korea.ac.kr/DFWIKI/index.php/%EC%9A%B4%EC%98%81%EC%B2%B4%EC%A0%9C,http://forensic.korea.ac.kr/DFWIKI/index.php/%EC%9A%B4%EC%98%81%EC%B2%B4%EC%A0%9C,,,,regex_match_no_context
case1,regex_baseline,url,ascii,74098268,http://forensic.korea.ac.kr/DFWIKI/index.php/ExFATExFAT,http://forensic.korea.ac.kr/DFWIKI/index.php/ExFATExFAT,,,,regex_match_no_context
case1,regex_baseline,url,ascii,74098371,http://forensic.korea.ac.kr/DFWIKI/index.php/FAT32FAT,http://forensic.korea.ac.kr/DFWIKI/index.php/FAT32FAT,,,,regex_match_no_context
case1,regex_baseline,url,ascii,74098471,http://forensic.korea.ac.kr/DFWIKI/index.php/FATFAT,http://forensic.korea.ac.kr/DFWIKI/index.php/FATFAT,,,,regex_match_no_context
case1,regex_baseline,url,ascii,74098570,https://www.youtube.com/?themeRefresh=1YouTube,https://www.youtube.com?themeRefresh=1YouTube,,,,regex_match_no_context
case1,regex_baseline,url,ascii,74098687,https://comic.naver.com/webtoon/detail?titleId=790713&no=101&weekday=,https://comic.naver.com/webtoon/detail?titleId=790713&no=101&weekday=,,,,regex_match_no_context
case1,regex_baseline,url,ascii,74115604,https://github.com/https://github.com/github.comG,https://github.com/https://github.com/github.comG,,,,regex_match_no_context
case1,regex_baseline,url,ascii,74115672,https://google.com/https://www.google.com/google.comD,https://google.com/https://www.google.com/google.comD,,,,regex_match_no_context
case1,regex_baseline,url,ascii,74115744,https://naver.com/https://www.naver.com/naver.comD,https://naver.com/https://www.naver.com/naver.comD,,,,regex_match_no_context
case1,regex_baseline,url,ascii,74115813,https://naver.com/https://www.naver.com/naver.com,https://naver.com/https://www.naver.com/naver.com,,,,regex_match_no_context
case1,regex_baseline,url,ascii,74115883,https://forensic.korea.ac.kr/http://forensic.korea.ac.kr/DFWIKI/index.php/%ED%8C%8C%EC%9D%BC%EC%8B%9C%EC%8A%A4%ED%85%9Cforensic.korea.ac.kr/DFWIKI/index.php/,https://forensic.korea.ac.kr/http://forensic.korea.ac.kr/DFWIKI/index.php/%ED%8C%8C%EC%9D%BC%EC%8B%9C%EC%8A%A4%ED%85%9Cforensic.korea.ac.kr/DFWIKI/index.php,,,,regex_match_no_context
case1,regex_baseline,url,ascii,74116077,https://forensic.korea.ac.kr/http://forensic.korea.ac.kr/DFWIKI/index.php/%EB%8D%B0%EC%9D%B4%ED%84%B0_%EA%B5%AC%EC%84%B1_%EB%8B%A8%EC%9C%84forensic.korea.ac.kr/DFWIKI/index.php/,https://forensic.korea.ac.kr/http://forensic.korea.ac.kr/DFWIKI/index.php/%EB%8D%B0%EC%9D%B4%ED%84%B0_%EA%B5%AC%EC%84%B1_%EB%8B%A8%EC%9C%84forensic.korea.ac.kr/DFWIKI/index.php,,,,regex_match_no_context
case1,regex_baseline,url,ascii,74116297,https://forensic.korea.ac.kr/http://forensic.korea.ac.kr/DFWIKI/index.php/NTFSforensic.korea.ac.kr/DFWIKI/index.php/NTFS,https://forensic.korea.ac.kr/http://forensic.korea.ac.kr/DFWIKI/index.php/NTFSforensic.korea.ac.kr/DFWIKI/index.php/NTFS,,,,regex_match_no_context
case1,regex_baseline,url,ascii,74116438,https://forensic.korea.ac.kr/http://forensic.korea.ac.kr/DFWIKI/index.php/%EB%8C%80%EB%AC%B8forensic.korea.ac.kr/DFWIKI/index.php/,https://forensic.korea.ac.kr/http://forensic.korea.ac.kr/DFWIKI/index.php/%EB%8C%80%EB%AC%B8forensic.korea.ac.kr/DFWIKI/index.php,,,,regex_match_no_context
case1,regex_baseline,url,ascii,74116597,https://www.google.com/search?q=%ED%8F%AC%EB%A0%8C%EC%8B%9D+%EC%9C%84%ED%82%A4&sourceid=chrome&ie=UTF-8https://www.google.com/search?q=%ED%8F%AC%EB%A0%8C%EC%8B%9D+%EC%9C%84%ED%82%A4&sourceid=chrome&ie=UTF-8google.com/search?q=,https://www.google.com/search?q=%ED%8F%AC%EB%A0%8C%EC%8B%9D+%EC%9C%84%ED%82%A4&sourceid=chrome&ie=UTF-8https://www.google.com/search?q=%ED%8F%AC%EB%A0%8C%EC%8B%9D+%EC%9C%84%ED%82%A4&sourceid=chrome&ie=UTF-8google.com/search?q=,,,,regex_match_no_context
case1,regex_baseline,url,ascii,74116883,https://google.com/https://www.google.com/intl/ko_kr/chrome/google.com/intl/ko_kr/chrome/,https://google.com/https://www.google.com/intl/ko_kr/chrome/google.com/intl/ko_kr/chrome,,,,regex_match_no_context
case1,regex_baseline,url,ascii,74116995,https://www.google.com/search?q=%ED%81%AC%EB%A1%AC+%EB%B8%8C%EB%9D%BC%EC%9A%B0%EC%A0%80&sourceid=chrome&ie=UTF-8https://www.google.com/search?q=%ED%81%AC%EB%A1%AC+%EB%B8%8C%EB%9D%BC%EC%9A%B0%EC%A0%80&sourceid=chrome&ie=UTF-8google.com/search?q=,https://www.google.com/search?q=%ED%81%AC%EB%A1%AC+%EB%B8%8C%EB%9D%BC%EC%9A%B0%EC%A0%80&sourceid=chrome&ie=UTF-8https://www.google.com/search?q=%ED%81%AC%EB%A1%AC+%EB%B8%8C%EB%9D%BC%EC%9A%B0%EC%A0%80&sourceid=chrome&ie=UTF-8google.com/search?q=,,,,regex_match_no_context
case1,regex_baseline,url,ascii,74117302,https://google.com/https://www.google.com/google.comK,https://google.com/https://www.google.com/google.comK,,,,regex_match_no_context
case1,regex_baseline,url,ascii,74117452,https://comic.naver.com/https://comic.naver.com/webtoon/detail?titleId=790713&no=101&weekday=comic.naver.com/webtoon/detail?titleId=790713&no=101&weekday=,https://comic.naver.com/https://comic.naver.com/webtoon/detail?titleId=790713&no=101&weekday=comic.naver.com/webtoon/detail?titleId=790713&no=101&weekday=,,,,regex_match_no_context
case1,regex_baseline,url,ascii,74117634,https://comic.naver.com/https://comic.naver.com/webtoon/weekdayList?week=fricomic.naver.com/webtoon/weekdayList?week=fri,https://comic.naver.com/https://comic.naver.com/webtoon/weekdayList?week=fricomic.naver.com/webtoon/weekdayList?week=fri,,,,regex_match_no_context
case1,regex_baseline,url,ascii,74117782,https://comic.naver.com/https://comic.naver.com/webtoon/weekdayList?week=satcomic.naver.com/webtoon/weekdayList?week=sat,https://comic.naver.com/https://comic.naver.com/webtoon/weekdayList?week=satcomic.naver.com/webtoon/weekdayList?week=sat,,,,regex_match_no_context
case1,regex_baseline,url,ascii,74117930,https://comic.naver.com/https://comic.naver.com/webtoon/weekdayListcomic.naver.com/webtoon/weekdayListC,https://comic.naver.com/https://comic.naver.com/webtoon/weekdayListcomic.naver.com/webtoon/weekdayListC,,,,regex_match_no_context
case1,regex_baseline,url,ascii,74118051,https://ieee.org/https://www.ieee.org//ieee.org//B,https://ieee.org/https://www.ieee.org//ieee.org//B,,,,regex_match_no_context
case1,regex_baseline,url,ascii,74118119,https://github.com/https://github.com/github.com,https://github.com/https://github.com/github.com,,,,regex_match_no_context
case1,regex_baseline,url,ascii,74118188,https://comic.naver.com/https://comic.naver.com/webtoon/detail?titleId=790713&no=98comic.naver.com/webtoon/detail?titleId=790713&no=98,https://comic.naver.com/https://comic.naver.com/webtoon/detail?titleId=790713&no=98comic.naver.com/webtoon/detail?titleId=790713&no=98,,,,regex_match_no_context
case1,regex_baseline,url,ascii,74118350,https://comic.naver.com/https://comic.naver.com/webtoon/weekdayListcomic.naver.com/webtoon/weekdayListK,https://comic.naver.com/https://comic.naver.com/webtoon/weekdayListcomic.naver.com/webtoon/weekdayListK,,,,regex_match_no_context
case1,regex_baseline,url,ascii,74118479,https://naver.com/https://www.naver.com/naver.comW,https://naver.com/https://www.naver.com/naver.comW,,,,regex_match_no_context
case1,regex_baseline,url,ascii,74118547,https://stackoverflow.com/https://stackoverflow.com/stackoverflow.comf,https://stackoverflow.com/https://stackoverflow.com/stackoverflow.comf,,,,regex_match_no_context
case1,regex_baseline,url,ascii,74118635,https://geun-yeong.tistory.com/https://geun-yeong.tistory.com/geun-yeong.tistory.com?,https://geun-yeong.tistory.com/https://geun-yeong.tistory.com/geun-yeong.tistory.com,,,,regex_match_no_context
case1,regex_baseline,url,ascii,74118738,https://arxiv.org/https://arxiv.org/arxiv.orgB,https://arxiv.org/https://arxiv.org/arxiv.orgB,,,,regex_match_no_context
case1,regex_baseline,url,ascii,74118802,https://github.com/https://github.com/github.comZ,https://github.com/https://github.com/github.comZ,,,,regex_match_no_context
case1,regex_baseline,url,ascii,74118869,https://kakaocorp.com/https://www.kakaocorp.com/page/kakaocorp.com/page/@,https://kakaocorp.com/https://www.kakaocorp.com/page/kakaocorp.com/page/@,,,,regex_match_no_context
case1,regex_baseline,url,ascii,74118960,https://daum.net/https://www.daum.net/daum.netC,https://daum.net/https://www.daum.net/daum.netC,,,,regex_match_no_context
case1,regex_baseline,url,ascii,74119025,https://naver.com/https://www.naver.com/naver.comF,https://naver.com/https://www.naver.com/naver.comF,,,,regex_match_no_context
case1,regex_baseline,url,ascii,74119093,https://google.com/https://www.google.com/google.comF,https://google.com/https://www.google.com/google.comF,,,,regex_match_no_context
case1,regex_baseline,url,ascii,74119164,https://google.com/https://www.google.com/google.comE,https://google.com/https://www.google.com/google.comE,,,,regex_match_no_context
case1,regex_baseline,url,ascii,74119234,https://google.com/https://www.google.com/google.com,https://google.com/https://www.google.com/google.com,,,,regex_match_no_context
case1,regex_baseline,url,ascii,74119381,https://en.wikipedia.org/https://en.wikipedia.org/wiki/Decentralized_financeen.wikipedia.org/wiki/Decentralized_finance,https://en.wikipedia.org/https://en.wikipedia.org/wiki/Decentralized_financeen.wikipedia.org/wiki/Decentralized_finance,,,,regex_match_no_context
case1,regex_baseline,url,ascii,74119521,https://en.wikipedia.org/https://en.wikipedia.org/wiki/Smart_contracten.wikipedia.org/wiki/Smart_contractu,https://en.wikipedia.org/https://en.wikipedia.org/wiki/Smart_contracten.wikipedia.org/wiki/Smart_contractu,,,,regex_match_no_context
case1,regex_baseline,url,ascii,74119647,https://en.wikipedia.org/https://en.wikipedia.org/wiki/Blockchainen.wikipedia.org/wiki/Blockchain,https://en.wikipedia.org/https://en.wikipedia.org/wiki/Blockchainen.wikipedia.org/wiki/Blockchain,,,,regex_match_no_context
case1,regex_baseline,url,ascii,74119765,https://en.wikipedia.org/https://en.wikipedia.org/wiki/Cryptocurrencyen.wikipedia.org/wiki/Cryptocurrencyu,https://en.wikipedia.org/https://en.wikipedia.org/wiki/Cryptocurrencyen.wikipedia.org/wiki/Cryptocurrencyu,,,,regex_match_no_context
case1,regex_baseline,url,ascii,74119891,https://en.wikipedia.org/https://en.wikipedia.org/wiki/Ransomwareen.wikipedia.org/wiki/Ransomwareu,https://en.wikipedia.org/https://en.wikipedia.org/wiki/Ransomwareen.wikipedia.org/wiki/Ransomwareu,,,,regex_match_no_context
case1,regex_baseline,url,ascii,74120009,https://en.wikipedia.org/https://en.wikipedia.org/wiki/Cybercrimeen.wikipedia.org/wiki/Cybercrime,https://en.wikipedia.org/https://en.wikipedia.org/wiki/Cybercrimeen.wikipedia.org/wiki/Cybercrime,,,,regex_match_no_context
case1,regex_baseline,url,ascii,74120128,https://en.wikipedia.org/https://en.wikipedia.org/wiki/Digital_forensicsen.wikipedia.org/wiki/Digital_forensics,https://en.wikipedia.org/https://en.wikipedia.org/wiki/Digital_forensicsen.wikipedia.org/wiki/Digital_forensics,,,,regex_match_no_context
case1,regex_baseline,url,ascii,74120262,https://forensic.korea.ac.kr/http://forensic.korea.ac.kr/DFWIKI/index.php/%EB%8D%B0%EC%9D%B4%ED%84%B0%EB%B2%A0%EC%9D%B4%EC%8A%A4forensic.korea.ac.kr/DFWIKI/index.php/,https://forensic.korea.ac.kr/http://forensic.korea.ac.kr/DFWIKI/index.php/%EB%8D%B0%EC%9D%B4%ED%84%B0%EB%B2%A0%EC%9D%B4%EC%8A%A4forensic.korea.ac.kr/DFWIKI/index.php,,,,regex_match_no_context
case1,regex_baseline,url,ascii,74120468,https://forensic.korea.ac.kr/http://forensic.korea.ac.kr/DFWIKI/index.php/IOSforensic.korea.ac.kr/DFWIKI/index.php/IOS,https://forensic.korea.ac.kr/http://forensic.korea.ac.kr/DFWIKI/index.php/IOSforensic.korea.ac.kr/DFWIKI/index.php/IOS,,,,regex_match_no_context
case1,regex_baseline,url,ascii,74120609,https://forensic.korea.ac.kr/http://forensic.korea.ac.kr/DFWIKI/index.php/%EC%95%88%EB%93%9C%EB%A1%9C%EC%9D%B4%EB%93%9Cforensic.korea.ac.kr/DFWIKI/index.php/,https://forensic.korea.ac.kr/http://forensic.korea.ac.kr/DFWIKI/index.php/%EC%95%88%EB%93%9C%EB%A1%9C%EC%9D%B4%EB%93%9Cforensic.korea.ac.kr/DFWIKI/index.php,,,,regex_match_no_context
case1,regex_baseline,url,ascii,74120804,https://forensic.korea.ac.kr/http://forensic.korea.ac.kr/DFWIKI/index.php/%EC%8A%A4%EB%A7%88%ED%8A%B8%ED%8F%B0forensic.korea.ac.kr/DFWIKI/index.php/,https://forensic.korea.ac.kr/http://forensic.korea.ac.kr/DFWIKI/index.php/%EC%8A%A4%EB%A7%88%ED%8A%B8%ED%8F%B0forensic.korea.ac.kr/DFWIKI/index.php,,,,regex_match_no_context
case1,regex_baseline,url,ascii,74120979,https://forensic.korea.ac.kr/http://forensic.korea.ac.kr/DFWIKI/index.php/%EC%9A%B4%EC%98%81%EC%B2%B4%EC%A0%9Cforensic.korea.ac.kr/DFWIKI/index.php/,https://forensic.korea.ac.kr/http://forensic.korea.ac.kr/DFWIKI/index.php/%EC%9A%B4%EC%98%81%EC%B2%B4%EC%A0%9Cforensic.korea.ac.kr/DFWIKI/index.php,,,,regex_match_no_context
case1,regex_baseline,url,ascii,74121303,https://forensic.korea.ac.kr/http://forensic.korea.ac.kr/DFWIKI/index.php/ExFATforensic.korea.ac.kr/DFWIKI/index.php/ExFAT,https://forensic.korea.ac.kr/http://forensic.korea.ac.kr/DFWIKI/index.php/ExFATforensic.korea.ac.kr/DFWIKI/index.php/ExFAT,,,,regex_match_no_context
case1,regex_baseline,url,ascii,74121447,https://forensic.korea.ac.kr/http://forensic.korea.ac.kr/DFWIKI/index.php/FATforensic.korea.ac.kr/DFWIKI/index.php/FAT,https://forensic.korea.ac.kr/http://forensic.korea.ac.kr/DFWIKI/index.php/FATforensic.korea.ac.kr/DFWIKI/index.php/FAT,,,,regex_match_no_context
case1,regex_baseline,url,ascii,74122274,https://comic.naver.com/https://comic.naver.com/webtoon/list?titleId=64997&weekday=satcomic.naver.com/webtoon/list?titleId=64997&weekday=sat,https://comic.naver.com/https://comic.naver.com/webtoon/list?titleId=64997&weekday=satcomic.naver.com/webtoon/list?titleId=64997&weekday=sat,,,,regex_match_no_context
case1,regex_baseline,url,ascii,74122592,https://comic.naver.com/https://comic.naver.com/webtoon/weekdayListcomic.naver.com/webtoon/weekdayListY,https://comic.naver.com/https://comic.naver.com/webtoon/weekdayListcomic.naver.com/webtoon/weekdayListY,,,,regex_match_no_context
case1,regex_baseline,url,ascii,74122707,https://forensic.korea.ac.kr/http://forensic.korea.ac.kr/forensic.korea.ac.krD,https://forensic.korea.ac.kr/http://forensic.korea.ac.kr/forensic.korea.ac.krD,,,,regex_match_no_context
case1,regex_baseline,url,ascii,74122804,https://ieee.org/https://www.ieee.org//ieee.org//,https://ieee.org/https://www.ieee.org//ieee.org,,,,regex_match_no_context
case1,regex_baseline,url,ascii,74122873,https://kakaocorp.com/https://www.kakaocorp.com/page/kakaocorp.com/page/A,https://kakaocorp.com/https://www.kakaocorp.com/page/kakaocorp.com/page/A,,,,regex_match_no_context
case1,regex_baseline,url,ascii,74122965,https://daum.net/https://www.daum.net/daum.nets,https://daum.net/https://www.daum.net/daum.nets,,,,regex_match_no_context
case1,regex_baseline,url,ascii,74123032,https://en.wikipedia.org/https://en.wikipedia.org/wiki/Main_Pageen.wikipedia.org/wiki/Main_Pageq,https://en.wikipedia.org/https://en.wikipedia.org/wiki/Main_Pageen.wikipedia.org/wiki/Main_Pageq,,,,regex_match_no_context
case1,regex_baseline,url,ascii,74123148,https://en.wikipedia.org/https://en.wikipedia.org/wiki/Mnemonicen.wikipedia.org/wiki/Mnemonic,https://en.wikipedia.org/https://en.wikipedia.org/wiki/Mnemonicen.wikipedia.org/wiki/Mnemonic,,,,regex_match_no_context
case1,regex_baseline,url,ascii,74123263,https://en.wikipedia.org/https://en.wikipedia.org/wiki/Cryptocurrency_walleten.wikipedia.org/wiki/Cryptocurrency_wallet,https://en.wikipedia.org/https://en.wikipedia.org/wiki/Cryptocurrency_walleten.wikipedia.org/wiki/Cryptocurrency_wallet,,,,regex_match_no_context
case1,regex_baseline,url,ascii,74124465,https://accounts.google.com/CheckCookie?continue=https://mail.google.com/mail/&service=mail&checkedDomains=youtube&checkConnection=youtube:271:0&pstMsg=1&flowName=GlifWebSignIn&ifkv=AWnogHdB2R47P8_be1so0fF5AMBtyCl6BDwEB27tq1JXdNxmLP4oSim3J-gghyoQV3HJ_lsNV7yYDw&chtml=LoginDoneHtml&gidl=Em4IGhJiQUVqSEw0UFdyS0xyVU5GNW9oNVRTdUROdVdhU3hfRDhaRl9FRHlGZW00YXBEcXBKbmlOak1ESlowTGRGeFd0ZEl0RkFZVlZTVDhMWlI1SmVmMlByRnZUV1c2aTF6MmNaUXciBggpCEsQAg&flowEntry=ServiceLoginM,https://accounts.google.com/CheckCookie?continue=https://mail.google.com/mail/&service=mail&checkedDomains=youtube&checkConnection=youtube:271:0&pstMsg=1&flowName=GlifWebSignIn&ifkv=AWnogHdB2R47P8_be1so0fF5AMBtyCl6BDwEB27tq1JXdNxmLP4oSim3J-gghyoQV3HJ_lsNV7yYDw&chtml=LoginDoneHtml&gidl=Em4IGhJiQUVqSEw0UFdyS0xyVU5GNW9oNVRTdUROdVdhU3hfRDhaRl9FRHlGZW00YXBEcXBKbmlOak1ESlowTGRGeFd0ZEl0RkFZVlZTVDhMWlI1SmVmMlByRnZUV1c2aTF6MmNaUXciBggpCEsQAg&flowEntry=ServiceLoginM,,,,regex_match_no_context
case1,regex_baseline,url,ascii,74124931,https://accounts.google.com/ServiceLogin?continue=https%3A%2F%2Fmail.google.com%2Fmail%2F&service=mail&hl=ko&authuser=0&passive=true&sarp=1&aodrpl=1&checkedDomains=youtube&checkConnection=youtube%3A271%3A0&pstMsg=1Q,https://accounts.google.com/ServiceLogin?continue=https%3A%2F%2Fmail.google.com%2Fmail%2F&service=mail&hl=ko&authuser=0&passive=true&sarp=1&aodrpl=1&checkedDomains=youtube&checkConnection=youtube%3A271%3A0&pstMsg=1Q,,,,regex_match_no_context
case1,regex_baseline,url,ascii,74125845,https://accounts.google.com/ServiceLogin?service=mail&passive=1209600&osid=1&continue=https://mail.google.com/mail/u/0/&followup=https://mail.google.com/mail/u/0/&emr=1Dx,https://accounts.google.com/ServiceLogin?service=mail&passive=1209600&osid=1&continue=https://mail.google.com/mail/u/0/&followup=https://mail.google.com/mail/u/0/&emr=1Dx,,,,regex_match_no_context
case1,regex_baseline,url,ascii,74126019,https://accounts.google.com/ServiceLogin?continue=https%3A%2F%2Fmail.google.com%2Fmail%2F&service=mail&sacu=1&rip=1J,https://accounts.google.com/ServiceLogin?continue=https%3A%2F%2Fmail.google.com%2Fmail%2F&service=mail&sacu=1&rip=1J,,,,regex_match_no_context
case1,regex_baseline,url,ascii,74126141,https://accounts.google.com/AccountChooser?service=mail&continue=https%3A%2F%2Fmail.google.com%2Fmail%2F&flowName=GlifWebSignIn&flowEntry=AccountChooserI,https://accounts.google.com/AccountChooser?service=mail&continue=https%3A%2F%2Fmail.google.com%2Fmail%2F&flowName=GlifWebSignIn&flowEntry=AccountChooserI,,,,regex_match_no_context
case1,regex_baseline,url,ascii,74126300,https://accounts.google.com/AccountChooser/signinchooser?service=mail&continue=https%3A%2F%2Fmail.google.com%2Fmail%2F&flowName=GlifWebSignIn&flowEntry=AccountChooserH5,https://accounts.google.com/AccountChooser/signinchooser?service=mail&continue=https%3A%2F%2Fmail.google.com%2Fmail%2F&flowName=GlifWebSignIn&flowEntry=AccountChooserH5,,,,regex_match_no_context
case1,regex_baseline,url,ascii,74126471,http://forensic.korea.ac.kr/DFWIKI/index.php/NTFS,http://forensic.korea.ac.kr/DFWIKI/index.php/NTFS,,,,regex_match_no_context
case1,regex_baseline,url,ascii,74126525,"http://forensic.korea.ac.kr/DFWIKI/index.php/IOS,6","http://forensic.korea.ac.kr/DFWIKI/index.php/IOS,6",,,,regex_match_no_context
case1,regex_baseline,url,ascii,74126578,http://forensic.korea.ac.kr/DFWIKI/index.php/FAT32,http://forensic.korea.ac.kr/DFWIKI/index.php/FAT32,,,,regex_match_no_context
case1,regex_baseline,url,ascii,74126633,http://forensic.korea.ac.kr/DFWIKI/index.php/FAT&6,http://forensic.korea.ac.kr/DFWIKI/index.php/FAT&6,,,,regex_match_no_context
case1,regex_baseline,url,ascii,74126686,http://forensic.korea.ac.kr/DFWIKI/index.php/ExFAT(3,http://forensic.korea.ac.kr/DFWIKI/index.php/ExFAT(3,,,,regex_match_no_context
case1,regex_baseline,url,ascii,74126741,http://forensic.korea.ac.kr/DFWIKI/index.php/DB-_,http://forensic.korea.ac.kr/DFWIKI/index.php/DB-_,,,,regex_match_no_context
case1,regex_baseline,url,ascii,74126794,http://forensic.korea.ac.kr/DFWIKI/index.php/%ED%8C%8C%EC%9D%BC%EC%8B%9C%EC%8A%A4%ED%85%9C!V,http://forensic.korea.ac.kr/DFWIKI/index.php/%ED%8C%8C%EC%9D%BC%EC%8B%9C%EC%8A%A4%ED%85%9C!V,,,,regex_match_no_context
case1,regex_baseline,url,ascii,74126890,http://forensic.korea.ac.kr/DFWIKI/index.php/%EC%9A%B4%EC%98%81%EC%B2%B4%EC%A0%9C)_,http://forensic.korea.ac.kr/DFWIKI/index.php/%EC%9A%B4%EC%98%81%EC%B2%B4%EC%A0%9C)_,,,,regex_match_no_context
case1,regex_baseline,url,ascii,74126977,http://forensic.korea.ac.kr/DFWIKI/index.php/%EC%95%88%EB%93%9C%EB%A1%9C%EC%9D%B4%EB%93%9C+V,http://forensic.korea.ac.kr/DFWIKI/index.php/%EC%95%88%EB%93%9C%EB%A1%9C%EC%9D%B4%EB%93%9C+V,,,,regex_match_no_context
case1,regex_baseline,url,ascii,74127073,http://forensic.korea.ac.kr/DFWIKI/index.php/%EC%8A%A4%EB%A7%88%ED%8A%B8%ED%8F%B0*s,http://forensic.korea.ac.kr/DFWIKI/index.php/%EC%8A%A4%EB%A7%88%ED%8A%B8%ED%8F%B0*s,,,,regex_match_no_context
case1,regex_baseline,url,ascii,74127276,http://forensic.korea.ac.kr/DFWIKI/index.php/%EB%8D%B0%EC%9D%B4%ED%84%B0%EB%B2%A0%EC%9D%B4%EC%8A%A4.D,http://forensic.korea.ac.kr/DFWIKI/index.php/%EB%8D%B0%EC%9D%B4%ED%84%B0%EB%B2%A0%EC%9D%B4%EC%8A%A4.D,,,,regex_match_no_context
case1,regex_baseline,url,ascii,74127688,https://bit.ly/2MBojqkX,https://bit.ly/2MBojqkX,,,,regex_match_no_context
case1,regex_baseline,url,ascii,74127763,https://en.wikipedia.org/wiki/Special:Search?search=digital+forensics&go=Go,https://en.wikipedia.org/wiki/Special:Search?search=digital+forensics&go=Go,,,,regex_match_no_context
case1,regex_baseline,url,ascii,74128777,https://en.wikipedia.org/wiki/Best_evidence_rule_2,https://en.wikipedia.org/wiki/Best_evidence_rule_2,,,,regex_match_no_context
case1,regex_baseline,url,ascii,74128830,https://en.wikipedia.org/wiki/Digital_evidence,https://en.wikipedia.org/wiki/Digital_evidence,,,,regex_match_no_context
case1,regex_baseline,url,ascii,74128881,https://en.wikipedia.org/wiki/Computer_forensics]V,https://en.wikipedia.org/wiki/Computer_forensics]V,,,,regex_match_no_context
case1,regex_baseline,url,ascii,74128935,https://en.wikipedia.org/wiki/Special:Search?go=Go&search=digital+forensics&ns0=1,https://en.wikipedia.org/wiki/Special:Search?go=Go&search=digital+forensics&ns0=1,,,,regex_match_no_context
case1,regex_baseline,url,ascii,74129023,https://gds.google.com/web/chip?ep=p&gdsid=-2084009212&authuser=0&hl=ko&continue=https://accounts.google.com/ServiceLogin?continue%3Dhttps%253A%252F%252Fmail.google.com%252Fmail%252F%26service%3Dmail%26hl%3Dko%26authuser%3D0%26passive%3Dtrue%26sarp%3D1%26aodrpl%3D1%26checkedDomains%3Dyoutube%26checkConnection%3Dyoutube%253A271%253A0%26pstMsg%3D1&service=mail&rapt=AEjHL4PWrKLrUNF5oh5TSuDNuWaSx_D8ZF_EDyFem4apDqpJniNjMDJZ0LdFxWtdItFAYVVST8LZR5Jef2PrFvTWW6i1z2cZQw&pli=1P@,https://gds.google.com/web/chip?ep=p&gdsid=-2084009212&authuser=0&hl=ko&continue=https://accounts.google.com/ServiceLogin?continue%3Dhttps%253A%252F%252Fmail.google.com%252Fmail%252F%26service%3Dmail%26hl%3Dko%26authuser%3D0%26passive%3Dtrue%26sarp%3D1%26aodrpl%3D1%26checkedDomains%3Dyoutube%26checkConnection%3Dyoutube%253A271%253A0%26pstMsg%3D1&service=mail&rapt=AEjHL4PWrKLrUNF5oh5TSuDNuWaSx_D8ZF_EDyFem4apDqpJniNjMDJZ0LdFxWtdItFAYVVST8LZR5Jef2PrFvTWW6i1z2cZQw&pli=1P@,,,,regex_match_no_context
case1,regex_baseline,url,ascii,74129949,https://accounts.google.com/v3/signin/identifier?dsh=S-502362205%3A1677653382461634&continue=https%3A%2F%2Fmail.google.com%2Fmail%2F&rip=1&sacu=1&service=mail&flowName=GlifWebSignIn&flowEntry=ServiceLogin&ifkv=AWnogHdB2R47P8_be1so0fF5AMBtyCl6BDwEB27tq1JXdNxmLP4oSim3J-gghyoQV3HJ_lsNV7yYDwK,https://accounts.google.com/v3/signin/identifier?dsh=S-502362205%3A1677653382461634&continue=https%3A%2F%2Fmail.google.com%2Fmail%2F&rip=1&sacu=1&service=mail&flowName=GlifWebSignIn&flowEntry=ServiceLogin&ifkv=AWnogHdB2R47P8_be1so0fF5AMBtyCl6BDwEB27tq1JXdNxmLP4oSim3J-gghyoQV3HJ_lsNV7yYDwK,,,,regex_match_no_context
case1,regex_baseline,url,ascii,74130499,https://en.wikipedia.org/wiki/Smart_contract7,https://en.wikipedia.org/wiki/Smart_contract7,,,,regex_match_no_context
case1,regex_baseline,url,ascii,74130548,https://en.wikipedia.org/wiki/Ransomware4*,https://en.wikipedia.org/wiki/Ransomware4*,,,,regex_match_no_context
case1,regex_baseline,url,ascii,74130593,https://en.wikipedia.org/wiki/Mnemonic:+,https://en.wikipedia.org/wiki/Mnemonic:+,,,,regex_match_no_context
case1,regex_baseline,url,ascii,74130636,https://en.wikipedia.org/wiki/Main_Page/3,https://en.wikipedia.org/wiki/Main_Page/3,,,,regex_match_no_context
case1,regex_baseline,url,ascii,74130680,https://en.wikipedia.org/wiki/Digital_forensics17,https://en.wikipedia.org/wiki/Digital_forensics17,,,,regex_match_no_context
case1,regex_baseline,url,ascii,74130732,https://en.wikipedia.org/wiki/Decentralized_finance8,https://en.wikipedia.org/wiki/Decentralized_finance8,,,,regex_match_no_context
case1,regex_baseline,url,ascii,74130788,https://en.wikipedia.org/wiki/Cybercrime37,https://en.wikipedia.org/wiki/Cybercrime37,,,,regex_match_no_context
case1,regex_baseline,url,ascii,74130833,https://en.wikipedia.org/wiki/Cryptocurrency_wallet90,https://en.wikipedia.org/wiki/Cryptocurrency_wallet90,,,,regex_match_no_context
case1,regex_baseline,url,ascii,74130889,https://en.wikipedia.org/wiki/Cryptocurrency50,https://en.wikipedia.org/wiki/Cryptocurrency50,,,,regex_match_no_context
case1,regex_baseline,url,ascii,74130938,https://en.wikipedia.org/wiki/Computer_crime2,https://en.wikipedia.org/wiki/Computer_crime2,,,,regex_match_no_context
case1,regex_baseline,url,ascii,74130987,https://en.wikipedia.org/wiki/Blockchain6_,https://en.wikipedia.org/wiki/Blockchain6_,,,,regex_match_no_context
case1,regex_baseline,url,ascii,74131033,https://en.wikipedia.org/w/index.php?search=digital+forensics&title=Special%3ASearch&ns0=10,https://en.wikipedia.org/w/index.php?search=digital+forensics&title=Special%3ASearch&ns0=10,,,,regex_match_no_context
case1,regex_baseline,url,ascii,74131511,https://comic.naver.com/webtoon/list?titleId=64997&weekday=sat=,https://comic.naver.com/webtoon/list?titleId=64997&weekday=sat=,,,,regex_match_no_context
case1,regex_baseline,url,ascii,74131714,https://accounts.google.com/CheckCookie?continue=https://mail.google.com/mail/&service=mail&checkedDomains=youtube&checkConnection=youtube:271:0&pstMsg=1&flowName=GlifWebSignIn&ifkv=AWnogHdB2R47P8_be1so0fF5AMBtyCl6BDwEB27tq1JXdNxmLP4oSim3J-gghyoQV3HJ_lsNV7yYDw&chtml=LoginDoneHtml&gidl=Em4IGhJiQUVqSEw0UFdyS0xyVU5GNW9oNVRTdUROdVdhU3hfRDhaRl9FRHlGZW00YXBEcXBKbmlOak1ESlowTGRGeFd0ZEl0RkFZVlZTVDhMWlI1SmVmMlByRnZUV1c2aTF6MmNaUXciBggpCEsQAg&flowEntry=ServiceLoginGoogle,https://accounts.google.com/CheckCookie?continue=https://mail.google.com/mail/&service=mail&checkedDomains=youtube&checkConnection=youtube:271:0&pstMsg=1&flowName=GlifWebSignIn&ifkv=AWnogHdB2R47P8_be1so0fF5AMBtyCl6BDwEB27tq1JXdNxmLP4oSim3J-gghyoQV3HJ_lsNV7yYDw&chtml=LoginDoneHtml&gidl=Em4IGhJiQUVqSEw0UFdyS0xyVU5GNW9oNVRTdUROdVdhU3hfRDhaRl9FRHlGZW00YXBEcXBKbmlOak1ESlowTGRGeFd0ZEl0RkFZVlZTVDhMWlI1SmVmMlByRnZUV1c2aTF6MmNaUXciBggpCEsQAg&flowEntry=ServiceLoginGoogle,,,,regex_match_no_context
case1,regex_baseline,url,ascii,74132206,https://accounts.google.com/v3/signin/challenge/pwd?TL=ALbfvL0LzpFXMwegg4QFOu3TKUFl0W-heK1rg6fzZ46OPxJuQIrcwoJtEbwy75uy&checkConnection=youtube%3A271%3A0&checkedDomains=youtube&cid=2&continue=https%3A%2F%2Fmail.google.com%2Fmail%2F&dsh=S-502362205%3A1677653382461634&flowEntry=ServiceLogin&flowName=GlifWebSignIn&ifkv=AWnogHdB2R47P8_be1so0fF5AMBtyCl6BDwEB27tq1JXdNxmLP4oSim3J-gghyoQV3HJ_lsNV7yYDw&pstMsg=1&rip=1&service=mailGmail,https://accounts.google.com/v3/signin/challenge/pwd?TL=ALbfvL0LzpFXMwegg4QFOu3TKUFl0W-heK1rg6fzZ46OPxJuQIrcwoJtEbwy75uy&checkConnection=youtube%3A271%3A0&checkedDomains=youtube&cid=2&continue=https%3A%2F%2Fmail.google.com%2Fmail%2F&dsh=S-502362205%3A1677653382461634&flowEntry=ServiceLogin&flowName=GlifWebSignIn&ifkv=AWnogHdB2R47P8_be1so0fF5AMBtyCl6BDwEB27tq1JXdNxmLP4oSim3J-gghyoQV3HJ_lsNV7yYDw&pstMsg=1&rip=1&service=mailGmail,,,,regex_match_no_context
case1,regex_baseline,url,ascii,74132655,https://accounts.google.com/AccountChooser/signinchooser?service=mail&continue=https%3A%2F%2Fmail.google.com%2Fmail%2F&flowName=GlifWebSignIn&flowEntry=AccountChooserGmail,https://accounts.google.com/AccountChooser/signinchooser?service=mail&continue=https%3A%2F%2Fmail.google.com%2Fmail%2F&flowName=GlifWebSignIn&flowEntry=AccountChooserGmail,,,,regex_match_no_context
case1,regex_baseline,url,ascii,74133016,https://accounts.google.com/v3/signin/identifier?dsh=S-502362205%3A1677653382461634&continue=https%3A%2F%2Fmail.google.com%2Fmail%2F&rip=1&sacu=1&service=mail&flowName=GlifWebSignIn&flowEntry=ServiceLogin&ifkv=AWnogHdB2R47P8_be1so0fF5AMBtyCl6BDwEB27tq1JXdNxmLP4oSim3J-gghyoQV3HJ_lsNV7yYDwGmail,https://accounts.google.com/v3/signin/identifier?dsh=S-502362205%3A1677653382461634&continue=https%3A%2F%2Fmail.google.com%2Fmail%2F&rip=1&sacu=1&service=mail&flowName=GlifWebSignIn&flowEntry=ServiceLogin&ifkv=AWnogHdB2R47P8_be1so0fF5AMBtyCl6BDwEB27tq1JXdNxmLP4oSim3J-gghyoQV3HJ_lsNV7yYDwGmail,,,,regex_match_no_context
case1,regex_baseline,url,ascii,74133330,https://accounts.google.com/ServiceLogin?continue=https%3A%2F%2Fmail.google.com%2Fmail%2F&service=mail&sacu=1&rip=1Gmail,https://accounts.google.com/ServiceLogin?continue=https%3A%2F%2Fmail.google.com%2Fmail%2F&service=mail&sacu=1&rip=1Gmail,,,,regex_match_no_context
case1,regex_baseline,url,ascii,74133470,https://accounts.google.com/AccountChooser?service=mail&continue=https%3A%2F%2Fmail.google.com%2Fmail%2F&flowName=GlifWebSignIn&flowEntry=AccountChooserGmail,https://accounts.google.com/AccountChooser?service=mail&continue=https%3A%2F%2Fmail.google.com%2Fmail%2F&flowName=GlifWebSignIn&flowEntry=AccountChooserGmail,,,,regex_match_no_context
case1,regex_baseline,url,ascii,74133647,https://www.google.com/intl/ko/gmail/about/Gmail:,https://www.google.com/intl/ko/gmail/about/Gmail:,,,,regex_match_no_context
case1,regex_baseline,url,ascii,74133792,https://www.google.com/intl/ko/mail/help/about.htmlGmail:,https://www.google.com/intl/ko/mail/help/about.htmlGmail:,,,,regex_match_no_context
case1,regex_baseline,url,ascii,74133945,https://mail.google.com/intl/ko/mail/help/about.htmlGmail:,https://mail.google.com/intl/ko/mail/help/about.htmlGmail:,,,,regex_match_no_context
case1,regex_baseline,url,ascii,74134100,https://accounts.google.com/ServiceLogin?service=mail&passive=1209600&osid=1&continue=https://mail.google.com/mail/u/0/&followup=https://mail.google.com/mail/u/0/&emr=1Gmail:,https://accounts.google.com/ServiceLogin?service=mail&passive=1209600&osid=1&continue=https://mail.google.com/mail/u/0/&followup=https://mail.google.com/mail/u/0/&emr=1Gmail:,,,,regex_match_no_context
case1,regex_baseline,url,ascii,74134505,https://mail.google.com/mail/Gmail:,https://mail.google.com/mail/Gmail:,,,,regex_match_no_context
case1,regex_baseline,url,ascii,74134636,https://www.google.com/gmail/Gmail:,https://www.google.com/gmail/Gmail:,,,,regex_match_no_context
case1,regex_baseline,url,ascii,74134884,https://recruit.webtoonscorp.com/cnts/techNAVER,https://recruit.webtoonscorp.com/cnts/techNAVER,,,,regex_match_no_context
case1,regex_baseline,url,ascii,74134965,https://recruit.webtoonscorp.com/NAVER,https://recruit.webtoonscorp.com/NAVER,,,,regex_match_no_context
case1,regex_baseline,url,ascii,74135038,https://comic.naver.com/webtoon/list?titleId=64997&weekday=sat,https://comic.naver.com/webtoon/list?titleId=64997&weekday=sat,,,,regex_match_no_context
case1,regex_baseline,url,ascii,74135310,https://en.wikipedia.org/wiki/MnemonicMnemonic,https://en.wikipedia.org/wiki/MnemonicMnemonic,,,,regex_match_no_context
case1,regex_baseline,url,ascii,74135386,https://en.wikipedia.org/wiki/Cryptocurrency_walletCryptocurrency,https://en.wikipedia.org/wiki/Cryptocurrency_walletCryptocurrency,,,,regex_match_no_context
case1,regex_baseline,url,ascii,74135488,https://en.wikipedia.org/wiki/Decentralized_financeDecentralized,https://en.wikipedia.org/wiki/Decentralized_financeDecentralized,,,,regex_match_no_context
case1,regex_baseline,url,ascii,74135591,https://en.wikipedia.org/wiki/Smart_contractSmart,https://en.wikipedia.org/wiki/Smart_contractSmart,,,,regex_match_no_context
case1,regex_baseline,url,ascii,74137968,https://accounts.google.com/ServiceLogin?continue=https%3A%2F%2Fmail.google.com%2Fmail%2F&service=mail&hl=ko&authuser=0&passive=true&sarp=1&aodrpl=1&checkedDomains=youtube&checkConnection=youtube%3A271%3A0&pstMsg=1,https://accounts.google.com/ServiceLogin?continue=https%3A%2F%2Fmail.google.com%2Fmail%2F&service=mail&hl=ko&authuser=0&passive=true&sarp=1&aodrpl=1&checkedDomains=youtube&checkConnection=youtube%3A271%3A0&pstMsg=1,,,,regex_match_no_context
case1,regex_baseline,url,ascii,74138253,https://gds.google.com/web/chip?ep=p&gdsid=-2084009212&authuser=0&hl=ko&continue=https://accounts.google.com/ServiceLogin?continue%3Dhttps%253A%252F%252Fmail.google.com%252Fmail%252F%26service%3Dmail%26hl%3Dko%26authuser%3D0%26passive%3Dtrue%26sarp%3D1%26aodrpl%3D1%26checkedDomains%3Dyoutube%26checkConnection%3Dyoutube%253A271%253A0%26pstMsg%3D1&service=mail&rapt=AEjHL4PWrKLrUNF5oh5TSuDNuWaSx_D8ZF_EDyFem4apDqpJniNjMDJZ0LdFxWtdItFAYVVST8LZR5Jef2PrFvTWW6i1z2cZQw&pli=1Google,https://gds.google.com/web/chip?ep=p&gdsid=-2084009212&authuser=0&hl=ko&continue=https://accounts.google.com/ServiceLogin?continue%3Dhttps%253A%252F%252Fmail.google.com%252Fmail%252F%26service%3Dmail%26hl%3Dko%26authuser%3D0%26passive%3Dtrue%26sarp%3D1%26aodrpl%3D1%26checkedDomains%3Dyoutube%26checkConnection%3Dyoutube%253A271%253A0%26pstMsg%3D1&service=mail&rapt=AEjHL4PWrKLrUNF5oh5TSuDNuWaSx_D8ZF_EDyFem4apDqpJniNjMDJZ0LdFxWtdItFAYVVST8LZR5Jef2PrFvTWW6i1z2cZQw&pli=1Google,,,,regex_match_no_context
case1,regex_baseline,url,ascii,74140033,https://www.chromium.org/developers/design-documents/multi-process-architecture/jT,https://www.chromium.org/developers/design-documents/multi-process-architecture/jT,,,,regex_match_no_context
case1,regex_baseline,url,ascii,74140119,https://www.chromium.org/developers/design-documents/multi-process-architectureiW,https://www.chromium.org/developers/design-documents/multi-process-architectureiW,,,,regex_match_no_context
case1,regex_baseline,url,ascii,74140204,https://www.chromium.org/developers/how-tos/getting-around-the-chrome-source-code/hV,https://www.chromium.org/developers/how-tos/getting-around-the-chrome-source-code/hV,,,,regex_match_no_context
case1,regex_baseline,url,ascii,74140292,https://www.chromium.org/developers/how-tos/getting-around-the-chrome-source-codeg(,https://www.chromium.org/developers/how-tos/getting-around-the-chrome-source-codeg(,,,,regex_match_no_context
case1,regex_baseline,url,ascii,74140378,https://www.chromium.org/developers/f,https://www.chromium.org/developers/f,,,,regex_match_no_context
case1,regex_baseline,url,ascii,74140419,https://www.chromium.org/developerse,https://www.chromium.org/developerse,,,,regex_match_no_context
case1,regex_baseline,url,ascii,74140459,https://www.chromium.org/Home/d!,https://www.chromium.org/Home/d!,,,,regex_match_no_context
case1,regex_baseline,url,ascii,74140494,https://www.chromium.org/Homec/,https://www.chromium.org/Homec,,,,regex_match_no_context
case1,regex_baseline,url,ascii,74140528,https://www.chromium.org/chromium-projects/b.,https://www.chromium.org/chromium-projects/b.,,,,regex_match_no_context
case1,regex_baseline,url,ascii,74140576,https://www.chromium.org/chromium-projectsa,https://www.chromium.org/chromium-projectsa,,,,regex_match_no_context
case1,regex_baseline,url,ascii,74141648,https://mail.google.com/mail/u/0/?pli=1V+,https://mail.google.com/mail/u/0?pli=1V+,,,,regex_match_no_context
case1,regex_baseline,url,ascii,74141736,https://mail.google.com/mail/u/0/C,https://mail.google.com/mail/u/0/C,,,,regex_match_no_context
case1,regex_baseline,url,ascii,74141774,https://mail.google.com/mail/?pli=1U!,https://mail.google.com/mail?pli=1U!,,,,regex_match_no_context
case1,regex_baseline,url,ascii,74141814,https://mail.google.com/mail/B8,https://mail.google.com/mail/B8,,,,regex_match_no_context
case1,regex_baseline,url,ascii,74141848,https://mail.google.com/intl/ko/mail/help/about.htmlE,https://mail.google.com/intl/ko/mail/help/about.htmlE,,,,regex_match_no_context
case1,regex_baseline,url,ascii,74141907,https://mail.google.com/accounts/SetOSID?authuser=0&continue=https%3A%2F%2Faccounts.youtube.com%2Faccounts%2FSetSID%3Fssdc%3D1%26sidt%3DALWU2ctlcxJo%252FLfly8H2Lo%252BtT1S7Px4Kdf3mCES0jeBIw2PSDgct4vbLn6Hbe2YqxvMSyD5W1jL4%252Brx2qZ%252FrgyxO%252B1aFhZqxxq2T8gp12sdibe6Ls01EWuIgS9Aw18a1VGciqT1MQkiZKVWPwEhpGbynCYmoYVU6G2ZZ2wJ2JfbD3T7ymTbFgRSKhz%252BKEfAIQjKQyEoNdP4RF7QZl7PCL%252Fmqb7Ws4KgLM%252BASHTbMp9Ex2Rcqesu3DxdD31Tu%252Ft0QbddEAjbgEa%252FNHLpP5%252FckViND5szpG9vMgky8DSVEgMNnhSZO1,https://mail.google.com/accounts/SetOSID?authuser=0&continue=https%3A%2F%2Faccounts.youtube.com%2Faccounts%2FSetSID%3Fssdc%3D1%26sidt%3DALWU2ctlcxJo%252FLfly8H2Lo%252BtT1S7Px4Kdf3mCES0jeBIw2PSDgct4vbLn6Hbe2YqxvMSyD5W1jL4%252Brx2qZ%252FrgyxO%252B1aFhZqxxq2T8gp12sdibe6Ls01EWuIgS9Aw18a1VGciqT1MQkiZKVWPwEhpGbynCYmoYVU6G2ZZ2wJ2JfbD3T7ymTbFgRSKhz%252BKEfAIQjKQyEoNdP4RF7QZl7PCL%252Fmqb7Ws4KgLM%252BASHTbMp9Ex2Rcqesu3DxdD31Tu%252Ft0QbddEAjbgEa%252FNHLpP5%252FckViND5szpG9vMgky8DSVEgMNnhSZO1,,,,regex_match_no_context
case1,regex_baseline,url,ascii,74142400,https://ko.wikipedia.org/wiki/BitlyY,https://ko.wikipedia.org/wiki/BitlyY,,,,regex_match_no_context
case1,regex_baseline,url,ascii,74142440,https://www.wikipedia.org/Z+,https://www.wikipedia.org/Z+,,,,regex_match_no_context
case1,regex_baseline,url,ascii,74142471,https://www.youtube.com/?themeRefresh=1%,https://www.youtube.com?themeRefresh=1%,,,,regex_match_no_context
case1,regex_baseline,url,ascii,74143512,https://www.google.com/intl/ko_kr/chrome/,https://www.google.com/intl/ko_kr/chrome,,,,regex_match_no_context
case1,regex_baseline,url,ascii,74143558,https://www.google.com/intl/ko/mail/help/about.htmlF/,https://www.google.com/intl/ko/mail/help/about.htmlF,,,,regex_match_no_context
case1,regex_baseline,url,ascii,74143614,https://www.google.com/intl/ko/gmail/about/G!,https://www.google.com/intl/ko/gmail/about/G!,,,,regex_match_no_context
case1,regex_baseline,url,ascii,74143662,https://www.google.com/gmail/A,https://www.google.com/gmail/A,,,,regex_match_no_context
case1,regex_baseline,url,ascii,74143781,https://recruit.webtoonscorp.com/cnts/tech?%,https://recruit.webtoonscorp.com/cnts/tech?%,,,,regex_match_no_context
case1,regex_baseline,url,ascii,74148137,http://github.com/GitHub:,http://github.com/GitHub:,,,,regex_match_no_context
case1,regex_baseline,url,ascii,74148214,https://www.chromium.org/chromium-projects/Home,https://www.chromium.org/chromium-projects/Home,,,,regex_match_no_context
case1,regex_baseline,url,ascii,74148281,https://www.chromium.org/developers/design-documents/multi-process-architectureMulti-process,https://www.chromium.org/developers/design-documents/multi-process-architectureMulti-process,,,,regex_match_no_context
case1,regex_baseline,url,ascii,74148477,https://www.chromium.org/developers/design-documents/multi-process-architecture/Multi-process,https://www.chromium.org/developers/design-documents/multi-process-architecture/Multi-process,,,,regex_match_no_context
case1,regex_baseline,url,ascii,74148604,https://www.chromium.org/developers/how-tos/getting-around-the-chrome-source-codeGetting,https://www.chromium.org/developers/how-tos/getting-around-the-chrome-source-codeGetting,,,,regex_match_no_context
case1,regex_baseline,url,ascii,74148803,https://www.chromium.org/developers/how-tos/getting-around-the-chrome-source-code/Getting,https://www.chromium.org/developers/how-tos/getting-around-the-chrome-source-code/Getting,,,,regex_match_no_context
case1,regex_baseline,url,ascii,74148963,https://www.chromium.org/developersFor,https://www.chromium.org/developersFor,,,,regex_match_no_context
case1,regex_baseline,url,ascii,74149068,https://www.chromium.org/developers/For,https://www.chromium.org/developers/For,,,,regex_match_no_context
case1,regex_baseline,url,ascii,74149137,https://www.chromium.org/Home/Chromium,https://www.chromium.org/Home/Chromium,,,,regex_match_no_context
case1,regex_baseline,url,ascii,74149257,https://www.chromium.org/HomeChromium,https://www.chromium.org/HomeChromium,,,,regex_match_no_context
case1,regex_baseline,url,ascii,74149378,https://en.wikipedia.org/wiki/Best_evidence_ruleBest,https://en.wikipedia.org/wiki/Best_evidence_ruleBest,,,,regex_match_no_context
case1,regex_baseline,url,ascii,74149474,https://en.wikipedia.org/wiki/Digital_evidenceDigital,https://en.wikipedia.org/wiki/Digital_evidenceDigital,,,,regex_match_no_context
case1,regex_baseline,url,ascii,74149567,https://en.wikipedia.org/wiki/Special:Search?search=digital+forensics&go=GoDigital,https://en.wikipedia.org/wiki/Special:Search?search=digital+forensics&go=GoDigital,,,,regex_match_no_context
case1,regex_baseline,url,ascii,74151199,https://en.wikipedia.org/wiki/Computer_forensicsComputer,https://en.wikipedia.org/wiki/Computer_forensicsComputer,,,,regex_match_no_context
case1,regex_baseline,url,ascii,74151295,https://www.wikipedia.org/Wikipedia,https://www.wikipedia.org/Wikipedia,,,,regex_match_no_context
case1,regex_baseline,url,ascii,74151456,https://ko.wikipedia.org/wiki/BitlyBitly,https://ko.wikipedia.org/wiki/BitlyBitly,,,,regex_match_no_context
case1,regex_baseline,url,ascii,74151560,https://bit.ly/2MBojqkBitly,https://bit.ly/2MBojqkBitly,,,,regex_match_no_context
case1,regex_baseline,url,ascii,74151658,https://www.chromium.org/chromium-projectsHome,https://www.chromium.org/chromium-projectsHome,,,,regex_match_no_context
case1,regex_baseline,url,ascii,74151724,https://en.wikipedia.org/wiki/Special:Search?go=Go&search=digital+forensics&ns0=1Digital,https://en.wikipedia.org/wiki/Special:Search?go=Go&search=digital+forensics&ns0=1Digital,,,,regex_match_no_context
case1,regex_baseline,url,ascii,74151852,https://mail.google.com/mail/u/0/?pli=1,https://mail.google.com/mail/u/0?pli=1,,,,regex_match_no_context
case1,regex_baseline,url,ascii,74151960,https://mail.google.com/mail/?pli=1,https://mail.google.com/mail?pli=1,,,,regex_match_no_context
case1,regex_baseline,url,ascii,74153991,https://google.com/https://www.google.com/intl/ko/gmail/about/google.com/intl/ko/gmail/about/D,https://google.com/https://www.google.com/intl/ko/gmail/about/google.com/intl/ko/gmail/about/D,,,,regex_match_no_context
case1,regex_baseline,url,ascii,74154182,https://en.wikipedia.org/https://en.wikipedia.org/wiki/Digital_evidenceen.wikipedia.org/wiki/Digital_evidence,https://en.wikipedia.org/https://en.wikipedia.org/wiki/Digital_evidenceen.wikipedia.org/wiki/Digital_evidence,,,,regex_match_no_context
case1,regex_baseline,url,ascii,74154320,https://en.wikipedia.org/https://en.wikipedia.org/wiki/Computer_forensicsen.wikipedia.org/wiki/Computer_forensics,https://en.wikipedia.org/https://en.wikipedia.org/wiki/Computer_forensicsen.wikipedia.org/wiki/Computer_forensics,,,,regex_match_no_context
case1,regex_baseline,url,ascii,74154454,https://en.wikipedia.org/https://en.wikipedia.org/wiki/Digital_forensicsen.wikipedia.org/wiki/Digital_forensicsP,https://en.wikipedia.org/https://en.wikipedia.org/wiki/Digital_forensicsen.wikipedia.org/wiki/Digital_forensicsP,,,,regex_match_no_context
case1,regex_baseline,url,ascii,74154585,https://wikipedia.org/https://www.wikipedia.org/wikipedia.orgJ,https://wikipedia.org/https://www.wikipedia.org/wikipedia.orgJ,,,,regex_match_no_context
case1,regex_baseline,url,ascii,74154863,https://comic.naver.com/https://comic.naver.com/webtoon/list?titleId=64997&weekday=satcomic.naver.com/webtoon/list?titleId=64997&weekday=satx,https://comic.naver.com/https://comic.naver.com/webtoon/list?titleId=64997&weekday=satcomic.naver.com/webtoon/list?titleId=64997&weekday=satx,,,,regex_match_no_context
case1,regex_baseline,url,ascii,74155015,https://recruit.webtoonscorp.com/https://recruit.webtoonscorp.com/cnts/techrecruit.webtoonscorp.com/cnts/techb,https://recruit.webtoonscorp.com/https://recruit.webtoonscorp.com/cnts/techrecruit.webtoonscorp.com/cnts/techb,,,,regex_match_no_context
case1,regex_baseline,url,ascii,74155136,https://ko.wikipedia.org/https://ko.wikipedia.org/wiki/Bitlyko.wikipedia.org/wiki/Bitly,https://ko.wikipedia.org/https://ko.wikipedia.org/wiki/Bitlyko.wikipedia.org/wiki/Bitly,,,,regex_match_no_context
case1,regex_baseline,url,ascii,74155235,https://naver.com/https://www.naver.com/naver.com@,https://naver.com/https://www.naver.com/naver.com@,,,,regex_match_no_context
case1,regex_baseline,url,ascii,74155304,https://arxiv.org/https://arxiv.org/arxiv.org,https://arxiv.org/https://arxiv.org/arxiv.org,,,,regex_match_no_context
case1,regex_baseline,url,ascii,74155758,https://recruit.webtoonscorp.com/https://recruit.webtoonscorp.com/cnts/techrecruit.webtoonscorp.com/cnts/techj,https://recruit.webtoonscorp.com/https://recruit.webtoonscorp.com/cnts/techrecruit.webtoonscorp.com/cnts/techj,,,,regex_match_no_context
case1,regex_baseline,url,ascii,74155887,https://ko.wikipedia.org/https://ko.wikipedia.org/wiki/Bitlyko.wikipedia.org/wiki/Bitlyj,https://ko.wikipedia.org/https://ko.wikipedia.org/wiki/Bitlyko.wikipedia.org/wiki/Bitlyj,,,,regex_match_no_context
case1,regex_baseline,url,ascii,74155994,https://ko.wikipedia.org/https://ko.wikipedia.org/wiki/Bitlyko.wikipedia.org/wiki/BitlyD,https://ko.wikipedia.org/https://ko.wikipedia.org/wiki/Bitlyko.wikipedia.org/wiki/BitlyD,,,,regex_match_no_context
case1,regex_baseline,url,ascii,74179242,https://www.google.com/search?q=%ED%8F%AC%EB%A0%8C%EC%8B%9D+%EC%9C%84%ED%82%A4&sourceid=chrome&ie=UTF-8,https://www.google.com/search?q=%ED%8F%AC%EB%A0%8C%EC%8B%9D+%EC%9C%84%ED%82%A4&sourceid=chrome&ie=UTF-8,,,,regex_match_no_context
case1,regex_baseline,url,ascii,74179541,https://www.google.com/search?q=%ED%81%AC%EB%A1%AC+%EB%B8%8C%EB%9D%BC%EC%9A%B0%EC%A0%80&sourceid=chrome&ie=UTF-8,https://www.google.com/search?q=%ED%81%AC%EB%A1%AC+%EB%B8%8C%EB%9D%BC%EC%9A%B0%EC%A0%80&sourceid=chrome&ie=UTF-8,,,,regex_match_no_context
case1,regex_baseline,url,ascii,74186267,https://chromium.org/https://www.chromium.org/chromium-projects/chromium.org/chromium-projects/M,https://chromium.org/https://www.chromium.org/chromium-projects/chromium.org/chromium-projects/M,,,,regex_match_no_context
case1,regex_baseline,url,ascii,74186382,https://chromium.org/https://www.chromium.org/chromium.orgJ,https://chromium.org/https://www.chromium.org/chromium.orgJ,,,,regex_match_no_context
case1,regex_baseline,url,ascii,74186460,https://youtube.com/https://www.youtube.com/youtube.comG,https://youtube.com/https://www.youtube.com/youtube.comG,,,,regex_match_no_context
case1,regex_baseline,url,ascii,74186535,https://google.com/https://www.google.com/google.comG,https://google.com/https://www.google.com/google.comG,,,,regex_match_no_context
case1,regex_baseline,url,ascii,74186607,https://google.com/https://www.google.com/google.comr,https://google.com/https://www.google.com/google.comr,,,,regex_match_no_context
case1,regex_baseline,url,ascii,74186794,https://chromium.org/https://www.chromium.org/chromium.orgC,https://chromium.org/https://www.chromium.org/chromium.orgC,,,,regex_match_no_context
case1,regex_baseline,url,ascii,74186872,https://github.com/https://github.com/github.comC,https://github.com/https://github.com/github.comC,,,,regex_match_no_context
case1,regex_baseline,url,ascii,74187008,https://github.com/https://github.com/github.comJ,https://github.com/https://github.com/github.comJ,,,,regex_match_no_context
case1,regex_baseline,url,ascii,74187162,https://www.google.com/google.com?,https://www.google.com/google.com,,,,regex_match_no_context
case1,regex_baseline,url,ascii,74187226,https://www.google.com/google.comJ,https://www.google.com/google.comJ,,,,regex_match_no_context
case1,regex_baseline,url,ascii,74187279,https://youtube.com/https://www.youtube.com/youtube.comJ,https://youtube.com/https://www.youtube.com/youtube.comJ,,,,regex_match_no_context
case1,regex_baseline,url,ascii,74187870,https://chromium.org/https://www.chromium.org/developers/design-documents/multi-process-architecture/chromium.org/developers/design-documents/multi-process-architecture/,https://chromium.org/https://www.chromium.org/developers/design-documents/multi-process-architecture/chromium.org/developers/design-documents/multi-process-architecture,,,,regex_match_no_context
case1,regex_baseline,url,ascii,74188062,https://chromium.org/https://www.chromium.org/developers/how-tos/getting-around-the-chrome-source-code/chromium.org/developers/how-tos/getting-around-the-chrome-source-code/d,https://chromium.org/https://www.chromium.org/developers/how-tos/getting-around-the-chrome-source-code/chromium.org/developers/how-tos/getting-around-the-chrome-source-code/d,,,,regex_match_no_context
case1,regex_baseline,url,ascii,74188255,https://chromium.org/https://www.chromium.org/developers/chromium.org/developers/,https://chromium.org/https://www.chromium.org/developers/chromium.org/developers,,,,regex_match_no_context
case1,regex_baseline,url,ascii,74188560,https://chromium.org/https://www.chromium.org/developers/chromium.org/developers/Y,https://chromium.org/https://www.chromium.org/developers/chromium.org/developers/Y,,,,regex_match_no_context
case1,regex_baseline,url,ascii,74188662,https://chromium.org/https://www.chromium.org/Home/chromium.org/Home/k,https://chromium.org/https://www.chromium.org/Home/chromium.org/Home/k,,,,regex_match_no_context
case1,regex_baseline,url,ascii,74188744,https://chromium.org/https://www.chromium.org/chromium-projects/chromium.org/chromium-projects/N,https://chromium.org/https://www.chromium.org/chromium-projects/chromium.org/chromium-projects/N,,,,regex_match_no_context
case1,regex_baseline,url,ascii,74188860,https://chromium.org/https://www.chromium.org/chromium.orgSQLite,https://chromium.org/https://www.chromium.org/chromium.orgSQLite,,,,regex_match_no_context
case1,regex_baseline,url,ascii,74197713,https://www.youtube.com/s/desktop/00d32223/img/favicon_32x32.png(,https://www.youtube.com/s/desktop/00d32223/img/favicon_32x32.png(,,,,regex_match_no_context
case1,regex_baseline,url,ascii,74197783,https://www.chromium.org/favicon.ico:,https://www.chromium.org/favicon.ico:,,,,regex_match_no_context
case1,regex_baseline,url,ascii,74197825,https://www.wikipedia.org/static/favicon/wikipedia.ico,https://www.wikipedia.org/static/favicon/wikipedia.ico,,,,regex_match_no_context
case1,regex_baseline,url,ascii,74197956,https://ko.wikipedia.org/static/favicon/wikipedia.ico:,https://ko.wikipedia.org/static/favicon/wikipedia.ico:,,,,regex_match_no_context
case1,regex_baseline,url,ascii,74198015,https://ssl.gstatic.com/ui/v1/icons/mail/rfr/gmail.ico+,https://ssl.gstatic.com/ui/v1/icons/mail/rfr/gmail.ico+,,,,regex_match_no_context
case1,regex_baseline,url,ascii,74198075,https://accounts.google.com/favicon.icor,https://accounts.google.com/favicon.icor,,,,regex_match_no_context
case1,regex_baseline,url,ascii,74198121,https://www.google.com/gmail/about/static-2.0/images/favicon.ico?fingerprint=913d48cd5d48ba34313131f246f99d6bX,https://www.google.com/gmail/about/static-2.0/images/favicon.ico?fingerprint=913d48cd5d48ba34313131f246f99d6bX,,,,regex_match_no_context
case1,regex_baseline,url,ascii,74198237,https://recruit.webtoonscorp.com/share/tmplat/webtoon/img/og/webtoon_favicon_32.ico4,https://recruit.webtoonscorp.com/share/tmplat/webtoon/img/og/webtoon_favicon_32.ico4,,,,regex_match_no_context
case1,regex_baseline,url,ascii,74198326,http://forensic.korea.ac.kr/img/logo/favicon.ico9,http://forensic.korea.ac.kr/img/logo/favicon.ico9,,,,regex_match_no_context
case1,regex_baseline,url,ascii,74198380,https://en.wikipedia.org/static/favicon/wikipedia.icoE,https://en.wikipedia.org/static/favicon/wikipedia.icoE,,,,regex_match_no_context
case1,regex_baseline,url,ascii,74198440,https://www.youtube.com/s/desktop/cd64ce7e/img/favicon_32x32.pngK,https://www.youtube.com/s/desktop/cd64ce7e/img/favicon_32x32.pngK,,,,regex_match_no_context
case1,regex_baseline,url,ascii,74198511,https://www.google.com/chrome/static/images/favicons/favicon-32x32.png9,https://www.google.com/chrome/static/images/favicons/favicon-32x32.png9,,,,regex_match_no_context
case1,regex_baseline,url,ascii,74198587,https://www.ieee.org/etc/designs/ieee-org/favicon.icoK,https://www.ieee.org/etc/designs/ieee-org/favicon.icoK,,,,regex_match_no_context
case1,regex_baseline,url,ascii,74198647,https://ssl.pstatic.net/static/comic/favicon/webtoon_favicon_32x32.icoJ,https://ssl.pstatic.net/static/comic/favicon/webtoon_favicon_32x32.icoJ,,,,regex_match_no_context
case1,regex_baseline,url,ascii,74198724,https://static.arxiv.org/static/browse/0.3.4/images/icons/favicon.icoO,https://static.arxiv.org/static/browse/0.3.4/images/icons/favicon.icoO,,,,regex_match_no_context
case1,regex_baseline,url,ascii,74198800,https://cdn.sstatic.net/Sites/stackoverflow/Img/favicon.ico?v=ec617d715196=,https://cdn.sstatic.net/Sites/stackoverflow/Img/favicon.ico?v=ec617d715196=,,,,regex_match_no_context
case1,regex_baseline,url,ascii,74198880,https://github.githubassets.com/favicons/favicon-dark.svg.,https://github.githubassets.com/favicons/favicon-dark.svg.,,,,regex_match_no_context
case1,regex_baseline,url,ascii,74198943,https://geun-yeong.tistory.com/favicon.ico*,https://geun-yeong.tistory.com/favicon.ico*,,,,regex_match_no_context
case1,regex_baseline,url,ascii,74198991,https://t1.daumcdn.net/top/favicon.ico.,https://t1.daumcdn.net/top/favicon.ico.,,,,regex_match_no_context
case1,regex_baseline,url,ascii,74199035,https://www.kakaocorp.com/page/favicon.ico,https://www.kakaocorp.com/page/favicon.ico,,,,regex_match_no_context
case1,regex_baseline,url,ascii,74199083,https://www.naver.com/favicon.ico?1&,https://www.naver.com/favicon.ico?1&,,,,regex_match_no_context
case1,regex_baseline,url,ascii,74199124,https://www.google.com/favicon.ico,https://www.google.com/favicon.ico,,,,regex_match_no_context
case1,regex_baseline,url,ascii,74202538,https://myaccount.google.com/accounts/SetOSID?authuser=0&continue=https%3A%2F%2Fgds.google.com%2Fweb%2Fchip%3Fep%3Dp%26gdsid%3D-2084009212%26authuser%3D0%26hl%3Dko%26continue%3Dhttps%253A%252F%252Faccounts.google.com%252FService,https://myaccount.google.com/accounts/SetOSID?authuser=0&continue=https%3A%2F%2Fgds.google.com%2Fweb%2Fchip%3Fep%3Dp%26gdsid%3D-2084009212%26authuser%3D0%26hl%3Dko%26continue%3Dhttps%253A%252F%252Faccounts.google.com%252FService,,,,regex_match_no_context
case1,regex_baseline,url,ascii,74202778,https://en.wikipedia.org/wiki/Cybercrime%,https://en.wikipedia.org/wiki/Cybercrime%,,,,regex_match_no_context
case1,regex_baseline,url,ascii,74205927,https://www.youtube.com/s/desktop/00d32223/img/favicon_32x32.png,https://www.youtube.com/s/desktop/00d32223/img/favicon_32x32.png,,,,regex_match_no_context
case1,regex_baseline,url,ascii,74205996,https://www.chromium.org/favicon.ico,https://www.chromium.org/favicon.ico,,,,regex_match_no_context
case1,regex_baseline,url,ascii,74206166,https://ko.wikipedia.org/static/favicon/wikipedia.ico,https://ko.wikipedia.org/static/favicon/wikipedia.ico,,,,regex_match_no_context
case1,regex_baseline,url,ascii,74206224,https://ssl.gstatic.com/ui/v1/icons/mail/rfr/gmail.ico,https://ssl.gstatic.com/ui/v1/icons/mail/rfr/gmail.ico,,,,regex_match_no_context
case1,regex_baseline,url,ascii,74206283,https://accounts.google.com/favicon.ico,https://accounts.google.com/favicon.ico,,,,regex_match_no_context
case1,regex_baseline,url,ascii,74206328,https://www.google.com/gmail/about/static-2.0/images/favicon.ico?fingerprint=913d48cd5d48ba34313131f246f99d6b,https://www.google.com/gmail/about/static-2.0/images/favicon.ico?fingerprint=913d48cd5d48ba34313131f246f99d6b,,,,regex_match_no_context
case1,regex_baseline,url,ascii,74206443,https://recruit.webtoonscorp.com/share/tmplat/webtoon/img/og/webtoon_favicon_32.ico,https://recruit.webtoonscorp.com/share/tmplat/webtoon/img/og/webtoon_favicon_32.ico,,,,regex_match_no_context
case1,regex_baseline,url,ascii,74206531,http://forensic.korea.ac.kr/img/logo/favicon.ico,http://forensic.korea.ac.kr/img/logo/favicon.ico,,,,regex_match_no_context
case1,regex_baseline,url,ascii,74206584,https://en.wikipedia.org/static/favicon/wikipedia.ico,https://en.wikipedia.org/static/favicon/wikipedia.ico,,,,regex_match_no_context
case1,regex_baseline,url,ascii,74206643,https://www.youtube.com/s/desktop/cd64ce7e/img/favicon_32x32.png,https://www.youtube.com/s/desktop/cd64ce7e/img/favicon_32x32.png,,,,regex_match_no_context
case1,regex_baseline,url,ascii,74206713,https://www.google.com/chrome/static/images/favicons/favicon-32x32.png,https://www.google.com/chrome/static/images/favicons/favicon-32x32.png,,,,regex_match_no_context
case1,regex_baseline,url,ascii,74206788,https://www.ieee.org/etc/designs/ieee-org/favicon.ico,https://www.ieee.org/etc/designs/ieee-org/favicon.ico,,,,regex_match_no_context
case1,regex_baseline,url,ascii,74206847,https://ssl.pstatic.net/static/comic/favicon/webtoon_favicon_32x32.ico,https://ssl.pstatic.net/static/comic/favicon/webtoon_favicon_32x32.ico,,,,regex_match_no_context
case1,regex_baseline,url,ascii,74206923,https://static.arxiv.org/static/browse/0.3.4/images/icons/favicon.ico,https://static.arxiv.org/static/browse/0.3.4/images/icons/favicon.ico,,,,regex_match_no_context
case1,regex_baseline,url,ascii,74206998,https://cdn.sstatic.net/Sites/stackoverflow/Img/favicon.ico?v=ec617d715196,https://cdn.sstatic.net/Sites/stackoverflow/Img/favicon.ico?v=ec617d715196,,,,regex_match_no_context
case1,regex_baseline,url,ascii,74207077,https://github.githubassets.com/favicons/favicon-dark.svg,https://github.githubassets.com/favicons/favicon-dark.svg,,,,regex_match_no_context
case1,regex_baseline,url,ascii,74207139,https://geun-yeong.tistory.com/favicon.ico,https://geun-yeong.tistory.com/favicon.ico,,,,regex_match_no_context
case1,regex_baseline,url,ascii,74207186,https://t1.daumcdn.net/top/favicon.ico,https://t1.daumcdn.net/top/favicon.ico,,,,regex_match_no_context
case1,regex_baseline,url,ascii,74207276,https://www.naver.com/favicon.ico?1,https://www.naver.com/favicon.ico?1,,,,regex_match_no_context
case1,regex_baseline,url,ascii,74234106,https://www.google.com/search?q=%ED%8F%AC%EB%A0%8C%EC%8B%9D+%EC%9C%84%ED%82%A4&oq=%ED%8F%AC%EB%A0%8C%EC%8B%9D+%EC%9C%84%ED%82%A4&gs_lcrp=EgZjaHJvbWUyBggAEEUYOdIBCDExOTFqMGo3qAIAsAIA&sourceid=chrome&ie=UTF-8.,https://www.google.com/search?q=%ED%8F%AC%EB%A0%8C%EC%8B%9D+%EC%9C%84%ED%82%A4&oq=%ED%8F%AC%EB%A0%8C%EC%8B%9D+%EC%9C%84%ED%82%A4&gs_lcrp=EgZjaHJvbWUyBggAEEUYOdIBCDExOTFqMGo3qAIAsAIA&sourceid=chrome&ie=UTF-8.,,,,regex_match_no_context
case1,regex_baseline,url,ascii,74236104,https://accounts.google.com/ServiceLogin?continue=https%3A%2F%2Fmail.google.com%2Fmail%2F&service=mail&sacu=1&rip=1,https://accounts.google.com/ServiceLogin?continue=https%3A%2F%2Fmail.google.com%2Fmail%2F&service=mail&sacu=1&rip=1,,,,regex_match_no_context
case1,regex_baseline,url,ascii,74236228,https://accounts.google.com/AccountChooser?service=mail&continue=https%3A%2F%2Fmail.google.com%2Fmail%2F&flowName=GlifWebSignIn&flowEntry=AccountChooser,https://accounts.google.com/AccountChooser?service=mail&continue=https%3A%2F%2Fmail.google.com%2Fmail%2F&flowName=GlifWebSignIn&flowEntry=AccountChooser,,,,regex_match_no_context
case1,regex_baseline,url,ascii,74236389,https://accounts.google.com/AccountChooser/signinchooser?service=mail&continue=https%3A%2F%2Fmail.google.com%2Fmail%2F&flowName=GlifWebSignIn&flowEntry=AccountChooser,https://accounts.google.com/AccountChooser/signinchooser?service=mail&continue=https%3A%2F%2Fmail.google.com%2Fmail%2F&flowName=GlifWebSignIn&flowEntry=AccountChooser,,,,regex_match_no_context
case1,regex_baseline,url,ascii,74236562,https://www.google.com/intl/ko/mail/help/about.html,https://www.google.com/intl/ko/mail/help/about.html,,,,regex_match_no_context
case1,regex_baseline,url,ascii,74236620,https://www.google.com/intl/ko/gmail/about/,https://www.google.com/intl/ko/gmail/about,,,,regex_match_no_context
case1,regex_baseline,url,ascii,74236670,https://www.google.com/gmail/,https://www.google.com/gmail,,,,regex_match_no_context
case1,regex_baseline,url,ascii,74236746,https://mail.google.com/mail/,https://mail.google.com/mail,,,,regex_match_no_context
case1,regex_baseline,url,ascii,74236782,https://mail.google.com/intl/ko/mail/help/about.html,https://mail.google.com/intl/ko/mail/help/about.html,,,,regex_match_no_context
case1,regex_baseline,url,ascii,74236841,https://gmail.com/,https://gmail.com,,,,regex_match_no_context
case1,regex_baseline,url,ascii,74236868,https://accounts.google.com/ServiceLogin?service=mail&passive=1209600&osid=1&continue=https://mail.google.com/mail/u/0/&followup=https://mail.google.com/mail/u/0/&emr=1,https://accounts.google.com/ServiceLogin?service=mail&passive=1209600&osid=1&continue=https://mail.google.com/mail/u/0/&followup=https://mail.google.com/mail/u/0/&emr=1,,,,regex_match_no_context
case1,regex_baseline,url,ascii,74237043,https://recruit.webtoonscorp.com/cnts/tech,https://recruit.webtoonscorp.com/cnts/tech,,,,regex_match_no_context
case1,regex_baseline,url,ascii,74237269,https://en.wikipedia.org/wiki/Mnemonic,https://en.wikipedia.org/wiki/Mnemonic,,,,regex_match_no_context
case1,regex_baseline,url,ascii,74237314,https://en.wikipedia.org/wiki/Cryptocurrency_wallet,https://en.wikipedia.org/wiki/Cryptocurrency_wallet,,,,regex_match_no_context
case1,regex_baseline,url,ascii,74237372,https://en.wikipedia.org/wiki/Decentralized_finance,https://en.wikipedia.org/wiki/Decentralized_finance,,,,regex_match_no_context
case1,regex_baseline,url,ascii,74237430,https://en.wikipedia.org/wiki/Smart_contract,https://en.wikipedia.org/wiki/Smart_contract,,,,regex_match_no_context
case1,regex_baseline,url,ascii,74237481,https://en.wikipedia.org/wiki/Blockchain,https://en.wikipedia.org/wiki/Blockchain,,,,regex_match_no_context
case1,regex_baseline,url,ascii,74237528,https://en.wikipedia.org/wiki/Cryptocurrency,https://en.wikipedia.org/wiki/Cryptocurrency,,,,regex_match_no_context
case1,regex_baseline,url,ascii,74237579,https://en.wikipedia.org/wiki/Ransomware,https://en.wikipedia.org/wiki/Ransomware,,,,regex_match_no_context
case1,regex_baseline,url,ascii,74237626,https://en.wikipedia.org/wiki/Cybercrime,https://en.wikipedia.org/wiki/Cybercrime,,,,regex_match_no_context
case1,regex_baseline,url,ascii,74237673,https://en.wikipedia.org/wiki/Computer_crime,https://en.wikipedia.org/wiki/Computer_crime,,,,regex_match_no_context
case1,regex_baseline,url,ascii,74237724,https://en.wikipedia.org/wiki/Digital_forensics,https://en.wikipedia.org/wiki/Digital_forensics,,,,regex_match_no_context
case1,regex_baseline,url,ascii,74237779,https://en.wikipedia.org/w/index.php?search=digital+forensics&title=Special%3ASearch&ns0=1,https://en.wikipedia.org/w/index.php?search=digital+forensics&title=Special%3ASearch&ns0=1,,,,regex_match_no_context
case1,regex_baseline,url,ascii,74237876,https://en.wikipedia.org/wiki/Main_Page,https://en.wikipedia.org/wiki/Main_Page,,,,regex_match_no_context
case1,regex_baseline,url,ascii,74237922,https://www.youtube.com/?themeRefresh=1,https://www.youtube.com?themeRefresh=1,,,,regex_match_no_context
case1,regex_baseline,url,ascii,74242203,https://accounts.google.com/CheckCookie?continue=https://mail.google.com/mail/&service=mail&checkedDomains=youtube&checkConnection=youtube:271:0&pstMsg=1&flowName=GlifWebSignIn&ifkv=AWnogHdB2R47P8_be1so0fF5AMBtyCl6BDwEB27tq1JXdNxmLP4oSim3J-gghyoQV3HJ_lsNV7yYDw&chtml=LoginDoneHtml&gidl=Em4IGhJiQUVqSEw0UFdyS0xyVU5GNW9oNVRTdUROdVdhU3hfRDhaRl9FRHlGZW00YXBEcXBKbmlOak1ESlowTGRGeFd0ZEl0RkFZVlZTVDhMWlI1SmVmMlByRnZUV1c2aTF6MmNaUXciBggpCEsQAg&flowEntry=ServiceLogin?x,https://accounts.google.com/CheckCookie?continue=https://mail.google.com/mail/&service=mail&checkedDomains=youtube&checkConnection=youtube:271:0&pstMsg=1&flowName=GlifWebSignIn&ifkv=AWnogHdB2R47P8_be1so0fF5AMBtyCl6BDwEB27tq1JXdNxmLP4oSim3J-gghyoQV3HJ_lsNV7yYDw&chtml=LoginDoneHtml&gidl=Em4IGhJiQUVqSEw0UFdyS0xyVU5GNW9oNVRTdUROdVdhU3hfRDhaRl9FRHlGZW00YXBEcXBKbmlOak1ESlowTGRGeFd0ZEl0RkFZVlZTVDhMWlI1SmVmMlByRnZUV1c2aTF6MmNaUXciBggpCEsQAg&flowEntry=ServiceLogin?x,,,,regex_match_no_context
case1,regex_baseline,url,ascii,74242981,http://github.com/e,http://github.com/e,,,,regex_match_no_context
case1,regex_baseline,url,ascii,74243006,https://accounts.google.com/ServiceLogin?continue=https%3A%2F%2Fgds.google.com%2Fweb%2Fchip%3Fep%3Dp%26gdsid%3D-2084009212%26authuser%3D0%26hl%3Dko%26continue%3Dhttps%253A%252F%252Faccounts.google.com%252FServiceLogin%253Fcontin,https://accounts.google.com/ServiceLogin?continue=https%3A%2F%2Fgds.google.com%2Fweb%2Fchip%3Fep%3Dp%26gdsid%3D-2084009212%26authuser%3D0%26hl%3Dko%26continue%3Dhttps%253A%252F%252Faccounts.google.com%252FServiceLogin%253Fcontin,,,,regex_match_no_context
case1,regex_baseline,url,ascii,74243380,https://accounts.google.com/ServiceLogin?continue=https%3A%2F%2Fmail.google.com%2Fmail%2F&service=mail&hl=ko&authuser=0&passive=true&sarp=1&aodrpl=1&checkedDomains=youtube&checkConnection=youtube%3A271%3A0&pstMsg=1J,https://accounts.google.com/ServiceLogin?continue=https%3A%2F%2Fmail.google.com%2Fmail%2F&service=mail&hl=ko&authuser=0&passive=true&sarp=1&aodrpl=1&checkedDomains=youtube&checkConnection=youtube%3A271%3A0&pstMsg=1J,,,,regex_match_no_context
case1,regex_baseline,url,ascii,74243601,https://accounts.google.co.kr/accounts/SetSID?ssdc=1&sidt=ALWU2csbMlMdJ4YEtWSc1i0t1o952o8pnI8D%2BUV2DrzV96Ou%2BNGSCmgAq8ndZWU2%2BDU9Stt925Ds/GyCJCNZaMvvh6Fr6/I42Faq4lQ7Rx9qQ2l2eAsRYCFXeeqXMbX%2BRQaclpKvE/t9uiPExFyOFS7HNDJzU9YxKO,https://accounts.google.co.kr/accounts/SetSID?ssdc=1&sidt=ALWU2csbMlMdJ4YEtWSc1i0t1o952o8pnI8D%2BUV2DrzV96Ou%2BNGSCmgAq8ndZWU2%2BDU9Stt925Ds/GyCJCNZaMvvh6Fr6/I42Faq4lQ7Rx9qQ2l2eAsRYCFXeeqXMbX%2BRQaclpKvE/t9uiPExFyOFS7HNDJzU9YxKO,,,,regex_match_no_context
case1,regex_baseline,url,ascii,74243839,https://accounts.google.com/ServiceLogin?service=mail&passive=1209600&osid=1&continue=https://mail.google.com/mail/u/0/&followup=https://mail.google.com/mail/u/0/&emr=12,https://accounts.google.com/ServiceLogin?service=mail&passive=1209600&osid=1&continue=https://mail.google.com/mail/u/0/&followup=https://mail.google.com/mail/u/0/&emr=12,,,,regex_match_no_context
case1,regex_baseline,url,ascii,74244014,https://accounts.google.com/AccountChooser/signinchooser?service=mail&continue=https%3A%2F%2Fmail.google.com%2Fmail%2F&flowName=GlifWebSignIn&flowEntry=AccountChooser:,https://accounts.google.com/AccountChooser/signinchooser?service=mail&continue=https%3A%2F%2Fmail.google.com%2Fmail%2F&flowName=GlifWebSignIn&flowEntry=AccountChooser:,,,,regex_match_no_context
case1,regex_baseline,url,ascii,74244185,http://forensic.korea.ac.kr/-,http://forensic.korea.ac.kr/-,,,,regex_match_no_context
case1,regex_baseline,url,ascii,74244447,https://en.wikipedia.org/wiki/Best_evidence_ruleY,https://en.wikipedia.org/wiki/Best_evidence_ruleY,,,,regex_match_no_context
case1,regex_baseline,url,ascii,74244502,https://accounts.google.com/v3/signin/identifier?dsh=S-502362205%3A1677653382461634&continue=https%3A%2F%2Fmail.google.com%2Fmail%2F&rip=1&sacu=1&service=mail&flowName=GlifWebSignIn&flowEntry=ServiceLogin&ifkv=AWnogHdB2R47P8_be1so0fF5AMBtyCl6BDwEB27tq1JXdNxmLP4oSim3J-gghyoQV3HJ_lsNV7yYDw=,https://accounts.google.com/v3/signin/identifier?dsh=S-502362205%3A1677653382461634&continue=https%3A%2F%2Fmail.google.com%2Fmail%2F&rip=1&sacu=1&service=mail&flowName=GlifWebSignIn&flowEntry=ServiceLogin&ifkv=AWnogHdB2R47P8_be1so0fF5AMBtyCl6BDwEB27tq1JXdNxmLP4oSim3J-gghyoQV3HJ_lsNV7yYDw=,,,,regex_match_no_context
case1,regex_baseline,url,ascii,74244811,https://en.wikipedia.org/wiki/Computer_forensicsW7,https://en.wikipedia.org/wiki/Computer_forensicsW7,,,,regex_match_no_context
case1,regex_baseline,url,ascii,74244864,https://en.wikipedia.org/wiki/Cryptocurrency_wallet+0,https://en.wikipedia.org/wiki/Cryptocurrency_wallet+0,,,,regex_match_no_context
case1,regex_baseline,url,ascii,74244969,https://en.wikipedia.org/wiki/Computer_crime$,https://en.wikipedia.org/wiki/Computer_crime$,,,,regex_match_no_context
case1,regex_baseline,url,ascii,74245018,https://bit.ly/2MBojqkQ,https://bit.ly/2MBojqkQ,,,,regex_match_no_context
case1,regex_baseline,url,ascii,74245047,https://accounts.youtube.com/accounts/SetSID?ssdc=1&sidt=ALWU2ctlcxJo/Lfly8H2Lo%2BtT1S7Px4Kdf3mCES0jeBIw2PSDgct4vbLn6Hbe2YqxvMSyD5W1jL4%2Brx2qZ/rgyxO%2B1aFhZqxxq2T8gp12sdibe6Ls01EWuIgS9Aw18a1VGciqT1MQkiZKVWPwEhpGbynCYmoYVU6G2ZZ2,https://accounts.youtube.com/accounts/SetSID?ssdc=1&sidt=ALWU2ctlcxJo/Lfly8H2Lo%2BtT1S7Px4Kdf3mCES0jeBIw2PSDgct4vbLn6Hbe2YqxvMSyD5W1jL4%2Brx2qZ/rgyxO%2B1aFhZqxxq2T8gp12sdibe6Ls01EWuIgS9Aw18a1VGciqT1MQkiZKVWPwEhpGbynCYmoYVU6G2ZZ2,,,,regex_match_no_context
case1,regex_baseline,url,ascii,74245283,https://en.wikipedia.org/wiki/Blockchain(_,https://en.wikipedia.org/wiki/Blockchain(_,,,,regex_match_no_context
case1,regex_baseline,url,ascii,74245424,https://en.wikipedia.org/.8,https://en.wikipedia.org/.8,,,,regex_match_no_context
case1,regex_baseline,url,ascii,74245750,https://comic.naver.com/webtoon/list?titleId=64997&weekday=sat/@,https://comic.naver.com/webtoon/list?titleId=64997&weekday=sat/@,,,,regex_match_no_context
case1,regex_baseline,url,ascii,74256213,https://accounts.google.com/v3/signin/identifier?dsh=S-502362205%3A1677653382461634&continue=https%3A%2F%2Fmail.google.com%2Fmail%2F&rip=1&sacu=1&service=mail&flowName=GlifWebSignIn&flowEntry=ServiceLogin&ifkv=AWnogHdB2R47P8_be1so0fF5AMBtyCl6BDwEB27tq1JXdNxmLP4oSim3J-gghyoQV3HJ_lsNV7yYDw,https://accounts.google.com/v3/signin/identifier?dsh=S-502362205%3A1677653382461634&continue=https%3A%2F%2Fmail.google.com%2Fmail%2F&rip=1&sacu=1&service=mail&flowName=GlifWebSignIn&flowEntry=ServiceLogin&ifkv=AWnogHdB2R47P8_be1so0fF5AMBtyCl6BDwEB27tq1JXdNxmLP4oSim3J-gghyoQV3HJ_lsNV7yYDw,,,,regex_match_no_context
case1,regex_baseline,url,ascii,74256581,https://en.wikipedia.org/wiki/Special:Search?go=Go&search=digital+forensics&ns0=1U+,https://en.wikipedia.org/wiki/Special:Search?go=Go&search=digital+forensics&ns0=1U+,,,,regex_match_no_context
case1,regex_baseline,url,ascii,74256713,https://mail.google.com/accounts/SetOSID?authuser=0&continue=https%3A%2F%2Faccounts.youtube.com%2Faccounts%2FSetSID%3Fssdc%3D1%26sidt%3DALWU2ctlcxJo%252FLfly8H2Lo%252BtT1S7Px4Kdf3mCES0jeBIw2PSDgct4vbLn6Hbe2YqxvMSyD5W1jL4%252Brx2,https://mail.google.com/accounts/SetOSID?authuser=0&continue=https%3A%2F%2Faccounts.youtube.com%2Faccounts%2FSetSID%3Fssdc%3D1%26sidt%3DALWU2ctlcxJo%252FLfly8H2Lo%252BtT1S7Px4Kdf3mCES0jeBIw2PSDgct4vbLn6Hbe2YqxvMSyD5W1jL4%252Brx2,,,,regex_match_no_context
case1,regex_baseline,url,ascii,74257093,https://en.wikipedia.org/wiki/Digital_evidenceXP,https://en.wikipedia.org/wiki/Digital_evidenceXP,,,,regex_match_no_context
case1,regex_baseline,url,ascii,74257145,https://en.wikipedia.org/wiki/Special:Search?search=digital+forensics&go=GoV%,https://en.wikipedia.org/wiki/Special:Search?search=digital+forensics&go=GoV%,,,,regex_match_no_context
case1,regex_baseline,url,ascii,74257225,https://mail.google.com/mail/u/0/N!,https://mail.google.com/mail/u/0/N!,,,,regex_match_no_context
case1,regex_baseline,url,ascii,74257263,https://mail.google.com/mail/58,https://mail.google.com/mail/58,,,,regex_match_no_context
case1,regex_baseline,url,ascii,74257297,https://mail.google.com/intl/ko/mail/help/about.html4,https://mail.google.com/intl/ko/mail/help/about.html4,,,,regex_match_no_context
case1,regex_baseline,url,ascii,74257399,https://gmail.com/3,https://gmail.com/3,,,,regex_match_no_context
case1,regex_baseline,url,ascii,74257563,https://mail.google.com/mail/?pli=1M,https://mail.google.com/mail?pli=1M,,,,regex_match_no_context
case1,regex_baseline,url,ascii,74257603,https://ko.wikipedia.org/wiki/BitlyR+,https://ko.wikipedia.org/wiki/BitlyR+,,,,regex_match_no_context
case1,regex_baseline,url,ascii,74257643,https://mail.google.com/mail/u/0/?pli=1O,https://mail.google.com/mail/u/0?pli=1O,,,,regex_match_no_context
case1,regex_baseline,url,ascii,74257689,https://gds.google.com/web/chip?ep=p&gdsid=-2084009212&authuser=0&hl=ko&continue=https://accounts.google.com/ServiceLogin?continue%3Dhttps%253A%252F%252Fmail.google.com%252Fmail%252F%26service%3Dmail%26hl%3Dko%26authuser%3D0%26passive%3Dtrue%26sarp%3D1%26aodrpl%3D1%26checkedDomains%3Dyoutube%26checkConnection%3Dyoutube%253A271%253A0%26pstMsg%3D1&service=mail&rapt=AEjHL4PWrKLrUNF5oh5TSuDNuWaSx_D8ZF_EDyFem4apDqpJniNjMDJZ0LdFxWtdItFAYVVST8LZR5Jef2PrFvTWW6i1z2cZQw&pli=1A0,https://gds.google.com/web/chip?ep=p&gdsid=-2084009212&authuser=0&hl=ko&continue=https://accounts.google.com/ServiceLogin?continue%3Dhttps%253A%252F%252Fmail.google.com%252Fmail%252F%26service%3Dmail%26hl%3Dko%26authuser%3D0%26passive%3Dtrue%26sarp%3D1%26aodrpl%3D1%26checkedDomains%3Dyoutube%26checkConnection%3Dyoutube%253A271%253A0%26pstMsg%3D1&service=mail&rapt=AEjHL4PWrKLrUNF5oh5TSuDNuWaSx_D8ZF_EDyFem4apDqpJniNjMDJZ0LdFxWtdItFAYVVST8LZR5Jef2PrFvTWW6i1z2cZQw&pli=1A0,,,,regex_match_no_context
case1,regex_baseline,url,ascii,74258164,https://en.wikipedia.org/wiki/Smart_contract),https://en.wikipedia.org/wiki/Smart_contract),,,,regex_match_no_context
case1,regex_baseline,url,ascii,74258213,https://en.wikipedia.org/wiki/Ransomware&*,https://en.wikipedia.org/wiki/Ransomware&*,,,,regex_match_no_context
case1,regex_baseline,url,ascii,74258258,"https://en.wikipedia.org/wiki/Mnemonic,+","https://en.wikipedia.org/wiki/Mnemonic,+",,,,regex_match_no_context
case1,regex_baseline,url,ascii,74258301,https://en.wikipedia.org/wiki/Main_Page!3,https://en.wikipedia.org/wiki/Main_Page!3,,,,regex_match_no_context
case1,regex_baseline,url,ascii,74258397,https://en.wikipedia.org/wiki/Decentralized_finance*,https://en.wikipedia.org/wiki/Decentralized_finance*,,,,regex_match_no_context
case1,regex_baseline,url,ascii,74265024,https://mail.google.com/mail/?pli%3D1&ifkv=AWnogHebFQoNrDl50H4EfWWEx6FcgllNsRmB_4iPkR2CqHEgL9znwWOUjue8JiVUHyh2DUqu47pxFQI,https://mail.google.com/mail?pli%3D1&ifkv=AWnogHebFQoNrDl50H4EfWWEx6FcgllNsRmB_4iPkR2CqHEgL9znwWOUjue8JiVUHyh2DUqu47pxFQI,,,,regex_match_no_context
case1,regex_baseline,url,ascii,74269558,https://www.chromium.org/developers/design-documents/multi-process-architecture/,https://www.chromium.org/developers/design-documents/multi-process-architecture,,,,regex_match_no_context
case1,regex_baseline,url,ascii,74269733,https://www.chromium.org/developers/how-tos/getting-around-the-chrome-source-code/,https://www.chromium.org/developers/how-tos/getting-around-the-chrome-source-code,,,,regex_match_no_context
case1,regex_baseline,url,ascii,74269911,https://www.chromium.org/developers/,https://www.chromium.org/developers,,,,regex_match_no_context
case1,regex_baseline,url,ascii,74270069,https://www.chromium.org/chromium-projects/,https://www.chromium.org/chromium-projects,,,,regex_match_no_context
case1,regex_baseline,url,ascii,74270200,https://en.wikipedia.org/wiki/Best_evidence_rule,https://en.wikipedia.org/wiki/Best_evidence_rule,,,,regex_match_no_context
case1,regex_baseline,url,ascii,74270308,https://en.wikipedia.org/wiki/Computer_forensics,https://en.wikipedia.org/wiki/Computer_forensics,,,,regex_match_no_context
case1,regex_baseline,url,ascii,74270535,https://www.wikipedia.org/,https://www.wikipedia.org,,,,regex_match_no_context
case1,regex_baseline,url,ascii,74270599,https://ko.wikipedia.org/wiki/Bitly,https://ko.wikipedia.org/wiki/Bitly,,,,regex_match_no_context
case1,regex_baseline,url,ascii,74270641,https://bit.ly/2MBojqk,https://bit.ly/2MBojqk,,,,regex_match_no_context
case1,regex_baseline,url,ascii,74271178,https://www.chromium.org/developers/design-documents/multi-process-architecture/dT,https://www.chromium.org/developers/design-documents/multi-process-architecture/dT,,,,regex_match_no_context
case1,regex_baseline,url,ascii,74271264,https://www.chromium.org/developers/design-documents/multi-process-architecturecW,https://www.chromium.org/developers/design-documents/multi-process-architecturecW,,,,regex_match_no_context
case1,regex_baseline,url,ascii,74271349,https://www.chromium.org/developers/how-tos/getting-around-the-chrome-source-code/bV,https://www.chromium.org/developers/how-tos/getting-around-the-chrome-source-code/bV,,,,regex_match_no_context
case1,regex_baseline,url,ascii,74271437,https://www.chromium.org/developers/how-tos/getting-around-the-chrome-source-codea(,https://www.chromium.org/developers/how-tos/getting-around-the-chrome-source-codea(,,,,regex_match_no_context
case1,regex_baseline,url,ascii,74271564,https://www.chromium.org/developers_,https://www.chromium.org/developers_,,,,regex_match_no_context
case1,regex_baseline,url,ascii,74271639,https://www.chromium.org/Home]/,https://www.chromium.org/Home],,,,regex_match_no_context
case1,regex_baseline,url,ascii,74271768,https://www.chromium.org/Z.,https://www.chromium.org/Z.,,,,regex_match_no_context
case1,regex_baseline,url,ascii,74271798,https://recruit.webtoonscorp.com/cnts/tech1%,https://recruit.webtoonscorp.com/cnts/tech1%,,,,regex_match_no_context
case1,regex_baseline,url,ascii,74271845,https://recruit.webtoonscorp.com/0,https://recruit.webtoonscorp.com/0,,,,regex_match_no_context
case1,regex_baseline,url,ascii,74271883,https://www.wikipedia.org/T+,https://www.wikipedia.org/T+,,,,regex_match_no_context
case1,regex_baseline,url,ascii,74271958,https://www.youtube.com/f,https://www.youtube.com/f,,,,regex_match_no_context
case1,regex_baseline,url,ascii,74272385,https://www.google.com/search?q=%ED%81%AC%EB%A1%AC+%EB%B8%8C%EB%9D%BC%EC%9A%B0%EC%A0%80&source=hp&ei=lQD3Y8-gOoL_hwPKlpfwAg&iflsig=AK50M_UAAAAAY_cOpTetBCCyiw-9GlObuP6sDitT9UOo&ved=0ahUKEwiPv8Cl-6r9AhWC_2EKHUrLBS4Q4dUDCAo&uact=5&,https://www.google.com/search?q=%ED%81%AC%EB%A1%AC+%EB%B8%8C%EB%9D%BC%EC%9A%B0%EC%A0%80&source=hp&ei=lQD3Y8-gOoL_hwPKlpfwAg&iflsig=AK50M_UAAAAAY_cOpTetBCCyiw-9GlObuP6sDitT9UOo&ved=0ahUKEwiPv8Cl-6r9AhWC_2EKHUrLBS4Q4dUDCAo&uact=5&,,,,regex_match_no_context
case1,regex_baseline,url,ascii,74272667,https://www.google.com/intl/ko/mail/help/about.html9/,https://www.google.com/intl/ko/mail/help/about.html9,,,,regex_match_no_context
case1,regex_baseline,url,ascii,74272723,https://www.google.com/intl/ko/gmail/about/8!,https://www.google.com/intl/ko/gmail/about/8!,,,,regex_match_no_context
case1,regex_baseline,url,ascii,74272771,https://www.google.com/gmail/7,https://www.google.com/gmail/7,,,,regex_match_no_context
case1,regex_baseline,url,ascii,74275257,https://mail.google.com/mail/?pli%3D1&dbus=KR&ifkv=AWnogHeHkHk6Kk6DibuxZgHQhksp-TN16jDtB_1Wti5aLpF2Q4BLHCX-JfVf9y-qUt7MjnqaGnXiXwK,https://mail.google.com/mail?pli%3D1&dbus=KR&ifkv=AWnogHeHkHk6Kk6DibuxZgHQhksp-TN16jDtB_1Wti5aLpF2Q4BLHCX-JfVf9y-qUt7MjnqaGnXiXwK,,,,regex_match_no_context
case1,regex_baseline,url,ascii,74392690,https://www.bing.com/images/detail/search?iss=sbiupload&FORM=CHROMI#enterInsightsimageBin=,https://www.bing.com/images/detail/search?iss=sbiupload&FORM=CHROMI,,,,regex_match_no_context
case1,regex_baseline,url,ascii,74392809,https://www.bing.com/chrome/newtab,https://www.bing.com/chrome/newtab,,,,regex_match_no_context
case1,regex_baseline,url,ascii,74393681,https://search.yahoo.com?fr=crmas_sfp,https://search.yahoo.com?fr=crmas_sfp,,,,regex_match_no_context
case1,regex_baseline,url,ascii,74394295,https://en.wikipedia.org/w/opensearch_desc.php,https://en.wikipedia.org/w/opensearch_desc.php,,,,regex_match_no_context
case1,regex_baseline,url,ascii,74394349,https://en.wikipedia.org/w/api.php?action=opensearch&search=,https://en.wikipedia.org/w/api.php?action=opensearch&search=,,,,regex_match_no_context
case1,regex_baseline,url,ascii,74394945,https://stackoverflow.com/opensearch.xml,https://stackoverflow.com/opensearch.xml,,,,regex_match_no_context
case1,regex_baseline,url,ascii,74606184,https://www.naver.com/NAVER,https://www.naver.com/NAVER,,,,regex_match_no_context
case1,regex_baseline,url,ascii,75135416,https://www.youtube.com/s/desktop/9318de79/img/favicon.ico,https://www.youtube.com/s/desktop/9318de79/img/favicon.ico,,,,regex_match_no_context
case1,regex_baseline,url,ascii,75156319,https://fonts.googleapis.com/,https://fonts.googleapis.com,,,,regex_match_no_context
case1,regex_baseline,url,ascii,75156422,https://fonts.gstatic.com/,https://fonts.gstatic.com,,,,regex_match_no_context
case1,regex_baseline,url,ascii,75156764,https://ssl.pstatic.net/,https://ssl.pstatic.net,,,,regex_match_no_context
case1,regex_baseline,url,ascii,75156811,https://pm.pstatic.net/,https://pm.pstatic.net,,,,regex_match_no_context
case1,regex_baseline,url,ascii,75157081,https://comic.naver.com/,https://comic.naver.com,,,,regex_match_no_context
case1,regex_baseline,url,ascii,75157171,https://shared-comic.pstatic.net/,https://shared-comic.pstatic.net,,,,regex_match_no_context
case1,regex_baseline,url,ascii,75157316,https://accounts.youtube.com/,https://accounts.youtube.com,,,,regex_match_no_context
case1,regex_baseline,url,ascii,75157368,https://accounts.google.co.kr/,https://accounts.google.co.kr,,,,regex_match_no_context
case1,regex_baseline,url,ascii,75157556,https://lh3.googleusercontent.com/,https://lh3.googleusercontent.com,,,,regex_match_no_context
case1,regex_baseline,url,ascii,75157658,https://ko.wikipedia.org/,https://ko.wikipedia.org,,,,regex_match_no_context
case1,regex_baseline,url,ascii,75157896,https://gds.google.com/,https://gds.google.com,,,,regex_match_no_context
case1,regex_baseline,url,ascii,75157985,https://myaccount.google.com/,https://myaccount.google.com,,,,regex_match_no_context
case1,regex_baseline,url,ascii,75158258,https://t1.daumcdn.net/,https://t1.daumcdn.net,,,,regex_match_no_context
case1,regex_baseline,url,ascii,75158445,https://t1.kakaocdn.net/,https://t1.kakaocdn.net,,,,regex_match_no_context
case1,regex_baseline,url,ascii,75158574,https://ad.doubleclick.net/,https://ad.doubleclick.net,,,,regex_match_no_context
case1,regex_baseline,url,ascii,75158622,https://cdnjs.cloudflare.com/,https://cdnjs.cloudflare.com,,,,regex_match_no_context
case1,regex_baseline,url,ascii,75158672,https://s3-us-west-2.amazonaws.com/,https://s3-us-west-2.amazonaws.com,,,,regex_match_no_context
case1,regex_baseline,url,ascii,75158728,https://up.pixel.ad/,https://up.pixel.ad,,,,regex_match_no_context
case1,regex_baseline,url,ascii,75158769,https://s3.amazonaws.com/,https://s3.amazonaws.com,,,,regex_match_no_context
case1,regex_baseline,url,ascii,75158815,https://app-ab24.marketo.com/,https://app-ab24.marketo.com,,,,regex_match_no_context
case1,regex_baseline,url,ascii,75159092,https://github.githubassets.com/,https://github.githubassets.com,,,,regex_match_no_context
case1,regex_baseline,url,ascii,75159242,https://ajax.googleapis.com/,https://ajax.googleapis.com,,,,regex_match_no_context
case1,regex_baseline,url,ascii,75159289,https://cdn.sstatic.net/,https://cdn.sstatic.net,,,,regex_match_no_context
case1,regex_baseline,url,ascii,75159406,https://static.arxiv.org/,https://static.arxiv.org,,,,regex_match_no_context
case1,regex_baseline,url,ascii,75159566,https://tistory1.daumcdn.net/,https://tistory1.daumcdn.net,,,,regex_match_no_context
case1,regex_baseline,url,ascii,75159616,https://cdn.jsdelivr.net/,https://cdn.jsdelivr.net,,,,regex_match_no_context
case1,regex_baseline,url,ascii,75160453,"https://www.chromium.org0,1","https://www.chromium.org0,1",,,,regex_match_no_context
case1,regex_baseline,url,ascii,75160618,"https://www.wikipedia.org0,1","https://www.wikipedia.org0,1",,,,regex_match_no_context
case1,regex_baseline,url,ascii,75160790,"http://forensic.korea.ac.kr0,1DFRC","http://forensic.korea.ac.kr0,1dfrc",,,,regex_match_no_context
case1,regex_baseline,url,ascii,75161586,http://forensic.korea.ac.kr/DFWIKI/index.php/,http://forensic.korea.ac.kr/DFWIKI/index.php,,,,regex_match_no_context
case1,regex_baseline,url,ascii,75161637,http://forensic.korea.ac.kr/DFWIKI/index.php/%EB%8C%80%EB%AC%B8http://forensic.korea.ac.kr/DFWIKI/index.php/,http://forensic.korea.ac.kr/DFWIKI/index.php/%EB%8C%80%EB%AC%B8http://forensic.korea.ac.kr/DFWIKI/index.php,,,,regex_match_no_context
case1,regex_baseline,url,ascii,75163146,"https://arxiv.org0,1","https://arxiv.org0,1",,,,regex_match_no_context
case1,regex_baseline,url,ascii,75163732,"https://www.google.comhttps://www.google.com/www.google.com0,1Google0,0","https://www.google.comhttps://www.google.com/www.google.com0,1Google0,0",,,,regex_match_no_context
case1,regex_baseline,url,ascii,75675286,https://issuetracker.google.com/220069903,https://issuetracker.google.com/220069903,,,,regex_match_no_context
case1,regex_baseline,url,ascii,75836566,https://github.com/favicon.ico,https://github.com/favicon.ico,,,,regex_match_no_context
case1,regex_baseline,url,ascii,75853162,http://www.iec.ch,http://www.iec.ch,,,,regex_match_no_context
case1,regex_baseline,url,ascii,76298566,https://search.daum.net/favicon.ico,https://search.daum.net/favicon.ico,,,,regex_match_no_context
case1,regex_baseline,url,ascii,76402758,https://github.com/opensearch.xml,https://github.com/opensearch.xml,,,,regex_match_no_context
case1,regex_baseline,url,ascii,76403206,https://search.yahoo.com/favicon.ico,https://search.yahoo.com/favicon.ico,,,,regex_match_no_context
case1,regex_baseline,url,ascii,76404102,https://www.youtube.com/opensearch?locale=ko_KR,https://www.youtube.com/opensearch?locale=ko_KR,,,,regex_match_no_context
case1,regex_baseline,url,ascii,76406790,https://www.youtube.com/favicon.ico,https://www.youtube.com/favicon.ico,,,,regex_match_no_context
case1,regex_baseline,url,ascii,76710310,https://clients3.google.com/cast/chromecast/home/wallpaper/collection-images?rt=b,https://clients3.google.com/cast/chromecast/home/wallpaper/collection-images?rt=b,,,,regex_match_no_context
case1,regex_baseline,url,ascii,76717510,https://clients3.google.com/cast/chromecast/home/wallpaper/collections?rt=b,https://clients3.google.com/cast/chromecast/home/wallpaper/collections?rt=b,,,,regex_match_no_context
case1,regex_baseline,url,ascii,76728550,http://safebrowsing.googleusercontent.com/safebrowsing/clientreport/chrome-certs,http://safebrowsing.googleusercontent.com/safebrowsing/clientreport/chrome-certs,,,,regex_match_no_context
case1,regex_baseline,url,ascii,77393062,https://anglebug.com/7246,https://anglebug.com/7246,,,,regex_match_no_context
case1,regex_baseline,url,ascii,77394502,http://anglebug.com/7724,http://anglebug.com/7724,,,,regex_match_no_context
case1,regex_baseline,url,ascii,77394598,http://anglebug.com/7760,http://anglebug.com/7760,,,,regex_match_no_context
case1,regex_baseline,url,ascii,77394790,http://anglebug.com/7279,http://anglebug.com/7279,,,,regex_match_no_context
case1,regex_baseline,url,ascii,77395078,http://anglebug.com/5750,http://anglebug.com/5750,,,,regex_match_no_context
case1,regex_baseline,url,ascii,77395558,http://anglebug.com/5007,http://anglebug.com/5007,,,,regex_match_no_context
case1,regex_baseline,url,ascii,77395846,http://anglebug.com/5658,http://anglebug.com/5658,,,,regex_match_no_context
case1,regex_baseline,url,ascii,77396422,http://anglebug.com/7761,http://anglebug.com/7761,,,,regex_match_no_context
case1,regex_baseline,url,ascii,77396518,http://anglebug.com/6041,http://anglebug.com/6041,,,,regex_match_no_context
case1,regex_baseline,url,ascii,77396614,http://crbug.com/1165751,http://crbug.com/1165751,,,,regex_match_no_context
case1,regex_baseline,url,ascii,77398054,http://anglebug.com/7036,http://anglebug.com/7036,,,,regex_match_no_context
case1,regex_baseline,url,ascii,77399014,http://crbug.com/941620,http://crbug.com/941620,,,,regex_match_no_context
case1,regex_baseline,url,ascii,77399110,http://anglebug.com/3246,http://anglebug.com/3246,,,,regex_match_no_context
case1,regex_baseline,url,ascii,77399878,http://anglebug.com/3682,http://anglebug.com/3682,,,,regex_match_no_context
case1,regex_baseline,url,ascii,77400358,https://crbug.com/593024,https://crbug.com/593024,,,,regex_match_no_context
case1,regex_baseline,url,ascii,77400550,https://crbug.com/650547,https://crbug.com/650547,,,,regex_match_no_context
case1,regex_baseline,url,ascii,77401030,http://anglebug.com/2152,http://anglebug.com/2152,,,,regex_match_no_context
case1,regex_baseline,url,ascii,77403238,http://anglebug.com/1452,http://anglebug.com/1452,,,,regex_match_no_context
case1,regex_baseline,url,ascii,77404486,https://crbug.com/655534,https://crbug.com/655534,,,,regex_match_no_context
case1,regex_baseline,url,ascii,78744518,http://google.com.na/,http://google.com.na,,,,regex_match_no_context
case1,regex_baseline,url,ascii,79682790,https://www.youtube.comgab-page,https://www.youtube.comgab-page,,,,regex_match_no_context
case1,regex_baseline,url,ascii,80253942,http://ocsp2.globalsign.com/rootr30,http://ocsp2.globalsign.com/rootr30,,,,regex_match_no_context
case1,regex_baseline,url,ascii,80253990,http://secure.globalsign.com/cacert/root-r3.crt06,http://secure.globalsign.com/cacert/root-r3.crt06,,,,regex_match_no_context
case1,regex_baseline,url,ascii,80254056,http://crl.globalsign.com/root-r3.crl0G,http://crl.globalsign.com/root-r3.crl0G,,,,regex_match_no_context
case1,regex_baseline,url,ascii,80254128,https://www.globalsign.com/repository/0,https://www.globalsign.com/repository/0,,,,regex_match_no_context
case1,regex_baseline,url,ascii,80734790,http://unisolated.invalid/,http://unisolated.invalid,,,,regex_match_no_context
case1,regex_baseline,url,ascii,82098182,https://chrome.google.com/webstore?hl=en,https://chrome.google.com/webstore?hl=en,,,,regex_match_no_context
case1,regex_baseline,url,ascii,82190182,https://t0.gstatic.com/faviconV2,https://t0.gstatic.com/faviconV2,,,,regex_match_no_context
case1,regex_baseline,url,ascii,82194998,http://www.gstatic.com/generate_204,http://www.gstatic.com/generate_204,,,,regex_match_no_context
case1,regex_baseline,url,ascii,82757990,https://clients3.google.com/cast/chromecast/home/wallpaper/image?rt=b,https://clients3.google.com/cast/chromecast/home/wallpaper/image?rt=b,,,,regex_match_no_context
case1,regex_baseline,url,ascii,82839206,https://github.githubassets.com/favicons/favicon-dark.png,https://github.githubassets.com/favicons/favicon-dark.png,,,,regex_match_no_context
case1,regex_baseline,url,ascii,82913942,https://ssl.pstatic.net/sstatic/search/favicon/favicon_140327.ico,https://ssl.pstatic.net/sstatic/search/favicon/favicon_140327.ico,,,,regex_match_no_context
case1,regex_baseline,url,ascii,82914518,https://en.wikipedia.org/w/index.php?title=Special:Search&search=,https://en.wikipedia.org/w/index.php?title=Special:Search&search=,,,,regex_match_no_context
case1,regex_baseline,url,ascii,82917974,https://suggest.search.daum.net/sushi/opensearch/pc?q=,https://suggest.search.daum.net/sushi/opensearch/pc?q=,,,,regex_match_no_context
case1,regex_baseline,url,ascii,82973414,https://www.gstatic.com/youtube/img/web/monochrome/logo_16x16.png,https://www.gstatic.com/youtube/img/web/monochrome/logo_16x16.png,,,,regex_match_no_context
case1,regex_baseline,url,ascii,82975286,https://www.gstatic.com/youtube/img/web/monochrome/logo_32x32.png,https://www.gstatic.com/youtube/img/web/monochrome/logo_32x32.png,,,,regex_match_no_context
case1,regex_baseline,url,ascii,82977302,https://www.youtube.com/feed/explore?feature=app_shortcuts,https://www.youtube.com/feed/explore?feature=app_shortcuts,,,,regex_match_no_context
case1,regex_baseline,url,ascii,82977878,https://www.gstatic.com/youtube/img/web/shortcuts/explore_512x512.png,https://www.gstatic.com/youtube/img/web/shortcuts/explore_512x512.png,,,,regex_match_no_context
case1,regex_baseline,url,ascii,82978598,https://www.gstatic.com/youtube/img/web/monochrome/logo_512x512.png,https://www.gstatic.com/youtube/img/web/monochrome/logo_512x512.png,,,,regex_match_no_context
case1,regex_baseline,url,ascii,82980182,https://www.youtube.com/feed/subscriptions?feature=app_shortcuts,https://www.youtube.com/feed/subscriptions?feature=app_shortcuts,,,,regex_match_no_context
case1,regex_baseline,url,ascii,82981478,https://www.gstatic.com/youtube/img/web/shortcuts/subscriptions_512x512.png,https://www.gstatic.com/youtube/img/web/shortcuts/subscriptions_512x512.png,,,,regex_match_no_context
case1,regex_baseline,url,ascii,82988390,https://www.gstatic.com/youtube/img/branding/favicon/favicon_144x144.png,https://www.gstatic.com/youtube/img/branding/favicon/favicon_144x144.png,,,,regex_match_no_context
case1,regex_baseline,url,ascii,82994006,https://www.gstatic.com/youtube/img/branding/favicon/favicon_192x192.png,https://www.gstatic.com/youtube/img/branding/favicon/favicon_192x192.png,,,,regex_match_no_context
case1,regex_baseline,url,utf-16le,68177506,https://www.ieee.org/searchresults/index.html,https://www.ieee.org/searchresults/index.html,,,,regex_match_no_context
case1,regex_baseline,url,utf-16le,68180186,https://4490791.fls.doubleclick.net/activityi;dc_pre=CLWa0M2Frf0CFRKI6QUdSUwGvQ;src=4490791;type=trav;cat=globa0;ord=6787742311030;gtm=45fe32m0;auiddc=2083485333.1676632856;ps=1;pcor=593043393;~oref=https%3A%2F%2Fwww.ieee.org%2F%2F?,https://4490791.fls.doubleclick.net/activityi;dc_pre=CLWa0M2Frf0CFRKI6QUdSUwGvQ;src=4490791;type=trav;cat=globa0;ord=6787742311030;gtm=45fe32m0;auiddc=2083485333.1676632856;ps=1;pcor=593043393;~oref=https%3A%2F%2Fwww.ieee.org%2F%2F,,,,regex_match_no_context
case1,regex_baseline,url,utf-16le,68181378,https://td.doubleclick.net/td/fls/rul/activityi;fledge=1;src=4490791;type=trav;cat=globa0;ord=6787742311030;gtm=45fe32m0;auiddc=2083485333.1676632856;ps=1;pcor=593043393;~oref=https%3A%2F%2Fwww.ieee.org%2F%2F?,https://td.doubleclick.net/td/fls/rul/activityi;fledge=1;src=4490791;type=trav;cat=globa0;ord=6787742311030;gtm=45fe32m0;auiddc=2083485333.1676632856;ps=1;pcor=593043393;~oref=https%3A%2F%2Fwww.ieee.org%2F%2F,,,,regex_match_no_context
case1,regex_baseline,url,utf-16le,68184378,https://pixel.sitescout.com/dmp/asyncPixelSync,https://pixel.sitescout.com/dmp/asyncPixelSync,,,,regex_match_no_context
case1,regex_baseline,url,utf-16le,68185202,https://s3.amazonaws.com/ieee-mkto-cross-domain/index.html,https://s3.amazonaws.com/ieee-mkto-cross-domain/index.html,,,,regex_match_no_context
case1,regex_baseline,url,utf-16le,68186050,https://insight.adsrvr.org/track/up?adv=gmwfwzi&ref=https%3A%2F%2Fwww.ieee.org%2F%2F&upid=lp8wud3&upv=1.1.0,https://insight.adsrvr.org/track/up?adv=gmwfwzi&ref=https%3A%2F%2Fwww.ieee.org%2F%2F&upid=lp8wud3&upv=1.1.0,,,,regex_match_no_context
case1,regex_baseline,url,utf-16le,68186994,https://app-ab24.marketo.com/index.php/form/XDFrame,https://app-ab24.marketo.com/index.php/form/XDFrame,,,,regex_match_no_context
case1,regex_baseline,url,utf-16le,72527498,https://ogs.google.com/u/0/widget/account?amf=1&sea=1&sev=1&origin=https%3A%2F%2Fwww.google.com&cn=account&pid=1&spid=538,https://ogs.google.com/u/0/widget/account?amf=1&sea=1&sev=1&origin=https%3A%2F%2Fwww.google.com&cn=account&pid=1&spid=538,,,,regex_match_no_context
case1,regex_baseline,url,ascii,84622950,https://encrypted-tbn0.gstatic.com/images?q=tbn:ANd9GcSPRw-cAmJ2mLJATKMtiLUmqDGjavm7xA7riq6PoHWGtEWeT4Rg3iOpX9k&s=10,https://encrypted-tbn0.gstatic.com/images?q=tbn:ANd9GcSPRw-cAmJ2mLJATKMtiLUmqDGjavm7xA7riq6PoHWGtEWeT4Rg3iOpX9k&s=10,,,,regex_match_no_context
case1,regex_baseline,url,ascii,84637926,https://www.wikipedia.org/search-redirect.php?family=Wikipedia&language=en&search=digital+forensics&language=en&go=Go,https://www.wikipedia.org/search-redirect.php?family=Wikipedia&language=en&search=digital+forensics&language=en&go=Go,,,,regex_match_no_context
case1,regex_baseline,url,ascii,84807622,https://www.bing.com/search?q=&PC=U316&FORM=CHROMN,https://www.bing.com/search?q=&PC=U316&FORM=CHROMN,,,,regex_match_no_context
case1,regex_baseline,url,ascii,84808518,https://search.daum.net/search?w=tot&DA=JU5&q=,https://search.daum.net/search?w=tot&DA=JU5&q=,,,,regex_match_no_context
case1,regex_baseline,url,ascii,84813766,https://stackoverflow.com/search?q=,https://stackoverflow.com/search?q=,,,,regex_match_no_context
case1,regex_baseline,url,ascii,84815174,https://www.bing.com/search?q=,https://www.bing.com/search?q=,,,,regex_match_no_context
case1,regex_baseline,url,ascii,84816454,https://github.com/search?q=,https://github.com/search?q=,,,,regex_match_no_context
case1,regex_baseline,url,ascii,84817094,https://github.com/search?q=&ref=opensearch,https://github.com/search?q=&ref=opensearch,,,,regex_match_no_context
case1,regex_baseline,url,ascii,84817862,https://www.bing.com/sa/simg/bing_p_rr_teal_min.ico,https://www.bing.com/sa/simg/bing_p_rr_teal_min.ico,,,,regex_match_no_context
case1,regex_baseline,url,ascii,85089926,https://www.bing.com/osjson.aspx?query=,https://www.bing.com/osjson.aspx?query=,,,,regex_match_no_context
case1,regex_baseline,url,ascii,85090406,https://search.yahoo.com/sugg/chrome?output=fxjson&appid=crmas_sfp&command=,https://search.yahoo.com/sugg/chrome?output=fxjson&appid=crmas_sfp&command=,,,,regex_match_no_context
case1,regex_baseline,url,ascii,85093446,https://search.naver.com/search.naver?ie=&query=&sm=chr_hty,https://search.naver.com/search.naver?ie=&query=&sm=chr_hty,,,,regex_match_no_context
case1,regex_baseline,url,ascii,85094086,https://search.naver.com/search.naver?ie=,https://search.naver.com/search.naver?ie=,,,,regex_match_no_context
case1,regex_baseline,url,ascii,85095846,https://ac.search.naver.com/nx/ac?of=os&ie=,https://ac.search.naver.com/nx/ac?of=os&ie=,,,,regex_match_no_context
case1,regex_baseline,url,ascii,85186437,https://www.verisign.com/CPS04,https://www.verisign.com/CPS04,,,,regex_match_no_context
case1,regex_baseline,url,ascii,85186570,http://crl.verisign.com/pca3.crl0,http://crl.verisign.com/pca3.crl0,,,,regex_match_no_context
case1,regex_baseline,url,ascii,85279957,http://ocsp.digicert.com0@,http://ocsp.digicert.com0@,,,,regex_match_no_context
case1,regex_baseline,url,ascii,85293026,http://crl.usertrust.com/USERTrustRSACertificationAuthority.crl0v,http://crl.usertrust.com/USERTrustRSACertificationAuthority.crl0v,,,,regex_match_no_context
case1,regex_baseline,url,ascii,85319129,http://www.microsoft.com/pki/certs/MicRooCerAut_2010-06-23.crt0,http://www.microsoft.com/pki/certs/MicRooCerAut_2010-06-23.crt0,,,,regex_match_no_context
case1,regex_baseline,url,ascii,85321962,https://www.alphassl.com/repository/03,https://www.alphassl.com/repository/03,,,,regex_match_no_context
case1,regex_baseline,url,ascii,85322017,http://crl.globalsign.net/root.crl0=,http://crl.globalsign.net/root.crl0=,,,,regex_match_no_context
case1,regex_baseline,url,ascii,85322081,http://ocsp.globalsign.com/rootr10,http://ocsp.globalsign.com/rootr10,,,,regex_match_no_context
case1,regex_baseline,url,ascii,85323172,http://ocsp.digicert.com0B,http://ocsp.digicert.com0b,,,,regex_match_no_context
case1,regex_baseline,url,ascii,85323299,https://www.digicert.com/CPS0,https://www.digicert.com/CPS0,,,,regex_match_no_context
case1,regex_baseline,url,ascii,85324616,http://ocsp.digicert.com0A,http://ocsp.digicert.com0a,,,,regex_match_no_context
case1,regex_baseline,url,ascii,85372487,http://crl.usertrust.co,http://crl.usertrust.co,,,,regex_match_no_context
case1,regex_baseline,url,ascii,85375753,http://x1.i.lencr.org/0,http://x1.i.lencr.org/0,,,,regex_match_no_context
case1,regex_baseline,url,ascii,85375794,http://x1.c.lencr.org/0,http://x1.c.lencr.org/0,,,,regex_match_no_context
case1,regex_baseline,url,ascii,85377161,http://secure.globalsign.com/cacert/root-r1.crt03,http://secure.globalsign.com/cacert/root-r1.crt03,,,,regex_match_no_context
case1,regex_baseline,url,ascii,85377227,http://crl.globalsign.com/root.crl0!,http://crl.globalsign.com/root.crl0!,,,,regex_match_no_context
case1,regex_baseline,url,ascii,85386465,http://ocsp2.globalsign.com/rootr306,http://ocsp2.globalsign.com/rootr306,,,,regex_match_no_context
case1,regex_baseline,url,ascii,85426295,http://crl.usertrust.com/USERTrustECCCe,http://crl.usertrust.com/USERTrustECCCe,,,,regex_match_no_context
case1,regex_baseline,url,ascii,85620502,https://www.google.com/search?gs_ssp=eJzj4tLP1TcoqiwoyE1XYDRgdGDwYkvPLMkoTQIAWC4HFA&q=github&oq=github.&sourceid=chrome&ie=UTF-8,https://www.google.com/search?gs_ssp=eJzj4tLP1TcoqiwoyE1XYDRgdGDwYkvPLMkoTQIAWC4HFA&q=github&oq=github.&sourceid=chrome&ie=UTF-8,,,,regex_match_no_context
case1,regex_baseline,url,ascii,86447046,https://chromium.org/,https://chromium.org,,,,regex_match_no_context
case1,regex_baseline,url,ascii,86486749,https://contacts.google.com/widget/hovercard/v/2?hl=ko&origin=https%3A%2F%2Fmail.google.com&usegapi=1&jsh=m%3B%2F_%2Fscs%2Fabc-static%2F_%2Fjs%2Fk%3Dgapi.gapi.en.yHsE3XoyXLE.O%2Fd%3D1%2Frs%3DAHpOoo8LDClD0V3IE-5SJcudVO91TD73Qw%2Fm%3D__features__#id=__HC_94253229&_gfid=__HC_94253229&parent=https%3A%2F%2Fmail.google.com&pfname=&rpctoken=32727641,https://contacts.google.com/widget/hovercard/v/2?hl=ko&origin=https%3A%2F%2Fmail.google.com&usegapi=1&jsh=m%3B%2F_%2Fscs%2Fabc-static%2F_%2Fjs%2Fk%3Dgapi.gapi.en.yHsE3XoyXLE.O%2Fd%3D1%2Frs%3DAHpOoo8LDClD0V3IE-5SJcudVO91TD73Qw%2Fm%3D__features__,,,,regex_match_no_context
case1,regex_baseline,url,ascii,86487250,https://contacts.google.com,https://contacts.google.com,,,,regex_match_no_context
case1,regex_baseline,url,ascii,87591958,https://www.google.com/search?gs_ssp=eJzj4tTP1TewzEouK1ZgNGB0YPBir8wvLSlNSgUAUQAG7g&q=youtube&oq=youtu&sourceid=chrome&ie=UTF-8,https://www.google.com/search?gs_ssp=eJzj4tTP1TewzEouK1ZgNGB0YPBir8wvLSlNSgUAUQAG7g&q=youtube&oq=youtu&sourceid=chrome&ie=UTF-8,,,,regex_match_no_context
case1,regex_baseline,url,ascii,87592534,https://www.google.com/search?gs_ssp=eJzj4tTP1TewzEouK1ZgNGB0YPBir8wvLSlNSgUAUQAG7g&q=youtube&oq=yout&sourceid=chrome&ie=UTF-8,https://www.google.com/search?gs_ssp=eJzj4tTP1TewzEouK1ZgNGB0YPBir8wvLSlNSgUAUQAG7g&q=youtube&oq=yout&sourceid=chrome&ie=UTF-8,,,,regex_match_no_context
case1,regex_baseline,url,ascii,87593302,https://www.google.com/search?gs_ssp=eJzj4tVP1zc0TEszTksqMTI0YPRiqcwvLQUAQawGLg&q=youu&oq=yout&sourceid=chrome&ie=UTF-8,https://www.google.com/search?gs_ssp=eJzj4tVP1zc0TEszTksqMTI0YPRiqcwvLQUAQawGLg&q=youu&oq=yout&sourceid=chrome&ie=UTF-8,,,,regex_match_no_context
case1,regex_baseline,url,ascii,87624294,https://www.google.com/search?q=git+%EC%84%A4%EC%B9%98&oq=gith&sourceid=chrome&ie=UTF-8,https://www.google.com/search?q=git+%EC%84%A4%EC%B9%98&oq=gith&sourceid=chrome&ie=UTF-8,,,,regex_match_no_context
case1,regex_baseline,url,ascii,87624454,https://www.google.com/search?q=github+action&oq=github&sourceid=chrome&ie=UTF-8,https://www.google.com/search?q=github+action&oq=github&sourceid=chrome&ie=UTF-8,,,,regex_match_no_context
case1,regex_baseline,url,ascii,87624614,https://www.google.com/search?q=github+desktop&oq=github&sourceid=chrome&ie=UTF-8,https://www.google.com/search?q=github+desktop&oq=github&sourceid=chrome&ie=UTF-8,,,,regex_match_no_context
case1,regex_baseline,url,ascii,87625094,https://www.google.com/search?q=github+copilot&oq=github&sourceid=chrome&ie=UTF-8,https://www.google.com/search?q=github+copilot&oq=github&sourceid=chrome&ie=UTF-8,,,,regex_match_no_context
case1,regex_baseline,url,ascii,87627334,https://www.google.com/search?q=github+desktop&oq=github.&sourceid=chrome&ie=UTF-8,https://www.google.com/search?q=github+desktop&oq=github.&sourceid=chrome&ie=UTF-8,,,,regex_match_no_context
case1,regex_baseline,url,ascii,87627974,https://www.google.com/search?q=gif+%EB%A7%8C%EB%93%A4%EA%B8%B0&oq=git&sourceid=chrome&ie=UTF-8,https://www.google.com/search?q=gif+%EB%A7%8C%EB%93%A4%EA%B8%B0&oq=git&sourceid=chrome&ie=UTF-8,,,,regex_match_no_context
case1,regex_baseline,url,ascii,87631174,https://www.google.com/search?q=git+commit+%EC%B7%A8%EC%86%8C&oq=gith&sourceid=chrome&ie=UTF-8,https://www.google.com/search?q=git+commit+%EC%B7%A8%EC%86%8C&oq=gith&sourceid=chrome&ie=UTF-8,,,,regex_match_no_context
case1,regex_baseline,url,ascii,87633094,https://www.google.com/search?q=github+copilot&oq=githu&sourceid=chrome&ie=UTF-8,https://www.google.com/search?q=github+copilot&oq=githu&sourceid=chrome&ie=UTF-8,,,,regex_match_no_context
case1,regex_baseline,url,ascii,87633254,https://www.google.com/search?q=github+desktop&oq=githu&sourceid=chrome&ie=UTF-8,https://www.google.com/search?q=github+desktop&oq=githu&sourceid=chrome&ie=UTF-8,,,,regex_match_no_context
case1,regex_baseline,url,ascii,87635174,https://www.google.com/search?q=github.io&oq=github.com&sourceid=chrome&ie=UTF-8,https://www.google.com/search?q=github.io&oq=github.com&sourceid=chrome&ie=UTF-8,,,,regex_match_no_context
case1,regex_baseline,url,ascii,87639014,https://www.google.com/search?q=github+action&oq=github.&sourceid=chrome&ie=UTF-8,https://www.google.com/search?q=github+action&oq=github.&sourceid=chrome&ie=UTF-8,,,,regex_match_no_context
case1,regex_baseline,url,ascii,87641734,https://www.google.com/search?q=github+copilot&oq=github.&sourceid=chrome&ie=UTF-8,https://www.google.com/search?q=github+copilot&oq=github.&sourceid=chrome&ie=UTF-8,,,,regex_match_no_context
case1,regex_baseline,url,ascii,87695974,http://google.com/search?q=github.com+%EC%82%AC%EC%9A%A9%EB%B2%95&sourceid=chrome&ie=UTF-8,http://google.com/search?q=github.com+%EC%82%AC%EC%9A%A9%EB%B2%95&sourceid=chrome&ie=UTF-8,,,,regex_match_no_context
case1,regex_baseline,url,ascii,87703014,https://www.google.com/search?q=github.com+vscode&oq=github.com&sourceid=chrome&ie=UTF-8,https://www.google.com/search?q=github.com+vscode&oq=github.com&sourceid=chrome&ie=UTF-8,,,,regex_match_no_context
case1,regex_baseline,url,ascii,87708614,http://google.com/search?q=github.io+%EB%A7%8C%EB%93%A4%EA%B8%B0&sourceid=chrome&ie=UTF-8,http://google.com/search?q=github.io+%EB%A7%8C%EB%93%A4%EA%B8%B0&sourceid=chrome&ie=UTF-8,,,,regex_match_no_context
case1,regex_baseline,url,ascii,88502534,https://ogs.google.com/u/0/widget/account?amf=1&sea=1&sev=1&origin=chrome-untrusted%3A%2F%2Fnew-tab-page&origin=chrome%3A%2F%2Fnew-tab-page&cn=account&pid=1&spid=243&hl=en,https://ogs.google.com/u/0/widget/account?amf=1&sea=1&sev=1&origin=chrome-untrusted%3A%2F%2Fnew-tab-page&origin=chrome%3A%2F%2Fnew-tab-page&cn=account&pid=1&spid=243&hl=en,,,,regex_match_no_context
case1,regex_baseline,url,ascii,88621798,https://www.google.com/search?q=github+%EC%82%AC%EC%9A%A9%EB%B2%95&oq=githu&sourceid=chrome&ie=UTF-8,https://www.google.com/search?q=github+%EC%82%AC%EC%9A%A9%EB%B2%95&oq=githu&sourceid=chrome&ie=UTF-8,,,,regex_match_no_context
case1,regex_baseline,url,ascii,88622502,https://www.google.com/search?q=github+repository+%EC%82%AD%EC%A0%9C&oq=githu&sourceid=chrome&ie=UTF-8,https://www.google.com/search?q=github+repository+%EC%82%AD%EC%A0%9C&oq=githu&sourceid=chrome&ie=UTF-8,,,,regex_match_no_context
case1,regex_baseline,url,ascii,88623734,https://www.google.com/search?q=github+%EC%82%AC%EC%9A%A9%EB%B2%95&oq=github&sourceid=chrome&ie=UTF-8,https://www.google.com/search?q=github+%EC%82%AC%EC%9A%A9%EB%B2%95&oq=github&sourceid=chrome&ie=UTF-8,,,,regex_match_no_context
case1,regex_baseline,url,ascii,88625142,https://www.google.com/search?q=github+%EC%82%AC%EC%9A%A9%EB%B2%95&oq=github.&sourceid=chrome&ie=UTF-8,https://www.google.com/search?q=github+%EC%82%AC%EC%9A%A9%EB%B2%95&oq=github.&sourceid=chrome&ie=UTF-8,,,,regex_match_no_context
case1,regex_baseline,url,ascii,88625494,https://www.google.com/search?q=github+repository+%EC%82%AD%EC%A0%9C&oq=github&sourceid=chrome&ie=UTF-8,https://www.google.com/search?q=github+repository+%EC%82%AD%EC%A0%9C&oq=github&sourceid=chrome&ie=UTF-8,,,,regex_match_no_context
case1,regex_baseline,url,ascii,88632006,https://www.google.com/search?q=github.io+%EC%82%AC%EC%9A%A9%EB%B2%95&oq=github.c&sourceid=chrome&ie=UTF-8,https://www.google.com/search?q=github.io+%EC%82%AC%EC%9A%A9%EB%B2%95&oq=github.c&sourceid=chrome&ie=UTF-8,,,,regex_match_no_context
case1,regex_baseline,url,ascii,88632710,https://www.google.com/search?q=github.com+%EC%82%AC%EC%9A%A9%EB%B2%95&oq=github.c&sourceid=chrome&ie=UTF-8,https://www.google.com/search?q=github.com+%EC%82%AC%EC%9A%A9%EB%B2%95&oq=github.c&sourceid=chrome&ie=UTF-8,,,,regex_match_no_context
case1,regex_baseline,url,ascii,88633062,https://www.google.com/search?q=github.io+%EB%B8%94%EB%A1%9C%EA%B7%B8&oq=github.c&sourceid=chrome&ie=UTF-8,https://www.google.com/search?q=github.io+%EB%B8%94%EB%A1%9C%EA%B7%B8&oq=github.c&sourceid=chrome&ie=UTF-8,,,,regex_match_no_context
case1,regex_baseline,url,ascii,88634470,https://www.google.com/search?q=github+repository+%EC%82%AD%EC%A0%9C&oq=github.&sourceid=chrome&ie=UTF-8,https://www.google.com/search?q=github+repository+%EC%82%AD%EC%A0%9C&oq=github.&sourceid=chrome&ie=UTF-8,,,,regex_match_no_context
case1,regex_baseline,url,ascii,88634822,https://www.google.com/search?q=github.io+%EB%A7%8C%EB%93%A4%EA%B8%B0&oq=github.c&sourceid=chrome&ie=UTF-8,https://www.google.com/search?q=github.io+%EB%A7%8C%EB%93%A4%EA%B8%B0&oq=github.c&sourceid=chrome&ie=UTF-8,,,,regex_match_no_context
case1,regex_baseline,url,ascii,88644150,https://www.google.com/search?q=github.com+%EC%82%AC%EC%9A%A9%EB%B2%95&oq=github.com&sourceid=chrome&ie=UTF-8,https://www.google.com/search?q=github.com+%EC%82%AC%EC%9A%A9%EB%B2%95&oq=github.com&sourceid=chrome&ie=UTF-8,,,,regex_match_no_context
case1,regex_baseline,url,ascii,88645910,https://encrypted-tbn0.gstatic.com/images?q=tbn:ANd9GcT9SMgK0l30pfXmiPIfl8616-WKWp9q8FzBjza2rv8&s=10,https://encrypted-tbn0.gstatic.com/images?q=tbn:ANd9GcT9SMgK0l30pfXmiPIfl8616-WKWp9q8FzBjza2rv8&s=10,,,,regex_match_no_context
case1,regex_baseline,url,ascii,88653302,https://www.google.com/search?q=github.io+%EB%A7%8C%EB%93%A4%EA%B8%B0&oq=github.co&sourceid=chrome&ie=UTF-8,https://www.google.com/search?q=github.io+%EB%A7%8C%EB%93%A4%EA%B8%B0&oq=github.co&sourceid=chrome&ie=UTF-8,,,,regex_match_no_context
case1,regex_baseline,url,ascii,88657878,https://www.google.com/search?q=github.io+%EB%A7%8C%EB%93%A4%EA%B8%B0&oq=github.com&sourceid=chrome&ie=UTF-8,https://www.google.com/search?q=github.io+%EB%A7%8C%EB%93%A4%EA%B8%B0&oq=github.com&sourceid=chrome&ie=UTF-8,,,,regex_match_no_context
case1,regex_baseline,url,ascii,88677766,http://google.com/search?q=%ED%81%AC%EB%A1%AC+%EB%B8%8C%EB%9D%BC%EC%9A%B0%EC%A0%80&sourceid=chrome&ie=UTF-8,http://google.com/search?q=%ED%81%AC%EB%A1%AC+%EB%B8%8C%EB%9D%BC%EC%9A%B0%EC%A0%80&sourceid=chrome&ie=UTF-8,,,,regex_match_no_context
case1,regex_baseline,url,ascii,88683046,http://google.com/search?q=%ED%8F%AC%EB%A0%8C%EC%8B%9D+%EC%9C%84%ED%82%A4&sourceid=chrome&ie=UTF-8,http://google.com/search?q=%ED%8F%AC%EB%A0%8C%EC%8B%9D+%EC%9C%84%ED%82%A4&sourceid=chrome&ie=UTF-8,,,,regex_match_no_context
case1,regex_baseline,url,ascii,88768806,https://chromium-i18n.appspot.com/ssl-aggregate-address/,https://chromium-i18n.appspot.com/ssl-aggregate-address,,,,regex_match_no_context
case1,regex_baseline,url,ascii,88782630,https://www.google.com/search?q=y&sourceid=chrome&ie=UTF-8,https://www.google.com/search?q=y&sourceid=chrome&ie=UTF-8,,,,regex_match_no_context
case1,regex_baseline,url,ascii,88782758,https://www.google.com/search?q=yo&sourceid=chrome&ie=UTF-8,https://www.google.com/search?q=yo&sourceid=chrome&ie=UTF-8,,,,regex_match_no_context
case1,regex_baseline,url,ascii,88784806,https://www.google.com/search?q=you&sourceid=chrome&ie=UTF-8,https://www.google.com/search?q=you&sourceid=chrome&ie=UTF-8,,,,regex_match_no_context
case1,regex_baseline,url,ascii,88785062,https://www.google.com/search?q=youtu&sourceid=chrome&ie=UTF-8,https://www.google.com/search?q=youtu&sourceid=chrome&ie=UTF-8,,,,regex_match_no_context
case1,regex_baseline,url,ascii,88786470,https://www.google.com/search?q=yout&sourceid=chrome&ie=UTF-8,https://www.google.com/search?q=yout&sourceid=chrome&ie=UTF-8,,,,regex_match_no_context
case1,regex_baseline,url,ascii,88786982,https://www.google.com/search?q=youtub&sourceid=chrome&ie=UTF-8,https://www.google.com/search?q=youtub&sourceid=chrome&ie=UTF-8,,,,regex_match_no_context
case1,regex_baseline,url,ascii,89037510,https://www.youtube.com/s/desktop/00d32223/img/favicon_48x48.png,https://www.youtube.com/s/desktop/00d32223/img/favicon_48x48.png,,,,regex_match_no_context
case1,regex_baseline,url,ascii,89042118,https://www.youtube.com/s/desktop/00d32223/img/favicon_144x144.png,https://www.youtube.com/s/desktop/00d32223/img/favicon_144x144.png,,,,regex_match_no_context
case1,regex_baseline,url,ascii,89042982,https://www.youtube.com/s/desktop/00d32223/img/favicon_96x96.png,https://www.youtube.com/s/desktop/00d32223/img/favicon_96x96.png,,,,regex_match_no_context
case1,regex_baseline,url,ascii,89048598,https://www.youtube.com/s/desktop/00d32223/img/favicon.ico,https://www.youtube.com/s/desktop/00d32223/img/favicon.ico,,,,regex_match_no_context
case1,regex_baseline,url,ascii,89196054,https://www.google.com/search?q=youtube&oq=youtube.co&sourceid=chrome&ie=UTF-8,https://www.google.com/search?q=youtube&oq=youtube.co&sourceid=chrome&ie=UTF-8,,,,regex_match_no_context
case1,regex_baseline,url,ascii,89920088,https://www.youtube.com/s/_/ytmainappweb/_/ss/k=ytmainappweb.kevlar_base.rKmO3KMWvr8.L.B1.O/am=CQ/d=0/br=1/rs=AGKMywEIwQXDwnf17kqV86LZJlh78m2quA,https://www.youtube.com/s/_/ytmainappweb/_/ss/k=ytmainappweb.kevlar_base.rKmO3KMWvr8.L.B1.O/am=CQ/d=0/br=1/rs=AGKMywEIwQXDwnf17kqV86LZJlh78m2quA,,,,regex_match_no_context
case1,regex_baseline,url,ascii,89921901,https://www.youtube.com/s/desktop/9318de79/jsbin/webcomponents-sd.vflset/webcomponents-sd.js,https://www.youtube.com/s/desktop/9318de79/jsbin/webcomponents-sd.vflset/webcomponents-sd.js,,,,regex_match_no_context
case1,regex_baseline,url,ascii,90281462,http://google.com/search?q=youtube&sourceid=chrome&ie=UTF-8,http://google.com/search?q=youtube&sourceid=chrome&ie=UTF-8,,,,regex_match_no_context
case1,regex_baseline,url,ascii,92379134,http://www.microsoft.com/pki/certs/MicCodSigPCA_2010-07-06.crt0,http://www.microsoft.com/pki/certs/MicCodSigPCA_2010-07-06.crt0,,,,regex_match_no_context
case1,regex_baseline,url,ascii,92381469,https://wwww.microsoft.com0,https://wwww.microsoft.com0,,,,regex_match_no_context
case1,regex_baseline,url,ascii,95808750,https://www.chromium.org/_stylesheets/@docsearch/style.css,https://www.chromium.org/_stylesheets/@docsearch/style.css,,,,regex_match_no_context
case1,regex_baseline,url,ascii,95813870,https://www.youtube.com/app_shell,https://www.youtube.com/app_shell,,,,regex_match_no_context
case1,regex_baseline,url,ascii,95816310,https://csp.withgoogle.com/csp/chromium-website/,https://csp.withgoogle.com/csp/chromium-website,,,,regex_match_no_context
case1,regex_baseline,url,ascii,95828624,https://csp.withgoogle.com/csp/images-tbn,https://csp.withgoogle.com/csp/images-tbn,,,,regex_match_no_context
case1,regex_baseline,url,ascii,95828854,https://csp.withgoogle.com/csp/report-to/images-tbn,https://csp.withgoogle.com/csp/report-to/images-tbn,,,,regex_match_no_context
case1,regex_baseline,url,ascii,96188006,https://www.googleapis.com/auth/photos.image.readonly,https://www.googleapis.com/auth/photos.image.readonly,,,,regex_match_no_context
case1,regex_baseline,url,ascii,96192614,https://www.googleapis.com/auth/photos.firstparty.readonly,https://www.googleapis.com/auth/photos.firstparty.readonly,,,,regex_match_no_context
case1,regex_baseline,url,ascii,96241882,https://mail.google.com/mail/?tab=rm&amp;ogbl,https://mail.google.com/mail?tab=rm&amp;ogbl,,,,regex_match_no_context
case1,regex_baseline,url,ascii,96242065,https://www.google.co.kr/imghp?hl=en&amp;tab=ri&amp;ogbl,https://www.google.co.kr/imghp?hl=en&amp;tab=ri&amp;ogbl,,,,regex_match_no_context
case1,regex_baseline,url,ascii,96242351,https://www.google.co.kr/intl/en/about/products?tab=rh,https://www.google.co.kr/intl/en/about/products?tab=rh,,,,regex_match_no_context
case1,regex_baseline,url,ascii,96243281,https://accounts.google.com/SignOutOptions?hl=en&amp;continue=https://www.google.com%3Fhl%3Den-US,https://accounts.google.com/SignOutOptions?hl=en&amp;continue=https://www.google.com%3Fhl%3Den-US,,,,regex_match_no_context
case1,regex_baseline,url,ascii,96243435,https://lh3.googleusercontent.com/ogw/AAEL6sh7ZG_CA9O7V48FkZ6Y2KRZQqlG7EAgg8ZJXar-=s32-c-mo,https://lh3.googleusercontent.com/ogw/AAEL6sh7ZG_CA9O7V48FkZ6Y2KRZQqlG7EAgg8ZJXar-=s32-c-mo,,,,regex_match_no_context
case1,regex_baseline,url,ascii,96243632,https://lh3.googleusercontent.com/ogw/AAEL6sh7ZG_CA9O7V48FkZ6Y2KRZQqlG7EAgg8ZJXar-=s64-c-mo,https://lh3.googleusercontent.com/ogw/AAEL6sh7ZG_CA9O7V48FkZ6Y2KRZQqlG7EAgg8ZJXar-=s64-c-mo,,,,regex_match_no_context
case1,regex_baseline,url,ascii,96244225,https://id.google.com/verify/AFEi1d9zxS87Vb-iy742SvjRx9FHtquMh1CNfEbqoBWzzvyIpRg7o4V63-hGaszVUs-c6TB1fv3an2AJlMtRNjN4E4UXucDXveusj4lK2XDwcg,https://id.google.com/verify/AFEi1d9zxS87Vb-iy742SvjRx9FHtquMh1CNfEbqoBWzzvyIpRg7o4V63-hGaszVUs-c6TB1fv3an2AJlMtRNjN4E4UXucDXveusj4lK2XDwcg,,,,regex_match_no_context
case1,regex_baseline,url,ascii,96245291,https://www.google.com/webhp?authuser=$authuser,https://www.google.com/webhp?authuser=$authuser,,,,regex_match_no_context
case1,regex_baseline,url,ascii,96245358,https://accounts.google.com/ListAccounts?listPages=0,https://accounts.google.com/ListAccounts?listPages=0,,,,regex_match_no_context
case1,regex_baseline,url,ascii,96245577,https://accounts.google.com/AccountChooser?source=ogb,https://accounts.google.com/AccountChooser?source=ogb,,,,regex_match_no_context
case1,regex_baseline,url,ascii,96245691,https://accounts.google.com/RemoveLocalAccount?source=ogb,https://accounts.google.com/RemoveLocalAccount?source=ogb,,,,regex_match_no_context
case1,regex_baseline,url,ascii,96246726,"https://www.gstatic.com/og/_/js/k=og.qtm.en_US.x3ks5OQMuEM.2019.O/rt=j/m=qgl,q_dnp,qmd,qcwid,qbd,qapid,qald/exm=qaaw,qabr,qadd,qaid,qalo,qebr,qein,qhaw,qhba,qhbr,qhch,qhga,qhid,qhin,qhlo,qhmn,qhpc,qhpr,qhsf,qhtt/d=1/ed=1/rs=AA2YrTsLMDC5ShDgua5PEfbsQVpNWEqjoQ","https://www.gstatic.com/og/_/js/k=og.qtm.en_US.x3ks5OQMuEM.2019.O/rt=j/m=qgl,q_dnp,qmd,qcwid,qbd,qapid,qald/exm=qaaw,qabr,qadd,qaid,qalo,qebr,qein,qhaw,qhba,qhbr,qhch,qhga,qhid,qhin,qhlo,qhmn,qhpc,qhpr,qhsf,qhtt/d=1/ed=1/rs=AA2YrTsLMDC5ShDgua5PEfbsQVpNWEqjoQ",,,,regex_match_no_context
case1,regex_baseline,url,ascii,96247004,"https://www.gstatic.com/og/_/ss/k=og.qtm.iN01Z40G9Cg.L.W.O/m=qmd,qcwid/excm=qaaw,qabr,qadd,qaid,qalo,qebr,qein,qhaw,qhba,qhbr,qhch,qhga,qhid,qhin,qhlo,qhmn,qhpc,qhpr,qhsf,qhtt/d=1/ed=1/ct=zgms/rs=AA2YrTsQlHCws7t2r7Egcs1hOau_HvMlbg","https://www.gstatic.com/og/_/ss/k=og.qtm.iN01Z40G9Cg.L.W.O/m=qmd,qcwid/excm=qaaw,qabr,qadd,qaid,qalo,qebr,qein,qhaw,qhba,qhbr,qhch,qhga,qhid,qhin,qhlo,qhmn,qhpc,qhpr,qhsf,qhtt/d=1/ed=1/ct=zgms/rs=AA2YrTsQlHCws7t2r7Egcs1hOau_HvMlbg",,,,regex_match_no_context
case1,regex_baseline,url,ascii,96247283,https://ogs.google.com/u/0/widget/app?awv2=1,https://ogs.google.com/u/0/widget/app?awv2=1,,,,regex_match_no_context
case1,regex_baseline,url,ascii,96247668,https://ogs.google.com/u/0/widget/account?amf=1,https://ogs.google.com/u/0/widget/account?amf=1,,,,regex_match_no_context
case1,regex_baseline,url,ascii,96247773,https://accounts.google.com/SignOutOptions?hl=en,https://accounts.google.com/SignOutOptions?hl=en,,,,regex_match_no_context
case1,regex_baseline,url,ascii,96248243,https://accounts.google.com/AddSession?hl=en,https://accounts.google.com/AddSession?hl=en,,,,regex_match_no_context
case1,regex_baseline,url,ascii,96248356,https://accounts.google.com/Logout?hl=en,https://accounts.google.com/Logout?hl=en,,,,regex_match_no_context
case1,regex_baseline,url,ascii,96456595,https://fonts.googleapis.com/css?lang=en&family=Product+Sans,https://fonts.googleapis.com/css?lang=en&family=Product+Sans,,,,regex_match_no_context
case1,regex_baseline,url,ascii,96474782,https://www.gstatic.com/images/branding/googlelogo/svg/googlelogo_clr_74x24px.svg,https://www.gstatic.com/images/branding/googlelogo/svg/googlelogo_clr_74x24px.svg,,,,regex_match_no_context
case1,regex_baseline,url,ascii,96475476,https://www.gstatic.com/images/branding/googlelogo/svg/googlelogo_light_clr_74x24px.svg,https://www.gstatic.com/images/branding/googlelogo/svg/googlelogo_light_clr_74x24px.svg,,,,regex_match_no_context
case1,regex_baseline,url,ascii,96475607,https://www.gstatic.com/images/branding/googlelogo/svg/googlelogo_dark_clr_74x24px.svg,https://www.gstatic.com/images/branding/googlelogo/svg/googlelogo_dark_clr_74x24px.svg,,,,regex_match_no_context
case1,regex_baseline,url,ascii,96538830,https://www.gstatic.com/images/icons/material/system/1x/search_black_24dp.png,https://www.gstatic.com/images/icons/material/system/1x/search_black_24dp.png,,,,regex_match_no_context
case1,regex_baseline,url,ascii,96541005,https://www.gstatic.com/images/icons/material/system/1x/broken_image_grey600_18dp.png,https://www.gstatic.com/images/icons/material/system/1x/broken_image_grey600_18dp.png,,,,regex_match_no_context
case1,regex_baseline,url,ascii,96541197,https://www.gstatic.com/images/icons/material/system/2x/broken_image_grey600_18dp.png,https://www.gstatic.com/images/icons/material/system/2x/broken_image_grey600_18dp.png,,,,regex_match_no_context
case1,regex_baseline,url,ascii,97844550,https://github.githubassets.com/apple-touch-icon-144x144.png,https://github.githubassets.com/apple-touch-icon-144x144.png,,,,regex_match_no_context
case1,regex_baseline,url,ascii,97844694,https://github.githubassets.com/apple-touch-icon-60x60.png,https://github.githubassets.com/apple-touch-icon-60x60.png,,,,regex_match_no_context
case1,regex_baseline,url,ascii,97844982,https://github.githubassets.com/apple-touch-icon-114x114.png,https://github.githubassets.com/apple-touch-icon-114x114.png,,,,regex_match_no_context
case1,regex_baseline,url,ascii,97845558,https://github.githubassets.com/apple-touch-icon-72x72.png,https://github.githubassets.com/apple-touch-icon-72x72.png,,,,regex_match_no_context
case1,regex_baseline,url,ascii,97845846,https://github.githubassets.com/apple-touch-icon-76x76.png,https://github.githubassets.com/apple-touch-icon-76x76.png,,,,regex_match_no_context
case1,regex_baseline,url,ascii,97846854,https://play.google.com/store/apps/details?id=com.github.android,https://play.google.com/store/apps/details?id=com.github.android,,,,regex_match_no_context
case1,regex_baseline,url,ascii,97848150,https://github.githubassets.com/apple-touch-icon-152x152.png,https://github.githubassets.com/apple-touch-icon-152x152.png,,,,regex_match_no_context
case1,regex_baseline,url,ascii,97848438,https://github.githubassets.com/apple-touch-icon-57x57.png,https://github.githubassets.com/apple-touch-icon-57x57.png,,,,regex_match_no_context
case1,regex_baseline,url,ascii,97850454,https://github.githubassets.com/apple-touch-icon-120x120.png,https://github.githubassets.com/apple-touch-icon-120x120.png,,,,regex_match_no_context
case1,regex_baseline,url,ascii,97850886,https://github.githubassets.com/apple-touch-icon-180x180.png,https://github.githubassets.com/apple-touch-icon-180x180.png,,,,regex_match_no_context
case1,regex_baseline,url,ascii,98032630,https://ogs.google.com/,https://ogs.google.com,,,,regex_match_no_context
case1,regex_baseline,url,utf-16le,85924202,https://ogs.google.com/widget/app/so?origin=chrome-untrusted%3A%2F%2Fnew-tab-page&origin=chrome%3A%2F%2Fnew-tab-page&cn=app&pid=1&spid=243&hl=en,https://ogs.google.com/widget/app/so?origin=chrome-untrusted%3A%2F%2Fnew-tab-page&origin=chrome%3A%2F%2Fnew-tab-page&cn=app&pid=1&spid=243&hl=en,,,,regex_match_no_context
case1,regex_baseline,url,utf-16le,85927618,https://comic.naver.com/search,https://comic.naver.com/search,,,,regex_match_no_context
case1,regex_baseline,url,utf-16le,86018666,https://www.naver.com/shoppingbox/shoppingboxnew/main.nhn?mode=plusdeal&domain=N,https://www.naver.com/shoppingbox/shoppingboxnew/main.nhn?mode=plusdeal&domain=N,,,,regex_match_no_context
case1,regex_baseline,url,utf-16le,86019514,https://siape.veta.naver.com/fxshow?su=SU10641&nrefreshx=1&calp=1#frameId=da_public_left_tgtLREC&origin=https%3A%2F%2Fwww.naver.com&msgToken=2539665556.3556643&isFluid=false&runtime=NDPSDK,https://siape.veta.naver.com/fxshow?su=SU10641&nrefreshx=1&calp=1,,,,regex_match_no_context
case1,regex_baseline,url,utf-16le,86020618,https://siape.veta.naver.com/fxshow?su=SU10642&nrefreshx=1&calp=1#frameId=da_public_right_tgtLREC&origin=https%3A%2F%2Fwww.naver.com&msgToken=3225778214.6046696&isFluid=false&runtime=NDPSDK,https://siape.veta.naver.com/fxshow?su=SU10642&nrefreshx=1&calp=1,,,,regex_match_no_context
case1,regex_baseline,url,utf-16le,86021730,https://siape.veta.naver.com/fxshow?su=SU10640&nrefreshx=1&calp=1#frameId=veta_time2_tgtLREC&origin=https%3A%2F%2Fwww.naver.com&msgToken=2397082245.285131&isFluid=false&runtime=NDPSDK,https://siape.veta.naver.com/fxshow?su=SU10640&nrefreshx=1&calp=1,,,,regex_match_no_context
case1,regex_baseline,url,utf-16le,86048994,https://siape.veta.naver.com/fxshow?su=SU10321#frameId=onlyRightAd_tgtLREC&origin=https%3A%2F%2Fcomic.naver.com&msgToken=1223116452.0479808&isFluid=false&runtime=NDPSDK,https://siape.veta.naver.com/fxshow?su=SU10321,,,,regex_match_no_context
case1,regex_baseline,url,utf-16le,86082642,https://www.wikipedia.org/search-redirect.php,https://www.wikipedia.org/search-redirect.php,,,,regex_match_no_context
case1,regex_baseline,url,utf-16le,86347866,https://search.naver.com/search.naver,https://search.naver.com/search.naver,,,,regex_match_no_context
case1,regex_baseline,url,utf-16le,86356034,https://siape.veta.naver.com/fxshow?su=SU10641&nrefreshx=0#frameId=da_public_left_tgtLREC&origin=https%3A%2F%2Fwww.naver.com&msgToken=815669421.3054377&isFluid=false&runtime=NDPSDK,https://siape.veta.naver.com/fxshow?su=SU10641&nrefreshx=0,,,,regex_match_no_context
case1,regex_baseline,url,utf-16le,86357122,https://siape.veta.naver.com/fxshow?su=SU10642&nrefreshx=0#frameId=da_public_right_tgtLREC&origin=https%3A%2F%2Fwww.naver.com&msgToken=2624497319.971214&isFluid=false&runtime=NDPSDK,https://siape.veta.naver.com/fxshow?su=SU10642&nrefreshx=0,,,,regex_match_no_context
case1,regex_baseline,url,utf-16le,86358218,https://siape.veta.naver.com/fxshow?su=SU10640&nrefreshx=0#frameId=veta_time2_tgtLREC&origin=https%3A%2F%2Fwww.naver.com&msgToken=2603905857.9427633&isFluid=false&runtime=NDPSDK,https://siape.veta.naver.com/fxshow?su=SU10640&nrefreshx=0,,,,regex_match_no_context
case1,regex_baseline,url,utf-16le,86463882,https://shop-redapi.daum.net/red-apigate/daumtop/v6/planmall,https://shop-redapi.daum.net/red-apigate/daumtop/v6/planmall,,,,regex_match_no_context
case1,regex_baseline,url,utf-16le,86464730,https://t1.daumcdn.net/adfit/adunit_style/a47f783b63ef539c670cd0f5cd1f7ba5ac08a4bf?surl=https%3A%2F%2Fwww.daum.net%2F,https://t1.daumcdn.net/adfit/adunit_style/a47f783b63ef539c670cd0f5cd1f7ba5ac08a4bf?surl=https%3A%2F%2Fwww.daum.net%2F,,,,regex_match_no_context
case1,regex_baseline,url,utf-16le,86466010,https://t1.daumcdn.net/kas/static/safeframe.html,https://t1.daumcdn.net/kas/static/safeframe.html,,,,regex_match_no_context
case1,regex_baseline,url,utf-16le,86466834,https://t1.daumcdn.net/adfit/adunit_style/daafa197e301ccace9d59ce163e100aff59c5bd4?surl=https%3A%2F%2Fwww.daum.net%2F,https://t1.daumcdn.net/adfit/adunit_style/daafa197e301ccace9d59ce163e100aff59c5bd4?surl=https%3A%2F%2Fwww.daum.net%2F,,,,regex_match_no_context
case1,regex_baseline,url,utf-16le,86471482,https://accounts.youtube.com/accounts/CheckConnection?pmpo=https%3A%2F%2Faccounts.google.com&v=138873353&timestamp=1677653382770,https://accounts.youtube.com/accounts/CheckConnection?pmpo=https%3A%2F%2Faccounts.google.com&v=138873353&timestamp=1677653382770,,,,regex_match_no_context
case1,regex_baseline,url,utf-16le,86472482,https://accounts.google.com/_/bscframe,https://accounts.google.com/_/bscframe,,,,regex_match_no_context
case1,regex_baseline,url,utf-16le,86473394,https://accounts.google.com/v3/signin/,https://accounts.google.com/v3/signin,,,,regex_match_no_context
case1,regex_baseline,url,utf-16le,86484858,https://ogs.google.com/u/0/widget/app?origin=https%3A%2F%2Fmail.google.com&cn=app&pid=23&spid=23&hl=ko,https://ogs.google.com/u/0/widget/app?origin=https%3A%2F%2Fmail.google.com&cn=app&pid=23&spid=23&hl=ko,,,,regex_match_no_context
case1,regex_baseline,url,utf-16le,86491946,https://ogs.google.com/u/0/widget/app?origin=chrome-untrusted%3A%2F%2Fnew-tab-page&origin=chrome%3A%2F%2Fnew-tab-page&cn=app&pid=1&spid=243&hl=en&dm=,https://ogs.google.com/u/0/widget/app?origin=chrome-untrusted%3A%2F%2Fnew-tab-page&origin=chrome%3A%2F%2Fnew-tab-page&cn=app&pid=1&spid=243&hl=en&dm=,,,,regex_match_no_context
case1,regex_baseline,url,utf-16le,86574322,"https://mail.google.com/mail/u/0/data?sw=2&token=%5B%22cftp%22,%225e89acedd4%22,%22gmail.pinto-server_20230222.06_p0%22,%22ZyMrc6cBAw-rFZnvtXyj5A%5Cu003d%5Cu003d%22,%227677,7841,7393,6792,7500,7518,7446,7594,7758,7773,7278,7137,7618,7189,7158,7407,7682,6807,7418,7468,7798,7569,7164,7419,7027,7113,7236%22,3%5D&dilte=0&gme=1&sme=1&pt=ji","https://mail.google.com/mail/u/0/data?sw=2&token=%5B%22cftp%22,%225e89acedd4%22,%22gmail.pinto-server_20230222.06_p0%22,%22ZyMrc6cBAw-rFZnvtXyj5A%5Cu003d%5Cu003d%22,%227677,7841,7393,6792,7500,7518,7446,7594,7758,7773,7278,7137,7618,7189,7158,7407,7682,6807,7418,7468,7798,7569,7164,7419,7027,7113,7236%22,3%5D&dilte=0&gme=1&sme=1&pt=ji",,,,regex_match_no_context
case1,regex_baseline,url,utf-16le,87096330,https://ko.wikipedia.org/w/index.php,https://ko.wikipedia.org/w/index.php,,,,regex_match_no_context
case1,regex_baseline,url,utf-16le,87132426,https://arxiv.org/search,https://arxiv.org/search,,,,regex_match_no_context
case1,regex_baseline,url,utf-16le,87133122,https://arxiv.org/multi,https://arxiv.org/multi,,,,regex_match_no_context
case1,regex_baseline,url,utf-16le,87134954,https://ogs.google.com/u/0/widget/callout/sid?prid=19022560&pgid=19022552&puid=8a68602575c7e3d5&dc=1&origin=https%3A%2F%2Fwww.google.com&cn=callout&pid=1&spid=538&hl=ko,https://ogs.google.com/u/0/widget/callout/sid?prid=19022560&pgid=19022552&puid=8a68602575c7e3d5&dc=1&origin=https%3A%2F%2Fwww.google.com&cn=callout&pid=1&spid=538&hl=ko,,,,regex_match_no_context
case1,regex_baseline,url,utf-16le,87136018,https://ogs.google.com/u/0/widget/app?origin=https%3A%2F%2Fwww.google.com&cn=app&pid=1&spid=538&hl=ko&dm=,https://ogs.google.com/u/0/widget/app?origin=https%3A%2F%2Fwww.google.com&cn=app&pid=1&spid=538&hl=ko&dm=,,,,regex_match_no_context
case1,regex_baseline,url,utf-16le,87142362,https://ogs.google.com/u/0/widget/app?origin=chrome-untrusted%3A%2F%2Fnew-tab-page&origin=chrome%3A%2F%2Fnew-tab-page&cn=app&pid=1&spid=243&hl=en,https://ogs.google.com/u/0/widget/app?origin=chrome-untrusted%3A%2F%2Fnew-tab-page&origin=chrome%3A%2F%2Fnew-tab-page&cn=app&pid=1&spid=243&hl=en,,,,regex_match_no_context
case1,regex_baseline,url,utf-16le,87265450,https://ogs.google.com/u/0/widget/callout/sid?prid=19022520&pgid=19022519&puid=3f2f8d1591b97a37&dc=1&origin=https%3A%2F%2Fwww.google.com&cn=callout&pid=1&spid=538&hl=ko,https://ogs.google.com/u/0/widget/callout/sid?prid=19022520&pgid=19022519&puid=3f2f8d1591b97a37&dc=1&origin=https%3A%2F%2Fwww.google.com&cn=callout&pid=1&spid=538&hl=ko,,,,regex_match_no_context
case1,regex_baseline,url,utf-16le,89178918,https://en.wikipedia.org/wiki/main_page,https://en.wikipedia.org/wiki/main_page,,,,regex_match_no_context
case1,regex_baseline,url,utf-16le,92230239,https://docs.microsoft.com/typography/aboutMicrosoft,https://docs.microsoft.com/typography/aboutMicrosoft,,,,regex_match_no_context
case1,regex_baseline,url,utf-16le,92231331,http://en.wikipedia.org/wiki/MIT_License),http://en.wikipedia.org/wiki/MIT_License),,,,regex_match_no_context
case1,regex_baseline,url,utf-16le,93431248,https://go.microsoft.com/fwlink/?linkid=852747,https://go.microsoft.com/fwlink?linkid=852747,,,,regex_match_no_context
case1,regex_baseline,url,utf-16le,93433346,https://go.microsoft.com/fwlink/?linkid=851152,https://go.microsoft.com/fwlink?linkid=851152,,,,regex_match_no_context
case1,regex_baseline,url,utf-16le,93440216,https://aka.ms/wsl2kernel,https://aka.ms/wsl2kernel,,,,regex_match_no_context
case1,regex_baseline,url,utf-16le,93714528,http://go.microsoft.com/fwlink/?LinkId=228610,http://go.microsoft.com/fwlink?LinkId=228610,,,,regex_match_no_context
case1,regex_baseline,url,utf-16le,93776820,http://go.microsoft.com/fwlink/?LinkId=168895,http://go.microsoft.com/fwlink?LinkId=168895,,,,regex_match_no_context
case1,regex_baseline,url,utf-16le,94224132,https://go.microsoft.com/fwlink/?linkid=850659,https://go.microsoft.com/fwlink?linkid=850659,,,,regex_match_no_context
case1,regex_baseline,url,utf-16le,94225504,https://aka.ms/hcsadmin,https://aka.ms/hcsadmin,,,,regex_match_no_context
case1,regex_baseline,url,utf-16le,96623286,http://forensic.korea.ac.kr/dfwiki/index.php/,http://forensic.korea.ac.kr/dfwiki/index.php,,,,regex_match_no_context
case1,regex_baseline,url,utf-16le,96774134,https://bit.ly/2mbojqk,https://bit.ly/2mbojqk,,,,regex_match_no_context
case1,regex_baseline,url,ascii,101811830,https://ogs.google.com/u/0/widget/app?awv2=1&origin=chrome-untrusted%3A%2F%2Fnew-tab-page&origin=chrome%3A%2F%2Fnew-tab-page&cn=app&pid=1&spid=243&hl=en&dm=,https://ogs.google.com/u/0/widget/app?awv2=1&origin=chrome-untrusted%3A%2F%2Fnew-tab-page&origin=chrome%3A%2F%2Fnew-tab-page&cn=app&pid=1&spid=243&hl=en&dm=,,,,regex_match_no_context
case1,regex_baseline,url,ascii,101861782,https://optimizationguide-pa.googleapis.com/v1:GetModels?key=dummytoken,https://optimizationguide-pa.googleapis.com/v1:GetModels?key=dummytoken,,,,regex_match_no_context
case1,regex_baseline,url,ascii,102987238,https://www.youtube.com/s/desktop/00d32223/jsbin/serviceworker-kevlar-appshell.vflset/serviceworker-kevlar-appshell.js,https://www.youtube.com/s/desktop/00d32223/jsbin/serviceworker-kevlar-appshell.vflset/serviceworker-kevlar-appshell.js,,,,regex_match_no_context
case1,regex_baseline,url,ascii,103118486,http://dns-tunnel-check.googlezip.net/connect,http://dns-tunnel-check.googlezip.net/connect,,,,regex_match_no_context
case1,regex_baseline,url,ascii,103580422,https://github.com/manifest.json,https://github.com/manifest.json,,,,regex_match_no_context
case1,regex_baseline,url,ascii,105491502,http://chro/,http://chro,,,,regex_match_no_context
case1,regex_baseline,url,ascii,106000998,https://www.google.com/search?gs_ssp=eJzj4tVP1zc0zDKptEhLzk4xYPTiTs4oys9NVUjJzMsHAHoXCPQ&q=chrome+dino&oq=chr&sourceid=chrome&ie=UTF-8,https://www.google.com/search?gs_ssp=eJzj4tVP1zc0zDKptEhLzk4xYPTiTs4oys9NVUjJzMsHAHoXCPQ&q=chrome+dino&oq=chr&sourceid=chrome&ie=UTF-8,,,,regex_match_no_context
case1,regex_baseline,url,ascii,112475796,https://www.chromium.org/F,https://www.chromium.org/F,,,,regex_match_no_context
case1,regex_baseline,url,ascii,112476400,https://www.google.com/D,https://www.google.com/D,,,,regex_match_no_context
case1,regex_baseline,url,ascii,112482916,https://www.google.com/search?gs_ssp=eJzj4tLP1TcoqiwoyE1XYDRgdGDwYkvPLMkoTQIAWC4HFA&q=github&oq=github.&sourceid=chrome&ie=UTF-8r,https://www.google.com/search?gs_ssp=eJzj4tLP1TcoqiwoyE1XYDRgdGDwYkvPLMkoTQIAWC4HFA&q=github&oq=github.&sourceid=chrome&ie=UTF-8r,,,,regex_match_no_context
case1,regex_baseline,url,ascii,112483097,https://www.google.com/search?q=github.&sourceid=chrome&ie=UTF-8D,https://www.google.com/search?q=github.&sourceid=chrome&ie=UTF-8D,,,,regex_match_no_context
case1,regex_baseline,url,ascii,112493229,https://www.google.com/G,https://www.google.com/G,,,,regex_match_no_context
case1,regex_baseline,url,ascii,112493452,https://www.google.com/F,https://www.google.com/F,,,,regex_match_no_context
case1,regex_baseline,url,ascii,112494532,https://www.google.com/K,https://www.google.com/K,,,,regex_match_no_context
case1,regex_baseline,url,ascii,112554513,https://www.google.com/search?q=youtube+vanced&oq=youtube.&sourceid=chrome&ie=UTF-8,https://www.google.com/search?q=youtube+vanced&oq=youtube.&sourceid=chrome&ie=UTF-8,,,,regex_match_no_context
case1,regex_baseline,url,ascii,112554651,https://www.google.com/search?q=youtube+summary+with+chatgpt&oq=youtube.&sourceid=chrome&ie=UTF-8,https://www.google.com/search?q=youtube+summary+with+chatgpt&oq=youtube.&sourceid=chrome&ie=UTF-8,,,,regex_match_no_context
case1,regex_baseline,url,ascii,112554803,https://www.google.com/search?q=youtube+studio&oq=youtube.&sourceid=chrome&ie=UTF-8,https://www.google.com/search?q=youtube+studio&oq=youtube.&sourceid=chrome&ie=UTF-8,,,,regex_match_no_context
case1,regex_baseline,url,ascii,112554941,https://www.google.com/search?q=youtube+mp3&oq=youtube.&sourceid=chrome&ie=UTF-8,https://www.google.com/search?q=youtube+mp3&oq=youtube.&sourceid=chrome&ie=UTF-8,,,,regex_match_no_context
case1,regex_baseline,url,ascii,112555076,https://www.google.com/search?q=youtube+music&oq=youtube.&sourceid=chrome&ie=UTF-8,https://www.google.com/search?q=youtube+music&oq=youtube.&sourceid=chrome&ie=UTF-8,,,,regex_match_no_context
case1,regex_baseline,url,ascii,112555213,https://www.google.com/search?gs_ssp=eJzj4tTP1TewzEouK1ZgNGB0YPBir8wvLSlNSgUAUQAG7g&q=youtube&oq=youtube.&sourceid=chrome&ie=UTF-8t,https://www.google.com/search?gs_ssp=eJzj4tTP1TewzEouK1ZgNGB0YPBir8wvLSlNSgUAUQAG7g&q=youtube&oq=youtube.&sourceid=chrome&ie=UTF-8t,,,,regex_match_no_context
case1,regex_baseline,url,ascii,112555397,https://www.google.com/search?q=youtube.&sourceid=chrome&ie=UTF-8,https://www.google.com/search?q=youtube.&sourceid=chrome&ie=UTF-8,,,,regex_match_no_context
case1,regex_baseline,url,ascii,112783598,https://accounts.google.com/ListAccounts?listPages=0&pid=538&gpsia=1&source=ogb&atic=1&mo=1&mn=1&hl=ko&ts=157,https://accounts.google.com/ListAccounts?listPages=0&pid=538&gpsia=1&source=ogb&atic=1&mo=1&mn=1&hl=ko&ts=157,,,,regex_match_no_context
case1,regex_baseline,url,ascii,112789806,"https://www.gstatic.com/og/_/ss/k=og.qtm.iN01Z40G9Cg.L.W.O/m=qcwid/excm=qaaw,qadd,qaid,qein,qhaw,qhba,qhbr,qhch,qhga,qhid,qhin,qhpr/d=1/ed=1/ct=zgms/rs=AA2YrTsQlHCws7t2r7Egcs1hOau_HvMlbg","https://www.gstatic.com/og/_/ss/k=og.qtm.iN01Z40G9Cg.L.W.O/m=qcwid/excm=qaaw,qadd,qaid,qein,qhaw,qhba,qhbr,qhch,qhga,qhid,qhin,qhpr/d=1/ed=1/ct=zgms/rs=AA2YrTsQlHCws7t2r7Egcs1hOau_HvMlbg",,,,regex_match_no_context
case1,regex_baseline,url,ascii,117645678,https://www.youtube.com/s/player/59acb1f3/player_ias.vflset/ko_KR/captions.js,https://www.youtube.com/s/player/59acb1f3/player_ias.vflset/ko_KR/captions.js,,,,regex_match_no_context
case1,regex_baseline,url,ascii,117646702,https://www.youtube.com/s/desktop/00d32223/jsbin/spf.vflset/spf.js,https://www.youtube.com/s/desktop/00d32223/jsbin/spf.vflset/spf.js,,,,regex_match_no_context
case1,regex_baseline,url,ascii,117651870,https://www.youtube.com/results,https://www.youtube.com/results,,,,regex_match_no_context
case1,regex_baseline,url,ascii,117660054,https://www.youtube.com/s/desktop/00d32223/jsbin/www-tampering.vflset/www-tampering.js,https://www.youtube.com/s/desktop/00d32223/jsbin/www-tampering.vflset/www-tampering.js,,,,regex_match_no_context
case1,regex_baseline,url,ascii,117661728,https://csp.withgoogle.com/csp/report-to/youtube,https://csp.withgoogle.com/csp/report-to/youtube,,,,regex_match_no_context
case1,regex_baseline,url,ascii,117664150,https://www.youtube.com/s/player/59acb1f3/player_ias.vflset/ko_KR/offline.js,https://www.youtube.com/s/player/59acb1f3/player_ias.vflset/ko_KR/offline.js,,,,regex_match_no_context
case1,regex_baseline,url,ascii,117666926,https://csp.withgoogle.com/csp/youtube-main-app-web-scs-key,https://csp.withgoogle.com/csp/youtube-main-app-web-scs-key,,,,regex_match_no_context
case1,regex_baseline,url,ascii,117668381,https://www.youtube.com/s/desktop/00d32223/jsbin/webcomponents-sd.vflset/webcomponents-sd.js,https://www.youtube.com/s/desktop/00d32223/jsbin/webcomponents-sd.vflset/webcomponents-sd.js,,,,regex_match_no_context
case1,regex_baseline,url,ascii,117669018,https://www.youtube.com/s/_/ytmainappweb/_/ss/k=ytmainappweb.kevlar_base.fr6sm-e1240.L.B1.O/am=CQ/d=0/br=1/rs=AGKMywGZjN2pJa3BO9ZFe52WnN08ltz_hA,https://www.youtube.com/s/_/ytmainappweb/_/ss/k=ytmainappweb.kevlar_base.fr6sm-e1240.L.B1.O/am=CQ/d=0/br=1/rs=AGKMywGZjN2pJa3BO9ZFe52WnN08ltz_hA,,,,regex_match_no_context
case1,regex_baseline,url,ascii,117670108,https://www.youtube.com/s/desktop/00d32223/img/favicon.ico$,https://www.youtube.com/s/desktop/00d32223/img/favicon.ico$,,,,regex_match_no_context
case1,regex_baseline,url,ascii,117838062,https://stats.g.doubleclick.net/j/collect?t=dc&aip=1&_r=3&v=1&_v=j99&tid=UA-5484340-1&cid=1432606055.1678780598&jid=983878833&gjid=1410422903&_gid=893989143.1679277852&_u=YADAAUAAAAAAACAAI~&z=1331796035,https://stats.g.doubleclick.net/j/collect?t=dc&aip=1&_r=3&v=1&_v=j99&tid=UA-5484340-1&cid=1432606055.1678780598&jid=983878833&gjid=1410422903&_gid=893989143.1679277852&_u=YADAAUAAAAAAACAAI~&z=1331796035,,,,regex_match_no_context
case1,regex_baseline,url,ascii,120738510,https://github.githubassets.com/assets/sessions-9920eaa99f50.js,https://github.githubassets.com/assets/sessions-9920eaa99f50.js,,,,regex_match_no_context
case1,regex_baseline,url,ascii,120745496,https://github.githubassets.com/assets/vendors-node_modules_github_selector-observer_dist_index_esm_js-2646a2c533e3.js,https://github.githubassets.com/assets/vendors-node_modules_github_selector-observer_dist_index_esm_js-2646a2c533e3.js,,,,regex_match_no_context
case1,regex_baseline,url,ascii,120747246,https://github.com/webgl-globe/data/data.json,https://github.com/webgl-globe/data/data.json,,,,regex_match_no_context
case1,regex_baseline,url,ascii,120750664,https://github.githubassets.com/assets/vendors-node_modules_stacktrace-parser_dist_stack-trace-parser_esm_js-node_modules_github_bro-327bbf-0aaeb22dd2a5.js,https://github.githubassets.com/assets/vendors-node_modules_stacktrace-parser_dist_stack-trace-parser_esm_js-node_modules_github_bro-327bbf-0aaeb22dd2a5.js,,,,regex_match_no_context
case1,regex_baseline,url,ascii,120765043,https://github.githubassets.com/assets/vendors-node_modules_primer_view-components_app_components_primer_primer_js-node_modules_gith-6a1af4-df3bc95b06d3.js,https://github.githubassets.com/assets/vendors-node_modules_primer_view-components_app_components_primer_primer_js-node_modules_gith-6a1af4-df3bc95b06d3.js,,,,regex_match_no_context
case1,regex_baseline,url,ascii,120924063,https://mail.google.com/mail.google.comdefault,https://mail.google.com/mail.google.comdefault,,,,regex_match_no_context
case1,regex_baseline,url,ascii,120924142,https://www.youtube.com/www.youtube.comdefault,https://www.youtube.com/www.youtube.comdefault,,,,regex_match_no_context
case1,regex_baseline,url,ascii,120924221,https://www.daum.net/www.daum.netdefault,https://www.daum.net/www.daum.netdefault,,,,regex_match_no_context
case1,regex_baseline,url,ascii,120932366,https://mail.google.com/default,https://mail.google.com/default,,,,regex_match_no_context
case1,regex_baseline,url,ascii,120932404,https://www.youtube.com/default,https://www.youtube.com/default,,,,regex_match_no_context
case1,regex_baseline,url,ascii,120932442,https://www.daum.net/default,https://www.daum.net/default,,,,regex_match_no_context
case1,regex_baseline,url,utf-16le,120978998,https://docs.microsoft.com/typography/about,https://docs.microsoft.com/typography/about,,,,regex_match_no_context
case1,regex_baseline,url,utf-16le,120982706,https://docs.microsoft.com/typography,https://docs.microsoft.com/typography,,,,regex_match_no_context
case1,regex_baseline,url,utf-16le,121093034,http://www.microsoft.com/typography/fonts/,http://www.microsoft.com/typography/fonts,,,,regex_match_no_context
case1,regex_baseline,url,utf-16le,121167106,http://www.sandoll.co.kr,http://www.sandoll.co.kr,,,,regex_match_no_context
case1,regex_baseline,url,utf-16le,121168534,http://www.microsoft.com,http://www.microsoft.com,,,,regex_match_no_context
case1,regex_baseline,url,utf-16le,121313610,http://lucasfonts.com,http://lucasfonts.com,,,,regex_match_no_context
case1,regex_baseline,url,utf-16le,121646498,http://www.goodfont.co.kr,http://www.goodfont.co.kr,,,,regex_match_no_context
case1,regex_baseline,url,utf-16le,121653346,http://www.nhncorp.com,http://www.nhncorp.com,,,,regex_match_no_context
case1,regex_baseline,url,utf-16le,121677594,http://fontrix.co.kr,http://fontrix.co.kr,,,,regex_match_no_context
case1,regex_baseline,url,utf-16le,121677854,http://dev.naver.com/wiki/nanumfont/index.php/OpenFontLicense,http://dev.naver.com/wiki/nanumfont/index.php/OpenFontLicense,,,,regex_match_no_context
case1,regex_baseline,url,utf-16le,121690722,http://www.fontrix.co.kr,http://www.fontrix.co.kr,,,,regex_match_no_context
case1,regex_baseline,url,utf-16le,121696650,http://www.YoonDesign.com,http://www.yoondesign.com,,,,regex_match_no_context
case1,regex_baseline,url,utf-16le,121696794,http://www.nhncorp.com/license,http://www.nhncorp.com/license,,,,regex_match_no_context
case1,regex_baseline,url,utf-16le,121717362,http://www.navercorp.com/,http://www.navercorp.com,,,,regex_match_no_context
case1,regex_baseline,url,utf-16le,121777726,http://sajatypeworks.com,http://sajatypeworks.com,,,,regex_match_no_context
case1,regex_baseline,url,utf-16le,121778810,https://scripts.sil.org/OFL),https://scripts.sil.org/OFL),,,,regex_match_no_context
case1,regex_baseline,url,utf-16le,121779070,https://github.com/microsoft/cascadia-code/blob/main/LICENSE).,https://github.com/microsoft/cascadia-code/blob/main/LICENSE).,,,,regex_match_no_context
case1,regex_baseline,url,utf-16le,121783630,https://scripts.sil.org/OFL,https://scripts.sil.org/OFL,,,,regex_match_no_context
case1,regex_baseline,url,utf-16le,121830886,https://github.com/microsoft/cascadia-code/blob/master/LICENSE).,https://github.com/microsoft/cascadia-code/blob/master/LICENSE).,,,,regex_match_no_context
case1,regex_baseline,url,utf-16le,122018350,http://www.monotype.com/html/designer/des_index.html,http://www.monotype.com/html/designer/des_index.html,,,,regex_match_no_context
case1,regex_baseline,url,utf-16le,122019938,http://www.monotype.com/html/mtname/ms_welcome.html,http://www.monotype.com/html/mtname/ms_welcome.html,,,,regex_match_no_context
case1,regex_baseline,url,utf-16le,122393026,http://www.zhongyicts.com.cn,http://www.zhongyicts.com.cn,,,,regex_match_no_context
case1,regex_baseline,url,utf-16le,122546478,http://www.jiyu-kobo.co.jp/,http://www.jiyu-kobo.co.jp,,,,regex_match_no_context
case1,regex_baseline,url,utf-16le,122745410,http://www.fonts.com,http://www.fonts.com,,,,regex_match_no_context
case1,regex_baseline,url,utf-16le,122747266,http://www.microsoft.com/typography/ctfonts,http://www.microsoft.com/typography/ctfonts,,,,regex_match_no_context
case1,regex_baseline,url,utf-16le,122748270,http://www.microsoft.com/typography/fonts/default.aspx,http://www.microsoft.com/typography/fonts/default.aspx,,,,regex_match_no_context
case1,regex_baseline,url,utf-16le,123030422,http://www.monotypeimaging.com,http://www.monotypeimaging.com,,,,regex_match_no_context
case1,regex_baseline,url,utf-16le,123117738,http://www.founder.com.cn/cn,http://www.founder.com.cn/cn,,,,regex_match_no_context
case1,regex_baseline,url,utf-16le,123118330,http://www.microsoft.com/typography,http://www.microsoft.com/typography,,,,regex_match_no_context
case1,regex_baseline,url,utf-16le,124966366,http://fontfabrik.com,http://fontfabrik.com,,,,regex_match_no_context
case1,regex_baseline,url,utf-16le,125344466,http://www.sajatypeworks.com,http://www.sajatypeworks.com,,,,regex_match_no_context
case1,regex_baseline,url,utf-16le,125451070,http://www.munchfonts.com,http://www.munchfonts.com,,,,regex_match_no_context
case1,regex_baseline,url,utf-16le,125454506,http://www.monotype.com,http://www.monotype.com,,,,regex_match_no_context
case1,regex_baseline,url,utf-16le,125455154,https://docs.microsoft.com/typography/vendors/,https://docs.microsoft.com/typography/vendors,,,,regex_match_no_context
case1,regex_baseline,url,utf-16le,125481414,http://www.tiro.com,http://www.tiro.com,,,,regex_match_no_context
case1,regex_baseline,url,utf-16le,125508914,http://www.typography.net,http://www.typography.net,,,,regex_match_no_context
case1,regex_baseline,url,utf-16le,125556434,http://www.itcfonts.com,http://www.itcfonts.com,,,,regex_match_no_context
case1,regex_baseline,url,utf-16le,125556626,http://www.itcfonts.com/itc/licensing.html,http://www.itcfonts.com/itc/licensing.html,,,,regex_match_no_context
case1,regex_baseline,url,utf-16le,125642954,http://www.monotype.com/html/type/license.html,http://www.monotype.com/html/type/license.html,,,,regex_match_no_context
case1,regex_baseline,url,utf-16le,125870254,http://www.monotype.com/studio,http://www.monotype.com/studio,,,,regex_match_no_context
case1,regex_baseline,url,utf-16le,125870394,http://www.google.com/get/noto/,http://www.google.com/get/noto,,,,regex_match_no_context
case1,regex_baseline,url,utf-16le,125871130,http://scripts.sil.org/OFL,http://scripts.sil.org/OFL,,,,regex_match_no_context
case1,regex_baseline,url,utf-16le,125926714,http://www.carterandcone.com,http://www.carterandcone.com,,,,regex_match_no_context
case1,regex_baseline,url,utf-16le,126167690,http://www.monotype.com/html/mtname/ms_symbol.html,http://www.monotype.com/html/mtname/ms_symbol.html,,,,regex_match_no_context
case1,regex_baseline,url,utf-16le,126230362,http://www.microsoft.com/truetype/fonts/wingdings/,http://www.microsoft.com/truetype/fonts/wingdings,,,,regex_match_no_context
case1,regex_baseline,url,utf-16le,126233330,http://www.microsoft.com/truetype/,http://www.microsoft.com/truetype,,,,regex_match_no_context
case1,regex_baseline,url,utf-16le,126370890,http://www.fontbureau.com/designers,http://www.fontbureau.com/designers,,,,regex_match_no_context
case1,regex_baseline,url,utf-16le,126371882,http://www.fontbureau.com,http://www.fontbureau.com,,,,regex_match_no_context
case1,regex_baseline,url,utf-16le,126416606,http://www.urwpp.de,http://www.urwpp.de,,,,regex_match_no_context
case1,regex_baseline,url,utf-16le,126430658,http://www.agfamonotype.com/html/designer/des_index.html,http://www.agfamonotype.com/html/designer/des_index.html,,,,regex_match_no_context
case1,regex_baseline,url,utf-16le,126430810,http://www.agfamonotype.com,http://www.agfamonotype.com,,,,regex_match_no_context
case1,regex_baseline,url,utf-16le,126434018,http://www.agfamonotype.com/html/type/license.html,http://www.agfamonotype.com/html/type/license.html,,,,regex_match_no_context
case1,regex_baseline,url,utf-16le,126710198,http://monotype.com/html/mtname/ms_welcome.html,http://monotype.com/html/mtname/ms_welcome.html,,,,regex_match_no_context
case1,regex_baseline,url,utf-16le,126875930,http://www.fontbureau.com/designers/frere-jones.html,http://www.fontbureau.com/designers/frere-jones.html,,,,regex_match_no_context
case1,regex_baseline,url,utf-16le,126911542,http://www.ascendercorp.com/typedesigners.html,http://www.ascendercorp.com/typedesigners.html,,,,regex_match_no_context
case1,regex_baseline,url,utf-16le,126950954,http://www.fontbureau.com/designers/cabarga.html,http://www.fontbureau.com/designers/cabarga.html,,,,regex_match_no_context
case1,regex_baseline,url,utf-16le,126954966,http://www.galapagosdesign.com/staff/dennis.htm,http://www.galapagosdesign.com/staff/dennis.htm,,,,regex_match_no_context
case1,regex_baseline,url,utf-16le,126957686,http://www.galapagosdesign.com/,http://www.galapagosdesign.com,,,,regex_match_no_context
case1,regex_baseline,url,utf-16le,126966786,http://www.sakkal.com,http://www.sakkal.com,,,,regex_match_no_context
case1,regex_baseline,url,utf-16le,127168930,http://yoonfont.co.kr/,http://yoonfont.co.kr,,,,regex_match_no_context
case1,regex_baseline,url,utf-16le,127188538,http://www.yoondesign.com/license,http://www.yoondesign.com/license,,,,regex_match_no_context
case1,regex_baseline,url,utf-16le,127198386,http://www.hancom.com,http://www.hancom.com,,,,regex_match_no_context
case1,regex_baseline,url,utf-16le,127199822,http://www.yoonfont.co.kr,http://www.yoonfont.co.kr,,,,regex_match_no_context
case1,regex_baseline,url,ascii,152440533,https://music.youtube.com/,https://music.youtube.com,,,,regex_match_no_context
case1,regex_baseline,url,ascii,152441044,https://www.youtubekids.com/?source=youtube_web,https://www.youtubekids.com?source=youtube_web,,,,regex_match_no_context
case1,regex_baseline,url,ascii,154061574,http://google.com/search?q=youtube.com%2Factivate&sourceid=chrome&ie=UTF-8,http://google.com/search?q=youtube.com%2Factivate&sourceid=chrome&ie=UTF-8,,,,regex_match_no_context
case1,regex_baseline,url,ascii,154064598,https://www.google.com/search?q=youtube.com%2Factivate&sourceid=chrome&ie=UTF-8,https://www.google.com/search?q=youtube.com%2Factivate&sourceid=chrome&ie=UTF-8,,,,regex_match_no_context
case1,regex_baseline,url,ascii,154065174,https://www.google.com/search?q=youtube.co&sourceid=chrome&ie=UTF-8,https://www.google.com/search?q=youtube.co&sourceid=chrome&ie=UTF-8,,,,regex_match_no_context
case1,regex_baseline,url,ascii,154065606,https://www.google.com/search?q=youtube.com+activate&sourceid=chrome&ie=UTF-8,https://www.google.com/search?q=youtube.com+activate&sourceid=chrome&ie=UTF-8,,,,regex_match_no_context
case1,regex_baseline,url,ascii,154068054,http://google.com/search?q=youtube.com+activate&sourceid=chrome&ie=UTF-8,http://google.com/search?q=youtube.com+activate&sourceid=chrome&ie=UTF-8,,,,regex_match_no_context
case1,regex_baseline,url,ascii,154069350,https://www.google.com/search?q=youtube.com&sourceid=chrome&ie=UTF-8,https://www.google.com/search?q=youtube.com&sourceid=chrome&ie=UTF-8,,,,regex_match_no_context
case1,regex_baseline,url,ascii,154077702,https://www.google.com/js/th/mt3bjWXP6p0hid4nDliXOPxIfI5JPq9ZZRYTjhG38ko.js,https://www.google.com/js/th/mt3bjWXP6p0hid4nDliXOPxIfI5JPq9ZZRYTjhG38ko.js,,,,regex_match_no_context
case1,regex_baseline,url,ascii,154578566,https://github.githubassets.com/app-icon-512.png,https://github.githubassets.com/app-icon-512.png,,,,regex_match_no_context
case1,regex_baseline,url,ascii,154581510,https://github.githubassets.com/app-icon-192.png,https://github.githubassets.com/app-icon-192.png,,,,regex_match_no_context
case1,regex_baseline,url,ascii,159950854,https://play.google.com/store/apps/details?id=com.google.android.googlequicksearchbox,https://play.google.com/store/apps/details?id=com.google.android.googlequicksearchbox,,,,regex_match_no_context
case1,regex_baseline,url,ascii,159962054,https://www.google.com/search?q=www.google.com.usa&oq=www.google.com&sourceid=chrome&ie=UTF-8,https://www.google.com/search?q=www.google.com.usa&oq=www.google.com&sourceid=chrome&ie=UTF-8,,,,regex_match_no_context
case1,regex_baseline,url,ascii,159964934,https://www.google.com/search?q=www.google.com+map&oq=www.google.com&sourceid=chrome&ie=UTF-8,https://www.google.com/search?q=www.google.com+map&oq=www.google.com&sourceid=chrome&ie=UTF-8,,,,regex_match_no_context
case1,regex_baseline,url,ascii,160183744,http://ocsp.pki.goog/s/gts1d4/95x3SSehFj801,http://ocsp.pki.goog/s/gts1d4/95x3SSehFj801,,,,regex_match_no_context
case1,regex_baseline,url,ascii,160183799,http://pki.goog/repo/certs/gts1d4.der0,http://pki.goog/repo/certs/gts1d4.der0,,,,regex_match_no_context
case1,regex_baseline,url,ascii,160183919,http://crls.pki.goog/gts1d4/TCKytZRd7jA.crl0,http://crls.pki.goog/gts1d4/TCKytZRd7jA.crl0,,,,regex_match_no_context
case1,regex_baseline,url,ascii,160185531,http://ocsp.pki.goog/gsr10),http://ocsp.pki.goog/gsr10),,,,regex_match_no_context
case1,regex_baseline,url,ascii,160185570,http://pki.goog/gsr1/gsr1.crt02,http://pki.goog/gsr1/gsr1.crt02,,,,regex_match_no_context
case1,regex_baseline,url,ascii,160185618,http://crl.pki.goog/gsr1/gsr1.crl0,http://crl.pki.goog/gsr1/gsr1.crl0,,,,regex_match_no_context
case1,regex_baseline,url,ascii,160198536,http://crl3.digicert.com/DigiCertTLSHybridECCSHA3842020CA1-1.crl0F,http://crl3.digicert.com/DigiCertTLSHybridECCSHA3842020CA1-1.crl0F,,,,regex_match_no_context
case1,regex_baseline,url,ascii,160198608,http://crl4.digicert.com/DigiCertTLSHybridECCSHA3842020CA1-1.crl0,http://crl4.digicert.com/DigiCertTLSHybridECCSHA3842020CA1-1.crl0,,,,regex_match_no_context
case1,regex_baseline,url,ascii,160198709,http://www.digicert.com/CPS0,http://www.digicert.com/CPS0,,,,regex_match_no_context
case1,regex_baseline,url,ascii,160198767,http://ocsp.digicert.com0O,http://ocsp.digicert.com0o,,,,regex_match_no_context
case1,regex_baseline,url,ascii,160874290,http://ocsp.pki.goog/gts1c301,http://ocsp.pki.goog/gts1c301,,,,regex_match_no_context
case1,regex_baseline,url,ascii,160874331,http://pki.goog/repo/certs/gts1c3.der0,http://pki.goog/repo/certs/gts1c3.der0,,,,regex_match_no_context
case1,regex_baseline,url,ascii,160876935,http://crls.pki.goog/gts1c3/fVJxbV-Ktmk.crl0,http://crls.pki.goog/gts1c3/fVJxbV-Ktmk.crl0,,,,regex_match_no_context
case1,regex_baseline,url,ascii,160911512,https://csp.withgoogle.com/csp/report-to/gws/other,https://csp.withgoogle.com/csp/report-to/gws/other,,,,regex_match_no_context
case1,regex_baseline,url,ascii,163643656,https://www.youtube.com/app_shell_home,https://www.youtube.com/app_shell_home,,,,regex_match_no_context
case1,regex_baseline,url,ascii,163644725,https://www.youtube.com/s/desktop/cd64ce7e/img/favicon.ico,https://www.youtube.com/s/desktop/cd64ce7e/img/favicon.ico,,,,regex_match_no_context
case1,regex_baseline,url,ascii,164020134,https://www.google.com.na/,https://www.google.com.na,,,,regex_match_no_context
case1,regex_baseline,url,ascii,164063334,http://www.google.com/chrome,http://www.google.com/chrome,,,,regex_match_no_context
case1,regex_baseline,url,ascii,164064006,http://google.com/chrome,http://google.com/chrome,,,,regex_match_no_context
case1,regex_baseline,url,ascii,164095494,https://www.google.com/search,https://www.google.com/search,,,,regex_match_no_context
case1,regex_baseline,url,ascii,164480710,https://www.google.com/search?gs_ssp=eJzj4tTP1TewzEouK1ZgNGB0YPBir8wvLSlNSgUAUQAG7g&q=youtube&oq=youtube.com&sourceid=chrome&ie=UTF-8,https://www.google.com/search?gs_ssp=eJzj4tTP1TewzEouK1ZgNGB0YPBir8wvLSlNSgUAUQAG7g&q=youtube&oq=youtube.com&sourceid=chrome&ie=UTF-8,,,,regex_match_no_context
case1,regex_baseline,url,ascii,164484662,https://www.google.com/search?gs_ssp=eJzj4tTP1TewzEouK1ZgNGB0YPBir8wvLSlNSgUAUQAG7g&q=youtube&oq=youtube.co&sourceid=chrome&ie=UTF-8,https://www.google.com/search?gs_ssp=eJzj4tTP1TewzEouK1ZgNGB0YPBir8wvLSlNSgUAUQAG7g&q=youtube&oq=youtube.co&sourceid=chrome&ie=UTF-8,,,,regex_match_no_context
case1,regex_baseline,url,ascii,164625094,https://www.google.com/async/newtab_promos,https://www.google.com/async/newtab_promos,,,,regex_match_no_context
case1,regex_baseline,url,ascii,167244729,http://ocsp.pki.goog/gtsr100,http://ocsp.pki.goog/gtsr100,,,,regex_match_no_context
case1,regex_baseline,url,ascii,167244769,http://pki.goog/repo/certs/gtsr1.der04,http://pki.goog/repo/certs/gtsr1.der04,,,,regex_match_no_context
case1,regex_baseline,url,ascii,167244824,http://crl.pki.goog/gtsr1/gtsr1.crl0W,http://crl.pki.goog/gtsr1/gtsr1.crl0W,,,,regex_match_no_context
case1,regex_baseline,url,ascii,167244900,https://pki.goog/repository/0,https://pki.goog/repository/0,,,,regex_match_no_context
case1,regex_baseline,url,ascii,167258792,http://crl.pki.goog/gtsr1/gtsr1.crl0M,http://crl.pki.goog/gtsr1/gtsr1.crl0M,,,,regex_match_no_context
case1,regex_baseline,url,utf-16le,164029734,http://www.,http://www.,,,,regex_match_no_context
case1,regex_baseline,url,utf-16le,164030502,https://www.,https://www.,,,,regex_match_no_context
case1,regex_baseline,url,ascii,168739894,http://dl.google.com/release2/chrome_component/fss2pujtrfkst6uy373bjtjbye_535/efniojlnjndmcbiieegkicadnoecjjef_535_all_adgyvb2iwwezldf57xqw46lyar7a.crx3,http://dl.google.com/release2/chrome_component/fss2pujtrfkst6uy373bjtjbye_535/efniojlnjndmcbiieegkicadnoecjjef_535_all_adgyvb2iwwezldf57xqw46lyar7a.crx3,,,,regex_match_no_context
case1,regex_baseline,url,ascii,168742806,https://dl.google.com/release2/chrome_component/fss2pujtrfkst6uy373bjtjbye_535/efniojlnjndmcbiieegkicadnoecjjef_535_all_adgyvb2iwwezldf57xqw46lyar7a.crx3,https://dl.google.com/release2/chrome_component/fss2pujtrfkst6uy373bjtjbye_535/efniojlnjndmcbiieegkicadnoecjjef_535_all_adgyvb2iwwezldf57xqw46lyar7a.crx3,,,,regex_match_no_context
case1,regex_baseline,url,ascii,168744374,http://www.google.com/dl/release2/chrome_component/fss2pujtrfkst6uy373bjtjbye_535/efniojlnjndmcbiieegkicadnoecjjef_535_all_adgyvb2iwwezldf57xqw46lyar7a.crx3,http://www.google.com/dl/release2/chrome_component/fss2pujtrfkst6uy373bjtjbye_535/efniojlnjndmcbiieegkicadnoecjjef_535_all_adgyvb2iwwezldf57xqw46lyar7a.crx3,,,,regex_match_no_context
case1,regex_baseline,url,ascii,168767222,http://dl.google.com/release2/chrome_component/acjchyrmyhzjirsi2ww2h7iw4d3q_7920/hfnkpimlhhgieaddgfemjhofmfblmnib_7920_all_fqcy67ngq7bi6vpmvthfl4nhea.crx3,http://dl.google.com/release2/chrome_component/acjchyrmyhzjirsi2ww2h7iw4d3q_7920/hfnkpimlhhgieaddgfemjhofmfblmnib_7920_all_fqcy67ngq7bi6vpmvthfl4nhea.crx3,,,,regex_match_no_context
case1,regex_baseline,url,ascii,168767446,https://dl.google.com/release2/chrome_component/acjchyrmyhzjirsi2ww2h7iw4d3q_7920/hfnkpimlhhgieaddgfemjhofmfblmnib_7920_all_fqcy67ngq7bi6vpmvthfl4nhea.crx3,https://dl.google.com/release2/chrome_component/acjchyrmyhzjirsi2ww2h7iw4d3q_7920/hfnkpimlhhgieaddgfemjhofmfblmnib_7920_all_fqcy67ngq7bi6vpmvthfl4nhea.crx3,,,,regex_match_no_context
case1,regex_baseline,url,ascii,168769686,https://www.google.com/dl/release2/chrome_component/acjchyrmyhzjirsi2ww2h7iw4d3q_7920/hfnkpimlhhgieaddgfemjhofmfblmnib_7920_all_fqcy67ngq7bi6vpmvthfl4nhea.crx3,https://www.google.com/dl/release2/chrome_component/acjchyrmyhzjirsi2ww2h7iw4d3q_7920/hfnkpimlhhgieaddgfemjhofmfblmnib_7920_all_fqcy67ngq7bi6vpmvthfl4nhea.crx3,,,,regex_match_no_context
case1,regex_baseline,url,ascii,168770582,https://www.google.com/dl/release2/chrome_component/fss2pujtrfkst6uy373bjtjbye_535/efniojlnjndmcbiieegkicadnoecjjef_535_all_adgyvb2iwwezldf57xqw46lyar7a.crx3,https://www.google.com/dl/release2/chrome_component/fss2pujtrfkst6uy373bjtjbye_535/efniojlnjndmcbiieegkicadnoecjjef_535_all_adgyvb2iwwezldf57xqw46lyar7a.crx3,,,,regex_match_no_context
case1,regex_baseline,url,ascii,168774614,http://www.google.com/dl/release2/chrome_component/acjchyrmyhzjirsi2ww2h7iw4d3q_7920/hfnkpimlhhgieaddgfemjhofmfblmnib_7920_all_fqcy67ngq7bi6vpmvthfl4nhea.crx3,http://www.google.com/dl/release2/chrome_component/acjchyrmyhzjirsi2ww2h7iw4d3q_7920/hfnkpimlhhgieaddgfemjhofmfblmnib_7920_all_fqcy67ngq7bi6vpmvthfl4nhea.crx3,,,,regex_match_no_context
case1,regex_baseline,url,ascii,168884598,http://google.com/search?q=www.google.com.usa&sourceid=chrome&ie=UTF-8,http://google.com/search?q=www.google.com.usa&sourceid=chrome&ie=UTF-8,,,,regex_match_no_context
case1,regex_baseline,url,ascii,168884886,http://google.com/search?q=www.google.com+map&sourceid=chrome&ie=UTF-8,http://google.com/search?q=www.google.com+map&sourceid=chrome&ie=UTF-8,,,,regex_match_no_context
case1,regex_baseline,url,ascii,168928086,https://www.google.com/search?q=www.google.com&sourceid=chrome&ie=UTF-8,https://www.google.com/search?q=www.google.com&sourceid=chrome&ie=UTF-8,,,,regex_match_no_context
case1,regex_baseline,url,ascii,168979494,http://google.com/search?q=www.google.com&sourceid=chrome&ie=UTF-8,http://google.com/search?q=www.google.com&sourceid=chrome&ie=UTF-8,,,,regex_match_no_context
case1,regex_baseline,url,ascii,169604982,https://www.google.com/search?q=www.google.com%EC%9D%B4(%EA%B0%80)+%EC%B0%A8%EB%8B%A8%EB%90%A8&oq=www.google.com&sourceid=chrome&ie=UTF-8,https://www.google.com/search?q=www.google.com%EC%9D%B4(%EA%B0%80)+%EC%B0%A8%EB%8B%A8%EB%90%A8&oq=www.google.com&sourceid=chrome&ie=UTF-8,,,,regex_match_no_context
case1,regex_baseline,url,ascii,170447398,https://www.google.com/manifest?pwa=webhp,https://www.google.com/manifest?pwa=webhp,,,,regex_match_no_context
case1,regex_baseline,url,ascii,170723350,http://google.com/search?q=www.google.com%EC%97%90%EC%84%9C+%EC%97%B0%EA%B2%B0%EC%9D%84+%EA%B1%B0%EB%B6%80%ED%96%88%EC%8A%B5%EB%8B%88%EB%8B%A4&sourceid=chrome&ie=UTF-8,http://google.com/search?q=www.google.com%EC%97%90%EC%84%9C+%EC%97%B0%EA%B2%B0%EC%9D%84+%EA%B1%B0%EB%B6%80%ED%96%88%EC%8A%B5%EB%8B%88%EB%8B%A4&sourceid=chrome&ie=UTF-8,,,,regex_match_no_context
case1,regex_baseline,url,ascii,171252678,https://www.google.com/search?q=www.google.com%EC%97%90%EC%84%9C+%EC%97%B0%EA%B2%B0%EC%9D%84+%EA%B1%B0%EB%B6%80%ED%96%88%EC%8A%B5%EB%8B%88%EB%8B%A4&oq=www.google.com&sourceid=chrome&ie=UTF-8,https://www.google.com/search?q=www.google.com%EC%97%90%EC%84%9C+%EC%97%B0%EA%B2%B0%EC%9D%84+%EA%B1%B0%EB%B6%80%ED%96%88%EC%8A%B5%EB%8B%88%EB%8B%A4&oq=www.google.com&sourceid=chrome&ie=UTF-8,,,,regex_match_no_context
case1,regex_baseline,url,ascii,171391494,https://www.google.com/pagead/lvz?evtid=AC6ezLjE9vs_zbFT8d9uPjKc01e7I0RuerqRSanpWp3tPJv0hEhe5dtVdr_CPG9p9Y_0_aPxj1uExQcS1LLYkP61f_Q0mo3utg&req_ts=1679277848&pg=MainAppBootstrap%3AHome&az=1&sigh=AJT_CifL7geF8tbF8B_6hdZqOT1TFKlegw,https://www.google.com/pagead/lvz?evtid=AC6ezLjE9vs_zbFT8d9uPjKc01e7I0RuerqRSanpWp3tPJv0hEhe5dtVdr_CPG9p9Y_0_aPxj1uExQcS1LLYkP61f_Q0mo3utg&req_ts=1679277848&pg=MainAppBootstrap%3AHome&az=1&sigh=AJT_CifL7geF8tbF8B_6hdZqOT1TFKlegw,,,,regex_match_no_context
case1,regex_baseline,url,ascii,171391798,https://www.google.co.kr/pagead/lvz?evtid=AC6ezLjE9vs_zbFT8d9uPjKc01e7I0RuerqRSanpWp3tPJv0hEhe5dtVdr_CPG9p9Y_0_aPxj1uExQcS1LLYkP61f_Q0mo3utg&req_ts=1679277848&pg=MainAppBootstrap%3AHome&az=1&sigh=AJT_CifL7geF8tbF8B_6hdZqOT1TFKlegw,https://www.google.co.kr/pagead/lvz?evtid=AC6ezLjE9vs_zbFT8d9uPjKc01e7I0RuerqRSanpWp3tPJv0hEhe5dtVdr_CPG9p9Y_0_aPxj1uExQcS1LLYkP61f_Q0mo3utg&req_ts=1679277848&pg=MainAppBootstrap%3AHome&az=1&sigh=AJT_CifL7geF8tbF8B_6hdZqOT1TFKlegw,,,,regex_match_no_context
case1,regex_baseline,url,ascii,171580310,http://google.com/search?q=www.google.com%EC%9D%B4(%EA%B0%80)+%EC%B0%A8%EB%8B%A8%EB%90%A8&sourceid=chrome&ie=UTF-8,http://google.com/search?q=www.google.com%EC%9D%B4(%EA%B0%80)+%EC%B0%A8%EB%8B%A8%EB%90%A8&sourceid=chrome&ie=UTF-8,,,,regex_match_no_context
case1,regex_baseline,url,ascii,172705830,https://www.googleapis.com/auth/chrome-safe-browsing,https://www.googleapis.com/auth/chrome-safe-browsing,,,,regex_match_no_context
case1,regex_baseline,url,ascii,172794150,https://content-autofill.googleapis.com/,https://content-autofill.googleapis.com,,,,regex_match_no_context
case1,regex_baseline,url,ascii,173233142,https://encrypted-tbn0.gstatic.com/images?q=tbn:ANd9GcSVxylb2pZQtAccxy2BDz9cCKbqMchTsEreyPE_gjM&s=10,https://encrypted-tbn0.gstatic.com/images?q=tbn:ANd9GcSVxylb2pZQtAccxy2BDz9cCKbqMchTsEreyPE_gjM&s=10,,,,regex_match_no_context
case1,regex_baseline,url,ascii,173950715,http://crls.pki.goo,http://crls.pki.goo,,,,regex_match_no_context
case1,regex_baseline,url,ascii,175722614,https://github.com/signup,https://github.com/signup,,,,regex_match_no_context
case1,regex_baseline,url,ascii,175801334,http://youtube.com/premium,http://youtube.com/premium,,,,regex_match_no_context
case1,regex_baseline,url,ascii,175808246,http://youtube.com/activate,http://youtube.com/activate,,,,regex_match_no_context
case1,regex_baseline,url,ascii,175814102,https://github.com/search,https://github.com/search,,,,regex_match_no_context
case1,regex_baseline,url,ascii,175938102,https://www.google.com/search?q=chrome&oq=chro&sourceid=chrome&ie=UTF-8,https://www.google.com/search?q=chrome&oq=chro&sourceid=chrome&ie=UTF-8,,,,regex_match_no_context
case1,regex_baseline,url,ascii,175938246,https://www.google.com/search?q=youtube+api&oq=youtube&sourceid=chrome&ie=UTF-8,https://www.google.com/search?q=youtube+api&oq=youtube&sourceid=chrome&ie=UTF-8,,,,regex_match_no_context
case1,regex_baseline,url,ascii,175938534,https://www.google.com/search?q=youtube.c&sourceid=chrome&ie=UTF-8,https://www.google.com/search?q=youtube.c&sourceid=chrome&ie=UTF-8,,,,regex_match_no_context
case1,regex_baseline,url,ascii,175952358,https://www.google.com/search?q=github.com&sourceid=chrome&ie=UTF-8,https://www.google.com/search?q=github.com&sourceid=chrome&ie=UTF-8,,,,regex_match_no_context
case1,regex_baseline,url,ascii,176013702,https://www.google.com/search?q=github.io&oq=github.co&sourceid=chrome&ie=UTF-8,https://www.google.com/search?q=github.io&oq=github.co&sourceid=chrome&ie=UTF-8,,,,regex_match_no_context
case1,regex_baseline,url,ascii,176039334,https://www.google.com/search?q=chrome+download&sourceid=chrome&ie=UTF-8,https://www.google.com/search?q=chrome+download&sourceid=chrome&ie=UTF-8,,,,regex_match_no_context
case1,regex_baseline,url,ascii,176042646,https://www.google.com/search?q=chrome&oq=chr&sourceid=chrome&ie=UTF-8,https://www.google.com/search?q=chrome&oq=chr&sourceid=chrome&ie=UTF-8,,,,regex_match_no_context
case1,regex_baseline,url,ascii,176050854,https://www.google.com/search?q=christmas+movies&sourceid=chrome&ie=UTF-8,https://www.google.com/search?q=christmas+movies&sourceid=chrome&ie=UTF-8,,,,regex_match_no_context
case1,regex_baseline,url,ascii,176060214,http://google.com/search?q=github.com+vscode&sourceid=chrome&ie=UTF-8,http://google.com/search?q=github.com+vscode&sourceid=chrome&ie=UTF-8,,,,regex_match_no_context
case1,regex_baseline,url,ascii,176080230,https://www.google.com/search?q=youtube&oq=youtube.com&sourceid=chrome&ie=UTF-8,https://www.google.com/search?q=youtube&oq=youtube.com&sourceid=chrome&ie=UTF-8,,,,regex_match_no_context
case1,regex_baseline,url,ascii,176103702,https://www.google.com/search?q=github.io&oq=github.c&sourceid=chrome&ie=UTF-8,https://www.google.com/search?q=github.io&oq=github.c&sourceid=chrome&ie=UTF-8,,,,regex_match_no_context
case1,regex_baseline,url,ascii,176103846,https://www.google.com/search?q=gitlab&oq=git&sourceid=chrome&ie=UTF-8,https://www.google.com/search?q=gitlab&oq=git&sourceid=chrome&ie=UTF-8,,,,regex_match_no_context
case1,regex_baseline,url,ascii,176104278,https://www.google.com/search?q=google+scholar&oq=gi&sourceid=chrome&ie=UTF-8,https://www.google.com/search?q=google+scholar&oq=gi&sourceid=chrome&ie=UTF-8,,,,regex_match_no_context
case1,regex_baseline,url,ascii,176104422,https://www.google.com/search?q=git&oq=gith&sourceid=chrome&ie=UTF-8,https://www.google.com/search?q=git&oq=gith&sourceid=chrome&ie=UTF-8,,,,regex_match_no_context
case1,regex_baseline,url,ascii,176104710,https://www.google.com/search?q=gitlab&oq=gith&sourceid=chrome&ie=UTF-8,https://www.google.com/search?q=gitlab&oq=gith&sourceid=chrome&ie=UTF-8,,,,regex_match_no_context
case1,regex_baseline,url,ascii,176104854,https://www.google.com/search?q=github.sha&oq=github.c&sourceid=chrome&ie=UTF-8,https://www.google.com/search?q=github.sha&oq=github.c&sourceid=chrome&ie=UTF-8,,,,regex_match_no_context
case1,regex_baseline,url,ascii,176105430,https://www.google.com/search?q=github+action&oq=githu&sourceid=chrome&ie=UTF-8,https://www.google.com/search?q=github+action&oq=githu&sourceid=chrome&ie=UTF-8,,,,regex_match_no_context
case1,regex_baseline,url,ascii,176105862,https://www.google.com/search?q=github+token&oq=github&sourceid=chrome&ie=UTF-8,https://www.google.com/search?q=github+token&oq=github&sourceid=chrome&ie=UTF-8,,,,regex_match_no_context
case1,regex_baseline,url,ascii,176106006,https://www.google.com/search?q=gif&oq=git&sourceid=chrome&ie=UTF-8,https://www.google.com/search?q=gif&oq=git&sourceid=chrome&ie=UTF-8,,,,regex_match_no_context
case1,regex_baseline,url,ascii,176106150,https://www.google.com/search?q=github.co&sourceid=chrome&ie=UTF-8,https://www.google.com/search?q=github.co&sourceid=chrome&ie=UTF-8,,,,regex_match_no_context
case1,regex_baseline,url,ascii,176106438,https://www.google.com/search?q=github.c&sourceid=chrome&ie=UTF-8,https://www.google.com/search?q=github.c&sourceid=chrome&ie=UTF-8,,,,regex_match_no_context
case1,regex_baseline,url,ascii,176107302,https://www.google.com/search?q=ghidra+github&oq=gi&sourceid=chrome&ie=UTF-8,https://www.google.com/search?q=ghidra+github&oq=gi&sourceid=chrome&ie=UTF-8,,,,regex_match_no_context
case1,regex_baseline,url,ascii,176108022,https://www.google.com/search?q=gadget&oq=gi&sourceid=chrome&ie=UTF-8,https://www.google.com/search?q=gadget&oq=gi&sourceid=chrome&ie=UTF-8,,,,regex_match_no_context
case1,regex_baseline,url,ascii,176109030,https://www.google.com/search?q=github+desktop&oq=git&sourceid=chrome&ie=UTF-8,https://www.google.com/search?q=github+desktop&oq=git&sourceid=chrome&ie=UTF-8,,,,regex_match_no_context
case1,regex_baseline,url,ascii,176110326,https://www.google.com/search?q=github+desktop&oq=gith&sourceid=chrome&ie=UTF-8,https://www.google.com/search?q=github+desktop&oq=gith&sourceid=chrome&ie=UTF-8,,,,regex_match_no_context
case1,regex_baseline,url,ascii,176111622,https://www.google.com/search?q=github.&sourceid=chrome&ie=UTF-8,https://www.google.com/search?q=github.&sourceid=chrome&ie=UTF-8,,,,regex_match_no_context
case1,regex_baseline,url,ascii,176116230,https://www.google.com/search?q=chrome+web+store&sourceid=chrome&ie=UTF-8,https://www.google.com/search?q=chrome+web+store&sourceid=chrome&ie=UTF-8,,,,regex_match_no_context
case1,regex_baseline,url,ascii,176117094,https://www.google.com/search?q=chrome+dino&sourceid=chrome&ie=UTF-8,https://www.google.com/search?q=chrome+dino&sourceid=chrome&ie=UTF-8,,,,regex_match_no_context
case1,regex_baseline,url,ascii,176121414,https://www.google.com/search?q=chrome+remote+desktop&sourceid=chrome&ie=UTF-8,https://www.google.com/search?q=chrome+remote+desktop&sourceid=chrome&ie=UTF-8,,,,regex_match_no_context
case1,regex_baseline,url,ascii,176122278,https://www.google.com/search?q=christmas&oq=chro&sourceid=chrome&ie=UTF-8,https://www.google.com/search?q=christmas&oq=chro&sourceid=chrome&ie=UTF-8,,,,regex_match_no_context
case1,regex_baseline,url,ascii,176122710,https://www.google.com/search?q=chromedriver&sourceid=chrome&ie=UTF-8,https://www.google.com/search?q=chromedriver&sourceid=chrome&ie=UTF-8,,,,regex_match_no_context
case1,regex_baseline,url,ascii,176124438,https://www.google.com/search?q=chromedriver&oq=chro&sourceid=chrome&ie=UTF-8,https://www.google.com/search?q=chromedriver&oq=chro&sourceid=chrome&ie=UTF-8,,,,regex_match_no_context
case1,regex_baseline,url,ascii,176126166,https://www.google.com/search?q=christian&sourceid=chrome&ie=UTF-8,https://www.google.com/search?q=christian&sourceid=chrome&ie=UTF-8,,,,regex_match_no_context
case1,regex_baseline,url,ascii,176126310,https://www.google.com/search?q=chrome%2F%2Fflags&sourceid=chrome&ie=UTF-8,https://www.google.com/search?q=chrome%2F%2Fflags&sourceid=chrome&ie=UTF-8,,,,regex_match_no_context
case1,regex_baseline,url,ascii,176126454,https://www.google.com/search?q=christian&oq=chro&sourceid=chrome&ie=UTF-8,https://www.google.com/search?q=christian&oq=chro&sourceid=chrome&ie=UTF-8,,,,regex_match_no_context
case1,regex_baseline,url,ascii,176130774,https://www.google.com/search?q=christmas&sourceid=chrome&ie=UTF-8,https://www.google.com/search?q=christmas&sourceid=chrome&ie=UTF-8,,,,regex_match_no_context
case1,regex_baseline,url,ascii,176133366,https://www.google.com/search?q=chrome+download&oq=chr&sourceid=chrome&ie=UTF-8,https://www.google.com/search?q=chrome+download&oq=chr&sourceid=chrome&ie=UTF-8,,,,regex_match_no_context
case1,regex_baseline,url,ascii,176134230,https://www.google.com/search?q=christian&oq=chr&sourceid=chrome&ie=UTF-8,https://www.google.com/search?q=christian&oq=chr&sourceid=chrome&ie=UTF-8,,,,regex_match_no_context
case1,regex_baseline,url,ascii,176137398,https://www.google.com/search?q=chromedriver&oq=chr&sourceid=chrome&ie=UTF-8,https://www.google.com/search?q=chromedriver&oq=chr&sourceid=chrome&ie=UTF-8,,,,regex_match_no_context
case1,regex_baseline,url,ascii,176141430,https://www.google.com/search?q=chrome+hearts&sourceid=chrome&ie=UTF-8,https://www.google.com/search?q=chrome+hearts&sourceid=chrome&ie=UTF-8,,,,regex_match_no_context
case1,regex_baseline,url,ascii,176143446,https://www.google.com/search?q=youtube&sourceid=chrome&ie=UTF-8,https://www.google.com/search?q=youtube&sourceid=chrome&ie=UTF-8,,,,regex_match_no_context
case1,regex_baseline,url,ascii,176145030,https://www.google.com/search?q=youtube+mp3&oq=youtube&sourceid=chrome&ie=UTF-8,https://www.google.com/search?q=youtube+mp3&oq=youtube&sourceid=chrome&ie=UTF-8,,,,regex_match_no_context
case1,regex_baseline,url,ascii,176145606,https://www.google.com/search?q=chrome+heart+glasses&sourceid=chrome&ie=UTF-8,https://www.google.com/search?q=chrome+heart+glasses&sourceid=chrome&ie=UTF-8,,,,regex_match_no_context
case1,regex_baseline,url,ascii,176146758,https://www.google.com/search?q=youtube+tv&sourceid=chrome&ie=UTF-8,https://www.google.com/search?q=youtube+tv&sourceid=chrome&ie=UTF-8,,,,regex_match_no_context
case1,regex_baseline,url,ascii,176147334,https://www.google.com/search?q=youtube+theater&sourceid=chrome&ie=UTF-8,https://www.google.com/search?q=youtube+theater&sourceid=chrome&ie=UTF-8,,,,regex_match_no_context
case1,regex_baseline,url,ascii,176149926,https://www.google.com/search?q=costco+near+me&sourceid=chrome&ie=UTF-8,https://www.google.com/search?q=costco+near+me&sourceid=chrome&ie=UTF-8,,,,regex_match_no_context
case1,regex_baseline,url,ascii,176150358,https://www.google.com/search?q=costco+nampa&sourceid=chrome&ie=UTF-8,https://www.google.com/search?q=costco+nampa&sourceid=chrome&ie=UTF-8,,,,regex_match_no_context
case1,regex_baseline,url,ascii,176152374,https://www.google.com/search?q=chat+gpt&oq=chr&sourceid=chrome&ie=UTF-8,https://www.google.com/search?q=chat+gpt&oq=chr&sourceid=chrome&ie=UTF-8,,,,regex_match_no_context
case1,regex_baseline,url,ascii,176155974,https://www.google.com/search?q=chrome+flags&oq=chro&sourceid=chrome&ie=UTF-8,https://www.google.com/search?q=chrome+flags&oq=chro&sourceid=chrome&ie=UTF-8,,,,regex_match_no_context
case1,regex_baseline,url,ascii,176157558,https://www.google.com/search?q=chrome+flags&sourceid=chrome&ie=UTF-8,https://www.google.com/search?q=chrome+flags&sourceid=chrome&ie=UTF-8,,,,regex_match_no_context
case1,regex_baseline,url,ascii,176160870,http://google.com/search?q=chrome+download&sourceid=chrome&ie=UTF-8,http://google.com/search?q=chrome+download&sourceid=chrome&ie=UTF-8,,,,regex_match_no_context
case1,regex_baseline,url,ascii,176169654,https://www.google.com/search?q=chromium.org&sourceid=chrome&ie=UTF-8,https://www.google.com/search?q=chromium.org&sourceid=chrome&ie=UTF-8,,,,regex_match_no_context
case1,regex_baseline,url,ascii,176186790,https://www.google.com/search?q=youtube+tv+login&sourceid=chrome&ie=UTF-8,https://www.google.com/search?q=youtube+tv+login&sourceid=chrome&ie=UTF-8,,,,regex_match_no_context
case1,regex_baseline,url,ascii,176186934,https://www.google.com/search?q=youtube+api&oq=youtub&sourceid=chrome&ie=UTF-8,https://www.google.com/search?q=youtube+api&oq=youtub&sourceid=chrome&ie=UTF-8,,,,regex_match_no_context
case1,regex_baseline,url,ascii,176187078,https://www.google.com/search?q=yourgg&oq=yout&sourceid=chrome&ie=UTF-8,https://www.google.com/search?q=yourgg&oq=yout&sourceid=chrome&ie=UTF-8,,,,regex_match_no_context
case1,regex_baseline,url,ascii,176187222,https://www.google.com/search?q=youtube+mp3&oq=yout&sourceid=chrome&ie=UTF-8,https://www.google.com/search?q=youtube+mp3&oq=yout&sourceid=chrome&ie=UTF-8,,,,regex_match_no_context
case1,regex_baseline,url,ascii,176187366,https://www.google.com/search?q=youtube+studio&oq=yout&sourceid=chrome&ie=UTF-8,https://www.google.com/search?q=youtube+studio&oq=yout&sourceid=chrome&ie=UTF-8,,,,regex_match_no_context
case1,regex_baseline,url,ascii,176187510,https://www.google.com/search?q=youtube+music&oq=youtu&sourceid=chrome&ie=UTF-8,https://www.google.com/search?q=youtube+music&oq=youtu&sourceid=chrome&ie=UTF-8,,,,regex_match_no_context
case1,regex_baseline,url,ascii,176190246,https://www.google.com/search?q=youtube+music&oq=yout&sourceid=chrome&ie=UTF-8,https://www.google.com/search?q=youtube+music&oq=yout&sourceid=chrome&ie=UTF-8,,,,regex_match_no_context
case1,regex_baseline,url,ascii,176196582,https://www.google.com/search?q=youtube+mp3&oq=youtu&sourceid=chrome&ie=UTF-8,https://www.google.com/search?q=youtube+mp3&oq=youtu&sourceid=chrome&ie=UTF-8,,,,regex_match_no_context
case1,regex_baseline,url,ascii,176196726,https://www.google.com/search?q=youtube+mp3&oq=youtub&sourceid=chrome&ie=UTF-8,https://www.google.com/search?q=youtube+mp3&oq=youtub&sourceid=chrome&ie=UTF-8,,,,regex_match_no_context
case1,regex_baseline,url,ascii,176197014,https://www.google.com/search?q=yourgg&oq=youtu&sourceid=chrome&ie=UTF-8,https://www.google.com/search?q=yourgg&oq=youtu&sourceid=chrome&ie=UTF-8,,,,regex_match_no_context
case1,regex_baseline,url,ascii,176306646,http://support.google.com/accounts/answer/151657?hl=ko,http://support.google.com/accounts/answer/151657?hl=ko,,,,regex_match_no_context
case1,regex_baseline,url,ascii,176306981,https://csp.withgoogle.com/csp/report-to/youtube_main,https://csp.withgoogle.com/csp/report-to/youtube_main,,,,regex_match_no_context
case1,regex_baseline,url,ascii,176359814,https://www.google.com/search?q=youtube+summary+with+chatgpt&oq=youtube.c&sourceid=chrome&ie=UTF-8,https://www.google.com/search?q=youtube+summary+with+chatgpt&oq=youtube.c&sourceid=chrome&ie=UTF-8,,,,regex_match_no_context
case1,regex_baseline,url,ascii,176393632,https://csp.withgoogle.com/csp/clientupdate-aus/1,https://csp.withgoogle.com/csp/clientupdate-aus/1,,,,regex_match_no_context
case1,regex_baseline,url,ascii,176749110,http://google.com/search?q=youtube.com&sourceid=chrome&ie=UTF-8,http://google.com/search?q=youtube.com&sourceid=chrome&ie=UTF-8,,,,regex_match_no_context
case1,regex_baseline,url,ascii,177121237,https://www.youtube.com/s/desktop/9318de79/img/favicon.ico$,https://www.youtube.com/s/desktop/9318de79/img/favicon.ico$,,,,regex_match_no_context
case1,regex_baseline,url,ascii,179309030,https://ogs.google.com/_/OneGoogleWidgetUi/cspreport/allowlist,https://ogs.google.com/_/OneGoogleWidgetUi/cspreport/allowlist,,,,regex_match_no_context
case1,regex_baseline,url,ascii,179309414,https://ogs.google.com/_/OneGoogleWidgetUi/cspreport,https://ogs.google.com/_/OneGoogleWidgetUi/cspreport,,,,regex_match_no_context
case1,regex_baseline,url,ascii,179907926,https://www.google.com/search?gs_ssp=eJzj4tVP1zc0TEszTksqMTI0YPRiqcwvLQUAQawGLg&q=youu&oq=youtu&sourceid=chrome&ie=UTF-8,https://www.google.com/search?gs_ssp=eJzj4tVP1zc0TEszTksqMTI0YPRiqcwvLQUAQawGLg&q=youu&oq=youtu&sourceid=chrome&ie=UTF-8,,,,regex_match_no_context
case1,regex_baseline,url,ascii,179974013,https://www.google-analytics.com,https://www.google-analytics.com,,,,regex_match_no_context
case1,regex_baseline,url,ascii,180053246,http://crls.pki.goog/gts1c3/zdATt0Ex_Fk.crl0,http://crls.pki.goog/gts1c3/zdATt0Ex_Fk.crl0,,,,regex_match_no_context
case1,regex_baseline,url,ascii,180070282,http://crl3.digicert.com/DigiCertTLSRSASHA2562020CA1-4.crl0@,http://crl3.digicert.com/DigiCertTLSRSASHA2562020CA1-4.crl0@,,,,regex_match_no_context
case1,regex_baseline,url,ascii,180070348,http://crl4.digicert.com/DigiCertTLSRSASHA2562020CA1-4.crl0,http://crl4.digicert.com/DigiCertTLSRSASHA2562020CA1-4.crl0,,,,regex_match_no_context
case1,regex_baseline,url,ascii,180070500,http://ocsp.digicert.com0I,http://ocsp.digicert.com0i,,,,regex_match_no_context
case1,regex_baseline,url,ascii,180070538,http://cacerts.digicert.com/DigiCertTLSRSASHA2562020CA1-1.crt0,http://cacerts.digicert.com/DigiCertTLSRSASHA2562020CA1-1.crt0,,,,regex_match_no_context
case1,regex_baseline,url,ascii,181564166,https://encrypted-tbn0.gstatic.com/images?q=tbn:ANd9GcTeY_6rnLtJTNLfLusJNwwSMfBiwWSOoA8XFfbZ9Qw8T28cx4ZLQ77FjnaH&s=10,https://encrypted-tbn0.gstatic.com/images?q=tbn:ANd9GcTeY_6rnLtJTNLfLusJNwwSMfBiwWSOoA8XFfbZ9Qw8T28cx4ZLQ77FjnaH&s=10,,,,regex_match_no_context
case1,regex_baseline,url,ascii,182062902,https://www.google.com/search?gs_ssp=eJzj4tVP1zc0zDKptEhLzk4xYPTiTs4oys9NVUjJzMsHAHoXCPQ&q=chrome+dino&oq=chro&sourceid=chrome&ie=UTF-8,https://www.google.com/search?gs_ssp=eJzj4tVP1zc0zDKptEhLzk4xYPTiTs4oys9NVUjJzMsHAHoXCPQ&q=chrome+dino&oq=chro&sourceid=chrome&ie=UTF-8,,,,regex_match_no_context
case1,regex_baseline,url,ascii,195556825,http://www.microsoft.com/pki/certs/MicrosoftTimeStampPCA.crt0,http://www.microsoft.com/pki/certs/MicrosoftTimeStampPCA.crt0,,,,regex_match_no_context
case1,regex_baseline,url,ascii,195559567,http://crl.microsoft.com/pki/crl/products/microsoftrootcert.crl0T,http://crl.microsoft.com/pki/crl/products/microsoftrootcert.crl0T,,,,regex_match_no_context
case1,regex_baseline,url,ascii,195562524,http://www.microsoft.com/Typography,http://www.microsoft.com/Typography,,,,regex_match_no_context
case1,regex_baseline,url,ascii,199819014,https://www.google.com/search?q=chrome+download&oq=chro&sourceid=chrome&ie=UTF-8,https://www.google.com/search?q=chrome+download&oq=chro&sourceid=chrome&ie=UTF-8,,,,regex_match_no_context
case1,regex_baseline,url,ascii,199822694,https://www.google.com/search?q=youtube+music&oq=youtub&sourceid=chrome&ie=UTF-8,https://www.google.com/search?q=youtube+music&oq=youtub&sourceid=chrome&ie=UTF-8,,,,regex_match_no_context
case1,regex_baseline,url,ascii,199822854,https://www.google.com/search?q=youtube+studio&oq=youtube&sourceid=chrome&ie=UTF-8,https://www.google.com/search?q=youtube+studio&oq=youtube&sourceid=chrome&ie=UTF-8,,,,regex_match_no_context
case1,regex_baseline,url,ascii,199823334,https://www.google.com/search?q=youtube+studio&oq=youtub&sourceid=chrome&ie=UTF-8,https://www.google.com/search?q=youtube+studio&oq=youtub&sourceid=chrome&ie=UTF-8,,,,regex_match_no_context
case1,regex_baseline,url,ascii,199824294,https://www.google.com/search?q=youtube+vanced&oq=youtube.c&sourceid=chrome&ie=UTF-8,https://www.google.com/search?q=youtube+vanced&oq=youtube.c&sourceid=chrome&ie=UTF-8,,,,regex_match_no_context
case1,regex_baseline,url,ascii,199824774,https://www.google.com/search?q=youtube+music&oq=youtube.c&sourceid=chrome&ie=UTF-8,https://www.google.com/search?q=youtube+music&oq=youtube.c&sourceid=chrome&ie=UTF-8,,,,regex_match_no_context
case1,regex_baseline,url,ascii,199825254,https://www.google.com/search?q=youtube+vanced&oq=youtube&sourceid=chrome&ie=UTF-8,https://www.google.com/search?q=youtube+vanced&oq=youtube&sourceid=chrome&ie=UTF-8,,,,regex_match_no_context
case1,regex_baseline,url,ascii,199825414,https://www.google.com/search?q=youtube+studio&oq=youtu&sourceid=chrome&ie=UTF-8,https://www.google.com/search?q=youtube+studio&oq=youtu&sourceid=chrome&ie=UTF-8,,,,regex_match_no_context
case1,regex_baseline,url,ascii,199825894,https://www.google.com/search?q=youtube+vanced&oq=youtub&sourceid=chrome&ie=UTF-8,https://www.google.com/search?q=youtube+vanced&oq=youtub&sourceid=chrome&ie=UTF-8,,,,regex_match_no_context
case1,regex_baseline,url,ascii,199827334,https://www.google.com/search?q=youtube+music&oq=youtube&sourceid=chrome&ie=UTF-8,https://www.google.com/search?q=youtube+music&oq=youtube&sourceid=chrome&ie=UTF-8,,,,regex_match_no_context
case1,regex_baseline,url,ascii,199828934,https://www.google.com/search?q=youtube+mp3&oq=youtube.c&sourceid=chrome&ie=UTF-8,https://www.google.com/search?q=youtube+mp3&oq=youtube.c&sourceid=chrome&ie=UTF-8,,,,regex_match_no_context
case1,regex_baseline,url,ascii,199831814,https://www.google.com/search?q=youtube+studio&oq=youtube.c&sourceid=chrome&ie=UTF-8,https://www.google.com/search?q=youtube+studio&oq=youtube.c&sourceid=chrome&ie=UTF-8,,,,regex_match_no_context
case1,regex_baseline,url,ascii,199894054,https://www.google.com/search?q=chrome+web+store&oq=chro&sourceid=chrome&ie=UTF-8,https://www.google.com/search?q=chrome+web+store&oq=chro&sourceid=chrome&ie=UTF-8,,,,regex_match_no_context
case1,regex_baseline,url,ascii,199895654,https://www.google.com/search?q=chrome%2F%2Fflags&oq=chro&sourceid=chrome&ie=UTF-8,https://www.google.com/search?q=chrome%2F%2Fflags&oq=chro&sourceid=chrome&ie=UTF-8,,,,regex_match_no_context
case1,regex_baseline,url,ascii,199902374,https://www.google.com/search?q=chrome+remote+desktop&oq=chro&sourceid=chrome&ie=UTF-8,https://www.google.com/search?q=chrome+remote+desktop&oq=chro&sourceid=chrome&ie=UTF-8,,,,regex_match_no_context
case1,regex_baseline,url,ascii,199905094,https://www.google.com/search?q=christmas+movies+for+kids&sourceid=chrome&ie=UTF-8,https://www.google.com/search?q=christmas+movies+for+kids&sourceid=chrome&ie=UTF-8,,,,regex_match_no_context
case1,regex_baseline,url,ascii,199908454,https://www.google.com/search?q=chrome%2F%2Fflags&oq=chr&sourceid=chrome&ie=UTF-8,https://www.google.com/search?q=chrome%2F%2Fflags&oq=chr&sourceid=chrome&ie=UTF-8,,,,regex_match_no_context
case1,regex_baseline,url,ascii,199908774,https://www.google.com/search?q=christmas+movies+on+netflix&sourceid=chrome&ie=UTF-8,https://www.google.com/search?q=christmas+movies+on+netflix&sourceid=chrome&ie=UTF-8,,,,regex_match_no_context
case1,regex_baseline,url,ascii,200032662,https://www.google.com/complete/deleteitems?client=chrome-omni&delq=chrome+download&deltok=AMc44K6bC7iZEw6azuFp-TJp4cKfEouvGw&gs_ri=chrome-ext-ansg,https://www.google.com/complete/deleteitems?client=chrome-omni&delq=chrome+download&deltok=AMc44K6bC7iZEw6azuFp-TJp4cKfEouvGw&gs_ri=chrome-ext-ansg,,,,regex_match_no_context
case1,regex_baseline,url,utf-16le,195433236,http://www.microsoft.comhttp://www.sandoll.co.krMicrosoft,http://www.microsoft.comhttp://www.sandoll.co.krMicrosoft,,,,regex_match_no_context
case1,regex_baseline,url,utf-16le,195434236,http://www.microsoft.com/typography/font,http://www.microsoft.com/typography/font,,,,regex_match_no_context
case1,regex_baseline,url,ascii,201338166,https://www.google.com/search?q=youtube+summary+with+chatgpt&oq=youtube&sourceid=chrome&ie=UTF-8,https://www.google.com/search?q=youtube+summary+with+chatgpt&oq=youtube&sourceid=chrome&ie=UTF-8,,,,regex_match_no_context
case1,regex_baseline,url,ascii,201357046,https://www.google.com/search?gs_ssp=eJzj4tTP1TewzEouK1ZgNGB0YPBir8wvLSlNSgUAUQAG7g&q=youtube&oq=youtub&sourceid=chrome&ie=UTF-8,https://www.google.com/search?gs_ssp=eJzj4tTP1TewzEouK1ZgNGB0YPBir8wvLSlNSgUAUQAG7g&q=youtube&oq=youtub&sourceid=chrome&ie=UTF-8,,,,regex_match_no_context
case1,regex_baseline,url,ascii,201366822,https://www.google.com/search?gs_ssp=eJzj4tTP1TewzEouK1ZgNGB0YPBir8wvLSlNSgUAUQAG7g&q=youtube&oq=youtube.&sourceid=chrome&ie=UTF-8,https://www.google.com/search?gs_ssp=eJzj4tTP1TewzEouK1ZgNGB0YPBir8wvLSlNSgUAUQAG7g&q=youtube&oq=youtube.&sourceid=chrome&ie=UTF-8,,,,regex_match_no_context
case1,regex_baseline,url,ascii,201367030,https://www.google.com/search?gs_ssp=eJzj4tTP1TewzEouK1ZgNGB0YPBir8wvLSlNSgUAUQAG7g&q=youtube&oq=youtube.c&sourceid=chrome&ie=UTF-8,https://www.google.com/search?gs_ssp=eJzj4tTP1TewzEouK1ZgNGB0YPBir8wvLSlNSgUAUQAG7g&q=youtube&oq=youtube.c&sourceid=chrome&ie=UTF-8,,,,regex_match_no_context
case1,regex_baseline,url,ascii,201367446,https://www.google.com/search?gs_ssp=eJzj4tTP1TewzEouK1ZgNGB0YPBir8wvLSlNSgUAUQAG7g&q=youtube&oq=youtube&sourceid=chrome&ie=UTF-8,https://www.google.com/search?gs_ssp=eJzj4tTP1TewzEouK1ZgNGB0YPBir8wvLSlNSgUAUQAG7g&q=youtube&oq=youtube&sourceid=chrome&ie=UTF-8,,,,regex_match_no_context
case1,regex_baseline,url,ascii,203573574,https://www.google.com/search?q=ch&sourceid=chrome&ie=UTF-8,https://www.google.com/search?q=ch&sourceid=chrome&ie=UTF-8,,,,regex_match_no_context
case1,regex_baseline,url,ascii,203575622,https://www.google.com/search?q=c&sourceid=chrome&ie=UTF-8,https://www.google.com/search?q=c&sourceid=chrome&ie=UTF-8,,,,regex_match_no_context
case1,regex_baseline,url,ascii,203576902,https://www.google.com/search?q=costco&sourceid=chrome&ie=UTF-8,https://www.google.com/search?q=costco&sourceid=chrome&ie=UTF-8,,,,regex_match_no_context
case1,regex_baseline,url,ascii,203578566,https://www.google.com/search?q=chr&sourceid=chrome&ie=UTF-8,https://www.google.com/search?q=chr&sourceid=chrome&ie=UTF-8,,,,regex_match_no_context
case1,regex_baseline,url,ascii,203579974,https://www.google.com/search?q=chro&sourceid=chrome&ie=UTF-8,https://www.google.com/search?q=chro&sourceid=chrome&ie=UTF-8,,,,regex_match_no_context
case1,regex_baseline,url,ascii,203634854,https://www.youtube.com/s/search/audio/open.mp3,https://www.youtube.com/s/search/audio/open.mp3,,,,regex_match_no_context
case1,regex_baseline,url,ascii,203674278,https://www.youtube.com/manifest.webmanifest,https://www.youtube.com/manifest.webmanifest,,,,regex_match_no_context
case1,regex_baseline,url,ascii,205148293,https://www.youtube.com/s/desktop/cd64ce7e/jsbin/webcomponents-sd.vflset/webcomponents-sd.js,https://www.youtube.com/s/desktop/cd64ce7e/jsbin/webcomponents-sd.vflset/webcomponents-sd.js,,,,regex_match_no_context
case1,regex_baseline,url,ascii,205148930,https://www.youtube.com/s/_/ytmainappweb/_/ss/k=ytmainappweb.kevlar_base.UFKzIDFVTC0.L.B1.O/am=Eg/d=0/br=1/rs=AGKMywEM4vU9l-8N_ar965MuSHlqadi3ow,https://www.youtube.com/s/_/ytmainappweb/_/ss/k=ytmainappweb.kevlar_base.UFKzIDFVTC0.L.B1.O/am=Eg/d=0/br=1/rs=AGKMywEM4vU9l-8N_ar965MuSHlqadi3ow,,,,regex_match_no_context
case1,regex_baseline,url,ascii,205150020,https://www.youtube.com/s/desktop/cd64ce7e/img/favicon.ico$,https://www.youtube.com/s/desktop/cd64ce7e/img/favicon.ico$,,,,regex_match_no_context
case1,regex_baseline,url,ascii,205929542,https://www.google.com/search?q=chrome&sourceid=chrome&ie=UTF-8,https://www.google.com/search?q=chrome&sourceid=chrome&ie=UTF-8,,,,regex_match_no_context
case1,regex_baseline,url,ascii,205971526,http://google.com/search?q=chro&sourceid=chrome&ie=UTF-8,http://google.com/search?q=chro&sourceid=chrome&ie=UTF-8,,,,regex_match_no_context
case1,regex_baseline,url,ascii,205971654,http://google.com/search?q=chrome&sourceid=chrome&ie=UTF-8,http://google.com/search?q=chrome&sourceid=chrome&ie=UTF-8,,,,regex_match_no_context
case1,regex_baseline,url,ascii,206094006,https://encrypted-tbn0.gstatic.com/images?q=tbn:ANd9GcTOUXS4SEIt6j3llmHcTqQ5rp5R4JirEFaQ-QAc3TQ&s=10,https://encrypted-tbn0.gstatic.com/images?q=tbn:ANd9GcTOUXS4SEIt6j3llmHcTqQ5rp5R4JirEFaQ-QAc3TQ&s=10,,,,regex_match_no_context
case1,regex_baseline,url,ascii,206110150,https://encrypted-tbn0.gstatic.com/images?q=tbn:ANd9GcT-w64bw27Dq7l2SG4kSGzUbRFkKV6Z7ZTgSjeoOPY&s=10,https://encrypted-tbn0.gstatic.com/images?q=tbn:ANd9GcT-w64bw27Dq7l2SG4kSGzUbRFkKV6Z7ZTgSjeoOPY&s=10,,,,regex_match_no_context
case1,regex_baseline,url,ascii,206322838,https://www.google.com/search?q=chrome+%EC%9B%90%EA%B2%A9+%EB%8D%B0%EC%8A%A4%ED%81%AC%ED%86%B1&oq=chro&sourceid=chrome&ie=UTF-8,https://www.google.com/search?q=chrome+%EC%9B%90%EA%B2%A9+%EB%8D%B0%EC%8A%A4%ED%81%AC%ED%86%B1&oq=chro&sourceid=chrome&ie=UTF-8,,,,regex_match_no_context
case1,regex_baseline,url,ascii,206323606,https://www.google.com/search?q=chrome+%EC%9B%90%EA%B2%A9+%EB%8D%B0%EC%8A%A4%ED%81%AC%ED%86%B1&sourceid=chrome&ie=UTF-8,https://www.google.com/search?q=chrome+%EC%9B%90%EA%B2%A9+%EB%8D%B0%EC%8A%A4%ED%81%AC%ED%86%B1&sourceid=chrome&ie=UTF-8,,,,regex_match_no_context
case1,regex_baseline,url,ascii,206325718,https://fonts.gstatic.com/s/i/googlematerialicons/video_youtube/v11/white-48dp/1x/gm_video_youtube_white_48dp.png,https://fonts.gstatic.com/s/i/googlematerialicons/video_youtube/v11/white-48dp/1x/gm_video_youtube_white_48dp.png,,,,regex_match_no_context
case1,regex_baseline,url,ascii,206941686,http://chromium.org/chromium-projects/,http://chromium.org/chromium-projects,,,,regex_match_no_context
case1,regex_baseline,url,ascii,207090646,https://www.youtube.com/s/search/audio/success.mp3,https://www.youtube.com/s/search/audio/success.mp3,,,,regex_match_no_context
case1,regex_baseline,url,ascii,207162582,https://www.youtube.com/s/search/audio/failure.mp3,https://www.youtube.com/s/search/audio/failure.mp3,,,,regex_match_no_context
case1,regex_baseline,url,ascii,207177942,https://www.youtube.com/s/search/audio/no_input.mp3,https://www.youtube.com/s/search/audio/no_input.mp3,,,,regex_match_no_context
case1,regex_baseline,url,ascii,207292854,https://edgedl.me.gvt1.com/edgedl/release2/chrome_component/adx3de5bdhwkfjwr7getym4jvz2q_113.0.5663.0/jamhcnnkihinmdlkakkaopbjbbcngflc_113.0.5663.0_all_frpg3ihmhmdi4rygi7h5p5e2be.crx3,https://edgedl.me.gvt1.com/edgedl/release2/chrome_component/adx3de5bdhwkfjwr7getym4jvz2q_113.0.5663.0/jamhcnnkihinmdlkakkaopbjbbcngflc_113.0.5663.0_all_frpg3ihmhmdi4rygi7h5p5e2be.crx3,,,,regex_match_no_context
case1,regex_baseline,url,ascii,207293622,http://edgedl.me.gvt1.com/edgedl/release2/chrome_component/adx3de5bdhwkfjwr7getym4jvz2q_113.0.5663.0/jamhcnnkihinmdlkakkaopbjbbcngflc_113.0.5663.0_all_frpg3ihmhmdi4rygi7h5p5e2be.crx3,http://edgedl.me.gvt1.com/edgedl/release2/chrome_component/adx3de5bdhwkfjwr7getym4jvz2q_113.0.5663.0/jamhcnnkihinmdlkakkaopbjbbcngflc_113.0.5663.0_all_frpg3ihmhmdi4rygi7h5p5e2be.crx3,,,,regex_match_no_context
case1,regex_baseline,url,ascii,207314870,https://update.googleapis.com/service/update2/json?cup2key=13:XMRWlRMc-QSC0i21KOGiRFdFQy9XuMuw8N0m-PZfvzU&cup2hreq=00bc3b808ec7b88642f63c52a54964f4f0475dc28a0f0910a5cc03239d77111b,https://update.googleapis.com/service/update2/json?cup2key=13:XMRWlRMc-QSC0i21KOGiRFdFQy9XuMuw8N0m-PZfvzU&cup2hreq=00bc3b808ec7b88642f63c52a54964f4f0475dc28a0f0910a5cc03239d77111b,,,,regex_match_no_context
case1,regex_baseline,url,ascii,207418758,https://www.youtube.com/?feature=ytca,https://www.youtube.com?feature=ytca,,,,regex_match_no_context
case1,regex_baseline,url,ascii,207752502,https://www.google.com/dl/release2/chrome_component/adx3de5bdhwkfjwr7getym4jvz2q_113.0.5663.0/jamhcnnkihinmdlkakkaopbjbbcngflc_113.0.5663.0_all_frpg3ihmhmdi4rygi7h5p5e2be.crx3,https://www.google.com/dl/release2/chrome_component/adx3de5bdhwkfjwr7getym4jvz2q_113.0.5663.0/jamhcnnkihinmdlkakkaopbjbbcngflc_113.0.5663.0_all_frpg3ihmhmdi4rygi7h5p5e2be.crx3,,,,regex_match_no_context
case1,regex_baseline,url,ascii,207753942,http://dl.google.com/release2/chrome_component/adx3de5bdhwkfjwr7getym4jvz2q_113.0.5663.0/jamhcnnkihinmdlkakkaopbjbbcngflc_113.0.5663.0_all_frpg3ihmhmdi4rygi7h5p5e2be.crx3,http://dl.google.com/release2/chrome_component/adx3de5bdhwkfjwr7getym4jvz2q_113.0.5663.0/jamhcnnkihinmdlkakkaopbjbbcngflc_113.0.5663.0_all_frpg3ihmhmdi4rygi7h5p5e2be.crx3,,,,regex_match_no_context
case1,regex_baseline,url,ascii,207754902,http://edgedl.me.gvt1.com/edgedl/release2/chrome_component/acjchyrmyhzjirsi2ww2h7iw4d3q_7920/hfnkpimlhhgieaddgfemjhofmfblmnib_7920_all_fqcy67ngq7bi6vpmvthfl4nhea.crx3,http://edgedl.me.gvt1.com/edgedl/release2/chrome_component/acjchyrmyhzjirsi2ww2h7iw4d3q_7920/hfnkpimlhhgieaddgfemjhofmfblmnib_7920_all_fqcy67ngq7bi6vpmvthfl4nhea.crx3,,,,regex_match_no_context
case1,regex_baseline,url,ascii,207758262,https://dl.google.com/release2/chrome_component/adx3de5bdhwkfjwr7getym4jvz2q_113.0.5663.0/jamhcnnkihinmdlkakkaopbjbbcngflc_113.0.5663.0_all_frpg3ihmhmdi4rygi7h5p5e2be.crx3,https://dl.google.com/release2/chrome_component/adx3de5bdhwkfjwr7getym4jvz2q_113.0.5663.0/jamhcnnkihinmdlkakkaopbjbbcngflc_113.0.5663.0_all_frpg3ihmhmdi4rygi7h5p5e2be.crx3,,,,regex_match_no_context
case1,regex_baseline,url,ascii,207760422,http://edgedl.me.gvt1.com/edgedl/release2/chrome_component/fss2pujtrfkst6uy373bjtjbye_535/efniojlnjndmcbiieegkicadnoecjjef_535_all_adgyvb2iwwezldf57xqw46lyar7a.crx3,http://edgedl.me.gvt1.com/edgedl/release2/chrome_component/fss2pujtrfkst6uy373bjtjbye_535/efniojlnjndmcbiieegkicadnoecjjef_535_all_adgyvb2iwwezldf57xqw46lyar7a.crx3,,,,regex_match_no_context
case1,regex_baseline,url,ascii,207762342,https://edgedl.me.gvt1.com/edgedl/release2/chrome_component/fss2pujtrfkst6uy373bjtjbye_535/efniojlnjndmcbiieegkicadnoecjjef_535_all_adgyvb2iwwezldf57xqw46lyar7a.crx3,https://edgedl.me.gvt1.com/edgedl/release2/chrome_component/fss2pujtrfkst6uy373bjtjbye_535/efniojlnjndmcbiieegkicadnoecjjef_535_all_adgyvb2iwwezldf57xqw46lyar7a.crx3,,,,regex_match_no_context
case1,regex_baseline,url,ascii,207762822,https://edgedl.me.gvt1.com/edgedl/release2/chrome_component/acjchyrmyhzjirsi2ww2h7iw4d3q_7920/hfnkpimlhhgieaddgfemjhofmfblmnib_7920_all_fqcy67ngq7bi6vpmvthfl4nhea.crx3,https://edgedl.me.gvt1.com/edgedl/release2/chrome_component/acjchyrmyhzjirsi2ww2h7iw4d3q_7920/hfnkpimlhhgieaddgfemjhofmfblmnib_7920_all_fqcy67ngq7bi6vpmvthfl4nhea.crx3,,,,regex_match_no_context
case1,regex_baseline,url,ascii,207765942,http://www.google.com/dl/release2/chrome_component/adx3de5bdhwkfjwr7getym4jvz2q_113.0.5663.0/jamhcnnkihinmdlkakkaopbjbbcngflc_113.0.5663.0_all_frpg3ihmhmdi4rygi7h5p5e2be.crx3,http://www.google.com/dl/release2/chrome_component/adx3de5bdhwkfjwr7getym4jvz2q_113.0.5663.0/jamhcnnkihinmdlkakkaopbjbbcngflc_113.0.5663.0_all_frpg3ihmhmdi4rygi7h5p5e2be.crx3,,,,regex_match_no_context
case1,regex_baseline,url,ascii,208149750,https://update.googleapis.com/service/update2/json,https://update.googleapis.com/service/update2/json,,,,regex_match_no_context
case1,regex_baseline,url,ascii,229051369,https://crashpad.chromium.org/,https://crashpad.chromium.org,,,,regex_match_no_context
case1,regex_baseline,url,ascii,229051400,https://crashpad.chromium.org/bug/new,https://crashpad.chromium.org/bug/new,,,,regex_match_no_context
case1,regex_baseline,url,ascii,258517982,https://sp.ask.com/sh/i/a16/favicon/favicon.ico,https://sp.ask.com/sh/i/a16/favicon/favicon.ico,,,,regex_match_no_context
case1,regex_baseline,url,ascii,258518030,https://www.ask.com/web?q=,https://www.ask.com/web?q=,,,,regex_match_no_context
case1,regex_baseline,url,ascii,258518076,https://lss.sse-iacapps.com/query?q=,https://lss.sse-iacapps.com/query?q=,,,,regex_match_no_context
case1,regex_baseline,url,ascii,258518158,https://www.baidu.com/favicon.ico,https://www.baidu.com/favicon.ico,,,,regex_match_no_context
case1,regex_baseline,url,ascii,258518192,https://www.baidu.com/#ie=,https://www.baidu.com,,,,regex_match_no_context
case1,regex_baseline,url,ascii,258518251,https://suggestion.baidu.com/su?wd=,https://suggestion.baidu.com/su?wd=,,,,regex_match_no_context
case1,regex_baseline,url,ascii,258518758,https://coccoc.com/favicon.ico,https://coccoc.com/favicon.ico,,,,regex_match_no_context
case1,regex_baseline,url,ascii,258518789,https://coccoc.com/search#query=,https://coccoc.com/search,,,,regex_match_no_context
case1,regex_baseline,url,ascii,258519088,https://duckduckgo.com/favicon.ico,https://duckduckgo.com/favicon.ico,,,,regex_match_no_context
case1,regex_baseline,url,ascii,258519123,https://duckduckgo.com/?q=,https://duckduckgo.com?q=,,,,regex_match_no_context
case1,regex_baseline,url,ascii,258519163,https://duckduckgo.com/ac/?q=,https://duckduckgo.com/ac?q=,,,,regex_match_no_context
case1,regex_baseline,url,ascii,258519216,https://duckduckgo.com/chrome_newtab,https://duckduckgo.com/chrome_newtab,,,,regex_match_no_context
case1,regex_baseline,url,ascii,258519290,https://cdn.ecosia.org/assets/images/ico/favicon.ico,https://cdn.ecosia.org/assets/images/ico/favicon.ico,,,,regex_match_no_context
case1,regex_baseline,url,ascii,258519343,https://www.ecosia.org/search?q=,https://www.ecosia.org/search?q=,,,,regex_match_no_context
case1,regex_baseline,url,ascii,258519406,https://ac.ecosia.org/autocomplete?q=,https://ac.ecosia.org/autocomplete?q=,,,,regex_match_no_context
case1,regex_baseline,url,ascii,258519467,https://www.ecosia.org/newtab/,https://www.ecosia.org/newtab,,,,regex_match_no_context
case1,regex_baseline,url,ascii,258520806,https://go.imgsmail.ru/favicon.ico,https://go.imgsmail.ru/favicon.ico,,,,regex_match_no_context
case1,regex_baseline,url,ascii,258520841,https://go.mail.ru/search?q=,https://go.mail.ru/search?q=,,,,regex_match_no_context
case1,regex_baseline,url,ascii,258520917,https://suggests.go.mail.ru/chrome?q=,https://suggests.go.mail.ru/chrome?q=,,,,regex_match_no_context
case1,regex_baseline,url,ascii,258520968,https://go.mail.ru/chrome/newtab/,https://go.mail.ru/chrome/newtab,,,,regex_match_no_context
case1,regex_baseline,url,ascii,258521338,https://search-static-dre.dbankcdn.com/pc/v1/favicon.ico,https://search-static-dre.dbankcdn.com/pc/v1/favicon.ico,,,,regex_match_no_context
case1,regex_baseline,url,ascii,258521395,https://petalsearch.com/search?query=,https://petalsearch.com/search?query=,,,,regex_match_no_context
case1,regex_baseline,url,ascii,258521478,https://www.qwant.com/favicon.ico,https://www.qwant.com/favicon.ico,,,,regex_match_no_context
case1,regex_baseline,url,ascii,258521512,https://www.qwant.com/?q=,https://www.qwant.com?q=,,,,regex_match_no_context
case1,regex_baseline,url,ascii,258521569,https://api.qwant.com/api/suggest/?q=,https://api.qwant.com/api/suggest?q=,,,,regex_match_no_context
case1,regex_baseline,url,ascii,258521672,https://search.seznam.cz/favicon.ico,https://search.seznam.cz/favicon.ico,,,,regex_match_no_context
case1,regex_baseline,url,ascii,258521709,https://search.seznam.cz/?q=,https://search.seznam.cz?q=,,,,regex_match_no_context
case1,regex_baseline,url,ascii,258521751,https://suggest.seznam.cz/fulltext_ff?phrase=,https://suggest.seznam.cz/fulltext_ff?phrase=,,,,regex_match_no_context
case1,regex_baseline,url,ascii,258521830,https://search.seznam.sk/favicon.ico,https://search.seznam.sk/favicon.ico,,,,regex_match_no_context
case1,regex_baseline,url,ascii,258521867,https://search.seznam.sk/?q=,https://search.seznam.sk?q=,,,,regex_match_no_context
case1,regex_baseline,url,ascii,258521909,https://suggest.seznam.sk/fulltext_ff?phrase=,https://suggest.seznam.sk/fulltext_ff?phrase=,,,,regex_match_no_context
case1,regex_baseline,url,ascii,258521990,https://www.so.com/favicon.ico,https://www.so.com/favicon.ico,,,,regex_match_no_context
case1,regex_baseline,url,ascii,258522021,https://www.so.com/s?ie=,https://www.so.com/s?ie=,,,,regex_match_no_context
case1,regex_baseline,url,ascii,258522077,https://sug.so.360.cn/suggest?encodein=,https://sug.so.360.cn/suggest?encodein=,,,,regex_match_no_context
case1,regex_baseline,url,ascii,258522222,https://www.sogou.com/images/logo/old/favicon.ico,https://www.sogou.com/images/logo/old/favicon.ico,,,,regex_match_no_context
case1,regex_baseline,url,ascii,258522272,https://www.sogou.com/web?ie=,https://www.sogou.com/web?ie=,,,,regex_match_no_context
case1,regex_baseline,url,ascii,258522337,https://sugg.sogou.com/sugg/ajaj_json.jsp?type=addrbar&key=,https://sugg.sogou.com/sugg/ajaj_json.jsp?type=addrbar&key=,,,,regex_match_no_context
case1,regex_baseline,url,ascii,258522802,https://ar.search.yahoo.com/favicon.ico,https://ar.search.yahoo.com/favicon.ico,,,,regex_match_no_context
case1,regex_baseline,url,ascii,258522842,https://ar.search.yahoo.com/search,https://ar.search.yahoo.com/search,,,,regex_match_no_context
case1,regex_baseline,url,ascii,258522942,https://ar.search.yahoo.com/sugg/chrome?output=fxjson&appid=crmas&command=,https://ar.search.yahoo.com/sugg/chrome?output=fxjson&appid=crmas&command=,,,,regex_match_no_context
case1,regex_baseline,url,ascii,258523092,https://at.search.yahoo.com/favicon.ico,https://at.search.yahoo.com/favicon.ico,,,,regex_match_no_context
case1,regex_baseline,url,ascii,258523132,https://at.search.yahoo.com/search,https://at.search.yahoo.com/search,,,,regex_match_no_context
case1,regex_baseline,url,ascii,258523232,https://at.search.yahoo.com/sugg/chrome?output=fxjson&appid=crmas&command=,https://at.search.yahoo.com/sugg/chrome?output=fxjson&appid=crmas&command=,,,,regex_match_no_context
case1,regex_baseline,url,ascii,258523362,https://au.search.yahoo.com/favicon.ico,https://au.search.yahoo.com/favicon.ico,,,,regex_match_no_context
case1,regex_baseline,url,ascii,258523402,https://au.search.yahoo.com/search,https://au.search.yahoo.com/search,,,,regex_match_no_context
case1,regex_baseline,url,ascii,258523502,https://au.search.yahoo.com/sugg/chrome?output=fxjson&appid=crmas&command=,https://au.search.yahoo.com/sugg/chrome?output=fxjson&appid=crmas&command=,,,,regex_match_no_context
case1,regex_baseline,url,ascii,258523644,https://br.search.yahoo.com/favicon.ico,https://br.search.yahoo.com/favicon.ico,,,,regex_match_no_context
case1,regex_baseline,url,ascii,258523684,https://br.search.yahoo.com/search,https://br.search.yahoo.com/search,,,,regex_match_no_context
case1,regex_baseline,url,ascii,258523784,https://br.search.yahoo.com/sugg/chrome?output=fxjson&appid=crmas&command=,https://br.search.yahoo.com/sugg/chrome?output=fxjson&appid=crmas&command=,,,,regex_match_no_context
case1,regex_baseline,url,ascii,258523926,https://ca.search.yahoo.com/favicon.ico,https://ca.search.yahoo.com/favicon.ico,,,,regex_match_no_context
case1,regex_baseline,url,ascii,258523966,https://ca.search.yahoo.com/search,https://ca.search.yahoo.com/search,,,,regex_match_no_context
case1,regex_baseline,url,ascii,258524066,https://ca.search.yahoo.com/sugg/chrome?output=fxjson&appid=crmas&command=,https://ca.search.yahoo.com/sugg/chrome?output=fxjson&appid=crmas&command=,,,,regex_match_no_context
case1,regex_baseline,url,ascii,258524210,https://ch.search.yahoo.com/favicon.ico,https://ch.search.yahoo.com/favicon.ico,,,,regex_match_no_context
case1,regex_baseline,url,ascii,258524250,https://ch.search.yahoo.com/search,https://ch.search.yahoo.com/search,,,,regex_match_no_context
case1,regex_baseline,url,ascii,258524350,https://ch.search.yahoo.com/sugg/chrome?output=fxjson&appid=crmas&command=,https://ch.search.yahoo.com/sugg/chrome?output=fxjson&appid=crmas&command=,,,,regex_match_no_context
case1,regex_baseline,url,ascii,258524490,https://cl.search.yahoo.com/favicon.ico,https://cl.search.yahoo.com/favicon.ico,,,,regex_match_no_context
case1,regex_baseline,url,ascii,258524530,https://cl.search.yahoo.com/search,https://cl.search.yahoo.com/search,,,,regex_match_no_context
case1,regex_baseline,url,ascii,258524630,https://cl.search.yahoo.com/sugg/chrome?output=fxjson&appid=crmas&command=,https://cl.search.yahoo.com/sugg/chrome?output=fxjson&appid=crmas&command=,,,,regex_match_no_context
case1,regex_baseline,url,ascii,258524776,https://co.search.yahoo.com/favicon.ico,https://co.search.yahoo.com/favicon.ico,,,,regex_match_no_context
case1,regex_baseline,url,ascii,258524816,https://co.search.yahoo.com/search,https://co.search.yahoo.com/search,,,,regex_match_no_context
case1,regex_baseline,url,ascii,258524916,https://co.search.yahoo.com/sugg/chrome?output=fxjson&appid=crmas&command=,https://co.search.yahoo.com/sugg/chrome?output=fxjson&appid=crmas&command=,,,,regex_match_no_context
case1,regex_baseline,url,ascii,258525068,https://de.search.yahoo.com/favicon.ico,https://de.search.yahoo.com/favicon.ico,,,,regex_match_no_context
case1,regex_baseline,url,ascii,258525108,https://de.search.yahoo.com/search,https://de.search.yahoo.com/search,,,,regex_match_no_context
case1,regex_baseline,url,ascii,258525208,https://de.search.yahoo.com/sugg/chrome?output=fxjson&appid=crmas&command=,https://de.search.yahoo.com/sugg/chrome?output=fxjson&appid=crmas&command=,,,,regex_match_no_context
case1,regex_baseline,url,ascii,258525352,https://dk.search.yahoo.com/favicon.ico,https://dk.search.yahoo.com/favicon.ico,,,,regex_match_no_context
case1,regex_baseline,url,ascii,258525392,https://dk.search.yahoo.com/search,https://dk.search.yahoo.com/search,,,,regex_match_no_context
case1,regex_baseline,url,ascii,258525546,https://es.search.yahoo.com/favicon.ico,https://es.search.yahoo.com/favicon.ico,,,,regex_match_no_context
case1,regex_baseline,url,ascii,258525586,https://es.search.yahoo.com/search,https://es.search.yahoo.com/search,,,,regex_match_no_context
case1,regex_baseline,url,ascii,258525686,https://es.search.yahoo.com/sugg/chrome?output=fxjson&appid=crmas&command=,https://es.search.yahoo.com/sugg/chrome?output=fxjson&appid=crmas&command=,,,,regex_match_no_context
case1,regex_baseline,url,ascii,258525826,https://fi.search.yahoo.com/favicon.ico,https://fi.search.yahoo.com/favicon.ico,,,,regex_match_no_context
case1,regex_baseline,url,ascii,258525866,https://fi.search.yahoo.com/search,https://fi.search.yahoo.com/search,,,,regex_match_no_context
case1,regex_baseline,url,ascii,258526020,https://fr.search.yahoo.com/favicon.ico,https://fr.search.yahoo.com/favicon.ico,,,,regex_match_no_context
case1,regex_baseline,url,ascii,258526060,https://fr.search.yahoo.com/search,https://fr.search.yahoo.com/search,,,,regex_match_no_context
case1,regex_baseline,url,ascii,258526160,https://fr.search.yahoo.com/sugg/chrome?output=fxjson&appid=crmas&command=,https://fr.search.yahoo.com/sugg/chrome?output=fxjson&appid=crmas&command=,,,,regex_match_no_context
case1,regex_baseline,url,ascii,258526308,https://hk.search.yahoo.com/favicon.ico,https://hk.search.yahoo.com/favicon.ico,,,,regex_match_no_context
case1,regex_baseline,url,ascii,258526348,https://hk.search.yahoo.com/search,https://hk.search.yahoo.com/search,,,,regex_match_no_context
case1,regex_baseline,url,ascii,258526448,https://hk.search.yahoo.com/sugg/chrome?output=fxjson&appid=crmas&command=,https://hk.search.yahoo.com/sugg/chrome?output=fxjson&appid=crmas&command=,,,,regex_match_no_context
case1,regex_baseline,url,ascii,258526596,https://id.search.yahoo.com/favicon.ico,https://id.search.yahoo.com/favicon.ico,,,,regex_match_no_context
case1,regex_baseline,url,ascii,258526636,https://id.search.yahoo.com/search,https://id.search.yahoo.com/search,,,,regex_match_no_context
case1,regex_baseline,url,ascii,258526736,https://id.search.yahoo.com/sugg/chrome?output=fxjson&appid=crmas&command=,https://id.search.yahoo.com/sugg/chrome?output=fxjson&appid=crmas&command=,,,,regex_match_no_context
case1,regex_baseline,url,ascii,258526876,https://in.search.yahoo.com/favicon.ico,https://in.search.yahoo.com/favicon.ico,,,,regex_match_no_context
case1,regex_baseline,url,ascii,258526916,https://in.search.yahoo.com/search,https://in.search.yahoo.com/search,,,,regex_match_no_context
case1,regex_baseline,url,ascii,258527016,https://in.search.yahoo.com/sugg/chrome?output=fxjson&appid=crmas&command=,https://in.search.yahoo.com/sugg/chrome?output=fxjson&appid=crmas&command=,,,,regex_match_no_context
case1,regex_baseline,url,ascii,258527154,https://search.yahoo.co.jp/favicon.ico,https://search.yahoo.co.jp/favicon.ico,,,,regex_match_no_context
case1,regex_baseline,url,ascii,258527193,https://search.yahoo.co.jp/search,https://search.yahoo.co.jp/search,,,,regex_match_no_context
case1,regex_baseline,url,ascii,258527292,https://search.yahooapis.jp/AssistSearchService/V2/webassistSearch?p=,https://search.yahooapis.jp/AssistSearchService/V2/webassistSearch?p=,,,,regex_match_no_context
case1,regex_baseline,url,ascii,258527528,https://mx.search.yahoo.com/favicon.ico,https://mx.search.yahoo.com/favicon.ico,,,,regex_match_no_context
case1,regex_baseline,url,ascii,258527568,https://mx.search.yahoo.com/search,https://mx.search.yahoo.com/search,,,,regex_match_no_context
case1,regex_baseline,url,ascii,258527668,https://mx.search.yahoo.com/sugg/chrome?output=fxjson&appid=crmas&command=,https://mx.search.yahoo.com/sugg/chrome?output=fxjson&appid=crmas&command=,,,,regex_match_no_context
case1,regex_baseline,url,ascii,258527826,https://malaysia.search.yahoo.com/favicon.ico,https://malaysia.search.yahoo.com/favicon.ico,,,,regex_match_no_context
case1,regex_baseline,url,ascii,258527872,https://malaysia.search.yahoo.com/search,https://malaysia.search.yahoo.com/search,,,,regex_match_no_context
case1,regex_baseline,url,ascii,258527978,https://malaysia.search.yahoo.com/sugg/chrome?output=fxjson&appid=crmas&command=,https://malaysia.search.yahoo.com/sugg/chrome?output=fxjson&appid=crmas&command=,,,,regex_match_no_context
case1,regex_baseline,url,ascii,258528132,https://nl.search.yahoo.com/favicon.ico,https://nl.search.yahoo.com/favicon.ico,,,,regex_match_no_context
case1,regex_baseline,url,ascii,258528172,https://nl.search.yahoo.com/search,https://nl.search.yahoo.com/search,,,,regex_match_no_context
case1,regex_baseline,url,ascii,258528272,https://nl.search.yahoo.com/sugg/chrome?output=fxjson&appid=crmas&command=,https://nl.search.yahoo.com/sugg/chrome?output=fxjson&appid=crmas&command=,,,,regex_match_no_context
case1,regex_baseline,url,ascii,258528424,https://nz.search.yahoo.com/favicon.ico,https://nz.search.yahoo.com/favicon.ico,,,,regex_match_no_context
case1,regex_baseline,url,ascii,258528464,https://nz.search.yahoo.com/search,https://nz.search.yahoo.com/search,,,,regex_match_no_context
case1,regex_baseline,url,ascii,258528564,https://nz.search.yahoo.com/sugg/chrome?output=fxjson&appid=crmas&command=,https://nz.search.yahoo.com/sugg/chrome?output=fxjson&appid=crmas&command=,,,,regex_match_no_context
case1,regex_baseline,url,ascii,258528702,https://pe.search.yahoo.com/favicon.ico,https://pe.search.yahoo.com/favicon.ico,,,,regex_match_no_context
case1,regex_baseline,url,ascii,258528742,https://pe.search.yahoo.com/search,https://pe.search.yahoo.com/search,,,,regex_match_no_context
case1,regex_baseline,url,ascii,258528842,https://pe.search.yahoo.com/sugg/chrome?output=fxjson&appid=crmas&command=,https://pe.search.yahoo.com/sugg/chrome?output=fxjson&appid=crmas&command=,,,,regex_match_no_context
case1,regex_baseline,url,ascii,258528994,https://ph.search.yahoo.com/favicon.ico,https://ph.search.yahoo.com/favicon.ico,,,,regex_match_no_context
case1,regex_baseline,url,ascii,258529034,https://ph.search.yahoo.com/search,https://ph.search.yahoo.com/search,,,,regex_match_no_context
case1,regex_baseline,url,ascii,258529134,https://ph.search.yahoo.com/sugg/chrome?output=fxjson&appid=crmas&command=,https://ph.search.yahoo.com/sugg/chrome?output=fxjson&appid=crmas&command=,,,,regex_match_no_context
case1,regex_baseline,url,ascii,258529278,https://se.search.yahoo.com/favicon.ico,https://se.search.yahoo.com/favicon.ico,,,,regex_match_no_context
case1,regex_baseline,url,ascii,258529318,https://se.search.yahoo.com/search,https://se.search.yahoo.com/search,,,,regex_match_no_context
case1,regex_baseline,url,ascii,258529478,https://sg.search.yahoo.com/favicon.ico,https://sg.search.yahoo.com/favicon.ico,,,,regex_match_no_context
case1,regex_baseline,url,ascii,258529518,https://sg.search.yahoo.com/search,https://sg.search.yahoo.com/search,,,,regex_match_no_context
case1,regex_baseline,url,ascii,258529618,https://sg.search.yahoo.com/sugg/chrome?output=fxjson&appid=crmas&command=,https://sg.search.yahoo.com/sugg/chrome?output=fxjson&appid=crmas&command=,,,,regex_match_no_context
case1,regex_baseline,url,ascii,258529766,https://th.search.yahoo.com/favicon.ico,https://th.search.yahoo.com/favicon.ico,,,,regex_match_no_context
case1,regex_baseline,url,ascii,258529806,https://th.search.yahoo.com/search,https://th.search.yahoo.com/search,,,,regex_match_no_context
case1,regex_baseline,url,ascii,258529906,https://th.search.yahoo.com/sugg/chrome?output=fxjson&appid=crmas&command=,https://th.search.yahoo.com/sugg/chrome?output=fxjson&appid=crmas&command=,,,,regex_match_no_context
case1,regex_baseline,url,ascii,258530050,https://tr.search.yahoo.com/favicon.ico,https://tr.search.yahoo.com/favicon.ico,,,,regex_match_no_context
case1,regex_baseline,url,ascii,258530090,https://tr.search.yahoo.com/search,https://tr.search.yahoo.com/search,,,,regex_match_no_context
case1,regex_baseline,url,ascii,258530234,https://tw.search.yahoo.com/favicon.ico,https://tw.search.yahoo.com/favicon.ico,,,,regex_match_no_context
case1,regex_baseline,url,ascii,258530274,https://tw.search.yahoo.com/search,https://tw.search.yahoo.com/search,,,,regex_match_no_context
case1,regex_baseline,url,ascii,258530374,https://tw.search.yahoo.com/sugg/chrome?output=fxjson&appid=crmas&command=,https://tw.search.yahoo.com/sugg/chrome?output=fxjson&appid=crmas&command=,,,,regex_match_no_context
case1,regex_baseline,url,ascii,258530528,https://uk.search.yahoo.com/favicon.ico,https://uk.search.yahoo.com/favicon.ico,,,,regex_match_no_context
case1,regex_baseline,url,ascii,258530568,https://uk.search.yahoo.com/search,https://uk.search.yahoo.com/search,,,,regex_match_no_context
case1,regex_baseline,url,ascii,258530668,https://uk.search.yahoo.com/sugg/chrome?output=fxjson&appid=crmas&command=,https://uk.search.yahoo.com/sugg/chrome?output=fxjson&appid=crmas&command=,,,,regex_match_no_context
case1,regex_baseline,url,ascii,258530816,https://ve.search.yahoo.com/favicon.ico,https://ve.search.yahoo.com/favicon.ico,,,,regex_match_no_context
case1,regex_baseline,url,ascii,258530856,https://ve.search.yahoo.com/search,https://ve.search.yahoo.com/search,,,,regex_match_no_context
case1,regex_baseline,url,ascii,258530956,https://ve.search.yahoo.com/sugg/chrome?output=fxjson&appid=crmas&command=,https://ve.search.yahoo.com/sugg/chrome?output=fxjson&appid=crmas&command=,,,,regex_match_no_context
case1,regex_baseline,url,ascii,258531102,https://vn.search.yahoo.com/favicon.ico,https://vn.search.yahoo.com/favicon.ico,,,,regex_match_no_context
case1,regex_baseline,url,ascii,258531142,https://vn.search.yahoo.com/search,https://vn.search.yahoo.com/search,,,,regex_match_no_context
case1,regex_baseline,url,ascii,258531242,https://vn.search.yahoo.com/sugg/chrome?output=fxjson&appid=crmas&command=,https://vn.search.yahoo.com/sugg/chrome?output=fxjson&appid=crmas&command=,,,,regex_match_no_context
case1,regex_baseline,url,ascii,258531364,https://yastatic.net/lego/_/pDu9OWAQKB0s2J9IojKpiS_Eho.ico,https://yastatic.net/lego/_/pDu9OWAQKB0s2J9IojKpiS_Eho.ico,,,,regex_match_no_context
case1,regex_baseline,url,ascii,258531423,https://yandex.by/,https://yandex.by,,,,regex_match_no_context
case1,regex_baseline,url,ascii,258531480,https://suggest.yandex.by/suggest-ff.cgi?part=,https://suggest.yandex.by/suggest-ff.cgi?part=,,,,regex_match_no_context
case1,regex_baseline,url,ascii,258531564,https://yandex.by/images/search/?rpt=imageview,https://yandex.by/images/search?rpt=imageview,,,,regex_match_no_context
case1,regex_baseline,url,ascii,258531611,https://www.yandex.by/chrome/newtab,https://www.yandex.by/chrome/newtab,,,,regex_match_no_context
case1,regex_baseline,url,ascii,258531647,https://storage.ape.yandex.net/get/browser/Doodles/yandex/drawable-xxhdpi/yandex.png,https://storage.ape.yandex.net/get/browser/Doodles/yandex/drawable-xxhdpi/yandex.png,,,,regex_match_no_context
case1,regex_baseline,url,ascii,258531894,https://yastatic.net/lego/_/rBTjd6UOPk5913OSn5ZQVYMTQWQ.ico,https://yastatic.net/lego/_/rBTjd6UOPk5913OSn5ZQVYMTQWQ.ico,,,,regex_match_no_context
case1,regex_baseline,url,ascii,258531954,https://yandex.com/search/?text=,https://yandex.com/search?text=,,,,regex_match_no_context
case1,regex_baseline,url,ascii,258532021,https://suggest.yandex.com/suggest-ff.cgi?part=,https://suggest.yandex.com/suggest-ff.cgi?part=,,,,regex_match_no_context
case1,regex_baseline,url,ascii,258532122,https://yandex.com/images/search?rpt=imageview,https://yandex.com/images/search?rpt=imageview,,,,regex_match_no_context
case1,regex_baseline,url,ascii,258532190,https://yandex.kz/,https://yandex.kz,,,,regex_match_no_context
case1,regex_baseline,url,ascii,258532247,https://suggest.yandex.kz/suggest-ff.cgi?part=,https://suggest.yandex.kz/suggest-ff.cgi?part=,,,,regex_match_no_context
case1,regex_baseline,url,ascii,258532331,https://yandex.kz/images/search/?rpt=imageview,https://yandex.kz/images/search?rpt=imageview,,,,regex_match_no_context
case1,regex_baseline,url,ascii,258532378,https://www.yandex.kz/chrome/newtab,https://www.yandex.kz/chrome/newtab,,,,regex_match_no_context
case1,regex_baseline,url,ascii,258532511,https://suggest.yandex.ru/suggest-ff.cgi?part=,https://suggest.yandex.ru/suggest-ff.cgi?part=,,,,regex_match_no_context
case1,regex_baseline,url,ascii,258532595,https://yandex.ru/images/search/?rpt=imageview,https://yandex.ru/images/search?rpt=imageview,,,,regex_match_no_context
case1,regex_baseline,url,ascii,258532642,https://www.yandex.ru/chrome/newtab,https://www.yandex.ru/chrome/newtab,,,,regex_match_no_context
case1,regex_baseline,url,ascii,258532706,https://www.yandex.com.tr/,https://www.yandex.com.tr,,,,regex_match_no_context
case1,regex_baseline,url,ascii,258532771,https://suggest.yandex.com.tr/suggest-ff.cgi?part=,https://suggest.yandex.com.tr/suggest-ff.cgi?part=,,,,regex_match_no_context
case1,regex_baseline,url,ascii,258532859,https://yandex.com.tr/gorsel/search?rpt=imageview,https://yandex.com.tr/gorsel/search?rpt=imageview,,,,regex_match_no_context
case1,regex_baseline,url,ascii,258532909,https://www.yandex.com.tr/chrome/newtab,https://www.yandex.com.tr/chrome/newtab,,,,regex_match_no_context
case1,regex_baseline,url,ascii,258532970,https://yandex.ua/,https://yandex.ua,,,,regex_match_no_context
case1,regex_baseline,url,ascii,258533027,https://suggest.yandex.ua/suggest-ff.cgi?part=,https://suggest.yandex.ua/suggest-ff.cgi?part=,,,,regex_match_no_context
case1,regex_baseline,url,ascii,258533111,https://yandex.ua/images/search/?rpt=imageview,https://yandex.ua/images/search?rpt=imageview,,,,regex_match_no_context
case1,regex_baseline,url,ascii,258533158,https://www.yandex.ua/chrome/newtab,https://www.yandex.ua/chrome/newtab,,,,regex_match_no_context
case1,regex_baseline,url,ascii,258533230,https://searchatlas.centrum.cz/favicon.ico,https://searchatlas.centrum.cz/favicon.ico,,,,regex_match_no_context
case1,regex_baseline,url,ascii,258533273,https://searchatlas.centrum.cz/?q=,https://searchatlas.centrum.cz?q=,,,,regex_match_no_context
case1,regex_baseline,url,ascii,258533321,http://radce.centrum.cz/?q=,http://radce.centrum.cz?q=,,,,regex_match_no_context
case1,regex_baseline,url,ascii,258533404,http://static.mediacentrum.sk/katalog/atlas.sk/images/favicon.ico,http://static.mediacentrum.sk/katalog/atlas.sk/images/favicon.ico,,,,regex_match_no_context
case1,regex_baseline,url,ascii,258533470,https://hladaj.atlas.sk/fulltext/?phrase=,https://hladaj.atlas.sk/fulltext?phrase=,,,,regex_match_no_context
case1,regex_baseline,url,ascii,258533564,http://search.avg.com/favicon.ico,http://search.avg.com/favicon.ico,,,,regex_match_no_context
case1,regex_baseline,url,ascii,258533598,http://search.avg.com/search?q=,http://search.avg.com/search?q=,,,,regex_match_no_context
case1,regex_baseline,url,ascii,258533698,http://search.babylon.com/favicon.ico,http://search.babylon.com/favicon.ico,,,,regex_match_no_context
case1,regex_baseline,url,ascii,258533736,http://search.babylon.com/home?q=,http://search.babylon.com/home?q=,,,,regex_match_no_context
case1,regex_baseline,url,ascii,258533824,http://www.conduit.com/favicon.ico,http://www.conduit.com/favicon.ico,,,,regex_match_no_context
case1,regex_baseline,url,ascii,258533859,http://www.conduit.com/search?q=,http://www.conduit.com/search?q=,,,,regex_match_no_context
case1,regex_baseline,url,ascii,258534008,https://www.delfi.lt/favicon.ico,https://www.delfi.lt/favicon.ico,,,,regex_match_no_context
case1,regex_baseline,url,ascii,258534041,https://www.delfi.lt/paieska/?q=,https://www.delfi.lt/paieska?q=,,,,regex_match_no_context
case1,regex_baseline,url,ascii,258534106,http://g1.delphi.lv/favicon.ico,http://g1.delphi.lv/favicon.ico,,,,regex_match_no_context
case1,regex_baseline,url,ascii,258534138,http://www.delfi.lv/search_all/?ie=,http://www.delfi.lv/search_all?ie=,,,,regex_match_no_context
case1,regex_baseline,url,ascii,258534328,http://www.delta-search.com/favicon.ico,http://www.delta-search.com/favicon.ico,,,,regex_match_no_context
case1,regex_baseline,url,ascii,258534368,http://www.delta-search.com/home?q=,http://www.delta-search.com/home?q=,,,,regex_match_no_context
case1,regex_baseline,url,ascii,258534474,http://searchfunmoods.com/favicon.ico,http://searchfunmoods.com/favicon.ico,,,,regex_match_no_context
case1,regex_baseline,url,ascii,258534512,http://searchfunmoods.com/results.php?q=,http://searchfunmoods.com/results.php?q=,,,,regex_match_no_context
case1,regex_baseline,url,ascii,258534602,https://www.givero.com/favicon.ico,https://www.givero.com/favicon.ico,,,,regex_match_no_context
case1,regex_baseline,url,ascii,258534637,https://www.givero.com/search?q=,https://www.givero.com/search?q=,,,,regex_match_no_context
case1,regex_baseline,url,ascii,258534683,https://www.givero.com/suggest?q=,https://www.givero.com/suggest?q=,,,,regex_match_no_context
case1,regex_baseline,url,ascii,258534782,https://dl.gmx.com/apps/favicon.ico,https://dl.gmx.com/apps/favicon.ico,,,,regex_match_no_context
case1,regex_baseline,url,ascii,258534818,https://search.gmx.com/web/result?q=,https://search.gmx.com/web/result?q=,,,,regex_match_no_context
case1,regex_baseline,url,ascii,258534873,https://suggestplugin.gmx.com/s?q=,https://suggestplugin.gmx.com/s?q=,,,,regex_match_no_context
case1,regex_baseline,url,ascii,258535006,https://suche.gmx.at/web/result?q=,https://suche.gmx.at/web/result?q=,,,,regex_match_no_context
case1,regex_baseline,url,ascii,258535059,https://suggestplugin.gmx.at/s?q=,https://suggestplugin.gmx.at/s?q=,,,,regex_match_no_context
case1,regex_baseline,url,ascii,258535172,https://suche.gmx.net/web/result?q=,https://suche.gmx.net/web/result?q=,,,,regex_match_no_context
case1,regex_baseline,url,ascii,258535226,https://suggestplugin.gmx.net/s?q=,https://suggestplugin.gmx.net/s?q=,,,,regex_match_no_context
case1,regex_baseline,url,ascii,258535338,https://search.gmx.es/web/result?q=,https://search.gmx.es/web/result?q=,,,,regex_match_no_context
case1,regex_baseline,url,ascii,258535392,https://suggestplugin.gmx.es/s?q=,https://suggestplugin.gmx.es/s?q=,,,,regex_match_no_context
case1,regex_baseline,url,ascii,258535504,https://search.gmx.fr/web/result?q=,https://search.gmx.fr/web/result?q=,,,,regex_match_no_context
case1,regex_baseline,url,ascii,258535558,https://suggestplugin.gmx.fr/s?q=,https://suggestplugin.gmx.fr/s?q=,,,,regex_match_no_context
case1,regex_baseline,url,ascii,258535676,https://search.gmx.co.uk/web/result?q=,https://search.gmx.co.uk/web/result?q=,,,,regex_match_no_context
case1,regex_baseline,url,ascii,258535733,https://suggestplugin.gmx.co.uk/s?q=,https://suggestplugin.gmx.co.uk/s?q=,,,,regex_match_no_context
case1,regex_baseline,url,ascii,258535864,https://search.goo.ne.jp/cdn/common/img/favicon.ico,https://search.goo.ne.jp/cdn/common/img/favicon.ico,,,,regex_match_no_context
case1,regex_baseline,url,ascii,258535916,https://search.goo.ne.jp/web.jsp?MT=,https://search.goo.ne.jp/web.jsp?MT=,,,,regex_match_no_context
case1,regex_baseline,url,ascii,258535992,https://search.goo.ne.jp/sgt.jsp?MT=,https://search.goo.ne.jp/sgt.jsp?MT=,,,,regex_match_no_context
case1,regex_baseline,url,ascii,258536126,http://search.imesh.net/favicon.ico,http://search.imesh.net/favicon.ico,,,,regex_match_no_context
case1,regex_baseline,url,ascii,258536162,http://search.imesh.net/music?hl=,http://search.imesh.net/music?hl=,,,,regex_match_no_context
case1,regex_baseline,url,ascii,258536274,http://search.iminent.com/Shared/Images/favicon_gl.ico,http://search.iminent.com/Shared/Images/favicon_gl.ico,,,,regex_match_no_context
case1,regex_baseline,url,ascii,258536329,http://search.iminent.com/?q=,http://search.iminent.com?q=,,,,regex_match_no_context
case1,regex_baseline,url,ascii,258536384,http://find.in.gr/Themes/1/Default/Media/Layout/icon_in.png,http://find.in.gr/Themes/1/Default/Media/Layout/icon_in.png,,,,regex_match_no_context
case1,regex_baseline,url,ascii,258536444,http://find.in.gr/?q=,http://find.in.gr?q=,,,,regex_match_no_context
case1,regex_baseline,url,ascii,258536620,http://search.incredibar.com/favicon.ico,http://search.incredibar.com/favicon.ico,,,,regex_match_no_context
case1,regex_baseline,url,ascii,258536661,http://search.incredibar.com/search.php?q=,http://search.incredibar.com/search.php?q=,,,,regex_match_no_context
case1,regex_baseline,url,ascii,258536754,https://www.info.com/static/www.info.com/favicon.ico,https://www.info.com/static/www.info.com/favicon.ico,,,,regex_match_no_context
case1,regex_baseline,url,ascii,258536807,https://www.info.com/serp?q=,https://www.info.com/serp?q=,,,,regex_match_no_context
case1,regex_baseline,url,ascii,258536902,http://ms1.iol.it/graph_hf/v.8.3.04/themes/default/img/favicon.ico,http://ms1.iol.it/graph_hf/v.8.3.04/themes/default/img/favicon.ico,,,,regex_match_no_context
case1,regex_baseline,url,ascii,258536969,http://arianna.libero.it/search/abin/integrata.cgi?query=,http://arianna.libero.it/search/abin/integrata.cgi?query=,,,,regex_match_no_context
case1,regex_baseline,url,ascii,258537090,https://metager.de/favicon.ico,https://metager.de/favicon.ico,,,,regex_match_no_context
case1,regex_baseline,url,ascii,258537121,https://metager.de/meta/meta.ger3?eingabe=,https://metager.de/meta/meta.ger3?eingabe=,,,,regex_match_no_context
case1,regex_baseline,url,ascii,258537202,https://metager.org/meta/meta.ger3?eingabe=,https://metager.org/meta/meta.ger3?eingabe=,,,,regex_match_no_context
case1,regex_baseline,url,ascii,258537286,http://www.neti.ee/favicon.ico,http://www.neti.ee/favicon.ico,,,,regex_match_no_context
case1,regex_baseline,url,ascii,258537317,http://www.neti.ee/cgi-bin/otsing?query=,http://www.neti.ee/cgi-bin/otsing?query=,,,,regex_match_no_context
case1,regex_baseline,url,ascii,258537371,http://www.neti.ee/api/suggestOS?suggestQuery=,http://www.neti.ee/api/suggestOS?suggestQuery=,,,,regex_match_no_context
case1,regex_baseline,url,ascii,258537462,http://nigma.ru/themes/nigma/img/favicon.ico,http://nigma.ru/themes/nigma/img/favicon.ico,,,,regex_match_no_context
case1,regex_baseline,url,ascii,258537507,http://nigma.ru/?s=,http://nigma.ru?s=,,,,regex_match_no_context
case1,regex_baseline,url,ascii,258537540,http://autocomplete.nigma.ru/complete/query_help.php?suggest=true&q=,http://autocomplete.nigma.ru/complete/query_help.php?suggest=true&q=,,,,regex_match_no_context
case1,regex_baseline,url,ascii,258537674,https://oceanhero.today/favicon.ico,https://oceanhero.today/favicon.ico,,,,regex_match_no_context
case1,regex_baseline,url,ascii,258537710,https://oceanhero.today/web?q=,https://oceanhero.today/web?q=,,,,regex_match_no_context
case1,regex_baseline,url,ascii,258537754,https://api.oceanhero.today/suggestions?q=,https://api.oceanhero.today/suggestions?q=,,,,regex_match_no_context
case1,regex_baseline,url,ascii,258537834,http://ok.hu/gfx/favicon.ico,http://ok.hu/gfx/favicon.ico,,,,regex_match_no_context
case1,regex_baseline,url,ascii,258537863,http://ok.hu/katalogus?q=,http://ok.hu/katalogus?q=,,,,regex_match_no_context
case1,regex_baseline,url,ascii,258537970,https://www.privacywall.org/images/favicon_32x32.ico,https://www.privacywall.org/images/favicon_32x32.ico,,,,regex_match_no_context
case1,regex_baseline,url,ascii,258538023,https://www.privacywall.org/search/secure/?q=,https://www.privacywall.org/search/secure?q=,,,,regex_match_no_context
case1,regex_baseline,url,ascii,258538082,https://search.privacywall.org/suggest.php?q=,https://search.privacywall.org/suggest.php?q=,,,,regex_match_no_context
case1,regex_baseline,url,ascii,258538180,http://i.rl0.ru/2011/icons/rambler.ico,http://i.rl0.ru/2011/icons/rambler.ico,,,,regex_match_no_context
case1,regex_baseline,url,ascii,258538219,http://nova.rambler.ru/search?query=,http://nova.rambler.ru/search?query=,,,,regex_match_no_context
case1,regex_baseline,url,ascii,258538269,http://nova.rambler.ru/suggest?v=3&query=,http://nova.rambler.ru/suggest?v=3&query=,,,,regex_match_no_context
case1,regex_baseline,url,ascii,258538350,http://imgs.sapo.pt/images/sapo.ico,http://imgs.sapo.pt/images/sapo.ico,,,,regex_match_no_context
case1,regex_baseline,url,ascii,258538386,http://pesquisa.sapo.pt/?q=,http://pesquisa.sapo.pt?q=,,,,regex_match_no_context
case1,regex_baseline,url,ascii,258538427,http://pesquisa.sapo.pt/livesapo?q=,http://pesquisa.sapo.pt/livesapo?q=,,,,regex_match_no_context
case1,regex_baseline,url,ascii,258538520,http://www.searchnu.com/favicon.ico,http://www.searchnu.com/favicon.ico,,,,regex_match_no_context
case1,regex_baseline,url,ascii,258538556,http://www.searchnu.com/web?hl=,http://www.searchnu.com/web?hl=,,,,regex_match_no_context
case1,regex_baseline,url,ascii,258538684,http://ak.apnstatic.com/media/images/favicon_search-results.ico,http://ak.apnstatic.com/media/images/favicon_search-results.ico,,,,regex_match_no_context
case1,regex_baseline,url,ascii,258538748,http://dts.search-results.com/sr?lng=,http://dts.search-results.com/sr?lng=,,,,regex_match_no_context
case1,regex_baseline,url,ascii,258538870,http://linkurystoragenorthus.blob.core.windows.net/static/favicon.ico,http://linkurystoragenorthus.blob.core.windows.net/static/favicon.ico,,,,regex_match_no_context
case1,regex_baseline,url,ascii,258538940,http://search.snapdo.com/?q=,http://search.snapdo.com?q=,,,,regex_match_no_context
case1,regex_baseline,url,ascii,258539040,http://search.softonic.com/img/favicon.ico,http://search.softonic.com/img/favicon.ico,,,,regex_match_no_context
case1,regex_baseline,url,ascii,258539083,http://search.softonic.com/?q=,http://search.softonic.com?q=,,,,regex_match_no_context
case1,regex_baseline,url,ascii,258539178,http://search.sweetim.com/favicon.ico,http://search.sweetim.com/favicon.ico,,,,regex_match_no_context
case1,regex_baseline,url,ascii,258539216,http://search.sweetim.com/search.asp?q=,http://search.sweetim.com/search.asp?q=,,,,regex_match_no_context
case1,regex_baseline,url,ascii,258539348,http://start.sweetpacks.com/favicon.ico,http://start.sweetpacks.com/favicon.ico,,,,regex_match_no_context
case1,regex_baseline,url,ascii,258539388,http://start.sweetpacks.com/search.asp?q=,http://start.sweetpacks.com/search.asp?q=,,,,regex_match_no_context
case1,regex_baseline,url,ascii,258539516,http://buscar.terra.com.ar/favicon.ico,http://buscar.terra.com.ar/favicon.ico,,,,regex_match_no_context
case1,regex_baseline,url,ascii,258539555,http://buscar.terra.com.ar/Default.aspx?source=Search&ca=s&query=,http://buscar.terra.com.ar/Default.aspx?source=Search&ca=s&query=,,,,regex_match_no_context
case1,regex_baseline,url,ascii,258539664,http://buscador.terra.es/favicon.ico,http://buscador.terra.es/favicon.ico,,,,regex_match_no_context
case1,regex_baseline,url,ascii,258539701,http://buscador.terra.es/Default.aspx?source=Search&ca=s&query=,http://buscador.terra.es/Default.aspx?source=Search&ca=s&query=,,,,regex_match_no_context
case1,regex_baseline,url,ascii,258539806,http://search.tut.by/favicon.ico,http://search.tut.by/favicon.ico,,,,regex_match_no_context
case1,regex_baseline,url,ascii,258539839,http://search.tut.by/?ru=1&query=,http://search.tut.by?ru=1&query=,,,,regex_match_no_context
case1,regex_baseline,url,ascii,258539886,http://suggest.yandex.ru/suggest-ff.cgi?part=,http://suggest.yandex.ru/suggest-ff.cgi?part=,,,,regex_match_no_context
case1,regex_baseline,url,ascii,258539992,http://www.walla.co.il/favicon.ico,http://www.walla.co.il/favicon.ico,,,,regex_match_no_context
case1,regex_baseline,url,ascii,258540027,http://search.walla.co.il/?q=,http://search.walla.co.il?q=,,,,regex_match_no_context
case1,regex_baseline,url,ascii,258540116,http://i.wp.pl/a/i/stg/500/favicon.ico,http://i.wp.pl/a/i/stg/500/favicon.ico,,,,regex_match_no_context
case1,regex_baseline,url,ascii,258540155,http://szukaj.wp.pl/szukaj.html?q=,http://szukaj.wp.pl/szukaj.html?q=,,,,regex_match_no_context
case1,regex_baseline,url,ascii,258540258,https://qc.search.yahoo.com/favicon.ico,https://qc.search.yahoo.com/favicon.ico,,,,regex_match_no_context
case1,regex_baseline,url,ascii,258540298,https://qc.search.yahoo.com/search,https://qc.search.yahoo.com/search,,,,regex_match_no_context
case1,regex_baseline,url,ascii,258540398,https://qc.search.yahoo.com/sugg/chrome?output=fxjson&appid=crmas&command=,https://qc.search.yahoo.com/sugg/chrome?output=fxjson&appid=crmas&command=,,,,regex_match_no_context
case1,regex_baseline,url,ascii,258540520,https://www.zoznam.sk/favicon.ico,https://www.zoznam.sk/favicon.ico,,,,regex_match_no_context
case1,regex_baseline,url,ascii,258540554,https://www.zoznam.sk/hladaj.fcgi?s=,https://www.zoznam.sk/hladaj.fcgi?s=,,,,regex_match_no_context
case1,regex_baseline,url,ascii,258540617,https://www.baidu.com/s?ie=,https://www.baidu.com/s?ie=,,,,regex_match_no_context
case1,regex_baseline,url,ascii,258541011,https://go.mail.ru/msearch?q=,https://go.mail.ru/msearch?q=,,,,regex_match_no_context
case1,regex_baseline,url,ascii,258541074,https://m.so.com/s?ie=,https://m.so.com/s?ie=,,,,regex_match_no_context
case1,regex_baseline,url,ascii,258541128,https://m.so.com/index.php?ie=,https://m.so.com/index.php?ie=,,,,regex_match_no_context
case1,regex_baseline,url,ascii,258541190,https://m.sogou.com/web/,https://m.sogou.com/web,,,,regex_match_no_context
case1,regex_baseline,url,ascii,258541277,http://searchatlas.centrum.cz/?q=,http://searchatlas.centrum.cz?q=,,,,regex_match_no_context
case1,regex_baseline,url,ascii,258541324,http://hladaj.atlas.sk/fulltext/?phrase=,http://hladaj.atlas.sk/fulltext?phrase=,,,,regex_match_no_context
case1,regex_baseline,url,ascii,258541378,http://isearch.avg.com/search?q=,http://isearch.avg.com/search?q=,,,,regex_match_no_context
case1,regex_baseline,url,ascii,258541424,http://search.avg.com/route/?q=,http://search.avg.com/route?q=,,,,regex_match_no_context
case1,regex_baseline,url,ascii,258541484,https://isearch.avg.com/search?q=,https://isearch.avg.com/search?q=,,,,regex_match_no_context
case1,regex_baseline,url,ascii,258541531,https://search.avg.com/route/?q=,https://search.avg.com/route?q=,,,,regex_match_no_context
case1,regex_baseline,url,ascii,258541592,http://search.babylon.com/?q=,http://search.babylon.com?q=,,,,regex_match_no_context
case1,regex_baseline,url,ascii,258541635,http://search.conduit.com/Results.aspx?q=,http://search.conduit.com/Results.aspx?q=,,,,regex_match_no_context
case1,regex_baseline,url,ascii,258541690,http://www.delfi.lt/paieska/?q=,http://www.delfi.lt/paieska?q=,,,,regex_match_no_context
case1,regex_baseline,url,ascii,258541735,http://www.delta-search.com/?q=,http://www.delta-search.com?q=,,,,regex_match_no_context
case1,regex_baseline,url,ascii,258541780,http://www1.delta-search.com/home?q=,http://www1.delta-search.com/home?q=,,,,regex_match_no_context
case1,regex_baseline,url,ascii,258541830,http://www1.delta-search.com/?q=,http://www1.delta-search.com?q=,,,,regex_match_no_context
case1,regex_baseline,url,ascii,258541876,http://www2.delta-search.com/home?q=,http://www2.delta-search.com/home?q=,,,,regex_match_no_context
case1,regex_baseline,url,ascii,258541926,http://www2.delta-search.com/?q=,http://www2.delta-search.com?q=,,,,regex_match_no_context
case1,regex_baseline,url,ascii,258541972,http://www.search.delta-search.com/home?q=,http://www.search.delta-search.com/home?q=,,,,regex_match_no_context
case1,regex_baseline,url,ascii,258542028,http://www.search.delta-search.com/?q=,http://www.search.delta-search.com?q=,,,,regex_match_no_context
case1,regex_baseline,url,ascii,258542080,http://www.yhs.delta-search.com/home?q=,http://www.yhs.delta-search.com/home?q=,,,,regex_match_no_context
case1,regex_baseline,url,ascii,258542133,http://www.yhs.delta-search.com/?q=,http://www.yhs.delta-search.com?q=,,,,regex_match_no_context
case1,regex_baseline,url,ascii,258542182,http://mixidj.delta-search.com/home?q=,http://mixidj.delta-search.com/home?q=,,,,regex_match_no_context
case1,regex_baseline,url,ascii,258542234,http://mixidj.delta-search.com/?q=,http://mixidj.delta-search.com?q=,,,,regex_match_no_context
case1,regex_baseline,url,ascii,258542282,http://search.goo.ne.jp/web.jsp?MT=,http://search.goo.ne.jp/web.jsp?MT=,,,,regex_match_no_context
case1,regex_baseline,url,ascii,258542350,http://search.goo.ne.jp/sgt.jsp?MT=,http://search.goo.ne.jp/sgt.jsp?MT=,,,,regex_match_no_context
case1,regex_baseline,url,ascii,258542436,http://search.iminent.com/SearchTheWeb/v6/1033/homepage/Default.aspx#q=,http://search.iminent.com/SearchTheWeb/v6/1033/homepage/Default.aspx,,,,regex_match_no_context
case1,regex_baseline,url,ascii,258542521,http://search.iminent.com/SearchTheWeb/v6/1033/homepage/Result.aspx#q=,http://search.iminent.com/SearchTheWeb/v6/1033/homepage/Result.aspx,,,,regex_match_no_context
case1,regex_baseline,url,ascii,258542605,http://start.iminent.com/?q=,http://start.iminent.com?q=,,,,regex_match_no_context
case1,regex_baseline,url,ascii,258542647,http://start.iminent.com/StartWeb/1033/homepage/#q=,http://start.iminent.com/StartWeb/1033/homepage,,,,regex_match_no_context
case1,regex_baseline,url,ascii,258542712,http://search.incredibar.com/?q=,http://search.incredibar.com?q=,,,,regex_match_no_context
case1,regex_baseline,url,ascii,258542758,http://mystart.incredibar.com/?search=,http://mystart.incredibar.com?search=,,,,regex_match_no_context
case1,regex_baseline,url,ascii,258542810,https://www.neti.ee/cgi-bin/otsing?query=,https://www.neti.ee/cgi-bin/otsing?query=,,,,regex_match_no_context
case1,regex_baseline,url,ascii,258542873,https://www.neti.ee/api/suggestOS?suggestVersion=1&suggestQuery=,https://www.neti.ee/api/suggestOS?suggestVersion=1&suggestQuery=,,,,regex_match_no_context
case1,regex_baseline,url,ascii,258542951,https://nova.rambler.ru/search?query=,https://nova.rambler.ru/search?query=,,,,regex_match_no_context
case1,regex_baseline,url,ascii,258543002,https://nova.rambler.ru/suggest?v=3&query=,https://nova.rambler.ru/suggest?v=3&query=,,,,regex_match_no_context
case1,regex_baseline,url,ascii,258543058,http://www.search-results.com/web?q=,http://www.search-results.com/web?q=,,,,regex_match_no_context
case1,regex_baseline,url,ascii,258543108,http://search.snap.do/?q=,http://search.snap.do?q=,,,,regex_match_no_context
case1,regex_baseline,url,ascii,258543147,http://feed.snapdo.com/?q=,http://feed.snapdo.com?q=,,,,regex_match_no_context
case1,regex_baseline,url,ascii,258543187,http://feed.snap.do/?q=,http://feed.snap.do?q=,,,,regex_match_no_context
case1,regex_baseline,url,ascii,258543224,http://en.softonic.com/s/,http://en.softonic.com/s,,,,regex_match_no_context
case1,regex_baseline,url,ascii,258543263,http://www.softonic.com/s/,http://www.softonic.com/s,,,,regex_match_no_context
case1,regex_baseline,url,ascii,258543303,http://www.softonic.com.br/s/,http://www.softonic.com.br/s,,,,regex_match_no_context
case1,regex_baseline,url,ascii,258543346,http://buscador.softonic.com/?q=,http://buscador.softonic.com?q=,,,,regex_match_no_context
case1,regex_baseline,url,ascii,258543392,http://nl.softonic.com/s/,http://nl.softonic.com/s,,,,regex_match_no_context
case1,regex_baseline,url,ascii,258543431,https://search.softonic.com/?q=,https://search.softonic.com?q=,,,,regex_match_no_context
case1,regex_baseline,url,ascii,258543476,https://en.softonic.com/s/,https://en.softonic.com/s,,,,regex_match_no_context
case1,regex_baseline,url,ascii,258543516,https://www.softonic.com/s/,https://www.softonic.com/s,,,,regex_match_no_context
case1,regex_baseline,url,ascii,258543557,https://www.softonic.com.br/s/,https://www.softonic.com.br/s,,,,regex_match_no_context
case1,regex_baseline,url,ascii,258543601,https://buscador.softonic.com/?q=,https://buscador.softonic.com?q=,,,,regex_match_no_context
case1,regex_baseline,url,ascii,258543648,https://nl.softonic.com/s/,https://nl.softonic.com/s,,,,regex_match_no_context
case1,regex_baseline,url,ascii,258543688,http://start.sweetpacks.com/?q=,http://start.sweetpacks.com?q=,,,,regex_match_no_context
case1,regex_baseline,url,ascii,258543733,http://mysearch.sweetpacks.com/?q=,http://mysearch.sweetpacks.com?q=,,,,regex_match_no_context
case1,regex_baseline,url,ascii,258543781,https://buscador.terra.com.ar/Default.aspx?source=Search&ca=s&query=,https://buscador.terra.com.ar/Default.aspx?source=Search&ca=s&query=,,,,regex_match_no_context
case1,regex_baseline,url,ascii,258543863,https://buscador.terra.es/Default.aspx?source=Search&ca=s&query=,https://buscador.terra.es/Default.aspx?source=Search&ca=s&query=,,,,regex_match_no_context
case1,regex_baseline,url,ascii,258543941,https://search.walla.co.il/?q=,https://search.walla.co.il?q=,,,,regex_match_no_context
case1,regex_baseline,url,ascii,258543985,http://www.zoznam.sk/hladaj.fcgi?s=,http://www.zoznam.sk/hladaj.fcgi?s=,,,,regex_match_no_context
case1,regex_baseline,url,ascii,258577187,https://bugs.chromium.org/p/chromium/issues/list?q=component:Services,https://bugs.chromium.org/p/chromium/issues/list?q=component:Services,,,,regex_match_no_context
case1,regex_baseline,url,ascii,259187867,https://crbug.com/778929.,https://crbug.com/778929.,,,,regex_match_no_context
case1,regex_baseline,url,ascii,259217462,https://www.tensorflow.org/lite/guide/ops_select,https://www.tensorflow.org/lite/guide/ops_select,,,,regex_match_no_context
case1,regex_baseline,url,ascii,259217577,https://www.tensorflow.org/lite/guide/ops_custom,https://www.tensorflow.org/lite/guide/ops_custom,,,,regex_match_no_context
case1,regex_baseline,url,ascii,262567493,https://beacons.gcp.gvt2.com/domainreliability/upload,https://beacons.gcp.gvt2.com/domainreliability/upload,,,,regex_match_no_context
case1,regex_baseline,url,ascii,262567547,https://beacons.gvt2.com/domainreliability/upload,https://beacons.gvt2.com/domainreliability/upload,,,,regex_match_no_context
case1,regex_baseline,url,ascii,262567597,https://beacons2.gvt2.com/domainreliability/upload,https://beacons2.gvt2.com/domainreliability/upload,,,,regex_match_no_context
case1,regex_baseline,url,ascii,262567648,https://beacons3.gvt2.com/domainreliability/upload,https://beacons3.gvt2.com/domainreliability/upload,,,,regex_match_no_context
case1,regex_baseline,url,ascii,262567699,https://beacons4.gvt2.com/domainreliability/upload,https://beacons4.gvt2.com/domainreliability/upload,,,,regex_match_no_context
case1,regex_baseline,url,ascii,262567750,https://beacons5.gvt2.com/domainreliability/upload,https://beacons5.gvt2.com/domainreliability/upload,,,,regex_match_no_context
case1,regex_baseline,url,ascii,262567801,https://beacons5.gvt3.com/domainreliability/upload,https://beacons5.gvt3.com/domainreliability/upload,,,,regex_match_no_context
case1,regex_baseline,url,ascii,262567852,https://clients2.google.com/domainreliability/upload,https://clients2.google.com/domainreliability/upload,,,,regex_match_no_context
case1,regex_baseline,url,ascii,262584905,https://c.android.clients.google.com/,https://c.android.clients.google.com,,,,regex_match_no_context
case1,regex_baseline,url,ascii,262585735,https://c.bigcache.googleapis.com/,https://c.bigcache.googleapis.com,,,,regex_match_no_context
case1,regex_baseline,url,ascii,262586563,https://c.doc-0-0-sj.sj.googleusercontent.com/,https://c.doc-0-0-sj.sj.googleusercontent.com,,,,regex_match_no_context
case1,regex_baseline,url,ascii,262587403,https://c.docs.google.com/,https://c.docs.google.com,,,,regex_match_no_context
case1,regex_baseline,url,ascii,262588222,https://c.drive.google.com/,https://c.drive.google.com,,,,regex_match_no_context
case1,regex_baseline,url,ascii,262589042,https://c.googlesyndication.com/,https://c.googlesyndication.com,,,,regex_match_no_context
case1,regex_baseline,url,ascii,262589868,https://c.pack.google.com/,https://c.pack.google.com,,,,regex_match_no_context
case1,regex_baseline,url,ascii,262590687,https://c.play.google.com/,https://c.play.google.com,,,,regex_match_no_context
case1,regex_baseline,url,ascii,262591506,https://c.youtube.com/,https://c.youtube.com,,,,regex_match_no_context
case1,regex_baseline,url,ascii,262592322,https://clients2.google.com/,https://clients2.google.com,,,,regex_match_no_context
case1,regex_baseline,url,ascii,262592964,https://docs.google.com/,https://docs.google.com,,,,regex_match_no_context
case1,regex_baseline,url,ascii,262593629,https://gcp.gvt2.com/,https://gcp.gvt2.com,,,,regex_match_no_context
case1,regex_baseline,url,ascii,262594264,https://gcp.gvt6.com/,https://gcp.gvt6.com,,,,regex_match_no_context
case1,regex_baseline,url,ascii,262594899,https://google-analytics.com/,https://google-analytics.com,,,,regex_match_no_context
case1,regex_baseline,url,ascii,262595557,https://googlevideo.com/,https://googlevideo.com,,,,regex_match_no_context
case1,regex_baseline,url,ascii,262596375,https://gvt1.com/,https://gvt1.com,,,,regex_match_no_context
case1,regex_baseline,url,ascii,262597186,https://gvt2.com/,https://gvt2.com,,,,regex_match_no_context
case1,regex_baseline,url,ascii,262597817,https://gvt6.com/,https://gvt6.com,,,,regex_match_no_context
case1,regex_baseline,url,ascii,300661883,https://crbug.com/1058527.,https://crbug.com/1058527.,,,,regex_match_no_context
case1,regex_baseline,url,ascii,311849051,https://support.microsoft.com/en-us/topic/media-feature-pack-for-windows-10-n-may-2020-ebbdf559-b84c-0fc2-bd51-e23c9f6a4439,https://support.microsoft.com/en-us/topic/media-feature-pack-for-windows-10-n-may-2020-ebbdf559-b84c-0fc2-bd51-e23c9f6a4439,,,,regex_match_no_context
case1,regex_baseline,url,ascii,327309276,https://source.chromium.org/chromium/chromium/src/+/main:ui/gfx/color_transform.cc;l=541),https://source.chromium.org/chromium/chromium/src/+/main:ui/gfx/color_transform.cc;l=541),,,,regex_match_no_context
case1,regex_baseline,url,ascii,327336709,https://bugs.chromium.org/p/dawn/issues/detail?id=42,https://bugs.chromium.org/p/dawn/issues/detail?id=42,,,,regex_match_no_context
case1,regex_baseline,url,ascii,327336850,https://bugs.chromium.org/p/dawn/issues/detail?id=955,https://bugs.chromium.org/p/dawn/issues/detail?id=955,,,,regex_match_no_context
case1,regex_baseline,url,ascii,327337058,https://bugs.chromium.org/p/dawn/issues/detail?id=434,https://bugs.chromium.org/p/dawn/issues/detail?id=434,,,,regex_match_no_context
case1,regex_baseline,url,ascii,327337308,https://bugs.chromium.org/p/dawn/issues/detail?id=1178,https://bugs.chromium.org/p/dawn/issues/detail?id=1178,,,,regex_match_no_context
case1,regex_baseline,url,ascii,327337430,https://bugs.chromium.org/p/dawn/issues/detail?id=690,https://bugs.chromium.org/p/dawn/issues/detail?id=690,,,,regex_match_no_context
case1,regex_baseline,url,ascii,327337558,https://bugs.chromium.org/p/tint/issues/detail?id=1497,https://bugs.chromium.org/p/tint/issues/detail?id=1497,,,,regex_match_no_context
case1,regex_baseline,url,ascii,327337699,https://bugs.chromium.org/p/dawn/issues/detail?id=1197,https://bugs.chromium.org/p/dawn/issues/detail?id=1197,,,,regex_match_no_context
case1,regex_baseline,url,ascii,327337810,https://bugs.chromium.org/p/dawn/issues/detail?id=1510,https://bugs.chromium.org/p/dawn/issues/detail?id=1510,,,,regex_match_no_context
case1,regex_baseline,url,ascii,327338026,https://bugs.chromium.org/p/dawn/issues/detail?id=1518,https://bugs.chromium.org/p/dawn/issues/detail?id=1518,,,,regex_match_no_context
case1,regex_baseline,url,ascii,327338163,https://bugs.chromium.org/p/dawn/issues/detail?id=1591,https://bugs.chromium.org/p/dawn/issues/detail?id=1591,,,,regex_match_no_context
case1,regex_baseline,url,ascii,327338388,https://dawn.googlesource.com/dawn/+/refs/heads/main/docs/dawn/features/dawn_internal_usages.md,https://dawn.googlesource.com/dawn/+/refs/heads/main/docs/dawn/features/dawn_internal_usages.md,,,,regex_match_no_context
case1,regex_baseline,url,ascii,327338569,https://bugs.chromium.org/p/dawn/issues/detail?id=551,https://bugs.chromium.org/p/dawn/issues/detail?id=551,,,,regex_match_no_context
case1,regex_baseline,url,ascii,327338676,https://dawn.googlesource.com/dawn/+/refs/heads/main/docs/dawn/features/dawn_native.md,https://dawn.googlesource.com/dawn/+/refs/heads/main/docs/dawn/features/dawn_native.md,,,,regex_match_no_context
case1,regex_baseline,url,ascii,328382962,https://crbug.com/dawn/56,https://crbug.com/dawn/56,,,,regex_match_no_context
case1,regex_baseline,url,ascii,328383227,https://crbug.com/dawn/145,https://crbug.com/dawn/145,,,,regex_match_no_context
case1,regex_baseline,url,ascii,328384088,https://crbug.com/dawn/237,https://crbug.com/dawn/237,,,,regex_match_no_context
case1,regex_baseline,url,ascii,328384571,https://github.com/KhronosGroup/Vulkan-Docs/issues/1005),https://github.com/KhronosGroup/Vulkan-Docs/issues/1005),,,,regex_match_no_context
case1,regex_baseline,url,ascii,328384646,https://crbug.com/dawn/42,https://crbug.com/dawn/42,,,,regex_match_no_context
case1,regex_baseline,url,ascii,328384877,https://crbug.com/dawn/27,https://crbug.com/dawn/27,,,,regex_match_no_context
case1,regex_baseline,url,ascii,328385112,https://crbug.com/dawn/36,https://crbug.com/dawn/36,,,,regex_match_no_context
case1,regex_baseline,url,ascii,328385489,https://crbug.com/dawn/193,https://crbug.com/dawn/193,,,,regex_match_no_context
case1,regex_baseline,url,ascii,328385717,https://crbug.com/1313172,https://crbug.com/1313172,,,,regex_match_no_context
case1,regex_baseline,url,ascii,328385803,https://crbug.com/dawn/271,https://crbug.com/dawn/271,,,,regex_match_no_context
case1,regex_baseline,url,ascii,328386047,https://crbug.com/dawn/286,https://crbug.com/dawn/286,,,,regex_match_no_context
case1,regex_baseline,url,ascii,328386278,https://crbug.com/dawn/666,https://crbug.com/dawn/666,,,,regex_match_no_context
case1,regex_baseline,url,ascii,328386423,https://crbug.com/dawn/342,https://crbug.com/dawn/342,,,,regex_match_no_context
case1,regex_baseline,url,ascii,328386747,https://crbug.com/dawn/434,https://crbug.com/dawn/434,,,,regex_match_no_context
case1,regex_baseline,url,ascii,328386875,https://crbug.com/dawn/343,https://crbug.com/dawn/343,,,,regex_match_no_context
case1,regex_baseline,url,ascii,328387122,https://crbug.com/dawn/582,https://crbug.com/dawn/582,,,,regex_match_no_context
case1,regex_baseline,url,ascii,328387245,https://crbug.com/dawn/667,https://crbug.com/dawn/667,,,,regex_match_no_context
case1,regex_baseline,url,ascii,328387674,https://crbug.com/dawn/1393,https://crbug.com/dawn/1393,,,,regex_match_no_context
case1,regex_baseline,url,ascii,328387816,https://crbug.com/dawn/673,https://crbug.com/dawn/673,,,,regex_match_no_context
case1,regex_baseline,url,ascii,328388018,https://crbug.com/dawn/155,https://crbug.com/dawn/155,,,,regex_match_no_context
case1,regex_baseline,url,ascii,328388147,https://crbug.com/dawn/402,https://crbug.com/dawn/402,,,,regex_match_no_context
case1,regex_baseline,url,ascii,328388222,https://crbug.com/dawn/480,https://crbug.com/dawn/480,,,,regex_match_no_context
case1,regex_baseline,url,ascii,328388466,http://crbug.com/1138528,http://crbug.com/1138528,,,,regex_match_no_context
case1,regex_baseline,url,ascii,328388592,https://crbug.com/dawn/633,https://crbug.com/dawn/633,,,,regex_match_no_context
case1,regex_baseline,url,ascii,328389158,https://crbug.com/1161355,https://crbug.com/1161355,,,,regex_match_no_context
case1,regex_baseline,url,ascii,328389383,https://crbug.com/dawn/776,https://crbug.com/dawn/776,,,,regex_match_no_context
case1,regex_baseline,url,ascii,328389634,https://crbug.com/1214923,https://crbug.com/1214923,,,,regex_match_no_context
case1,regex_baseline,url,ascii,328389828,https://crbug.com/dawn/792,https://crbug.com/dawn/792,,,,regex_match_no_context
case1,regex_baseline,url,ascii,328390093,https://crbug.com/dawn/960,https://crbug.com/dawn/960,,,,regex_match_no_context
case1,regex_baseline,url,ascii,328390214,https://crbug.com/tint/1003,https://crbug.com/tint/1003,,,,regex_match_no_context
case1,regex_baseline,url,ascii,328390329,https://crbug.com/dawn/1016,https://crbug.com/dawn/1016,,,,regex_match_no_context
case1,regex_baseline,url,ascii,328390479,https://crbug.com/dawn/840,https://crbug.com/dawn/840,,,,regex_match_no_context
case1,regex_baseline,url,ascii,328390820,https://crbug.com/dawn/136,https://crbug.com/dawn/136,,,,regex_match_no_context
case1,regex_baseline,url,ascii,328391001,https://crbug.com/dawn/1203,https://crbug.com/dawn/1203,,,,regex_match_no_context
case1,regex_baseline,url,ascii,328391342,https://crbug.com/dawn/1264,https://crbug.com/dawn/1264,,,,regex_match_no_context
case1,regex_baseline,url,ascii,328391466,https://crbug.com/dawn/1305,https://crbug.com/dawn/1305,,,,regex_match_no_context
case1,regex_baseline,url,ascii,328391686,https://crbug.com/dawn/1302,https://crbug.com/dawn/1302,,,,regex_match_no_context
case1,regex_baseline,url,ascii,328392204,https://crbug.com/dawn/1289,https://crbug.com/dawn/1289,,,,regex_match_no_context
case1,regex_baseline,url,ascii,328392550,https://crbug.com/dawn/1071,https://crbug.com/dawn/1071,,,,regex_match_no_context
case1,regex_baseline,url,ascii,328392745,https://crbug.com/dawn/549,https://crbug.com/dawn/549,,,,regex_match_no_context
case1,regex_baseline,url,ascii,328393031,https://crbug.com/dawn/1487,https://crbug.com/dawn/1487,,,,regex_match_no_context
case1,regex_baseline,url,ascii,328393517,https://crbug.com/dawn/1276,https://crbug.com/dawn/1276,,,,regex_match_no_context
case1,regex_baseline,url,ascii,328393891,https://crbug.com/dawn/949,https://crbug.com/dawn/949,,,,regex_match_no_context
case1,regex_baseline,url,ascii,328394256,https://crbug.com/dawn/727,https://crbug.com/dawn/727,,,,regex_match_no_context
case1,regex_baseline,url,ascii,328394557,https://crbug.com/dawn/1216,https://crbug.com/dawn/1216,,,,regex_match_no_context
case1,regex_baseline,url,ascii,328395229,https://crbug.com/dawn/537,https://crbug.com/dawn/537,,,,regex_match_no_context
case1,regex_baseline,url,ascii,328395530,https://crbug.com/dawn/1473,https://crbug.com/dawn/1473,,,,regex_match_no_context
case1,regex_baseline,url,ascii,328395911,https://crbug.com/dawn/1564,https://crbug.com/dawn/1564,,,,regex_match_no_context
case1,regex_baseline,url,ascii,328396269,https://crbug.com/1237175,https://crbug.com/1237175,,,,regex_match_no_context
case1,regex_baseline,url,ascii,328396784,https://crbug.com/dawn/1389,https://crbug.com/dawn/1389,,,,regex_match_no_context
case1,regex_baseline,url,ascii,328397585,https://crbug.com/dawn/838,https://crbug.com/dawn/838,,,,regex_match_no_context
case1,regex_baseline,url,ascii,328398303,https://crbug.com/dawn/1083,https://crbug.com/dawn/1083,,,,regex_match_no_context
case1,regex_baseline,url,ascii,328398589,https://crbug.com/dawn/1579,https://crbug.com/dawn/1579,,,,regex_match_no_context
case1,regex_baseline,url,ascii,328398856,https://crbug.com/dawn/1563,https://crbug.com/dawn/1563,,,,regex_match_no_context
case1,regex_baseline,url,ascii,328399091,https://crbug.com/tint/1798,https://crbug.com/tint/1798,,,,regex_match_no_context
case1,regex_baseline,url,ascii,328399371,https://crbug.com/dawn/1462,https://crbug.com/dawn/1462,,,,regex_match_no_context
case1,regex_baseline,url,ascii,328399582,https://crbug.com/dawn/966,https://crbug.com/dawn/966,,,,regex_match_no_context
case1,regex_baseline,url,ascii,328453529,https://crbug.com/tint.,https://crbug.com/tint.,,,,regex_match_no_context
case1,regex_baseline,url,ascii,328505055,https://crbug.com/1338622.,https://crbug.com/1338622.,,,,regex_match_no_context
case1,regex_baseline,url,ascii,328749822,https://gpuweb.github.io/gpuweb/wgsl/#texel-formats,https://gpuweb.github.io/gpuweb/wgsl,,,,regex_match_no_context
case1,regex_baseline,url,ascii,491516640,https://crbug.com/1088650,https://crbug.com/1088650,,,,regex_match_no_context
case1,regex_baseline,url,ascii,547408310,https://android.clients.google.com/checkin,https://android.clients.google.com/checkin,,,,regex_match_no_context
case1,regex_baseline,url,ascii,547408534,https://android.clients.google.com/c2dm/register3,https://android.clients.google.com/c2dm/register3,,,,regex_match_no_context
case1,regex_baseline,url,ascii,547408718,https://%s:%d,https://%s:%d,,,,regex_match_no_context
case1,regex_baseline,url,ascii,589424927,http://support.google.com/chrome/?p=tab_search,http://support.google.com/chrome?p=tab_search,,,,regex_match_no_context
case1,regex_baseline,url,ascii,659007376,https://bit.ly/3rpDuEX.,https://bit.ly/3rpDuEX.,,,,regex_match_no_context
case1,regex_baseline,url,ascii,659007668,https://crbug.com/1154140,https://crbug.com/1154140,,,,regex_match_no_context
case1,regex_baseline,url,ascii,710222492,http://ns.adobe.com/AcrobatAdhocWorkflow/1.0/,http://ns.adobe.com/AcrobatAdhocWorkflow/1.0,,,,regex_match_no_context
case1,regex_baseline,url,ascii,710920301,http://ns.adobe.com/xdp/pdf/,http://ns.adobe.com/xdp/pdf,,,,regex_match_no_context
case1,regex_baseline,url,ascii,710954536,http://ns.adobe.com/xdp/,http://ns.adobe.com/xdp,,,,regex_match_no_context
case1,regex_baseline,url,ascii,710958980,http://ns.adobe.com/data-description/,http://ns.adobe.com/data-description,,,,regex_match_no_context
case1,regex_baseline,url,ascii,710960938,http://www.xfa.com/schema/xfa-package/,http://www.xfa.com/schema/xfa-package,,,,regex_match_no_context
case1,regex_baseline,url,ascii,710960977,http://www.xfa.org/schema/xfa-package/,http://www.xfa.org/schema/xfa-package,,,,regex_match_no_context
case1,regex_baseline,url,ascii,710961016,http://www.w3.org/2001/XMLSchema-instance,http://www.w3.org/2001/XMLSchema-instance,,,,regex_match_no_context
case1,regex_baseline,url,ascii,710961120,http://www.xfa.org/schema/xfa-data/1.0/,http://www.xfa.org/schema/xfa-data/1.0,,,,regex_match_no_context
case1,regex_baseline,url,ascii,711037478,http://www.xfa.org/schema/xfa-source-set/,http://www.xfa.org/schema/xfa-source-set,,,,regex_match_no_context
case1,regex_baseline,url,ascii,711037557,http://www.xfa.org/schema/xdc/,http://www.xfa.org/schema/xdc,,,,regex_match_no_context
case1,regex_baseline,url,ascii,711037625,http://ns.adobe.com/xmpmeta/,http://ns.adobe.com/xmpmeta,,,,regex_match_no_context
case1,regex_baseline,url,ascii,711037659,http://ns.adobe.com/xfdf/,http://ns.adobe.com/xfdf,,,,regex_match_no_context
case1,regex_baseline,url,ascii,711037692,http://www.xfa.org/schema/xci/,http://www.xfa.org/schema/xci,,,,regex_match_no_context
case1,regex_baseline,url,ascii,711037733,http://www.xfa.org/schema/xfa-locale-set/,http://www.xfa.org/schema/xfa-locale-set,,,,regex_match_no_context
case1,regex_baseline,url,ascii,711037786,http://www.w3.org/1999/XSL/Transform,http://www.w3.org/1999/XSL/Transform,,,,regex_match_no_context
case1,regex_baseline,url,ascii,711037832,http://www.xfa.org/schema/xfa-template/,http://www.xfa.org/schema/xfa-template,,,,regex_match_no_context
case1,regex_baseline,url,ascii,711037872,http://www.w3.org/2000/09/xmldsig#,http://www.w3.org/2000/09/xmldsig,,,,regex_match_no_context
case1,regex_baseline,url,ascii,711037907,http://www.xfa.org/schema/xfa-data/,http://www.xfa.org/schema/xfa-data,,,,regex_match_no_context
case1,regex_baseline,url,ascii,711037943,http://www.xfa.org/schema/xfa-form/,http://www.xfa.org/schema/xfa-form,,,,regex_match_no_context
case1,regex_baseline,url,ascii,711037993,http://www.xfa.org/schema/xfa-connection-set/,http://www.xfa.org/schema/xfa-connection-set,,,,regex_match_no_context
case1,regex_baseline,url,ascii,800647693,https://github.com/WebBluetoothCG/web-bluetooth/blob/main/implementation-status.md,https://github.com/WebBluetoothCG/web-bluetooth/blob/main/implementation-status.md,,,,regex_match_no_context
case1,regex_baseline,url,ascii,800654424,https://goo.gl/J6ASzs,https://goo.gl/J6ASzs,,,,regex_match_no_context
case1,regex_baseline,url,ascii,800655131,https://goo.gl/4NeimX,https://goo.gl/4NeimX,,,,regex_match_no_context
case1,regex_baseline,url,ascii,800655515,https://goo.gl/HxfxSQ,https://goo.gl/HxfxSQ,,,,regex_match_no_context
case1,regex_baseline,url,ascii,800666287,https://www.bluetooth.com/specifications/gatt/services,https://www.bluetooth.com/specifications/gatt/services,,,,regex_match_no_context
case1,regex_baseline,url,ascii,800666369,https://www.bluetooth.com/specifications/gatt/characteristics,https://www.bluetooth.com/specifications/gatt/characteristics,,,,regex_match_no_context
case1,regex_baseline,url,ascii,800666470,https://www.bluetooth.com/specifications/gatt/descriptors,https://www.bluetooth.com/specifications/gatt/descriptors,,,,regex_match_no_context
case1,regex_baseline,url,ascii,800716222,https://html.spec.whatwg.org/multipage/canvas.html#concept-canvas-will-read-frequently,https://html.spec.whatwg.org/multipage/canvas.html,,,,regex_match_no_context
case1,regex_baseline,url,ascii,800743230,https://goo.gl/EuHzyv,https://goo.gl/EuHzyv,,,,regex_match_no_context
case1,regex_baseline,url,ascii,800778518,https://chromium.googlesource.com/chromium/src/+/main/content/browser/webauth/pub_key_cred_params.md,https://chromium.googlesource.com/chromium/src/+/main/content/browser/webauth/pub_key_cred_params.md,,,,regex_match_no_context
case1,regex_baseline,url,ascii,800781775,https://www.w3.org/TR/webauthn-2/#sctn-privacy-considerations-client.,https://www.w3.org/TR/webauthn-2,,,,regex_match_no_context
case1,regex_baseline,url,ascii,800782934,https://chromium.googlesource.com/chromium/src/+/main/content/browser/webauth/origins.md,https://chromium.googlesource.com/chromium/src/+/main/content/browser/webauth/origins.md,,,,regex_match_no_context
case1,regex_baseline,url,ascii,800784826,https://crbug.com/1393662).,https://crbug.com/1393662).,,,,regex_match_no_context
case1,regex_baseline,url,ascii,800828520,https://github.com/w3c/webappsec-permissions-policy/blob/master/features.md#sensor-features,https://github.com/w3c/webappsec-permissions-policy/blob/master/features.md,,,,regex_match_no_context
case1,regex_baseline,url,ascii,800908031,https://github.com/w3c/gamepad/pull/120,https://github.com/w3c/gamepad/pull/120,,,,regex_match_no_context
case1,regex_baseline,url,ascii,801137270,https://crbug.com/1144908,https://crbug.com/1144908,,,,regex_match_no_context
case1,regex_baseline,url,ascii,801294374,https://google.com/pay,https://google.com/pay,,,,regex_match_no_context
case1,regex_baseline,url,ascii,801294406,https://android.com/pay,https://android.com/pay,,,,regex_match_no_context
case1,regex_baseline,url,ascii,801294822,https://play.google.com/billing,https://play.google.com/billing,,,,regex_match_no_context
case1,regex_baseline,url,ascii,801321500,https://datatracker.ietf.org/doc/draft-ietf-rtcweb-ip-handling.,https://datatracker.ietf.org/doc/draft-ietf-rtcweb-ip-handling.,,,,regex_match_no_context
case1,regex_baseline,url,ascii,801350776,https://example.org,https://example.org,,,,regex_match_no_context
case1,regex_baseline,url,ascii,801544759,https://www.chromestatus.com/feature/5682658461876224.,https://www.chromestatus.com/feature/5682658461876224.,,,,regex_match_no_context
case1,regex_baseline,url,ascii,801544915,https://www.chromestatus.com/feature/5644273861001216.,https://www.chromestatus.com/feature/5644273861001216.,,,,regex_match_no_context
case1,regex_baseline,url,ascii,801560438,https://goo.gl/7K7WLu,https://goo.gl/7K7WLu,,,,regex_match_no_context
case1,regex_baseline,url,ascii,801629781,https://bit.ly/audio-worklet),https://bit.ly/audio-worklet),,,,regex_match_no_context
case1,regex_baseline,url,ascii,867303934,http://crbug.com/619103.,http://crbug.com/619103.,,,,regex_match_no_context
case1,regex_baseline,url,ascii,867303989,https://crbug.com/619103.,https://crbug.com/619103.,,,,regex_match_no_context
case1,regex_baseline,url,ascii,867490831,https://goo.gl/Y0ZkNV).,https://goo.gl/Y0ZkNV).,,,,regex_match_no_context
case1,regex_baseline,url,ascii,867629391,https://dev.chromium.org/throttling,https://dev.chromium.org/throttling,,,,regex_match_no_context
case1,regex_baseline,url,ascii,867645463,https://www.chromestatus.com/feature/5527160148197376,https://www.chromestatus.com/feature/5527160148197376,,,,regex_match_no_context
case1,regex_baseline,url,ascii,870135233,http://dictionaryperceptionrevolutionfoundationpx;height:successfulsupportersmillenniumhis,http://dictionaryperceptionrevolutionfoundationpx;height:successfulsupportersmillenniumhis,,,,regex_match_no_context
case1,regex_baseline,url,ascii,870143808,http://mathematicsmargin-top:eventually,http://mathematicsmargin-top:eventually,,,,regex_match_no_context
case1,regex_baseline,url,ascii,870144677,http://Descriptionrelatively,http://descriptionrelatively,,,,regex_match_no_context
case1,regex_baseline,url,ascii,870154723,http://applicationslink,http://applicationslink,,,,regex_match_no_context
case1,regex_baseline,url,ascii,870156931,http://navigation,http://navigation,,,,regex_match_no_context
case1,regex_baseline,url,ascii,870160203,http://www.years,http://www.years,,,,regex_match_no_context
case1,regex_baseline,url,ascii,870168249,http://interested,http://interested,,,,regex_match_no_context
case1,regex_baseline,url,ascii,870170251,http://familiar,http://familiar,,,,regex_match_no_context
case1,regex_baseline,url,ascii,870174456,https://was,https://was,,,,regex_match_no_context
case1,regex_baseline,url,ascii,870175043,https://aIn,https://ain,,,,regex_match_no_context
case1,regex_baseline,url,ascii,870175941,http://whether,http://whether,,,,regex_match_no_context
case1,regex_baseline,url,ascii,870178811,http://interpreted,http://interpreted,,,,regex_match_no_context
case1,regex_baseline,url,ascii,870185055,http://addEventListenerresponsible,http://addeventlistenerresponsible,,,,regex_match_no_context
case1,regex_baseline,url,ascii,870186755,http://.jpg,http://.jpg,,,,regex_match_no_context
case1,regex_baseline,url,ascii,870187163,http://according,http://according,,,,regex_match_no_context
case1,regex_baseline,url,ascii,870187329,http://www.interpretation,http://www.interpretation,,,,regex_match_no_context
case1,regex_baseline,url,ascii,870189204,http://s;text-align:centerfont-weight:,http://s;text-align:centerfont-weight:,,,,regex_match_no_context
case1,regex_baseline,url,ascii,870189331,http://html4/loose.dtd,http://html4/loose.dtd,,,,regex_match_no_context
case1,regex_baseline,url,ascii,870189619,http://style=,http://style=,,,,regex_match_no_context
case1,regex_baseline,url,ascii,870190135,http://staticsuggested,http://staticsuggested,,,,regex_match_no_context
case1,regex_baseline,url,ascii,870190173,http://www.a,http://www.a,,,,regex_match_no_context
case1,regex_baseline,url,ascii,870191108,https://www.recent,https://www.recent,,,,regex_match_no_context
case1,regex_baseline,url,ascii,870193676,http://www./div,http://www./div,,,,regex_match_no_context
case1,regex_baseline,url,ascii,870193737,http://cript,http://cript,,,,regex_match_no_context
case1,regex_baseline,url,ascii,870193789,http://www.wencodeURIComponent(,http://www.wencodeuricomponent(,,,,regex_match_no_context
case1,regex_baseline,url,ascii,870194060,http://encoding=,http://encoding=,,,,regex_match_no_context
case1,regex_baseline,url,ascii,870194113,http://www.icon,http://www.icon,,,,regex_match_no_context
case1,regex_baseline,url,ascii,870194514,http://imEnglish,http://imenglish,,,,regex_match_no_context
case1,regex_baseline,url,ascii,870195963,http://site_name,http://site_name,,,,regex_match_no_context
case1,regex_baseline,url,ascii,870196199,http://www.hortcut,http://www.hortcut,,,,regex_match_no_context
case1,regex_baseline,url,ascii,870197442,http://iparticipation,http://iparticipation,,,,regex_match_no_context
case1,regex_baseline,url,ascii,870198599,http://www.w3.org/shortcut,http://www.w3.org/shortcut,,,,regex_match_no_context
case1,regex_baseline,url,ascii,870198736,http://xt/css,http://xt/css,,,,regex_match_no_context
case1,regex_baseline,url,ascii,870198757,http://link,http://link,,,,regex_match_no_context
case1,regex_baseline,url,ascii,870198900,http://www.text-decoration:underthe,http://www.text-decoration:underthe,,,,regex_match_no_context
case1,regex_baseline,url,ascii,870199051,http://option,http://option,,,,regex_match_no_context
case1,regex_baseline,url,ascii,870199174,http://www,http://www,,,,regex_match_no_context
case1,regex_baseline,url,ascii,870199939,http://.css,http://.css,,,,regex_match_no_context
case1,regex_baseline,url,ascii,870200243,http://www.style=,http://www.style=,,,,regex_match_no_context
case1,regex_baseline,url,ascii,870200705,http://www.css,http://www.css,,,,regex_match_no_context
case1,regex_baseline,url,ascii,870200907,http://ator,http://ator,,,,regex_match_no_context
case1,regex_baseline,url,ascii,870200947,http://www.language=,http://www.language=,,,,regex_match_no_context
case1,regex_baseline,url,ascii,870201327,http://www-//W3C//DTD,http://www-//W3C//DTD,,,,regex_match_no_context
case1,regex_baseline,url,ascii,870201583,http://UA-Compatible,http://ua-compatible,,,,regex_match_no_context
case1,regex_baseline,url,ascii,870202139,http://www.C//DTD,http://www.c//DTD,,,,regex_match_no_context
case1,regex_baseline,url,ascii,1093518694,https://passwordsleakcheck-pa.googleapis.com/v1/leaks:lookupSingle,https://passwordsleakcheck-pa.googleapis.com/v1/leaks:lookupSingle,,,,regex_match_no_context
case1,regex_baseline,url,ascii,1093766195,https://www.chromestatus.com/feature/5706745674465280,https://www.chromestatus.com/feature/5706745674465280,,,,regex_match_no_context
case1,regex_baseline,url,ascii,1093766347,https://www.chromestatus.com/feature/6311883621531648,https://www.chromestatus.com/feature/6311883621531648,,,,regex_match_no_context
case1,regex_baseline,url,ascii,1093795544,https://www.chromestatus.com/feature/6443143280984064,https://www.chromestatus.com/feature/6443143280984064,,,,regex_match_no_context
case1,regex_baseline,url,ascii,1093805264,https://support.google.com/webtools/answer/9799048.,https://support.google.com/webtools/answer/9799048.,,,,regex_match_no_context
case1,regex_baseline,url,ascii,1093805939,https://support.google.com/webtools/answer/9799048,https://support.google.com/webtools/answer/9799048,,,,regex_match_no_context
case1,regex_baseline,url,ascii,1093824150,https://webpermissionpredictions.googleapis.com/v1:generatePredictions,https://webpermissionpredictions.googleapis.com/v1:generatePredictions,,,,regex_match_no_context
case1,regex_baseline,url,ascii,1093881110,https://safebrowsing.google.com/safebrowsing,https://safebrowsing.google.com/safebrowsing,,,,regex_match_no_context
case1,regex_baseline,url,ascii,1093881238,https://safebrowsing.googleapis.com/v4,https://safebrowsing.googleapis.com/v4,,,,regex_match_no_context
case1,regex_baseline,url,ascii,1093907574,https://sb-ssl.google.com/safebrowsing/clientreport/login,https://sb-ssl.google.com/safebrowsing/clientreport/login,,,,regex_match_no_context
case1,regex_baseline,url,ascii,1093938070,https://chrome.google.com/webstore/detail/%s,https://chrome.google.com/webstore/detail/%s,,,,regex_match_no_context
case1,regex_baseline,url,ascii,1094103259,http://crbug.com/454513,http://crbug.com/454513,,,,regex_match_no_context
case1,regex_baseline,url,ascii,1094190678,https://developer.chrome.com/apps/declare_permissions.html,https://developer.chrome.com/apps/declare_permissions.html,,,,regex_match_no_context
case1,regex_baseline,url,ascii,1094190742,https://developer.chrome.com/extensions/manifest.html#permissions,https://developer.chrome.com/extensions/manifest.html,,,,regex_match_no_context
case1,regex_baseline,url,ascii,1094213686,https://www.googleapis.com/auth/chromewebstore.readonly,https://www.googleapis.com/auth/chromewebstore.readonly,,,,regex_match_no_context
case1,regex_baseline,url,ascii,1094222822,http://www.google.com/update2/response,http://www.google.com/update2/response,,,,regex_match_no_context
case1,regex_baseline,url,ascii,1094936797,https://goo.gle/improved-pwa-offline-detection,https://goo.gle/improved-pwa-offline-detection,,,,regex_match_no_context
case1,regex_baseline,url,ascii,1094953910,https://google.com/cast#__castAppId__=,https://google.com/cast,,,,regex_match_no_context
case1,regex_baseline,url,ascii,1095027702,https://sb-ssl.google.com/safebrowsing/clientreport/phishing,https://sb-ssl.google.com/safebrowsing/clientreport/phishing,,,,regex_match_no_context
case1,regex_baseline,url,ascii,1095042806,https://history.google.com/history/api/lookup?client=aesb,https://history.google.com/history/api/lookup?client=aesb,,,,regex_match_no_context
case1,regex_baseline,url,ascii,1095083398,https://www.googleapis.com/spelling/v%d/spelling/check?key=%s,https://www.googleapis.com/spelling/v%d/spelling/check?key=%s,,,,regex_match_no_context
case1,regex_baseline,url,ascii,1095762866,https://%s%s,https://%s%s,,,,regex_match_no_context
case1,regex_baseline,url,ascii,1095854358,https://safesearch.googleapis.com/v1:classify,https://safesearch.googleapis.com/v1:classify,,,,regex_match_no_context
case1,regex_baseline,url,ascii,1096009729,https://www.chromestatus.com/feature/5243055179300864,https://www.chromestatus.com/feature/5243055179300864,,,,regex_match_no_context
case1,regex_baseline,url,ascii,1096034886,https://memex-pa.googleapis.com/v1/shopping/subscriptions,https://memex-pa.googleapis.com/v1/shopping/subscriptions,,,,regex_match_no_context
case1,regex_baseline,url,ascii,1096041174,https://www.googleapis.com/auth/chromememex,https://www.googleapis.com/auth/chromememex,,,,regex_match_no_context
case1,regex_baseline,url,ascii,1096041302,https://memex-pa.googleapis.com/v1/notifications/preferences,https://memex-pa.googleapis.com/v1/notifications/preferences,,,,regex_match_no_context
case1,regex_baseline,url,ascii,1096041414,https://history.google.com/history/api/lookup?client=web_app,https://history.google.com/history/api/lookup?client=web_app,,,,regex_match_no_context
case1,regex_baseline,url,ascii,1096041478,https://www.googleapis.com/auth/chromesync,https://www.googleapis.com/auth/chromesync,,,,regex_match_no_context
case1,regex_baseline,url,ascii,1096228598,https://connectivitycheck.gstatic.com/generate_204,https://connectivitycheck.gstatic.com/generate_204,,,,regex_match_no_context
case1,regex_baseline,url,ascii,1096368918,https://dl.google.com/dl/softwareremovaltool/win/,https://dl.google.com/dl/softwareremovaltool/win,,,,regex_match_no_context
case1,regex_baseline,url,ascii,1096455846,https://discover-pa.googleapis.com/,https://discover-pa.googleapis.com,,,,regex_match_no_context
case1,regex_baseline,url,ascii,1096457110,https://www.google.com/httpservice/noretry/TrellisClankService/FeedQuery,https://www.google.com/httpservice/noretry/TrellisClankService/FeedQuery,,,,regex_match_no_context
case1,regex_baseline,url,ascii,1096457183,https://www.google.com/httpservice/retry/TrellisClankService/NextPageQuery,https://www.google.com/httpservice/retry/TrellisClankService/NextPageQuery,,,,regex_match_no_context
case1,regex_baseline,url,ascii,1096457258,https://www.google.com/httpservice/retry/TrellisClankService/FeedQuery,https://www.google.com/httpservice/retry/TrellisClankService/FeedQuery,,,,regex_match_no_context
case1,regex_baseline,url,ascii,1096518442,https://www.chromestatus.com/feature/4800491902992384?utm_source=devtools,https://www.chromestatus.com/feature/4800491902992384?utm_source=devtools,,,,regex_match_no_context
case1,regex_baseline,url,ascii,1096541489,https://ckintersect-pa.googleapis.com/v1/intersect/pixels,https://ckintersect-pa.googleapis.com/v1/intersect/pixels,,,,regex_match_no_context
case1,regex_baseline,url,ascii,1096541564,https://ckintersect-pa.googleapis.com/v1/intersect/langs,https://ckintersect-pa.googleapis.com/v1/intersect/langs,,,,regex_match_no_context
case1,regex_baseline,url,ascii,1096577544,https://remotedesktop.google.com,https://remotedesktop.google.com,,,,regex_match_no_context
case1,regex_baseline,url,ascii,1096577577,https://remotedesktop.corp.google.com,https://remotedesktop.corp.google.com,,,,regex_match_no_context
case1,regex_baseline,url,ascii,1096984107,http://schemas.microsoft.com/office/word/2003/wordml,http://schemas.microsoft.com/office/word/2003/wordml,,,,regex_match_no_context
case1,regex_baseline,url,ascii,1097191043,https://chromestatus.com/feature/5680742077038592,https://chromestatus.com/feature/5680742077038592,,,,regex_match_no_context
case1,regex_baseline,url,ascii,1097228374,https://g.co/Pixelbook/legal,https://g.co/Pixelbook/legal,,,,regex_match_no_context
case1,regex_baseline,url,ascii,1097228406,https://g.co/PixelSlate/legal,https://g.co/PixelSlate/legal,,,,regex_match_no_context
case1,regex_baseline,url,ascii,1097231830,https://support.google.com/chrome/a/?p=cast_to_class_teacher,https://support.google.com/chrome/a?p=cast_to_class_teacher,,,,regex_match_no_context
case1,regex_baseline,url,ascii,1097231894,https://support.google.com/chrome/?p=image_descriptions,https://support.google.com/chrome?p=image_descriptions,,,,regex_match_no_context
case1,regex_baseline,url,ascii,1097231958,https://support.google.com/chrome/?p=ad_privacy,https://support.google.com/chrome?p=ad_privacy,,,,regex_match_no_context
case1,regex_baseline,url,ascii,1097232006,https://support.google.com/chrome/?p=ui_automatic_settings_reset,https://support.google.com/chrome?p=ui_automatic_settings_reset,,,,regex_match_no_context
case1,regex_baseline,url,ascii,1097232086,https://support.google.com/accounts/accounts?p=safe-browsing,https://support.google.com/accounts/accounts?p=safe-browsing,,,,regex_match_no_context
case1,regex_baseline,url,ascii,1097232198,https://support.google.com/chrome/?p=chrome_battery_saver,https://support.google.com/chrome?p=chrome_battery_saver,,,,regex_match_no_context
case1,regex_baseline,url,ascii,1097232262,https://support.google.com/chrome?p=bluetooth,https://support.google.com/chrome?p=bluetooth,,,,regex_match_no_context
case1,regex_baseline,url,ascii,1097232310,https://support.google.com/chromecast/?p=casting_cloud_services,https://support.google.com/chromecast?p=casting_cloud_services,,,,regex_match_no_context
case1,regex_baseline,url,ascii,1097232374,https://support.google.com/chromecast/?p=no_cast_destination,https://support.google.com/chromecast?p=no_cast_destination,,,,regex_match_no_context
case1,regex_baseline,url,ascii,1097232438,https://support.google.com/chrome?p=webhid,https://support.google.com/chrome?p=webhid,,,,regex_match_no_context
case1,regex_baseline,url,ascii,1097232486,https://support.google.com/chrome?p=webserial,https://support.google.com/chrome?p=webserial,,,,regex_match_no_context
case1,regex_baseline,url,ascii,1097232534,https://support.google.com/chrome?p=webusb,https://support.google.com/chrome?p=webusb,,,,regex_match_no_context
case1,regex_baseline,url,ascii,1097232582,https://support.google.com/chrome/?p=beta_forum,https://support.google.com/chrome?p=beta_forum,,,,regex_match_no_context
case1,regex_baseline,url,ascii,1097232630,https://support.google.com/chrome?p=fix_chrome_updates,https://support.google.com/chrome?p=fix_chrome_updates,,,,regex_match_no_context
case1,regex_baseline,url,ascii,1097232694,https://support.google.com/chrome/?p=help&ctx=keyboard,https://support.google.com/chrome?p=help&ctx=keyboard,,,,regex_match_no_context
case1,regex_baseline,url,ascii,1097232758,https://support.google.com/chrome/?p=help&ctx=menu,https://support.google.com/chrome?p=help&ctx=menu,,,,regex_match_no_context
case1,regex_baseline,url,ascii,1097232822,https://support.google.com/chrome/?p=help&ctx=settings,https://support.google.com/chrome?p=help&ctx=settings,,,,regex_match_no_context
case1,regex_baseline,url,ascii,1097233142,https://support.google.com/chrome/?p=settings_manage_exceptions,https://support.google.com/chrome?p=settings_manage_exceptions,,,,regex_match_no_context
case1,regex_baseline,url,ascii,1097233206,https://support.google.com/chrome?p=cpn_cookies,https://support.google.com/chrome?p=cpn_cookies,,,,regex_match_no_context
case1,regex_baseline,url,ascii,1097233254,https://support.google.com/chrome/?p=e_awsnap,https://support.google.com/chrome?p=e_awsnap,,,,regex_match_no_context
case1,regex_baseline,url,ascii,1097233302,https://support.google.com/chrome/?p=e_awsnap_rl,https://support.google.com/chrome?p=e_awsnap_rl,,,,regex_match_no_context
case1,regex_baseline,url,ascii,1097233366,https://support.google.com/chrome/?p=settings_do_not_track,https://support.google.com/chrome?p=settings_do_not_track,,,,regex_match_no_context
case1,regex_baseline,url,ascii,1097233430,https://support.google.com/chrome/?p=ui_download_errors,https://support.google.com/chrome?p=ui_download_errors,,,,regex_match_no_context
case1,regex_baseline,url,ascii,1097233494,https://support.google.com/chrome/?p=ib_download_blocked,https://support.google.com/chrome?p=ib_download_blocked,,,,regex_match_no_context
case1,regex_baseline,url,ascii,1097233558,https://support.google.com/chrome/?p=ui_settings_api_extension,https://support.google.com/chrome?p=ui_settings_api_extension,,,,regex_match_no_context
case1,regex_baseline,url,ascii,1097233654,https://developer.chrome.com/docs/privacy-sandbox/first-party-sets/,https://developer.chrome.com/docs/privacy-sandbox/first-party-sets,,,,regex_match_no_context
case1,regex_baseline,url,ascii,1097233734,https://blog.chromium.org/2017/07/so-long-and-thanks-for-all-flash.html,https://blog.chromium.org/2017/07/so-long-and-thanks-for-all-flash.html,,,,regex_match_no_context
case1,regex_baseline,url,ascii,1097233814,https://myaccount.google.com/activitycontrols/search,https://myaccount.google.com/activitycontrols/search,,,,regex_match_no_context
case1,regex_baseline,url,ascii,1097233878,https://myaccount.google.com/activitycontrols/search&utm_source=chrome&utm_medium=privacy-guide,https://myaccount.google.com/activitycontrols/search&utm_source=chrome&utm_medium=privacy-guide,,,,regex_match_no_context
case1,regex_baseline,url,ascii,1097233974,https://myaccount.google.com/language,https://myaccount.google.com/language,,,,regex_match_no_context
case1,regex_baseline,url,ascii,1097234054,https://accounts.google.com/AccountChooser,https://accounts.google.com/AccountChooser,,,,regex_match_no_context
case1,regex_baseline,url,ascii,1097234102,https://myaccount.google.com/device-activity?utm_source=chrome,https://myaccount.google.com/device-activity?utm_source=chrome,,,,regex_match_no_context
case1,regex_baseline,url,ascii,1097234166,https://passwords.google.com,https://passwords.google.com,,,,regex_match_no_context
case1,regex_baseline,url,ascii,1097234198,https://photos.google.com,https://photos.google.com,,,,regex_match_no_context
case1,regex_baseline,url,ascii,1097234230,https://support.google.com/chrome/?p=chrome_memory_saver,https://support.google.com/chrome?p=chrome_memory_saver,,,,regex_match_no_context
case1,regex_baseline,url,ascii,1097234294,https://support.google.com/chrome/?p=ui_usagestat,https://support.google.com/chrome?p=ui_usagestat,,,,regex_match_no_context
case1,regex_baseline,url,ascii,1097234358,https://support.google.com/chrome/?p=is_chrome_managed,https://support.google.com/chrome?p=is_chrome_managed,,,,regex_match_no_context
case1,regex_baseline,url,ascii,1097234422,https://support.google.com/chrome/?p=mixed_content_downloads,https://support.google.com/chrome?p=mixed_content_downloads,,,,regex_match_no_context
case1,regex_baseline,url,ascii,1097234486,https://myactivity.google.com/myactivity?utm_source=chrome_cbd,https://myactivity.google.com/myactivity?utm_source=chrome_cbd,,,,regex_match_no_context
case1,regex_baseline,url,ascii,1097234550,https://support.google.com/chrome/?p=settings_omnibox,https://support.google.com/chrome?p=settings_omnibox,,,,regex_match_no_context
case1,regex_baseline,url,ascii,1097234614,https://support.google.com/chrome/?p=ui_security_indicator,https://support.google.com/chrome?p=ui_security_indicator,,,,regex_match_no_context
case1,regex_baseline,url,ascii,1097234678,https://support.google.com/chrome/?p=settings_password#leak_detection_privacy,https://support.google.com/chrome?p=settings_password,,,,regex_match_no_context
case1,regex_baseline,url,ascii,1097234758,https://support.google.com/chrome/answer/7570435,https://support.google.com/chrome/answer/7570435,,,,regex_match_no_context
case1,regex_baseline,url,ascii,1097234886,https://pay.google.com/payments/home?utm_source=chrome&utm_medium=settings&utm_campaign=chrome-payment#paymentMethods,https://pay.google.com/payments/home?utm_source=chrome&utm_medium=settings&utm_campaign=chrome-payment,,,,regex_match_no_context
case1,regex_baseline,url,ascii,1097235014,https://support.google.com/chrome/answer/142893?visit_id=636857416902558798-696405304&p=settings_autofill&rd=1,https://support.google.com/chrome/answer/142893?visit_id=636857416902558798-696405304&p=settings_autofill&rd=1,,,,regex_match_no_context
case1,regex_baseline,url,ascii,1097235126,https://support.google.com/chrome/?p=settings_privacy,https://support.google.com/chrome?p=settings_privacy,,,,regex_match_no_context
case1,regex_baseline,url,ascii,1097235190,https://support.google.com/chrome/?p=ui_remove_non_cws_extensions,https://support.google.com/chrome?p=ui_remove_non_cws_extensions,,,,regex_match_no_context
case1,regex_baseline,url,ascii,1097235270,https://support.google.com/chrome/?p=ui_reset_settings,https://support.google.com/chrome?p=ui_reset_settings,,,,regex_match_no_context
case1,regex_baseline,url,ascii,1097235334,https://support.google.com/chrome?p=cpn_safe_browsing,https://support.google.com/chrome?p=cpn_safe_browsing,,,,regex_match_no_context
case1,regex_baseline,url,ascii,1097235398,https://support.google.com/chrome/?p=safety_tip,https://support.google.com/chrome?p=safety_tip,,,,regex_match_no_context
case1,regex_baseline,url,ascii,1097235446,https://myactivity.google.com/product/search?utm_source=chrome_cbd,https://myactivity.google.com/product/search?utm_source=chrome_cbd,,,,regex_match_no_context
case1,regex_baseline,url,ascii,1097235526,https://support.google.com/accounts/answer/32040,https://support.google.com/accounts/answer/32040,,,,regex_match_no_context
case1,regex_baseline,url,ascii,1097235590,https://support.google.com/chrome/?p=settings_search_help,https://support.google.com/chrome?p=settings_search_help,,,,regex_match_no_context
case1,regex_baseline,url,ascii,1097235654,https://support.google.com/chrome?p=syncgoogleservices,https://support.google.com/chrome?p=syncgoogleservices,,,,regex_match_no_context
case1,regex_baseline,url,ascii,1097235718,https://support.google.com/chrome/?p=settings_encryption,https://support.google.com/chrome?p=settings_encryption,,,,regex_match_no_context
case1,regex_baseline,url,ascii,1097235782,https://support.google.com/chrome/?p=settings_sync_error,https://support.google.com/chrome?p=settings_sync_error,,,,regex_match_no_context
case1,regex_baseline,url,ascii,1097235846,https://www.google.com/settings/chrome/sync,https://www.google.com/settings/chrome/sync,,,,regex_match_no_context
case1,regex_baseline,url,ascii,1097235894,https://support.google.com/chrome/?p=settings_sign_in,https://support.google.com/chrome?p=settings_sign_in,,,,regex_match_no_context
case1,regex_baseline,url,ascii,1097235958,https://support.google.com/chrome/a/?p=profile_separation,https://support.google.com/chrome/a?p=profile_separation,,,,regex_match_no_context
case1,regex_baseline,url,ascii,1097236022,https://passwords.google.com/encryption/enroll?utm_source=chrome&utm_medium=desktop&utm_campaign=encryption_enroll,https://passwords.google.com/encryption/enroll?utm_source=chrome&utm_medium=desktop&utm_campaign=encryption_enroll,,,,regex_match_no_context
case1,regex_baseline,url,ascii,1097236150,https://support.google.com/accounts?p=settings_password_ode,https://support.google.com/accounts?p=settings_password_ode,,,,regex_match_no_context
case1,regex_baseline,url,ascii,1097236214,https://support.google.com/installer/?product=,https://support.google.com/installer?product=,,,,regex_match_no_context
case1,regex_baseline,url,ascii,1097236310,https://support.google.com/chrome?p=your_administrator,https://support.google.com/chrome?p=your_administrator,,,,regex_match_no_context
case1,regex_baseline,url,ascii,1097236374,https://support.google.com/chrome?p=cws_enhanced_safe_browsing,https://support.google.com/chrome?p=cws_enhanced_safe_browsing,,,,regex_match_no_context
case1,regex_baseline,url,ascii,1097236438,https://support.google.com/chrome/?p=chrome_cleanup_tool,https://support.google.com/chrome?p=chrome_cleanup_tool,,,,regex_match_no_context
case1,regex_baseline,url,ascii,1097236502,https://chrome.blogspot.com/2015/11/updates-to-chrome-platform-support.html,https://chrome.blogspot.com/2015/11/updates-to-chrome-platform-support.html,,,,regex_match_no_context
case1,regex_baseline,url,ascii,1097236582,https://support.google.com/chrome/?p=unsupported_windows,https://support.google.com/chrome?p=unsupported_windows,,,,regex_match_no_context
case1,regex_baseline,url,ascii,1097236646,https://support.google.com/chrome/answer/165139,https://support.google.com/chrome/answer/165139,,,,regex_match_no_context
case1,regex_baseline,url,ascii,1097236694,https://support.google.com/chrome/?p=ib_outdated_plugin,https://support.google.com/chrome?p=ib_outdated_plugin,,,,regex_match_no_context
case1,regex_baseline,url,ascii,1097236758,https://support.google.com/chromebook/?p=multidevice,https://support.google.com/chromebook?p=multidevice,,,,regex_match_no_context
case1,regex_baseline,url,ascii,1097236822,https://support.google.com/chrome/?p=chrome_app_deprecation,https://support.google.com/chrome?p=chrome_app_deprecation,,,,regex_match_no_context
case1,regex_baseline,url,ascii,1097236886,https://support.google.com/chrome?p=root_store,https://support.google.com/chrome?p=root_store,,,,regex_match_no_context
case1,regex_baseline,url,ascii,1097344342,http://localhost:*,http://localhost:*,,,,regex_match_no_context
case1,regex_baseline,url,ascii,1097344361,http://127.0.0.1:*,http://127.0.0.1:*,,,,regex_match_no_context
case1,regex_baseline,url,ascii,1097369937,https://developer.chrome.com/blog/mv2-transition/,https://developer.chrome.com/blog/mv2-transition,,,,regex_match_no_context
case1,regex_baseline,url,ascii,1098045014,https://transparencyreport.google.com/safe-browsing/search?url=%s,https://transparencyreport.google.com/safe-browsing/search?url=%s,,,,regex_match_no_context
case1,regex_baseline,url,ascii,1098045110,https://safebrowsing.google.com/safebrowsing/report_error/?url=%s,https://safebrowsing.google.com/safebrowsing/report_error?url=%s,,,,regex_match_no_context
case1,regex_baseline,url,ascii,1098046742,https://support.google.com/chrome/,https://support.google.com/chrome,,,,regex_match_no_context
case1,regex_baseline,url,ascii,1098056193,https://www.google.com/feed-api/following,https://www.google.com/feed-api/following,,,,regex_match_no_context
case1,regex_baseline,url,ascii,1098069686,https://play.google.com/store/apps/details?id=,https://play.google.com/store/apps/details?id=,,,,regex_match_no_context
case1,regex_baseline,url,ascii,1098196704,https://safebrowsing.googleapis.com/v5alpha1/hashes:search?$req=%s&$ct=application/x-protobuf,https://safebrowsing.googleapis.com/v5alpha1/hashes:search?$req=%s&$ct=application/x-protobuf,,,,regex_match_no_context
case1,regex_baseline,url,ascii,1098337215,https://www.chromestatus.com/feature/5738264052891648,https://www.chromestatus.com/feature/5738264052891648,,,,regex_match_no_context
case1,regex_baseline,url,ascii,1098468868,http://www.w3.org/XML/1998/namespace,http://www.w3.org/XML/1998/namespace,,,,regex_match_no_context
case1,regex_baseline,url,ascii,1098469655,http://www.w3.org/TR/xhtml1/DTD/xhtml1-strict.dtd,http://www.w3.org/TR/xhtml1/DTD/xhtml1-strict.dtd,,,,regex_match_no_context
case1,regex_baseline,url,ascii,1098469705,http://www.w3.org/TR/xhtml1/DTD/xhtml1-frameset.dtd,http://www.w3.org/TR/xhtml1/DTD/xhtml1-frameset.dtd,,,,regex_match_no_context
case1,regex_baseline,url,ascii,1098469757,http://www.w3.org/TR/xhtml1/DTD/xhtml1-transitional.dtd,http://www.w3.org/TR/xhtml1/DTD/xhtml1-transitional.dtd,,,,regex_match_no_context
case1,regex_baseline,url,ascii,1098478469,http://www.w3.org/2000/xmlns/,http://www.w3.org/2000/xmlns,,,,regex_match_no_context
case1,regex_baseline,url,ascii,1099373127,https://myaccount.google.com/signinoptions/password?utm_source=Google&utm_campaign=PhishGuard,https://myaccount.google.com/signinoptions/password?utm_source=Google&utm_campaign=PhishGuard,,,,regex_match_no_context
case1,regex_baseline,url,ascii,1099373221,https://accounts.google.com/AccountChooser?Email=%s&continue=%s,https://accounts.google.com/AccountChooser?Email=%s&continue=%s,,,,regex_match_no_context
case1,regex_baseline,url,ascii,1099401574,https://www.gstatic.com/chrome/supervised_user/denylist-20141001-1k.bin,https://www.gstatic.com/chrome/supervised_user/denylist-20141001-1k.bin,,,,regex_match_no_context
case1,regex_baseline,url,ascii,1099410950,https://www.gstatic.com/chrome/profile_avatars/,https://www.gstatic.com/chrome/profile_avatars,,,,regex_match_no_context
case1,regex_baseline,url,ascii,1099412780,https://kidsmanagement-pa.googleapis.com/kidsmanagement/v1/,https://kidsmanagement-pa.googleapis.com/kidsmanagement/v1,,,,regex_match_no_context
case1,regex_baseline,url,ascii,1099437224,https://chrome-sync.sandbox.google.com/chrome-sync/alpha,https://chrome-sync.sandbox.google.com/chrome-sync/alpha,,,,regex_match_no_context
case1,regex_baseline,url,ascii,1099512774,https://sctauditing-pa.googleapis.com/v1/knownscts/length/$1/prefix/$2?key=,https://sctauditing-pa.googleapis.com/v1/knownscts/length/$1/prefix/$2?key=,,,,regex_match_no_context
case1,regex_baseline,url,ascii,1099539370,https://www.chromestatus.com/feature/5675755719622656,https://www.chromestatus.com/feature/5675755719622656,,,,regex_match_no_context
case1,regex_baseline,url,ascii,1099540774,https://support.google.com/chrome?p=symantec#-202,https://support.google.com/chrome?p=symantec,,,,regex_match_no_context
case1,regex_baseline,url,ascii,1099559842,https://crbug.com/1081317,https://crbug.com/1081317,,,,regex_match_no_context
case1,regex_baseline,url,ascii,1099598630,https://support.google.com/chrome?p=rl_error,https://support.google.com/chrome?p=rl_error,,,,regex_match_no_context
case1,regex_baseline,url,ascii,1099601262,https://tunnel.googlezip.net/,https://tunnel.googlezip.net,,,,regex_match_no_context
case1,regex_baseline,url,ascii,1099601338,http://tls-tunnel-check.googlezip.net/connect,http://tls-tunnel-check.googlezip.net/connect,,,,regex_match_no_context
case1,regex_baseline,url,ascii,1099605446,https://remotedesktop-autopush.corp.google.com/,https://remotedesktop-autopush.corp.google.com,,,,regex_match_no_context
case1,regex_baseline,url,ascii,1099605494,https://remotedesktop-daily-6.corp.google.com/,https://remotedesktop-daily-6.corp.google.com,,,,regex_match_no_context
case1,regex_baseline,url,ascii,1099606233,https://webauthndemo.appspot.com,https://webauthndemo.appspot.com,,,,regex_match_no_context
case1,regex_baseline,url,ascii,1099715334,http://localhost,http://localhost,,,,regex_match_no_context
case1,regex_baseline,url,ascii,1099782470,https://history.google.com/history/api/delete?client=chrome,https://history.google.com/history/api/delete?client=chrome,,,,regex_match_no_context
case1,regex_baseline,url,ascii,1099782582,https://history.google.com/history/api/lookup?client=audio,https://history.google.com/history/api/lookup?client=audio,,,,regex_match_no_context
case1,regex_baseline,url,ascii,1099782662,https://history.google.com/history/api/change,https://history.google.com/history/api/change,,,,regex_match_no_context
case1,regex_baseline,url,ascii,1099783334,https://history.google.com/history/api/lookup?client=chrome,https://history.google.com/history/api/lookup?client=chrome,,,,regex_match_no_context
case1,regex_baseline,url,ascii,1099893798,https://optimizationguide-pa.googleapis.com/v1:GetModels,https://optimizationguide-pa.googleapis.com/v1:GetModels,,,,regex_match_no_context
case1,regex_baseline,url,ascii,1099955079,http://www.winimage.com/zLibDll,http://www.winimage.com/zLibDll,,,,regex_match_no_context
case1,regex_baseline,url,ascii,1099960822,https://www.google.com/chrome/browser/privacy/#safe-browsing-policies,https://www.google.com/chrome/browser/privacy,,,,regex_match_no_context
case1,regex_baseline,url,ascii,1099960902,https://www.google.com/chrome/browser/privacy/whitepaper.html#extendedreport,https://www.google.com/chrome/browser/privacy/whitepaper.html,,,,regex_match_no_context
case1,regex_baseline,url,ascii,1099960982,https://support.google.com/chrome/a/?p=block_warn,https://support.google.com/chrome/a?p=block_warn,,,,regex_match_no_context
case1,regex_baseline,url,ascii,1099962086,https://translate.googleapis.com/,https://translate.googleapis.com,,,,regex_match_no_context
case1,regex_baseline,url,ascii,1099962742,https://translate.googleapis.com/translate_a/element.js,https://translate.googleapis.com/translate_a/element.js,,,,regex_match_no_context
case1,regex_baseline,url,ascii,1099985830,https://support.google.com/chrome/answer/95606?ios=1,https://support.google.com/chrome/answer/95606?ios=1,,,,regex_match_no_context
case1,regex_baseline,url,ascii,1099985894,https://support.google.com/accounts?p=smart_lock_chrome,https://support.google.com/accounts?p=smart_lock_chrome,,,,regex_match_no_context
case1,regex_baseline,url,ascii,1099985958,https://passwords.google.com/app,https://passwords.google.com/app,,,,regex_match_no_context
case1,regex_baseline,url,ascii,1099986006,https://passwords.google/,https://passwords.google,,,,regex_match_no_context
case1,regex_baseline,url,ascii,1100000626,http://www.google.com,http://www.google.com,,,,regex_match_no_context
case1,regex_baseline,url,ascii,1100206126,https://www.chromium.org/developers/how-tos/api-keys,https://www.chromium.org/developers/how-tos/api-keys,,,,regex_match_no_context
case1,regex_baseline,url,ascii,1100209830,https://support.google.com/chrome/?p=blocked_ads,https://support.google.com/chrome?p=blocked_ads,,,,regex_match_no_context
case1,regex_baseline,url,ascii,1100209894,https://support.google.com/chrome/?p=unauthenticated,https://support.google.com/chrome?p=unauthenticated,,,,regex_match_no_context
case1,regex_baseline,url,ascii,1100209958,https://support.google.com/chrome/answer/3220216,https://support.google.com/chrome/answer/3220216,,,,regex_match_no_context
case1,regex_baseline,url,ascii,1100321605,https://enterprise-block.example.net,https://enterprise-block.example.net,,,,regex_match_no_context
case1,regex_baseline,url,ascii,1100321642,https://enterprise-warn.example.net,https://enterprise-warn.example.net,,,,regex_match_no_context
case1,regex_baseline,url,ascii,1100321697,https://example.net,https://example.net,,,,regex_match_no_context
case1,regex_baseline,url,ascii,1100321729,https://captive.portal/login,https://captive.portal/login,,,,regex_match_no_context
case1,regex_baseline,url,ascii,1100321801,https://localhost/,https://localhost,,,,regex_match_no_context
case1,regex_baseline,url,ascii,1100418206,http://www.w3.org/2002/08/xquery-functions,http://www.w3.org/2002/08/xquery-functions,,,,regex_match_no_context
case1,regex_baseline,url,ascii,1100448927,http://www.w3.org/TR/REC-html40/loose.dtd,http://www.w3.org/TR/REC-html40/loose.dtd,,,,regex_match_no_context
case1,regex_baseline,url,ascii,1100782550,https://clients4.google.com/chrome-sync,https://clients4.google.com/chrome-sync,,,,regex_match_no_context
case1,regex_baseline,url,ascii,1100836796,https://goo.gl/yqv4Q4,https://goo.gl/yqv4Q4,,,,regex_match_no_context
case1,regex_baseline,url,ascii,1100836984,https://crbug.com/979235.,https://crbug.com/979235.,,,,regex_match_no_context
case1,regex_baseline,url,ascii,1100861294,https://clients2.googleusercontent.com/crx/blobs/,https://clients2.googleusercontent.com/crx/blobs,,,,regex_match_no_context
case1,regex_baseline,url,ascii,1100861344,https://chrome.google.com/webstore/download/,https://chrome.google.com/webstore/download,,,,regex_match_no_context
case1,regex_baseline,url,ascii,1100862652,https://chrome.google.com/sync,https://chrome.google.com/sync,,,,regex_match_no_context
case1,regex_baseline,url,ascii,1100998184,https://www.chromestatus.com/feature/%s,https://www.chromestatus.com/feature/%s,,,,regex_match_no_context
case1,regex_baseline,url,ascii,1101045158,https://firebaseperusertopics-pa.googleapis.com,https://firebaseperusertopics-pa.googleapis.com,,,,regex_match_no_context
case1,regex_baseline,url,ascii,1101074534,https://drive.google.com/open?id=,https://drive.google.com/open?id=,,,,regex_match_no_context
case1,regex_baseline,url,ascii,1101100278,https://translation.googleapis.com/language/translate/v2?key=%s,https://translation.googleapis.com/language/translate/v2?key=%s,,,,regex_match_no_context
case1,regex_baseline,url,ascii,1101102505,https://sheets.google.com,https://sheets.google.com,,,,regex_match_no_context
case1,regex_baseline,url,ascii,1101102854,https://slides.google.com,https://slides.google.com,,,,regex_match_no_context
case1,regex_baseline,url,ascii,1101103206,https://appsitemsuggest-pa.googleapis.com/v1/items,https://appsitemsuggest-pa.googleapis.com/v1/items,,,,regex_match_no_context
case1,regex_baseline,url,ascii,1101128973,https://lh3.googleusercontent.com/proxy/CyeQrfWvSkJ-4wjGmm1zVIP4XZKL4oAjywWcPh8lhrwtizOY4kGsDtVa3nk984qJB5q2-r7aInfG25UFjfwyu7QEraqepTlbsDdKX1yeenhh7EGeAR2Hp1QcbO24C7WyU8bLPx8o_2HA-opm6cqZ8f4ehEXCxMEbR79A44jcWpacTLfYERPGeVrljo2vAl2LyFMHrA,https://lh3.googleusercontent.com/proxy/CyeQrfWvSkJ-4wjGmm1zVIP4XZKL4oAjywWcPh8lhrwtizOY4kGsDtVa3nk984qJB5q2-r7aInfG25UFjfwyu7QEraqepTlbsDdKX1yeenhh7EGeAR2Hp1QcbO24C7WyU8bLPx8o_2HA-opm6cqZ8f4ehEXCxMEbR79A44jcWpacTLfYERPGeVrljo2vAl2LyFMHrA,,,,regex_match_no_context
case1,regex_baseline,url,ascii,1101129398,https://photosfirstparty-pa.googleapis.com/v1/ntp/memories:read,https://photosfirstparty-pa.googleapis.com/v1/ntp/memories:read,,,,regex_match_no_context
case1,regex_baseline,url,ascii,1101130411,https://photos.google.com/memory/featured/,https://photos.google.com/memory/featured,,,,regex_match_no_context
case1,regex_baseline,url,ascii,1101141468,https://encrypted-tbn3.gstatic.com/shopping?q=tbn:ANd9GcQpn38jB2_BANnHUFa7kHJsf6SyubcgeU1lNYO_ZxM1Q2ju_ZMjv2EwNh0Zx_zbqYy_mFg_aiIhWYnD5PQ7t-uFzLM5cN77s_2_DFNeumI-LMPJMYjW-BOSaA&usqp=CAY,https://encrypted-tbn3.gstatic.com/shopping?q=tbn:ANd9GcQpn38jB2_BANnHUFa7kHJsf6SyubcgeU1lNYO_ZxM1Q2ju_ZMjv2EwNh0Zx_zbqYy_mFg_aiIhWYnD5PQ7t-uFzLM5cN77s_2_DFNeumI-LMPJMYjW-BOSaA&usqp=CAY,,,,regex_match_no_context
case1,regex_baseline,url,ascii,1101141654,https://encrypted-tbn0.gstatic.com/shopping?q=tbn:ANd9GcQyMRYWeM2Yq095nOXTL0-EUUnm79kh6hnw8yctJUNrAuse607KEr1CVxEa24r-8XHBuhTwcuC4GXeN94h9Kn19DhdBGsXG0qrD74veYSDJNLrUP-sru0jH&usqp=CAY,https://encrypted-tbn0.gstatic.com/shopping?q=tbn:ANd9GcQyMRYWeM2Yq095nOXTL0-EUUnm79kh6hnw8yctJUNrAuse607KEr1CVxEa24r-8XHBuhTwcuC4GXeN94h9Kn19DhdBGsXG0qrD74veYSDJNLrUP-sru0jH&usqp=CAY,,,,regex_match_no_context
case1,regex_baseline,url,ascii,1101141838,https://encrypted-tbn1.gstatic.com/shopping?q=tbn:ANd9GcT2ew6Aydzu5VzRV756ORGha6fyjKp_On7iTlr_tL9vODnlNtFo_xsxj6_lCop-3J0Vk44lHfk-AxoBJDABVHPVFN-EiWLcZvzkdpHFqcurm7fBVmWtYKo2rg&usqp=CAY,https://encrypted-tbn1.gstatic.com/shopping?q=tbn:ANd9GcT2ew6Aydzu5VzRV756ORGha6fyjKp_On7iTlr_tL9vODnlNtFo_xsxj6_lCop-3J0Vk44lHfk-AxoBJDABVHPVFN-EiWLcZvzkdpHFqcurm7fBVmWtYKo2rg&usqp=CAY,,,,regex_match_no_context
case1,regex_baseline,url,ascii,1101142059,https://www.amazon.com/,https://www.amazon.com,,,,regex_match_no_context
case1,regex_baseline,url,ascii,1101142100,https://www.ebay.com/,https://www.ebay.com,,,,regex_match_no_context
case1,regex_baseline,url,ascii,1101142140,https://www.walmart.com/,https://www.walmart.com,,,,regex_match_no_context
case1,regex_baseline,url,ascii,1101142174,https://www.bestbuy.com/,https://www.bestbuy.com,,,,regex_match_no_context
case1,regex_baseline,url,ascii,1101142210,https://www.nike.com/,https://www.nike.com,,,,regex_match_no_context
case1,regex_baseline,url,ascii,1101176396,https://github.com/WICG/web-app-launch/blob/main/launch_handler.md,https://github.com/WICG/web-app-launch/blob/main/launch_handler.md,,,,regex_match_no_context
case1,regex_baseline,url,ascii,1101176859,https://github.com/ivansandrk/multi-apps/blob/main/explainer.md,https://github.com/ivansandrk/multi-apps/blob/main/explainer.md,,,,regex_match_no_context
case1,regex_baseline,url,ascii,1101177086,https://github.com/WICG/manifest-incubations/blob/gh-pages/scope_extensions-explainer.md,https://github.com/WICG/manifest-incubations/blob/gh-pages/scope_extensions-explainer.md,,,,regex_match_no_context
case1,regex_baseline,url,ascii,1101178229,https://crbug.com/1290716.,https://crbug.com/1290716.,,,,regex_match_no_context
case1,regex_baseline,url,ascii,1101180287,https://github.com/shivanigithub/fenced-frame,https://github.com/shivanigithub/fenced-frame,,,,regex_match_no_context
case1,regex_baseline,url,ascii,1101180846,https://github.com/reillyeon/isolated-web-apps,https://github.com/reillyeon/isolated-web-apps,,,,regex_match_no_context
case1,regex_baseline,url,ascii,1101181121,https://github.com/chasephillips/controlled-frame/blob/main/EXPLAINER.md,https://github.com/chasephillips/controlled-frame/blob/main/EXPLAINER.md,,,,regex_match_no_context
case1,regex_baseline,url,ascii,1101183149,https://wicg.github.io/portals/,https://wicg.github.io/portals,,,,regex_match_no_context
case1,regex_baseline,url,ascii,1101184193,https://developer.chrome.com/blog/private-network-access-preflight/,https://developer.chrome.com/blog/private-network-access-preflight,,,,regex_match_no_context
case1,regex_baseline,url,ascii,1101191559,https://crbug.com/1261928.,https://crbug.com/1261928.,,,,regex_match_no_context
case1,regex_baseline,url,ascii,1101194168,https://github.com/WICG/file-handling/blob/main/explainer.md,https://github.com/WICG/file-handling/blob/main/explainer.md,,,,regex_match_no_context
case1,regex_baseline,url,ascii,1101225656,https://chromestatus.com/feature/5580139453743104,https://chromestatus.com/feature/5580139453743104,,,,regex_match_no_context
case1,regex_baseline,url,ascii,1101226460,https://github.com/Tanych/accept-language,https://github.com/Tanych/accept-language,,,,regex_match_no_context
case1,regex_baseline,url,ascii,1101227943,https://bugs.chromium.org/p/chromium/issues/entry?labels=StoragePartitioning-trial-bugs&components=Blink%3EStorage.,https://bugs.chromium.org/p/chromium/issues/entry?labels=StoragePartitioning-trial-bugs&components=Blink%3EStorage.,,,,regex_match_no_context
case1,regex_baseline,url,ascii,1101237448,https://crbug.com/1356658.,https://crbug.com/1356658.,,,,regex_match_no_context
case1,regex_baseline,url,ascii,1101238581,https://w3c.github.io/webappsec-secure-contexts/,https://w3c.github.io/webappsec-secure-contexts,,,,regex_match_no_context
case1,regex_baseline,url,ascii,1101238709,https://github.com/wicg/trust-token-api).,https://github.com/wicg/trust-token-api).,,,,regex_match_no_context
case1,regex_baseline,url,ascii,1101247493,https://github.com/WICG/sanitizer-api,https://github.com/WICG/sanitizer-api,,,,regex_match_no_context
case1,regex_baseline,url,ascii,1101373964,https://crbug.com/662084,https://crbug.com/662084,,,,regex_match_no_context
case1,regex_baseline,url,ascii,1101428422,https://clients2.google.com/cr/report,https://clients2.google.com/cr/report,,,,regex_match_no_context
case1,regex_baseline,url,ascii,1101452963,https://blog.chromium.org/2020/02/protecting-users-from-insecure.html,https://blog.chromium.org/2020/02/protecting-users-from-insecure.html,,,,regex_match_no_context
case1,regex_baseline,url,ascii,1101490560,https://wicg.github.io/change-password-url/response-code-reliability.html#iana,https://wicg.github.io/change-password-url/response-code-reliability.html,,,,regex_match_no_context
case1,regex_baseline,url,ascii,1101523204,https://safebrowsing.google.com/safebrowsing/uploads/scan,https://safebrowsing.google.com/safebrowsing/uploads/scan,,,,regex_match_no_context
case1,regex_baseline,url,ascii,1101526130,https://enterprise-safebrowsing.googleapis.com/safebrowsing/clientreport/realtime,https://enterprise-safebrowsing.googleapis.com/safebrowsing/clientreport/realtime,,,,regex_match_no_context
case1,regex_baseline,url,ascii,1101527704,https://safebrowsing.google.com/safebrowsing/clientreport/realtime,https://safebrowsing.google.com/safebrowsing/clientreport/realtime,,,,regex_match_no_context
case1,regex_baseline,url,ascii,1101649686,https://support.google.com/chrome?p=first_mode,https://support.google.com/chrome?p=first_mode,,,,regex_match_no_context
case1,regex_baseline,url,ascii,1101745570,https://www.google.__/search%,https://www.google.__/search%,,,,regex_match_no_context
case1,regex_baseline,url,ascii,1101745616,https://www.google.___/search%,https://www.google.___/search%,,,,regex_match_no_context
case1,regex_baseline,url,ascii,1101745663,https://www.google.__.__/search%,https://www.google.__.__/search%,,,,regex_match_no_context
case1,regex_baseline,url,ascii,1101745712,https://www.google.___.__/search%,https://www.google.___.__/search%,,,,regex_match_no_context
case1,regex_baseline,url,ascii,1101781567,https://%s/,https://%s,,,,regex_match_no_context
case1,regex_baseline,url,ascii,1101893485,http://developer.chrome.com/extensions/external_extensions.html),http://developer.chrome.com/extensions/external_extensions.html),,,,regex_match_no_context
case1,regex_baseline,url,ascii,1101899990,https://www.googleapis.com/chromewebstore/v1.1/items/verify,https://www.googleapis.com/chromewebstore/v1.1/items/verify,,,,regex_match_no_context
case1,regex_baseline,url,ascii,1101902626,http://*/*,http://*/*,,,,regex_match_no_context
case1,regex_baseline,url,ascii,1101902637,https://*/*,https://*/*,,,,regex_match_no_context
case1,regex_baseline,url,ascii,1101925894,http://www.gstatic.com/chrome/extensions/blocklist,http://www.gstatic.com/chrome/extensions/blocklist,,,,regex_match_no_context
case1,regex_baseline,url,ascii,1101925958,https://www.gstatic.com/chrome/extensions/blocklist,https://www.gstatic.com/chrome/extensions/blocklist,,,,regex_match_no_context
case1,regex_baseline,url,ascii,1101939670,https://support.google.com/chrome/?p=incognito,https://support.google.com/chrome?p=incognito,,,,regex_match_no_context
case1,regex_baseline,url,ascii,1101939750,https://support.google.com/chrome/?p=ui_guest,https://support.google.com/chrome?p=ui_guest,,,,regex_match_no_context
case1,regex_baseline,url,ascii,1102035302,https://support.google.com/chrome/answer/1181420?,https://support.google.com/chrome/answer/1181420,,,,regex_match_no_context
case1,regex_baseline,url,ascii,1102206813,https://storage.googleapis.com/chrome_hats_staging/index.html,https://storage.googleapis.com/chrome_hats_staging/index.html,,,,regex_match_no_context
case1,regex_baseline,url,ascii,1102253488,https://*.corp.google.com,https://*.corp.google.com,,,,regex_match_no_context
case1,regex_baseline,url,ascii,1102256728,https://lh4.googleusercontent.com/proxy/kFIJNnm2DMbS3B5LXaIdm2JKI6twGWwmzQbcJCfqTfuaH_ULD50v1Z3BGPEF32xTPRvgGLx492zcy_kcatCde2wmz-9ZYFqifbJRMl2DzyE=w170-h85-p-k-no-nd-mv,https://lh4.googleusercontent.com/proxy/kFIJNnm2DMbS3B5LXaIdm2JKI6twGWwmzQbcJCfqTfuaH_ULD50v1Z3BGPEF32xTPRvgGLx492zcy_kcatCde2wmz-9ZYFqifbJRMl2DzyE=w170-h85-p-k-no-nd-mv,,,,regex_match_no_context
case1,regex_baseline,url,ascii,1102256908,https://lh6.googleusercontent.com/proxy/KyyCsF6dIQ783r3Znmvdo76QY2RgzcR5t4rnA5kKjsmrlpsb_pWGndQkyuAI4mv68X_9ZX2Edd-0FP4iQZRFm8UAW3oDX8Coqk3C85UNAX3H4Eh_5wGyDB0SY6HOQjOXVQ=w170-h85-p-k-no-nd-mv,https://lh6.googleusercontent.com/proxy/KyyCsF6dIQ783r3Znmvdo76QY2RgzcR5t4rnA5kKjsmrlpsb_pWGndQkyuAI4mv68X_9ZX2Edd-0FP4iQZRFm8UAW3oDX8Coqk3C85UNAX3H4Eh_5wGyDB0SY6HOQjOXVQ=w170-h85-p-k-no-nd-mv,,,,regex_match_no_context
case1,regex_baseline,url,ascii,1102257111,https://lh6.googleusercontent.com/proxy/4IP40Q18w6aDF4oS4WRnUj0MlCCKPK-vLHqSd4r-RfS6JxgblG5WJuRYpkJkoTzLMS0qv3Sxhf9wdaKkn3vHnyy6oe7Ah5y0=w170-h85-p-k-no-nd-mv,https://lh6.googleusercontent.com/proxy/4IP40Q18w6aDF4oS4WRnUj0MlCCKPK-vLHqSd4r-RfS6JxgblG5WJuRYpkJkoTzLMS0qv3Sxhf9wdaKkn3vHnyy6oe7Ah5y0=w170-h85-p-k-no-nd-mv,,,,regex_match_no_context
case1,regex_baseline,url,ascii,1102257276,https://lh3.googleusercontent.com/proxy/d_4gDNBtm9Ddv8zqqm0MVY93_j-_e5M-bGgH-bSAfIR65FYGacJTemvNp9fDT0eiIbi3bzrf7HMMsupe2QIIfm5H7BMHY3AI5rkYUpx-lQ=w170-h85-p-k-no-nd-mv,https://lh3.googleusercontent.com/proxy/d_4gDNBtm9Ddv8zqqm0MVY93_j-_e5M-bGgH-bSAfIR65FYGacJTemvNp9fDT0eiIbi3bzrf7HMMsupe2QIIfm5H7BMHY3AI5rkYUpx-lQ=w170-h85-p-k-no-nd-mv,,,,regex_match_no_context
case1,regex_baseline,url,ascii,1102263024,https://store.google.com/product/pixel_7?hl=en-US,https://store.google.com/product/pixel_7?hl=en-US,,,,regex_match_no_context
case1,regex_baseline,url,ascii,1102263089,https://store.google.com/product/pixel_buds_pro?hl=en-US,https://store.google.com/product/pixel_buds_pro?hl=en-US,,,,regex_match_no_context
case1,regex_baseline,url,ascii,1102263158,https://store.google.com/product/google_pixel_watch?hl=en-US,https://store.google.com/product/google_pixel_watch?hl=en-US,,,,regex_match_no_context
case1,regex_baseline,url,ascii,1102263241,https://www.google.com/search?q=,https://www.google.com/search?q=,,,,regex_match_no_context
case1,regex_baseline,url,ascii,1102265302,https://www.google.com/chrome/whats-new/,https://www.google.com/chrome/whats-new,,,,regex_match_no_context
case1,regex_baseline,url,ascii,1102273110,https://passwords.google.com/checkup/start?hideExplanation=true,https://passwords.google.com/checkup/start?hideExplanation=true,,,,regex_match_no_context
case1,regex_baseline,url,ascii,1102279142,https://support.google.com/chrome?p=enable_extensions,https://support.google.com/chrome?p=enable_extensions,,,,regex_match_no_context
case1,regex_baseline,url,ascii,1102279254,https://support.google.com/chrome_webstore/answer/2664769,https://support.google.com/chrome_webstore/answer/2664769,,,,regex_match_no_context
case1,regex_baseline,url,ascii,1102283298,https://google.com.au,https://google.com.au,,,,regex_match_no_context
case1,regex_baseline,url,ascii,1102283320,https://google.de,https://google.de,,,,regex_match_no_context
case1,regex_baseline,url,ascii,1102283359,https://googlesource.com,https://googlesource.com,,,,regex_match_no_context
case1,regex_baseline,url,ascii,1102311084,https://chrome.google.com/webstore/detail/,https://chrome.google.com/webstore/detail,,,,regex_match_no_context
case1,regex_baseline,url,ascii,1102321915,https://chrome.google.com/webstore?category=theme,https://chrome.google.com/webstore?category=theme,,,,regex_match_no_context
case1,regex_baseline,url,ascii,1102370718,https://landing.google.com/advancedprotection/,https://landing.google.com/advancedprotection,,,,regex_match_no_context
case1,regex_baseline,url,ascii,1102435418,https://tools.google.com/service/update2,https://tools.google.com/service/update2,,,,regex_match_no_context
case1,regex_baseline,url,ascii,1102497775,https://walli.shanga.co/image/view/?id=370,https://walli.shanga.co/image/view?id=370,,,,regex_match_no_context
case1,regex_baseline,url,ascii,1102497864,https://500px.com/photo/135751035/soulseek-by-%E5%B0%A4%E9%87%91%E5%B0%BC-ev-tchebotarev,https://500px.com/photo/135751035/soulseek-by-%E5%B0%A4%E9%87%91%E5%B0%BC-ev-tchebotarev,,,,regex_match_no_context
case1,regex_baseline,url,ascii,1102497984,https://www.google.com/sky/,https://www.google.com/sky,,,,regex_match_no_context
case1,regex_baseline,url,ascii,1102498050,https://walli.shanga.co/image/view/?id=1375,https://walli.shanga.co/image/view?id=1375,,,,regex_match_no_context
case1,regex_baseline,url,ascii,1102498132,https://500px.com/photo/41149196/le-piscine-sunset-by-giulio-rosso-chioso,https://500px.com/photo/41149196/le-piscine-sunset-by-giulio-rosso-chioso,,,,regex_match_no_context
case1,regex_baseline,url,ascii,1104077334,https://goo.gl/9p2vKq,https://goo.gl/9p2vKq,,,,regex_match_no_context
case1,regex_baseline,url,ascii,1104094512,http://goo.gl/YjeSsW,http://goo.gl/YjeSsW,,,,regex_match_no_context
case1,regex_baseline,url,ascii,1104156582,https://www.googleapis.com/auth/drive,https://www.googleapis.com/auth/drive,,,,regex_match_no_context
case1,regex_baseline,url,ascii,1104156630,https://www.googleapis.com/auth/drive.apps.readonly,https://www.googleapis.com/auth/drive.apps.readonly,,,,regex_match_no_context
case1,regex_baseline,url,ascii,1104156694,https://www.googleapis.com/auth/drive.apps,https://www.googleapis.com/auth/drive.apps,,,,regex_match_no_context
case1,regex_baseline,url,ascii,1104201182,https://www.gstatic.com/autofill/virtualcard/icon/capitalone.png,https://www.gstatic.com/autofill/virtualcard/icon/capitalone.png,,,,regex_match_no_context
case1,regex_baseline,url,ascii,1104266806,https://redirector.gvt1.com/edgedl/chrome/dict/,https://redirector.gvt1.com/edgedl/chrome/dict,,,,regex_match_no_context
case1,regex_baseline,url,ascii,1104332294,https://www.googleapis.com/auth/cryptauth,https://www.googleapis.com/auth/cryptauth,,,,regex_match_no_context
case1,regex_baseline,url,ascii,1104353506,https://cs.chromium.org/chromium/src/,https://cs.chromium.org/chromium/src,,,,regex_match_no_context
case1,regex_baseline,url,ascii,1104353929,https://cs.chromium.org/,https://cs.chromium.org,,,,regex_match_no_context
case1,regex_baseline,url,ascii,1104357254,https://sb-ssl.google.com/safebrowsing/clientreport/download,https://sb-ssl.google.com/safebrowsing/clientreport/download,,,,regex_match_no_context
case1,regex_baseline,url,ascii,1104359607,https://cs.chromium.org/chromium/src/chrome/,https://cs.chromium.org/chromium/src/chrome,,,,regex_match_no_context
case1,regex_baseline,url,ascii,1104372766,https://host/,https://host,,,,regex_match_no_context
case1,regex_baseline,url,ascii,1104379430,https://fcm.googleapis.com,https://fcm.googleapis.com,,,,regex_match_no_context
case1,regex_baseline,url,ascii,1104379590,https://fcm.googleapis.com/fcm/send/%s,https://fcm.googleapis.com/fcm/send/%s,,,,regex_match_no_context
case1,regex_baseline,url,ascii,1104429745,https://permission.site,https://permission.site,,,,regex_match_no_context
case1,regex_baseline,url,ascii,1104429931,https://permission.site.com,https://permission.site.com,,,,regex_match_no_context
case1,regex_baseline,url,ascii,1104435942,https://www.googleapis.com/auth/wallet.chrome,https://www.googleapis.com/auth/wallet.chrome,,,,regex_match_no_context
case1,regex_baseline,url,ascii,1104444614,https://www.gstatic.com/autofill/hourly/bins.json,https://www.gstatic.com/autofill/hourly/bins.json,,,,regex_match_no_context
case1,regex_baseline,url,ascii,1104444710,https://www.gstatic.com/autofill/weekly/merchants.json,https://www.gstatic.com/autofill/weekly/merchants.json,,,,regex_match_no_context
case1,regex_baseline,url,ascii,1104525733,https://mail.google.com/mail/?usp=chrome_app,https://mail.google.com/mail?usp=chrome_app,,,,regex_match_no_context
case1,regex_baseline,url,ascii,1104525810,https://docs.google.com/document/?usp=chrome_app,https://docs.google.com/document?usp=chrome_app,,,,regex_match_no_context
case1,regex_baseline,url,ascii,1104525892,https://drive.google.com/?lfhs=2,https://drive.google.com?lfhs=2,,,,regex_match_no_context
case1,regex_baseline,url,ascii,1104525925,https://docs.google.com/spreadsheets/?usp=chrome_app,https://docs.google.com/spreadsheets?usp=chrome_app,,,,regex_match_no_context
case1,regex_baseline,url,ascii,1104526014,https://docs.google.com/presentation/?usp=chrome_app,https://docs.google.com/presentation?usp=chrome_app,,,,regex_match_no_context
case1,regex_baseline,url,ascii,1104705432,https://cloudsearch.googleapis.com/v1/query/search,https://cloudsearch.googleapis.com/v1/query/search,,,,regex_match_no_context
case1,regex_baseline,url,ascii,1104706302,https://www.googleapis.com/auth/cloud_search.query,https://www.googleapis.com/auth/cloud_search.query,,,,regex_match_no_context
case1,regex_baseline,url,ascii,1104707734,https://www.gstatic.com/chrome/ntp/ios/suggested_sites_US_2023q1_mvt_experiment_with_popular_sites.json,https://www.gstatic.com/chrome/ntp/ios/suggested_sites_US_2023q1_mvt_experiment_with_popular_sites.json,,,,regex_match_no_context
case1,regex_baseline,url,ascii,1104707846,https://www.gstatic.com/chrome/ntp/ios/suggested_sites_US_2023q1_mvt_experiment_without_popular_sites.json,https://www.gstatic.com/chrome/ntp/ios/suggested_sites_US_2023q1_mvt_experiment_without_popular_sites.json,,,,regex_match_no_context
case1,regex_baseline,url,ascii,1104707958,https://www.gstatic.com/%ssuggested_sites_%s_%s.json,https://www.gstatic.com/%ssuggested_sites_%s_%s.json,,,,regex_match_no_context
case1,regex_baseline,url,ascii,1104752950,https://clients3.google.com,https://clients3.google.com,,,,regex_match_no_context
case1,regex_baseline,url,ascii,1104765382,https://memex-pa.googleapis.com/v1/shopping/cart/discounted,https://memex-pa.googleapis.com/v1/shopping/cart/discounted,,,,regex_match_no_context
case1,regex_baseline,url,ascii,1104768070,https://memex-pa.googleapis.com/v1/shopping/cart/discounts,https://memex-pa.googleapis.com/v1/shopping/cart/discounts,,,,regex_match_no_context
case1,regex_baseline,url,ascii,1104773430,https://sites.google.com/a/chromium.org/dev/administrators/common-problems-and-solutions#network_profile,https://sites.google.com/a/chromium.org/dev/administrators/common-problems-and-solutions,,,,regex_match_no_context
case1,regex_baseline,url,ascii,1104775622,https://clientservices.googleapis.com/uma/v2,https://clientservices.googleapis.com/uma/v2,,,,regex_match_no_context
case1,regex_baseline,url,ascii,1104775670,http://clientservices.googleapis.com/uma/v2,http://clientservices.googleapis.com/uma/v2,,,,regex_match_no_context
case1,regex_baseline,url,ascii,1104775718,https://clients4.google.com/uma/v2,https://clients4.google.com/uma/v2,,,,regex_match_no_context
case1,regex_baseline,url,ascii,1104776790,https://clients4.google.com/ukm,https://clients4.google.com/ukm,,,,regex_match_no_context
case1,regex_baseline,url,ascii,1104810462,https://support.google.com/chrome/?p=ib_nacl,https://support.google.com/chrome?p=ib_nacl,,,,regex_match_no_context
case1,regex_baseline,url,ascii,1104880358,https://sb-ssl.google.com/safebrowsing/clientreport/chrome-reset,https://sb-ssl.google.com/safebrowsing/clientreport/chrome-reset,,,,regex_match_no_context
case1,regex_baseline,url,ascii,1104884358,https://safebrowsing.google.com/safebrowsing/uploads/consumer,https://safebrowsing.google.com/safebrowsing/uploads/consumer,,,,regex_match_no_context
case1,regex_baseline,url,ascii,1105026908,https://login.live.com,https://login.live.com,,,,regex_match_no_context
case1,regex_baseline,url,ascii,1105026931,https://login.microsoftonline.com,https://login.microsoftonline.com,,,,regex_match_no_context
case1,regex_baseline,url,ascii,1105290150,https://docs.google.com/document/u/0/create?usp=chrome_actions,https://docs.google.com/document/u/0/create?usp=chrome_actions,,,,regex_match_no_context
case1,regex_baseline,url,ascii,1105290374,https://docs.google.com/spreadsheets/u/0/create?usp=chrome_actions,https://docs.google.com/spreadsheets/u/0/create?usp=chrome_actions,,,,regex_match_no_context
case1,regex_baseline,url,ascii,1105290534,https://docs.google.com/presentation/u/0/create?usp=chrome_actions,https://docs.google.com/presentation/u/0/create?usp=chrome_actions,,,,regex_match_no_context
case1,regex_baseline,url,ascii,1105290694,https://calendar.google.com/calendar/u/0/r/eventedit?usp=chrome_actions,https://calendar.google.com/calendar/u/0/r/eventedit?usp=chrome_actions,,,,regex_match_no_context
case1,regex_baseline,url,ascii,1105290854,https://sites.google.com/u/0/create?usp=chrome_actions,https://sites.google.com/u/0/create?usp=chrome_actions,,,,regex_match_no_context
case1,regex_baseline,url,ascii,1105290998,https://keep.google.com/u/0/?usp=chrome_actions#NEWNOTE,https://keep.google.com/u/0?usp=chrome_actions,,,,regex_match_no_context
case1,regex_baseline,url,ascii,1105291142,https://docs.google.com/forms/u/0/create?usp=chrome_actions,https://docs.google.com/forms/u/0/create?usp=chrome_actions,,,,regex_match_no_context
case1,regex_baseline,url,ascii,1105291286,https://myaccount.google.com/?utm_source=ga-chrome-actions&utm_medium=manageGA,https://myaccount.google.com?utm_source=ga-chrome-actions&utm_medium=manageGA,,,,regex_match_no_context
case1,regex_baseline,url,ascii,1105291446,https://myaccount.google.com/signinoptions/password?utm_source=ga-chrome-actions&utm_medium=changePW,https://myaccount.google.com/signinoptions/password?utm_source=ga-chrome-actions&utm_medium=changePW,,,,regex_match_no_context
case1,regex_baseline,url,ascii,1105518972,https://www.google.com/chrome,https://www.google.com/chrome,,,,regex_match_no_context
case1,regex_baseline,url,ascii,1105815606,https://payments.google.com/,https://payments.google.com,,,,regex_match_no_context
case1,regex_baseline,url,ascii,1105815638,https://payments.sandbox.google.com/,https://payments.sandbox.google.com,,,,regex_match_no_context
case1,regex_baseline,url,ascii,1105815686,https://pay.google.com/payments/home?utm_source=chrome&utm_medium=settings&utm_campaign=payment-methods#paymentMethods,https://pay.google.com/payments/home?utm_source=chrome&utm_medium=settings&utm_campaign=payment-methods,,,,regex_match_no_context
case1,regex_baseline,url,ascii,1105815814,https://pay.sandbox.google.com/payments/home?utm_source=chrome&utm_medium=settings&utm_campaign=payment-methods#paymentMethods,https://pay.sandbox.google.com/payments/home?utm_source=chrome&utm_medium=settings&utm_campaign=payment-methods,,,,regex_match_no_context
case1,regex_baseline,url,ascii,1105815942,https://support.google.com/googlepay/answer/11234179,https://support.google.com/googlepay/answer/11234179,,,,regex_match_no_context
case1,regex_baseline,url,ascii,1105850422,https://support.google.com/chrome/?p=pwa_default_associations,https://support.google.com/chrome?p=pwa_default_associations,,,,regex_match_no_context
case1,regex_baseline,url,ascii,1105853134,https://lh5.googleusercontent.com/proxy/E60bugMrz3Jw0Ty3vD1HqfrrabnAQGlHzIJjRadV1kDS_XSE0AtWuMnjW9VPvq1YeyPJK13gZw63TQYvh2RlaZq_aQm5xskpsgWW1l67gg3mkYaZr07BQqMV47onKA=w3840-h2160-p-k-no-nd-mv,https://lh5.googleusercontent.com/proxy/E60bugMrz3Jw0Ty3vD1HqfrrabnAQGlHzIJjRadV1kDS_XSE0AtWuMnjW9VPvq1YeyPJK13gZw63TQYvh2RlaZq_aQm5xskpsgWW1l67gg3mkYaZr07BQqMV47onKA=w3840-h2160-p-k-no-nd-mv,,,,regex_match_no_context
case1,regex_baseline,url,ascii,1105853326,https://lh4.googleusercontent.com/proxy/UOhQwfclsAK8TnXZqoTkh9szHvYOJ3auDH07hZBZeVaaRWvzGaXpaYl60MfCRuW_S57gvzBw859pj5Xl2pW_GpfG8k2GhE9LUFNKwA=w3840-h2160-p-k-no-nd-mv,https://lh4.googleusercontent.com/proxy/UOhQwfclsAK8TnXZqoTkh9szHvYOJ3auDH07hZBZeVaaRWvzGaXpaYl60MfCRuW_S57gvzBw859pj5Xl2pW_GpfG8k2GhE9LUFNKwA=w3840-h2160-p-k-no-nd-mv,,,,regex_match_no_context
case1,regex_baseline,url,ascii,1105853494,https://lh5.googleusercontent.com/proxy/xvtq6_782kBajCBr0GISHpujOb51XLKUeEOJ2lLPKh12-xNBTCtsoHT14NQcaH9l4JhatcXEMBkqgUeCWhb3XhdLnD1BiNzQ_LVydwg=w3840-h2160-p-k-no-nd-mv,https://lh5.googleusercontent.com/proxy/xvtq6_782kBajCBr0GISHpujOb51XLKUeEOJ2lLPKh12-xNBTCtsoHT14NQcaH9l4JhatcXEMBkqgUeCWhb3XhdLnD1BiNzQ_LVydwg=w3840-h2160-p-k-no-nd-mv,,,,regex_match_no_context
case1,regex_baseline,url,ascii,1105853663,https://lh3.googleusercontent.com/proxy/FWOBAVfQYasxV3KURX1VVKem1yOC2iazWAb8csOmqCDwI1CCzAA1zCpnAxR-wL2rbfZNcRHbI5b-SZfLASmF7uhJnzrksBWougEGlkw_-4U=w3840-h2160-p-k-no-nd-mv,https://lh3.googleusercontent.com/proxy/FWOBAVfQYasxV3KURX1VVKem1yOC2iazWAb8csOmqCDwI1CCzAA1zCpnAxR-wL2rbfZNcRHbI5b-SZfLASmF7uhJnzrksBWougEGlkw_-4U=w3840-h2160-p-k-no-nd-mv,,,,regex_match_no_context
case1,regex_baseline,url,ascii,1105853836,https://lh3.googleusercontent.com/proxy/nMIspgHzTUU0GzmiadmPphBelzF2xy9-tIiejZg3VvJTITxUb-1vILxf-IsCfyl94VSn6YvHa8_PiIyR9d3rwD8ZhNdQ1C1rnblP6zy3OaI=w3840-h2160-p-k-no-nd-mv,https://lh3.googleusercontent.com/proxy/nMIspgHzTUU0GzmiadmPphBelzF2xy9-tIiejZg3VvJTITxUb-1vILxf-IsCfyl94VSn6YvHa8_PiIyR9d3rwD8ZhNdQ1C1rnblP6zy3OaI=w3840-h2160-p-k-no-nd-mv,,,,regex_match_no_context
case1,regex_baseline,url,ascii,1106097572,https://crbug.com/639009,https://crbug.com/639009,,,,regex_match_no_context
case1,regex_baseline,url,ascii,1106102415,https://crbug.com/803205,https://crbug.com/803205,,,,regex_match_no_context
case1,regex_baseline,url,ascii,1106147686,https://sb-ssl.google.com/safebrowsing/clientreport/incident,https://sb-ssl.google.com/safebrowsing/clientreport/incident,,,,regex_match_no_context
case1,regex_baseline,url,ascii,1106148278,https://safebrowsing.google.com/safebrowsing/uploads/chrome,https://safebrowsing.google.com/safebrowsing/uploads/chrome,,,,regex_match_no_context
case1,regex_baseline,url,ascii,1106157926,https://fcm.googleapis.com/fcm/send/,https://fcm.googleapis.com/fcm/send,,,,regex_match_no_context
case1,regex_baseline,url,ascii,1106247878,https://safebrowsing.google.com/safebrowsing/clientreport/crx-telemetry,https://safebrowsing.google.com/safebrowsing/clientreport/crx-telemetry,,,,regex_match_no_context
case1,regex_baseline,url,ascii,1106299734,https://www.gstatic.com/diner/chrome/atp_loading.html,https://www.gstatic.com/diner/chrome/atp_loading.html,,,,regex_match_no_context
case1,regex_baseline,url,ascii,1106487842,https://meet.google.com,https://meet.google.com,,,,regex_match_no_context
case1,regex_baseline,url,ascii,1106492615,https://music-green-qa.youtube.com/,https://music-green-qa.youtube.com,,,,regex_match_no_context
case1,regex_baseline,url,ascii,1106492651,https://music-release-qa.youtube.com/,https://music-release-qa.youtube.com,,,,regex_match_no_context
case1,regex_baseline,url,ascii,1106492689,https://tv.youtube.com,https://tv.youtube.com,,,,regex_match_no_context
case1,regex_baseline,url,ascii,1106492712,https://tv-green-qa.youtube.com,https://tv-green-qa.youtube.com,,,,regex_match_no_context
case1,regex_baseline,url,ascii,1106492744,https://tv-release-qa.youtube.com,https://tv-release-qa.youtube.com,,,,regex_match_no_context
case1,regex_baseline,url,ascii,1106492778,https://web-green-qa.youtube.com,https://web-green-qa.youtube.com,,,,regex_match_no_context
case1,regex_baseline,url,ascii,1106492811,https://web-release-qa.youtube.com,https://web-release-qa.youtube.com,,,,regex_match_no_context
case1,regex_baseline,url,ascii,1106492878,https://www.netflix.com,https://www.netflix.com,,,,regex_match_no_context
case1,regex_baseline,url,ascii,1106492910,https://www.pandora.com,https://www.pandora.com,,,,regex_match_no_context
case1,regex_baseline,url,ascii,1106492945,https://www.hulu.com,https://www.hulu.com,,,,regex_match_no_context
case1,regex_baseline,url,ascii,1106492972,https://www.vimeo.com,https://www.vimeo.com,,,,regex_match_no_context
case1,regex_baseline,url,ascii,1106493006,https://www.dailymotion.com,https://www.dailymotion.com,,,,regex_match_no_context
case1,regex_baseline,url,ascii,1106689307,https://www.gstatic.com/chrome/autofill/password_generation_specs/%d/%s,https://www.gstatic.com/chrome/autofill/password_generation_specs/%d/%s,,,,regex_match_no_context
case1,regex_baseline,url,ascii,1106797998,https://drive.google.com,https://drive.google.com,,,,regex_match_no_context
case1,regex_baseline,url,ascii,1106875806,https://support.google.com/chrome_webstore/?p=crx_warning,https://support.google.com/chrome_webstore?p=crx_warning,,,,regex_match_no_context
case1,regex_baseline,url,utf-16le,1105025456,https://login.windows.local,https://login.windows.local,,,,regex_match_no_context
case1,regex_baseline,url,ascii,1107301990,https://www.google.com/chrome/devices/chromecast/,https://www.google.com/chrome/devices/chromecast,,,,regex_match_no_context
case1,regex_baseline,url,ascii,1107302054,https://support.google.com/chromecast/topic/3447927,https://support.google.com/chromecast/topic/3447927,,,,regex_match_no_context
case1,regex_baseline,url,ascii,1107302118,https://support.google.com/chromecast/answer/2998338,https://support.google.com/chromecast/answer/2998338,,,,regex_match_no_context
case1,regex_baseline,url,ascii,1107538718,http://www.correos.es/comun/CodigosPostales/1010_s-CodPostal.asp?Provincia=,http://www.correos.es/comun/CodigosPostales/1010_s-CodPostal.asp?Provincia=,,,,regex_match_no_context
case1,regex_baseline,url,ascii,1107539397,http://www.correoargentino.com.ar/formularios/cpa,http://www.correoargentino.com.ar/formularios/cpa,,,,regex_match_no_context
case1,regex_baseline,url,ascii,1107539591,http://zip4.usps.com/zip4/welcome.jsp,http://zip4.usps.com/zip4/welcome.jsp,,,,regex_match_no_context
case1,regex_baseline,url,ascii,1107539725,http://www.post.at/post_subsite_postleitzahlfinder.php,http://www.post.at/post_subsite_postleitzahlfinder.php,,,,regex_match_no_context
case1,regex_baseline,url,ascii,1107539962,http://www1.auspost.com.au/postcodes/,http://www1.auspost.com.au/postcodes,,,,regex_match_no_context
case1,regex_baseline,url,ascii,1107540165,https://www.alandpost.ax/privat/skicka-brev/postnummer-pa-aland/postnummersokning,https://www.alandpost.ax/privat/skicka-brev/postnummer-pa-aland/postnummersokning,,,,regex_match_no_context
case1,regex_baseline,url,ascii,1107540585,https://bdpost.portal.gov.bd/site/page/f41a42bd-2540-4afa-8568-af56443c3df8/-,https://bdpost.portal.gov.bd/site/page/f41a42bd-2540-4afa-8568-af56443c3df8/-,,,,regex_match_no_context
case1,regex_baseline,url,ascii,1107540756,http://www.post.be/site/nl/residential/customerservice/search/postal_codes.html,http://www.post.be/site/nl/residential/customerservice/search/postal_codes.html,,,,regex_match_no_context
case1,regex_baseline,url,ascii,1107540967,http://www.bgpost.bg/?cid=5,http://www.bgpost.bg?cid=5,,,,regex_match_no_context
case1,regex_baseline,url,ascii,1107541199,http://www.laposte.fr/Particulier/Utiliser-nos-outils-pratiques/Outils-et-documents/Trouvez-un-code-postal,http://www.laposte.fr/Particulier/Utiliser-nos-outils-pratiques/Outils-et-documents/Trouvez-un-code-postal,,,,regex_match_no_context
case1,regex_baseline,url,ascii,1107541391,http://www.landvaluation.bm/,http://www.landvaluation.bm,,,,regex_match_no_context
case1,regex_baseline,url,ascii,1107541511,http://www.post.gov.bn/SitePages/postcodes.aspx,http://www.post.gov.bn/SitePages/postcodes.aspx,,,,regex_match_no_context
case1,regex_baseline,url,ascii,1107541794,http://www.buscacep.correios.com.br/,http://www.buscacep.correios.com.br,,,,regex_match_no_context
case1,regex_baseline,url,ascii,1107541992,http://www.bhutanpost.bt/postcodes/,http://www.bhutanpost.bt/postcodes,,,,regex_match_no_context
case1,regex_baseline,url,ascii,1107542149,http://ex.belpost.by/addressbook/,http://ex.belpost.by/addressbook,,,,regex_match_no_context
case1,regex_baseline,url,ascii,1107542335,https://www.canadapost.ca/cpo/mc/personal/postalcode/fpc.jsf,https://www.canadapost.ca/cpo/mc/personal/postalcode/fpc.jsf,,,,regex_match_no_context
case1,regex_baseline,url,ascii,1107542628,http://www.post.ch/db/owa/pv_plz_pack/pr_main,http://www.post.ch/db/owa/pv_plz_pack/pr_main,,,,regex_match_no_context
case1,regex_baseline,url,ascii,1107542843,https://www.correos.cl/web/guest/codigo-postal,https://www.correos.cl/web/guest/codigo-postal,,,,regex_match_no_context
case1,regex_baseline,url,ascii,1107543103,http://www.ems.com.cn/serviceguide/you_bian_cha_xun.html,http://www.ems.com.cn/serviceguide/you_bian_cha_xun.html,,,,regex_match_no_context
case1,regex_baseline,url,ascii,1107543306,http://www.codigopostal.gov.co/,http://www.codigopostal.gov.co,,,,regex_match_no_context
case1,regex_baseline,url,ascii,1107543441,https://correos.go.cr/codigo-postal/,https://correos.go.cr/codigo-postal,,,,regex_match_no_context
case1,regex_baseline,url,ascii,1107543923,http://psc.ceskaposta.cz/CleanForm.action,http://psc.ceskaposta.cz/CleanForm.action,,,,regex_match_no_context
case1,regex_baseline,url,ascii,1107544060,http://www.postdirekt.de/plzserver/,http://www.postdirekt.de/plzserver,,,,regex_match_no_context
case1,regex_baseline,url,ascii,1107544214,http://www.postdanmark.dk/da/Privat/Kundeservice/postnummerkort/Sider/Find-postnummer.aspx,http://www.postdanmark.dk/da/Privat/Kundeservice/postnummerkort/Sider/Find-postnummer.aspx,,,,regex_match_no_context
case1,regex_baseline,url,ascii,1107544393,http://inposdom.gob.do/,http://inposdom.gob.do,,,,regex_match_no_context
case1,regex_baseline,url,ascii,1107544572,http://www.codigopostal.gob.ec/,http://www.codigopostal.gob.ec,,,,regex_match_no_context
case1,regex_baseline,url,ascii,1107544705,https://www.omniva.ee/era/sihtnumbrite_otsing,https://www.omniva.ee/era/sihtnumbrite_otsing,,,,regex_match_no_context
case1,regex_baseline,url,ascii,1107545058,http://www.correos.es/contenido/13-MenuRec2/04-MenuRec24/1010_s-CodPostal.asp,http://www.correos.es/contenido/13-MenuRec2/04-MenuRec24/1010_s-CodPostal.asp,,,,regex_match_no_context
case1,regex_baseline,url,ascii,1107545306,https://support.posti.fi/fi/tyokalut/postinumerohaku.html,https://support.posti.fi/fi/tyokalut/postinumerohaku.html,,,,regex_match_no_context
case1,regex_baseline,url,ascii,1107545741,https://www.posta.fo/fo/forsida/finn-postnr-stad/,https://www.posta.fo/fo/forsida/finn-postnr-stad,,,,regex_match_no_context
case1,regex_baseline,url,ascii,1107546261,http://www.royalmail.com/postcode-finder,http://www.royalmail.com/postcode-finder,,,,regex_match_no_context
case1,regex_baseline,url,ascii,1107546386,http://www.georgianpost.ge/index.php?page=10,http://www.georgianpost.ge/index.php?page=10,,,,regex_match_no_context
case1,regex_baseline,url,ascii,1107546746,http://www.guernseypost.com/postcode_finder/,http://www.guernseypost.com/postcode_finder,,,,regex_match_no_context
case1,regex_baseline,url,ascii,1107547199,http://www.elta.gr/findapostcode.aspx,http://www.elta.gr/findapostcode.aspx,,,,regex_match_no_context
case1,regex_baseline,url,ascii,1107548014,http://www.posta.hr/default.aspx?pretpum,http://www.posta.hr/default.aspx?pretpum,,,,regex_match_no_context
case1,regex_baseline,url,ascii,1107548240,http://posta.hu/ugyfelszolgalat/iranyitoszam_kereso,http://posta.hu/ugyfelszolgalat/iranyitoszam_kereso,,,,regex_match_no_context
case1,regex_baseline,url,ascii,1107548545,https://finder.eircode.ie,https://finder.eircode.ie,,,,regex_match_no_context
case1,regex_baseline,url,ascii,1107548646,http://www.israelpost.co.il/zipcode.nsf/demozip?openform,http://www.israelpost.co.il/zipcode.nsf/demozip?openform,,,,regex_match_no_context
case1,regex_baseline,url,ascii,1107548807,https://www.iompost.com/tools-forms/postcode-finder/,https://www.iompost.com/tools-forms/postcode-finder,,,,regex_match_no_context
case1,regex_baseline,url,ascii,1107549013,https://www.indiapost.gov.in/vas/pages/FindPinCode.aspx,https://www.indiapost.gov.in/vas/pages/FindPinCode.aspx,,,,regex_match_no_context
case1,regex_baseline,url,ascii,1107549448,https://posturinn.is/,https://posturinn.is,,,,regex_match_no_context
case1,regex_baseline,url,ascii,1107549575,http://www.poste.it/online/cercacap/,http://www.poste.it/online/cercacap,,,,regex_match_no_context
case1,regex_baseline,url,ascii,1107549723,http://www.jerseypost.com/tools/postcode-address-finder/,http://www.jerseypost.com/tools/postcode-address-finder,,,,regex_match_no_context
case1,regex_baseline,url,ascii,1107550142,http://www.post.japanpost.jp/zipcode/,http://www.post.japanpost.jp/zipcode,,,,regex_match_no_context
case1,regex_baseline,url,ascii,1107550406,https://www.cambodiapost.post/page/postal-codes,https://www.cambodiapost.post/page/postal-codes,,,,regex_match_no_context
case1,regex_baseline,url,ascii,1107550940,http://www.epost.go.kr/search/zipcode/search5.jsp,http://www.epost.go.kr/search/zipcode/search5.jsp,,,,regex_match_no_context
case1,regex_baseline,url,ascii,1107551205,http://www.caymanpost.gov.ky/,http://www.caymanpost.gov.ky,,,,regex_match_no_context
case1,regex_baseline,url,ascii,1107551701,http://www.slpost.gov.lk/,http://www.slpost.gov.lk,,,,regex_match_no_context
case1,regex_baseline,url,ascii,1107551959,http://www.post.lt/lt/?id=316,http://www.post.lt/lt?id=316,,,,regex_match_no_context
case1,regex_baseline,url,ascii,1107552084,https://www.post.lu/fr/grandes-entreprises/solutions-postales/rechercher-un-code-postal,https://www.post.lu/fr/grandes-entreprises/solutions-postales/rechercher-un-code-postal,,,,regex_match_no_context
case1,regex_baseline,url,ascii,1107552282,http://www.pasts.lv/lv/uzzinas/nodalas/,http://www.pasts.lv/lv/uzzinas/nodalas,,,,regex_match_no_context
case1,regex_baseline,url,ascii,1107552768,https://www.laposte.fr/particulier/outils/trouver-un-code-postal,https://www.laposte.fr/particulier/outils/trouver-un-code-postal,,,,regex_match_no_context
case1,regex_baseline,url,ascii,1107553328,http://www.zipcode.mn/,http://www.zipcode.mn,,,,regex_match_no_context
case1,regex_baseline,url,ascii,1107553942,https://www.maltapost.com/PostCode/,https://www.maltapost.com/PostCode,,,,regex_match_no_context
case1,regex_baseline,url,ascii,1107554122,http://www.maldivespost.com/?lid=10,http://www.maldivespost.com?lid=10,,,,regex_match_no_context
case1,regex_baseline,url,ascii,1107554384,https://www.correosdemexico.gob.mx/SSLServicios/ConsultaCP/Descarga.aspx,https://www.correosdemexico.gob.mx/SSLServicios/ConsultaCP/Descarga.aspx,,,,regex_match_no_context
case1,regex_baseline,url,ascii,1107554644,http://www.pos.com.my,http://www.pos.com.my,,,,regex_match_no_context
case1,regex_baseline,url,ascii,1107554916,https://www.opt.nc/particuliers/courrier-et-colis/les-codes-postaux-de-nouvelle-caledonie,https://www.opt.nc/particuliers/courrier-et-colis/les-codes-postaux-de-nouvelle-caledonie,,,,regex_match_no_context
case1,regex_baseline,url,ascii,1107555257,http://www.nigeriapostcodes.com/,http://www.nigeriapostcodes.com,,,,regex_match_no_context
case1,regex_baseline,url,ascii,1107555402,http://www.correos.gob.ni/codigo-postal/,http://www.correos.gob.ni/codigo-postal,,,,regex_match_no_context
case1,regex_baseline,url,ascii,1107555542,http://www.postnl.nl/voorthuis/,http://www.postnl.nl/voorthuis,,,,regex_match_no_context
case1,regex_baseline,url,ascii,1107555708,http://adressesok.posten.no/nb/postal_codes/search,http://adressesok.posten.no/nb/postal_codes/search,,,,regex_match_no_context
case1,regex_baseline,url,ascii,1107555841,http://www.gpo.gov.np/Home/Postalcode,http://www.gpo.gov.np/Home/Postalcode,,,,regex_match_no_context
case1,regex_baseline,url,ascii,1107556106,http://www.nzpost.co.nz/Cultures/en-NZ/OnlineTools/PostCodeFinder/,http://www.nzpost.co.nz/Cultures/en-NZ/OnlineTools/PostCodeFinder,,,,regex_match_no_context
case1,regex_baseline,url,ascii,1107556430,http://www.codigopostal.gob.pe/pages/invitado/consulta.jsf,http://www.codigopostal.gob.pe/pages/invitado/consulta.jsf,,,,regex_match_no_context
case1,regex_baseline,url,ascii,1107556799,http://www.philpost.gov.ph/,http://www.philpost.gov.ph,,,,regex_match_no_context
case1,regex_baseline,url,ascii,1107556904,http://www.pakpost.gov.pk/postcode.php,http://www.pakpost.gov.pk/postcode.php,,,,regex_match_no_context
case1,regex_baseline,url,ascii,1107557064,http://kody.poczta-polska.pl/,http://kody.poczta-polska.pl,,,,regex_match_no_context
case1,regex_baseline,url,ascii,1107557554,http://www.ctt.pt/feapl_2/app/open/tools.jspx?tool=1,http://www.ctt.pt/feapl_2/app/open/tools.jspx?tool=1,,,,regex_match_no_context
case1,regex_baseline,url,ascii,1107558175,http://www.posta-romana.ro/zip_codes,http://www.posta-romana.ro/zip_codes,,,,regex_match_no_context
case1,regex_baseline,url,ascii,1107558286,http://www.posta.rs/struktura/lat/aplikacije/pronadji/nadji-postu.asp,http://www.posta.rs/struktura/lat/aplikacije/pronadji/nadji-postu.asp,,,,regex_match_no_context
case1,regex_baseline,url,ascii,1107558548,https://www.pochta.ru/post-index,https://www.pochta.ru/post-index,,,,regex_match_no_context
case1,regex_baseline,url,ascii,1107558998,https://www.postnord.se/online-verktyg/verktyg/sok/sok-postnummer-och-adress,https://www.postnord.se/online-verktyg/verktyg/sok/sok-postnummer-och-adress,,,,regex_match_no_context
case1,regex_baseline,url,ascii,1107559188,https://www.singpost.com/find-postal-code,https://www.singpost.com/find-postal-code,,,,regex_match_no_context
case1,regex_baseline,url,ascii,1107559520,http://epab.posten.no/,http://epab.posten.no,,,,regex_match_no_context
case1,regex_baseline,url,ascii,1107559661,http://psc.posta.sk,http://psc.posta.sk,,,,regex_match_no_context
case1,regex_baseline,url,ascii,1107560341,http://www.sptc.co.sz/swazipost/codes/index.php,http://www.sptc.co.sz/swazipost/codes/index.php,,,,regex_match_no_context
case1,regex_baseline,url,ascii,1107560954,http://www.poste.tn/codes.php,http://www.poste.tn/codes.php,,,,regex_match_no_context
case1,regex_baseline,url,ascii,1107561142,http://postakodu.ptt.gov.tr/,http://postakodu.ptt.gov.tr,,,,regex_match_no_context
case1,regex_baseline,url,ascii,1107561442,http://www.post.gov.tw/post/internet/f_searchzone/index.jsp?ID=190102,http://www.post.gov.tw/post/internet/f_searchzone/index.jsp?ID=190102,,,,regex_match_no_context
case1,regex_baseline,url,ascii,1107561754,http://services.ukrposhta.com/postindex_new/,http://services.ukrposhta.com/postindex_new,,,,regex_match_no_context
case1,regex_baseline,url,ascii,1107562158,https://tools.usps.com/go/ZipLookupAction!input.action,https://tools.usps.com/go/ZipLookupAction!input.action,,,,regex_match_no_context
case1,regex_baseline,url,ascii,1107562292,http://www.correo.com.uy/index.asp?codPag=codPost&switchMapa=codPost,http://www.correo.com.uy/index.asp?codPag=codPost&switchMapa=codPost,,,,regex_match_no_context
case1,regex_baseline,url,ascii,1107562446,http://www.pochta.uz/ru/uslugi/indexsearch.html,http://www.pochta.uz/ru/uslugi/indexsearch.html,,,,regex_match_no_context
case1,regex_baseline,url,ascii,1107562654,http://www.svgpost.gov.vc/?option=com_content&view=article&id=3&Itemid=16,http://www.svgpost.gov.vc?option=com_content&view=article&id=3&Itemid=16,,,,regex_match_no_context
case1,regex_baseline,url,ascii,1107562864,http://postcode.vnpost.vn/services/search.aspx,http://postcode.vnpost.vn/services/search.aspx,,,,regex_match_no_context
case1,regex_baseline,url,ascii,1107563755,https://www.postoffice.co.za/Questions/postalcode.html,https://www.postoffice.co.za/Questions/postalcode.html,,,,regex_match_no_context
case1,regex_baseline,url,ascii,1107566431,https://www.googleapis.com/affiliation/v1/affiliation:lookupByHashPrefix,https://www.googleapis.com/affiliation/v1/affiliation:lookupByHashPrefix,,,,regex_match_no_context
case1,regex_baseline,url,ascii,1107785248,https://support.google.com/chrome/answer/96817,https://support.google.com/chrome/answer/96817,,,,regex_match_no_context
case1,regex_baseline,url,ascii,1107903974,http://update.googleapis.com/service/update2/json,http://update.googleapis.com/service/update2/json,,,,regex_match_no_context
case1,regex_baseline,url,ascii,1108020918,https://www.googleapis.com/auth/cast-edu-messaging,https://www.googleapis.com/auth/cast-edu-messaging,,,,regex_match_no_context
case1,regex_baseline,url,ascii,1108020982,https://castedumessaging-pa.googleapis.com,https://castedumessaging-pa.googleapis.com,,,,regex_match_no_context
case1,regex_baseline,url,ascii,1108295670,https://%s.chromiumapp.org/,https://%s.chromiumapp.org,,,,regex_match_no_context
case1,regex_baseline,url,ascii,1124599238,https://www.youtube.com//chromium-projects/mf=1&sea=1&sev=1&origin=https%3A%2F%2Fwww.google.com&cn=account&pid=1&spid=538age&cn=app&pid=1&spid=243&hl=enid=1&spid=243&hl=en,https://www.youtube.com//chromium-projects/mf=1&sea=1&sev=1&origin=https%3A%2F%2Fwww.google.com&cn=account&pid=1&spid=538age&cn=app&pid=1&spid=243&hl=enid=1&spid=243&hl=en,,,,regex_match_no_context
case1,regex_baseline,url,ascii,1124600294,https://www.youtube.comgC7C3F6C52FCB35E8805BBD6C9BB),https://www.youtube.comgc7c3f6c52fcb35e8805bbd6c9bb),,,,regex_match_no_context
case1,regex_baseline,url,ascii,1242979796,https://github.com/WICG/construct-stylesheets/issues/119#issuecomment-588352418.,https://github.com/WICG/construct-stylesheets/issues/119,,,,regex_match_no_context
case1,regex_baseline,url,ascii,1243182352,https://www.chromestatus.com/feature/5636954674692096,https://www.chromestatus.com/feature/5636954674692096,,,,regex_match_no_context
case1,regex_baseline,url,ascii,1243360050,https://www.chromestatus.com/feature/5745543795965952,https://www.chromestatus.com/feature/5745543795965952,,,,regex_match_no_context
case1,regex_baseline,url,ascii,1243607490,https://www.chromestatus.com/feature/5093566007214080,https://www.chromestatus.com/feature/5093566007214080,,,,regex_match_no_context
case1,regex_baseline,url,ascii,1243611841,https://www.chromestatus.com/feature/6662647093133312,https://www.chromestatus.com/feature/6662647093133312,,,,regex_match_no_context
case1,regex_baseline,url,ascii,1243747932,https://www.chromestatus.com/feature/5629582019395584.,https://www.chromestatus.com/feature/5629582019395584.,,,,regex_match_no_context
case1,regex_baseline,url,ascii,1243748330,https://www.chromestatus.com/feature/5851021045661696.,https://www.chromestatus.com/feature/5851021045661696.,,,,regex_match_no_context
case1,regex_baseline,url,ascii,1243775485,https://crbug.com/1038223.,https://crbug.com/1038223.,,,,regex_match_no_context
case1,regex_baseline,url,ascii,1243929836,https://crbug.com/1412729,https://crbug.com/1412729,,,,regex_match_no_context
case1,regex_baseline,url,ascii,1244121922,https://html.spec.whatwg.org/multipage/dom.html#custom-data-attribute.,https://html.spec.whatwg.org/multipage/dom.html,,,,regex_match_no_context
case1,regex_baseline,url,ascii,1244122066,https://chromestatus.com/feature/5463833265045504.,https://chromestatus.com/feature/5463833265045504.,,,,regex_match_no_context
case1,regex_baseline,url,ascii,1244155932,https://goo.gl/ximf56,https://goo.gl/ximf56,,,,regex_match_no_context
case1,regex_baseline,url,ascii,1244257124,https://goo.gl/xX8pDD,https://goo.gl/xX8pDD,,,,regex_match_no_context
case1,regex_baseline,url,ascii,1244267955,https://goo.gl/LdLk22,https://goo.gl/LdLk22,,,,regex_match_no_context
case1,regex_baseline,url,ascii,1244295673,https://www.chromium.org/blink/origin-trials/portals.,https://www.chromium.org/blink/origin-trials/portals.,,,,regex_match_no_context
case1,regex_baseline,url,ascii,1244690655,https://github.com/WICG/view-transitions/blob/main/debugging_overflow_on_images.md,https://github.com/WICG/view-transitions/blob/main/debugging_overflow_on_images.md,,,,regex_match_no_context
case1,regex_baseline,url,ascii,1245229870,https://chromestatus.com/feature/5105856067141632.,https://chromestatus.com/feature/5105856067141632.,,,,regex_match_no_context
case1,regex_baseline,url,ascii,1245273002,https://blog.chromium.org/2019/10/no-more-mixed-messages-about-https.html,https://blog.chromium.org/2019/10/no-more-mixed-messages-about-https.html,,,,regex_match_no_context
case1,regex_baseline,url,ascii,1245296980,https://crbug.com/981419,https://crbug.com/981419,,,,regex_match_no_context
case1,regex_baseline,url,ascii,1245385839,https://crbug.com/850954,https://crbug.com/850954,,,,regex_match_no_context
case1,regex_baseline,url,ascii,1245604753,https://www.chromestatus.com/feature/5718547946799104,https://www.chromestatus.com/feature/5718547946799104,,,,regex_match_no_context
case1,regex_baseline,url,ascii,1245622007,https://crbug.com/927119,https://crbug.com/927119,,,,regex_match_no_context
case1,regex_baseline,url,ascii,1245626298,https://github.com/w3c/ServiceWorker/issues/1356.,https://github.com/w3c/ServiceWorker/issues/1356.,,,,regex_match_no_context
case1,regex_baseline,url,ascii,1245932471,https://github.com/w3c/webappsec-trusted-types/wiki/Trusted-Types-for-function-constructor,https://github.com/w3c/webappsec-trusted-types/wiki/Trusted-Types-for-function-constructor,,,,regex_match_no_context
case1,regex_baseline,url,ascii,1245993592,http://www.w3.org/TR/xhtml,http://www.w3.org/TR/xhtml,,,,regex_match_no_context
case1,regex_baseline,url,ascii,1245993619,http://www.w3.org/Graphics/SVG,http://www.w3.org/Graphics/SVG,,,,regex_match_no_context
case1,regex_baseline,url,ascii,1246009046,http://exslt.org/common,http://exslt.org/common,,,,regex_match_no_context
case1,regex_baseline,url,ascii,1246018592,https://www.chromestatus.com/feature/4664843055398912,https://www.chromestatus.com/feature/4664843055398912,,,,regex_match_no_context
case1,regex_baseline,url,ascii,1246370918,http://www.w3.org/1998/Math/MathML,http://www.w3.org/1998/Math/MathML,,,,regex_match_no_context
case1,regex_baseline,url,ascii,1246417423,https://www.chromestatus.com/feature/5082396709879808,https://www.chromestatus.com/feature/5082396709879808,,,,regex_match_no_context
case1,regex_baseline,url,ascii,1246418125,https://developers.google.com/web/updates/2016/08/removing-document-write,https://developers.google.com/web/updates/2016/08/removing-document-write,,,,regex_match_no_context
case1,regex_baseline,url,ascii,1246463515,http://www.ibm.com/data/dtd/v11/ibmxhtml1-transitional.dtd,http://www.ibm.com/data/dtd/v11/ibmxhtml1-transitional.dtd,,,,regex_match_no_context
case1,regex_baseline,url,ascii,1248259299,http://icl.com/saxon,http://icl.com/saxon,,,,regex_match_no_context
case1,regex_baseline,url,ascii,1248263702,http://www.w3.org/TR/1999/REC-html401-19991224/frameset.dtd,http://www.w3.org/TR/1999/REC-html401-19991224/frameset.dtd,,,,regex_match_no_context
case1,regex_baseline,url,ascii,1248263799,http://www.w3.org/TR/1999/REC-html401-19991224/strict.dtd,http://www.w3.org/TR/1999/REC-html401-19991224/strict.dtd,,,,regex_match_no_context
case1,regex_baseline,url,ascii,1248263906,http://www.w3.org/TR/1999/REC-html401-19991224/loose.dtd,http://www.w3.org/TR/1999/REC-html401-19991224/loose.dtd,,,,regex_match_no_context
case1,regex_baseline,url,ascii,1248263978,http://www.w3.org/TR/html4/strict.dtd,http://www.w3.org/TR/html4/strict.dtd,,,,regex_match_no_context
case1,regex_baseline,url,ascii,1248264025,http://www.w3.org/TR/html4/loose.dtd,http://www.w3.org/TR/html4/loose.dtd,,,,regex_match_no_context
case1,regex_baseline,url,ascii,1248264071,http://www.w3.org/TR/html4/frameset.dtd,http://www.w3.org/TR/html4/frameset.dtd,,,,regex_match_no_context
case1,regex_baseline,url,ascii,1248266073,http://xmlsoft.org/XSLT/namespace,http://xmlsoft.org/XSLT/namespace,,,,regex_match_no_context
case1,regex_baseline,url,ascii,1248266107,http://www.jclark.com/xt,http://www.jclark.com/xt,,,,regex_match_no_context
case1,regex_baseline,url,ascii,1248266221,http://xmlsoft.org/XSLT/,http://xmlsoft.org/XSLT,,,,regex_match_no_context
case1,regex_baseline,url,ascii,1308407539,https://crbug.com/v8/8520,https://crbug.com/v8/8520,,,,regex_match_no_context
case1,regex_baseline,url,ascii,1319240573,https://tools.ietf.org/html/rfc6960,https://tools.ietf.org/html/rfc6960,,,,regex_match_no_context
case1,regex_baseline,url,ascii,1319240625,https://tools.ietf.org/html/rfc5280#section-4.2.1.13,https://tools.ietf.org/html/rfc5280,,,,regex_match_no_context
case1,regex_baseline,url,ascii,1338384779,https://streams.videolan.org/upload/,https://streams.videolan.org/upload,,,,regex_match_no_context
case1,regex_baseline,url,ascii,1380047366,https://secureconnect-pa.clients6.google.com/v1:getManagedAccountsSigninRestriction,https://secureconnect-pa.clients6.google.com/v1:getManagedAccountsSigninRestriction,,,,regex_match_no_context
case1,regex_baseline,url,ascii,1380093830,https://source.chromium.org/chromium/chromium/src/+/main:%s;l=%i;drc:%s,https://source.chromium.org/chromium/chromium/src/+/main:%s;l=%i;drc:%s,,,,regex_match_no_context
case1,regex_baseline,url,ascii,1380110832,http://crbug.com,http://crbug.com,,,,regex_match_no_context
case1,regex_baseline,url,ascii,1436019351,https://lens.google.com/,https://lens.google.com,,,,regex_match_no_context
case1,regex_baseline,url,ascii,1442625764,https://...,https://...,,,,regex_match_no_context
case1,regex_baseline,url,ascii,1442626070,https://www.google.com/accounts/OAuthLogin,https://www.google.com/accounts/OAuthLogin,,,,regex_match_no_context
case1,regex_baseline,url,ascii,1442626118,https://www.googleapis.com/auth/chromeosdevicemanagement,https://www.googleapis.com/auth/chromeosdevicemanagement,,,,regex_match_no_context
case1,regex_baseline,url,ascii,1442626182,https://www.googleapis.com/auth/any-api,https://www.googleapis.com/auth/any-api,,,,regex_match_no_context
case1,regex_baseline,url,ascii,1442626278,https://www.googleapis.com/auth/chromesync_playpen,https://www.googleapis.com/auth/chromesync_playpen,,,,regex_match_no_context
case1,regex_baseline,url,ascii,1442626342,https://www.googleapis.com/auth/kid.management.privileged,https://www.googleapis.com/auth/kid.management.privileged,,,,regex_match_no_context
case1,regex_baseline,url,ascii,1442626406,https://www.googleapis.com/auth/kids.supervision.setup.child,https://www.googleapis.com/auth/kids.supervision.setup.child,,,,regex_match_no_context
case1,regex_baseline,url,ascii,1442626470,https://www.googleapis.com/auth/googletalk,https://www.googleapis.com/auth/googletalk,,,,regex_match_no_context
case1,regex_baseline,url,ascii,1442626518,https://www.googleapis.com/auth/userinfo.email,https://www.googleapis.com/auth/userinfo.email,,,,regex_match_no_context
case1,regex_baseline,url,ascii,1442626566,https://www.googleapis.com/auth/userinfo.profile,https://www.googleapis.com/auth/userinfo.profile,,,,regex_match_no_context
case1,regex_baseline,url,ascii,1442626630,https://www.googleapis.com/auth/kids.parentapproval,https://www.googleapis.com/auth/kids.parentapproval,,,,regex_match_no_context
case1,regex_baseline,url,ascii,1442626694,https://www.googleapis.com/auth/peopleapi.readonly,https://www.googleapis.com/auth/peopleapi.readonly,,,,regex_match_no_context
case1,regex_baseline,url,ascii,1442626758,https://www.googleapis.com/auth/accounts.programmaticchallenge,https://www.googleapis.com/auth/accounts.programmaticchallenge,,,,regex_match_no_context
case1,regex_baseline,url,ascii,1442626822,https://www.googleapis.com/auth/accounts.reauth,https://www.googleapis.com/auth/accounts.reauth,,,,regex_match_no_context
case1,regex_baseline,url,ascii,1442626870,https://www.googleapis.com/auth/auditrecording-pa,https://www.googleapis.com/auth/auditrecording-pa,,,,regex_match_no_context
case1,regex_baseline,url,ascii,1442626934,https://www.googleapis.com/auth/cclog,https://www.googleapis.com/auth/cclog,,,,regex_match_no_context
case1,regex_baseline,url,ascii,1442626982,https://www.googleapis.com/auth/firebase.messaging,https://www.googleapis.com/auth/firebase.messaging,,,,regex_match_no_context
case1,regex_baseline,url,ascii,1442627046,https://www.googleapis.com/auth/tachyon,https://www.googleapis.com/auth/tachyon,,,,regex_match_no_context
case1,regex_baseline,url,ascii,1442627094,https://www.googleapis.com/auth/photos,https://www.googleapis.com/auth/photos,,,,regex_match_no_context
case1,regex_baseline,url,ascii,1442627142,https://www.googleapis.com/auth/bce.secureconnect,https://www.googleapis.com/auth/bce.secureconnect,,,,regex_match_no_context
case1,regex_baseline,url,ascii,1442627206,https://www.googleapis.com/auth/cast.backdrop,https://www.googleapis.com/auth/cast.backdrop,,,,regex_match_no_context
case1,regex_baseline,url,ascii,1442627254,https://www.googleapis.com/auth/cloud-translation,https://www.googleapis.com/auth/cloud-translation,,,,regex_match_no_context
case1,regex_baseline,url,ascii,1442627318,https://www.googleapis.com/auth/identity.passwords.leak.check,https://www.googleapis.com/auth/identity.passwords.leak.check,,,,regex_match_no_context
case1,regex_baseline,url,ascii,1442627446,https://www.googleapis.com/auth/kid.permission,https://www.googleapis.com/auth/kid.permission,,,,regex_match_no_context
case1,regex_baseline,url,ascii,1442627494,https://www.googleapis.com/auth/kid.family.readonly,https://www.googleapis.com/auth/kid.family.readonly,,,,regex_match_no_context
case1,regex_baseline,url,ascii,1442627702,https://www.googleapis.com/auth/drive.readonly,https://www.googleapis.com/auth/drive.readonly,,,,regex_match_no_context
case1,regex_baseline,url,ascii,1442627750,https://www.googleapis.com/auth/assistant-sdk-prototype,https://www.googleapis.com/auth/assistant-sdk-prototype,,,,regex_match_no_context
case1,regex_baseline,url,ascii,1442627814,https://www.googleapis.com/auth/cloudplatformprojects,https://www.googleapis.com/auth/cloudplatformprojects,,,,regex_match_no_context
case1,regex_baseline,url,ascii,1442627878,https://www.googleapis.com/auth/nearbysharing-pa,https://www.googleapis.com/auth/nearbysharing-pa,,,,regex_match_no_context
case1,regex_baseline,url,ascii,1442627942,https://www.googleapis.com/auth/gcm,https://www.googleapis.com/auth/gcm,,,,regex_match_no_context
case1,regex_baseline,url,ascii,1442627990,https://www.googleapis.com/auth/android_checkin,https://www.googleapis.com/auth/android_checkin,,,,regex_match_no_context
case1,regex_baseline,url,ascii,1442628102,https://www.googleapis.com/auth/account.capabilities,https://www.googleapis.com/auth/account.capabilities,,,,regex_match_no_context
case1,regex_baseline,url,ascii,1442628166,https://www.googleapis.com/auth/supportcontent,https://www.googleapis.com/auth/supportcontent,,,,regex_match_no_context
case1,regex_baseline,url,ascii,1442628342,https://www.googleapis.com/auth/googlenow,https://www.googleapis.com/auth/googlenow,,,,regex_match_no_context
case1,regex_baseline,url,ascii,1442628390,https://www.googleapis.com/auth/chromekanonymity,https://www.googleapis.com/auth/chromekanonymity,,,,regex_match_no_context
case1,regex_baseline,url,ascii,1442628454,https://www.googleapis.com/auth/calendar.readonly,https://www.googleapis.com/auth/calendar.readonly,,,,regex_match_no_context
case1,regex_baseline,url,ascii,1442628518,https://www.googleapis.com/auth/tasks.readonly,https://www.googleapis.com/auth/tasks.readonly,,,,regex_match_no_context
case1,regex_baseline,url,ascii,1442628566,https://www.googleapis.com/auth/tasks,https://www.googleapis.com/auth/tasks,,,,regex_match_no_context
case1,regex_baseline,url,ascii,1442629692,https://developers.google.com/identity/protocols,https://developers.google.com/identity/protocols,,,,regex_match_no_context
case1,regex_baseline,url,ascii,1536578646,http://www.webrtc.org/experiments/rtp-hdrext/abs-send-time,http://www.webrtc.org/experiments/rtp-hdrext/abs-send-time,,,,regex_match_no_context
case1,regex_baseline,url,ascii,1536578710,http://www.webrtc.org/experiments/rtp-hdrext/abs-capture-time,http://www.webrtc.org/experiments/rtp-hdrext/abs-capture-time,,,,regex_match_no_context
case1,regex_baseline,url,ascii,1536578806,http://www.webrtc.org/experiments/rtp-hdrext/video-content-type,http://www.webrtc.org/experiments/rtp-hdrext/video-content-type,,,,regex_match_no_context
case1,regex_baseline,url,ascii,1536578870,http://www.webrtc.org/experiments/rtp-hdrext/video-timing,http://www.webrtc.org/experiments/rtp-hdrext/video-timing,,,,regex_match_no_context
case1,regex_baseline,url,ascii,1536578934,http://www.webrtc.org/experiments/rtp-hdrext/generic-frame-descriptor-00,http://www.webrtc.org/experiments/rtp-hdrext/generic-frame-descriptor-00,,,,regex_match_no_context
case1,regex_baseline,url,ascii,1536579014,https://aomediacodec.github.io/av1-rtp-spec/#dependency-descriptor-rtp-header-extension,https://aomediacodec.github.io/av1-rtp-spec,,,,regex_match_no_context
case1,regex_baseline,url,ascii,1536579110,http://www.webrtc.org/experiments/rtp-hdrext/video-layers-allocation00,http://www.webrtc.org/experiments/rtp-hdrext/video-layers-allocation00,,,,regex_match_no_context
case1,regex_baseline,url,ascii,1536579190,http://www.ietf.org/id/draft-holmer-rmcat-transport-wide-cc-extensions-01,http://www.ietf.org/id/draft-holmer-rmcat-transport-wide-cc-extensions-01,,,,regex_match_no_context
case1,regex_baseline,url,ascii,1536579270,http://www.webrtc.org/experiments/rtp-hdrext/transport-wide-cc-02,http://www.webrtc.org/experiments/rtp-hdrext/transport-wide-cc-02,,,,regex_match_no_context
case1,regex_baseline,url,ascii,1536579350,http://www.webrtc.org/experiments/rtp-hdrext/playout-delay,http://www.webrtc.org/experiments/rtp-hdrext/playout-delay,,,,regex_match_no_context
case1,regex_baseline,url,ascii,1536579414,http://www.webrtc.org/experiments/rtp-hdrext/color-space,http://www.webrtc.org/experiments/rtp-hdrext/color-space,,,,regex_match_no_context
case1,regex_baseline,url,ascii,1536579638,http://www.webrtc.org/experiments/rtp-hdrext/video-frame-tracking-id,http://www.webrtc.org/experiments/rtp-hdrext/video-frame-tracking-id,,,,regex_match_no_context
case1,regex_baseline,url,ascii,1537372673,https://crbug.com/1053756,https://crbug.com/1053756,,,,regex_match_no_context
case1,regex_baseline,url,ascii,1537434330,http://crl.globalsign.net/root-r2.crl0,http://crl.globalsign.net/root-r2.crl0,,,,regex_match_no_context
case1,regex_baseline,url,ascii,1537445160,http://www2.public-trust.com/crl/ct/ctroot.crl0,http://www2.public-trust.com/crl/ct/ctroot.crl0,,,,regex_match_no_context
case1,regex_baseline,url,ascii,1537540486,http://www.webrtc.org/experiments/rtp-hdrext/inband-cn,http://www.webrtc.org/experiments/rtp-hdrext/inband-cn,,,,regex_match_no_context
case1,regex_baseline,url,ascii,1538040722,https://webrtc.googlesource.com/src/+/refs/heads/main/docs/native-code/rtp-hdrext/playout-delay/,https://webrtc.googlesource.com/src/+/refs/heads/main/docs/native-code/rtp-hdrext/playout-delay,,,,regex_match_no_context
case1,regex_baseline,url,ascii,1570431496,https://crbug.com/new,https://crbug.com/new,,,,regex_match_no_context
case1,regex_baseline,url,ascii,1571307091,https://www.w3.org/TR/mse-byte-stream-format-isobmff/#movie-fragment-relative-addressing,https://www.w3.org/TR/mse-byte-stream-format-isobmff,,,,regex_match_no_context
case1,regex_baseline,url,ascii,1579969197,http://www.microsoft.com/networking/WLAN/profile/v1,http://www.microsoft.com/networking/WLAN/profile/v1,,,,regex_match_no_context
case1,regex_baseline,url,ascii,1586350047,https://tools.ietf.org/html/rfc3492),https://tools.ietf.org/html/rfc3492),,,,regex_match_no_context
case1,regex_baseline,url,ascii,1586350169,http://tools.ietf.org/html/rfc3986#section-2.1),http://tools.ietf.org/html/rfc3986,,,,regex_match_no_context
case1,regex_baseline,url,ascii,1586375998,http://%s:80,http://%s:80,,,,regex_match_no_context
case1,regex_baseline,url,ascii,1586380422,https://wicg.github.io/nav-speculation/no-vary-search.html,https://wicg.github.io/nav-speculation/no-vary-search.html,,,,regex_match_no_context
case1,regex_baseline,url,ascii,1586380486,https://www.rfc-editor.org/rfc/rfc8941.html#name-dictionaries,https://www.rfc-editor.org/rfc/rfc8941.html,,,,regex_match_no_context
case1,regex_baseline,url,ascii,1600074663,https://chromium.googlesource.com/chromium/src/+/main/net/tools/stitch_net_log_files.py,https://chromium.googlesource.com/chromium/src/+/main/net/tools/stitch_net_log_files.py,,,,regex_match_no_context
case1,regex_baseline,url,ascii,1600116444,https://my-pac-script.invalid/wpad.dat,https://my-pac-script.invalid/wpad.dat,,,,regex_match_no_context
case1,regex_baseline,url,ascii,1600119590,http://wpad/wpad.dat,http://wpad/wpad.dat,,,,regex_match_no_context
case1,regex_baseline,url,ascii,1600313469,http://www.firmaprofesional.com/cps0,http://www.firmaprofesional.com/cps0,,,,regex_match_no_context
case1,regex_baseline,url,ascii,1600323583,http://www.d-trust.net/crl/d-trust_root_class_3_ca_2_2009.crl0,http://www.d-trust.net/crl/d-trust_root_class_3_ca_2_2009.crl0,,,,regex_match_no_context
case1,regex_baseline,url,ascii,1600324675,http://www.d-trust.net/crl/d-trust_root_class_3_ca_2_ev_2009.crl0,http://www.d-trust.net/crl/d-trust_root_class_3_ca_2_ev_2009.crl0,,,,regex_match_no_context
case1,regex_baseline,url,ascii,1600327902,https://wwww.certigna.fr/autorites/0m,https://wwww.certigna.fr/autorites/0m,,,,regex_match_no_context
case1,regex_baseline,url,ascii,1600327956,http://crl.certigna.fr/certignarootca.crl01,http://crl.certigna.fr/certignarootca.crl01,,,,regex_match_no_context
case1,regex_baseline,url,ascii,1600328005,http://crl.dhimyotis.com/certignarootca.crl0,http://crl.dhimyotis.com/certignarootca.crl0,,,,regex_match_no_context
case1,regex_baseline,url,ascii,1600369499,http://www.accv.es/fileadmin/Archivos/certificados/raizaccv1.crt0,http://www.accv.es/fileadmin/Archivos/certificados/raizaccv1.crt0,,,,regex_match_no_context
case1,regex_baseline,url,ascii,1600369577,http://ocsp.accv.es0,http://ocsp.accv.es0,,,,regex_match_no_context
case1,regex_baseline,url,ascii,1600370016,http://www.accv.es/legislacion_c.htm0U,http://www.accv.es/legislacion_c.htm0U,,,,regex_match_no_context
case1,regex_baseline,url,ascii,1600371566,http://www.cert.fnmt.es/dpcs/0,http://www.cert.fnmt.es/dpcs/0,,,,regex_match_no_context
case1,regex_baseline,url,ascii,1600389358,http://www.quovadisglobal.com/cps0,http://www.quovadisglobal.com/cps0,,,,regex_match_no_context
case1,regex_baseline,url,ascii,1600404446,http://crl.securetrust.com/SGCA.crl0,http://crl.securetrust.com/SGCA.crl0,,,,regex_match_no_context
case1,regex_baseline,url,ascii,1600408307,http://crl.xrampsecurity.com/XGCA.crl0,http://crl.xrampsecurity.com/XGCA.crl0,,,,regex_match_no_context
case1,regex_baseline,url,ascii,1600409265,http://crl.securetrust.com/STCA.crl0,http://crl.securetrust.com/STCA.crl0,,,,regex_match_no_context
case1,regex_baseline,url,ascii,1600417573,http://repository.swisssign.com/0,http://repository.swisssign.com/0,,,,regex_match_no_context
case1,regex_baseline,url,ascii,1600536873,https://alekberg.net/privacy,https://alekberg.net/privacy,,,,regex_match_no_context
case1,regex_baseline,url,ascii,1600536920,https://dnsnl.alekberg.net/dns-query,https://dnsnl.alekberg.net/dns-query,,,,regex_match_no_context
case1,regex_baseline,url,ascii,1600536974,https://doh.cleanbrowsing.org/doh/adult-filter,https://doh.cleanbrowsing.org/doh/adult-filter,,,,regex_match_no_context
case1,regex_baseline,url,ascii,1600537141,https://cleanbrowsing.org/privacy,https://cleanbrowsing.org/privacy,,,,regex_match_no_context
case1,regex_baseline,url,ascii,1600537205,https://doh.cleanbrowsing.org/doh/family-filter,https://doh.cleanbrowsing.org/doh/family-filter,,,,regex_match_no_context
case1,regex_baseline,url,ascii,1600537375,https://doh.cleanbrowsing.org/doh/security-filter,https://doh.cleanbrowsing.org/doh/security-filter,,,,regex_match_no_context
case1,regex_baseline,url,ascii,1600537547,https://developers.cloudflare.com/1.1.1.1/privacy/public-dns-resolver/,https://developers.cloudflare.com/1.1.1.1/privacy/public-dns-resolver,,,,regex_match_no_context
case1,regex_baseline,url,ascii,1600537639,https://chrome.cloudflare-dns.com/dns-query,https://chrome.cloudflare-dns.com/dns-query,,,,regex_match_no_context
case1,regex_baseline,url,ascii,1600537801,https://doh.xfinity.com/dns-query,https://doh.xfinity.com/dns-query,,,,regex_match_no_context
case1,regex_baseline,url,ascii,1600537923,https://doh.cox.net/dns-query,https://doh.cox.net/dns-query,,,,regex_match_no_context
case1,regex_baseline,url,ascii,1600538014,https://www.nic.cz/odvr/,https://www.nic.cz/odvr,,,,regex_match_no_context
case1,regex_baseline,url,ascii,1600538051,https://odvr.nic.cz/doh,https://odvr.nic.cz/doh,,,,regex_match_no_context
case1,regex_baseline,url,ascii,1600538160,https://dns.sb/privacy/,https://dns.sb/privacy,,,,regex_match_no_context
case1,regex_baseline,url,ascii,1600538191,https://doh.dns.sb/dns-query,https://doh.dns.sb/dns-query,,,,regex_match_no_context
case1,regex_baseline,url,ascii,1600538281,https://developers.google.com/speed/public-dns/privacy,https://developers.google.com/speed/public-dns/privacy,,,,regex_match_no_context
case1,regex_baseline,url,ascii,1600538356,https://dns.google/dns-query,https://dns.google/dns-query,,,,regex_match_no_context
case1,regex_baseline,url,ascii,1600538487,https://dns64.dns.google/dns-query,https://dns64.dns.google/dns-query,,,,regex_match_no_context
case1,regex_baseline,url,ascii,1600538600,https://public.dns.iij.jp/,https://public.dns.iij.jp,,,,regex_match_no_context
case1,regex_baseline,url,ascii,1600538644,https://public.dns.iij.jp/dns-query,https://public.dns.iij.jp/dns-query,,,,regex_match_no_context
case1,regex_baseline,url,ascii,1600538687,https://nextdns.io/privacy,https://nextdns.io/privacy,,,,regex_match_no_context
case1,regex_baseline,url,ascii,1600538722,https://chromium.dns.nextdns.io,https://chromium.dns.nextdns.io,,,,regex_match_no_context
case1,regex_baseline,url,ascii,1600538762,https://www.cisco.com/c/en/us/about/legal/privacy-full.html,https://www.cisco.com/c/en/us/about/legal/privacy-full.html,,,,regex_match_no_context
case1,regex_baseline,url,ascii,1600538830,https://doh.opendns.com/dns-query,https://doh.opendns.com/dns-query,,,,regex_match_no_context
case1,regex_baseline,url,ascii,1600538932,https://doh.familyshield.opendns.com/dns-query,https://doh.familyshield.opendns.com/dns-query,,,,regex_match_no_context
case1,regex_baseline,url,ascii,1600539063,https://dns11.quad9.net/dns-query,https://dns11.quad9.net/dns-query,,,,regex_match_no_context
case1,regex_baseline,url,ascii,1600539173,https://dns10.quad9.net/dns-query,https://dns10.quad9.net/dns-query,,,,regex_match_no_context
case1,regex_baseline,url,ascii,1600539288,https://www.quad9.net/home/privacy/,https://www.quad9.net/home/privacy,,,,regex_match_no_context
case1,regex_baseline,url,ascii,1600539340,https://dns.quad9.net/dns-query,https://dns.quad9.net/dns-query,,,,regex_match_no_context
case1,regex_baseline,url,ascii,1600539460,https://doh.quickline.ch/dns-query,https://doh.quickline.ch/dns-query,,,,regex_match_no_context
case1,regex_baseline,url,ascii,1600539598,https://doh-01.spectrum.com/dns-query,https://doh-01.spectrum.com/dns-query,,,,regex_match_no_context
case1,regex_baseline,url,ascii,1600539724,https://doh-02.spectrum.com/dns-query,https://doh-02.spectrum.com/dns-query,,,,regex_match_no_context
case1,regex_baseline,url,ascii,1602071398,https://log.getdropbox.com/hpkp,https://log.getdropbox.com/hpkp,,,,regex_match_no_context
case1,regex_baseline,url,ascii,1602071574,http://clients3.google.com/cert_upload_json,http://clients3.google.com/cert_upload_json,,,,regex_match_no_context
case1,regex_baseline,url,ascii,1602071686,http://report-example.test/test,http://report-example.test/test,,,,regex_match_no_context
case1,regex_baseline,url,ascii,1602072150,http://l.twimg.com/i/hpkp_report,http://l.twimg.com/i/hpkp_report,,,,regex_match_no_context
case1,regex_baseline,url,ascii,1602072502,http://csp.yahoo.com/beacon/csp?src=yahoocom-hpkp-report-only,http://csp.yahoo.com/beacon/csp?src=yahoocom-hpkp-report-only,,,,regex_match_no_context
case1,regex_baseline,url,utf-16le,1600369967,http://www.accv.e,http://www.accv.e,,,,regex_match_no_context
case1,regex_baseline,url,ascii,1624103654,http://ns.adobe.com/xap/1.0/,http://ns.adobe.com/xap/1.0,,,,regex_match_no_context
case1,regex_baseline,url,ascii,1624647846,http://www.color.org,http://www.color.org,,,,regex_match_no_context
case1,regex_baseline,url,ascii,1624659700,http://www.w3.org/1999/02/22-rdf-syntax-ns#,http://www.w3.org/1999/02/22-rdf-syntax-ns,,,,regex_match_no_context
case1,regex_baseline,url,ascii,1624659829,http://purl.org/dc/elements/1.1/,http://purl.org/dc/elements/1.1,,,,regex_match_no_context
case1,regex_baseline,url,ascii,1624659877,http://ns.adobe.com/xap/1.0/mm/,http://ns.adobe.com/xap/1.0/mm,,,,regex_match_no_context
case1,regex_baseline,url,ascii,1624659922,http://ns.adobe.com/pdf/1.3/,http://ns.adobe.com/pdf/1.3,,,,regex_match_no_context
case1,regex_baseline,url,ascii,1624659967,http://www.aiim.org/pdfa/ns/id/,http://www.aiim.org/pdfa/ns/id,,,,regex_match_no_context
case1,regex_baseline,url,ascii,1712281462,https://server1.example,https://server1.example,,,,regex_match_no_context
case1,regex_baseline,url,ascii,1712281486,https://server2.example,https://server2.example,,,,regex_match_no_context
case1,regex_baseline,url,ascii,1712289025,https://github.com/WICG/attribution-reporting-api).,https://github.com/WICG/attribution-reporting-api).,,,,regex_match_no_context
case1,regex_baseline,url,ascii,1712289946,https://publickeyservice.aws.privacysandboxservices.com/v1alpha/publicKeys,https://publickeyservice.aws.privacysandboxservices.com/v1alpha/publicKeys,,,,regex_match_no_context
case1,regex_baseline,url,ascii,1712513238,https://chrome-devtools-frontend.appspot.com/serve_rev/%s/%s.html,https://chrome-devtools-frontend.appspot.com/serve_rev/%s/%s.html,,,,regex_match_no_context
case1,regex_baseline,url,ascii,1712921105,https://w3c.github.io/encrypted-media/#direct-individualization.,https://w3c.github.io/encrypted-media,,,,regex_match_no_context
case1,regex_baseline,url,ascii,1712972511,https://www.chromium.org/blink/origin-trials/portals,https://www.chromium.org/blink/origin-trials/portals,,,,regex_match_no_context
case1,regex_baseline,url,ascii,1713015557,https://crbug.com/1176054,https://crbug.com/1176054,,,,regex_match_no_context
case1,regex_baseline,url,ascii,1713026296,https://crbug.com/401439).,https://crbug.com/401439).,,,,regex_match_no_context
case1,regex_baseline,url,ascii,1713058173,https://www.w3.org/TR/powerful-features/#potentially-trustworthy-origin,https://www.w3.org/TR/powerful-features,,,,regex_match_no_context
case1,regex_baseline,url,ascii,1713058249,https://html.spec.whatwg.org/#the-cross-origin-opener-policy-header.,https://html.spec.whatwg.org,,,,regex_match_no_context
case1,regex_baseline,url,ascii,1713205329,https://developer.chrome.com/en/docs/privacy-sandbox/fenced-frame/#examples,https://developer.chrome.com/en/docs/privacy-sandbox/fenced-frame,,,,regex_match_no_context
case1,regex_baseline,url,ascii,1713210011,https://www.chromestatus.com/feature/5669008342777856,https://www.chromestatus.com/feature/5669008342777856,,,,regex_match_no_context
case1,regex_baseline,url,ascii,1713210601,https://www.chromestatus.com/feature/5742188281462784.,https://www.chromestatus.com/feature/5742188281462784.,,,,regex_match_no_context
case1,regex_baseline,url,ascii,1713267782,https://monitoring.url.loader.factory.invalid,https://monitoring.url.loader.factory.invalid,,,,regex_match_no_context
case1,regex_baseline,url,ascii,1713273478,https://www.gstatic.com/securitykey/origins.json,https://www.gstatic.com/securitykey/origins.json,,,,regex_match_no_context
case1,regex_baseline,url,ascii,1713273542,https://www.gstatic.com/securitykey/a/google.com/origins.json,https://www.gstatic.com/securitykey/a/google.com/origins.json,,,,regex_match_no_context
case1,regex_baseline,url,ascii,1713594817,https://www.chromestatus.com/feature/5148698084376576,https://www.chromestatus.com/feature/5148698084376576,,,,regex_match_no_context
case1,regex_baseline,url,ascii,1713604284,https://crbug.com/1376879#c44),https://crbug.com/1376879,,,,regex_match_no_context
case1,regex_baseline,url,ascii,1713645877,https://goo.gl/yabPex,https://goo.gl/yabPex,,,,regex_match_no_context
case1,regex_baseline,url,ascii,1713775750,https://www.google.com/speech-api/full-duplex/v1,https://www.google.com/speech-api/full-duplex/v1,,,,regex_match_no_context
case1,regex_baseline,url,ascii,1714013222,https://www.googleapis.com/geolocation/v1/geolocate,https://www.googleapis.com/geolocation/v1/geolocate,,,,regex_match_no_context
case1,regex_baseline,url,ascii,1715041382,https://crbug.com/845683,https://crbug.com/845683,,,,regex_match_no_context
case1,regex_baseline,url,ascii,1715091491,https://goo.gl/rStTGz,https://goo.gl/rStTGz,,,,regex_match_no_context
case1,regex_baseline,url,ascii,1792786397,https://goo.gle/chrome-headless-rendering,https://goo.gle/chrome-headless-rendering,,,,regex_match_no_context
case1,regex_baseline,url,ascii,1813819992,http://schemas.microsoft.com/windows/2003/08/printing/printschemaframework,http://schemas.microsoft.com/windows/2003/08/printing/printschemaframework,,,,regex_match_no_context
case1,regex_baseline,url,ascii,1813820079,http://schemas.microsoft.com/windows/2003/08/printing/printschemakeywords,http://schemas.microsoft.com/windows/2003/08/printing/printschemakeywords,,,,regex_match_no_context
case1,regex_baseline,url,ascii,1814708950,http://schemas.microsoft.com/xps/2005/06,http://schemas.microsoft.com/xps/2005/06,,,,regex_match_no_context
case1,regex_baseline,url,ascii,1817048688,https://crbug.com/703369,https://crbug.com/703369,,,,regex_match_no_context
case1,regex_baseline,url,ascii,1818966710,https://clientservices.googleapis.com/chrome-variations/seed,https://clientservices.googleapis.com/chrome-variations/seed,,,,regex_match_no_context
case1,regex_baseline,url,ascii,1818966774,http://clientservices.googleapis.com/chrome-variations/seed,http://clientservices.googleapis.com/chrome-variations/seed,,,,regex_match_no_context
case1,regex_baseline,url,ascii,1838092347,http://certificates.godaddy.com/repository100.,http://certificates.godaddy.com/repository100.,,,,regex_match_no_context
case1,regex_baseline,url,ascii,1838092579,http://crl.godaddy.com/gds1-20*0(,http://crl.godaddy.com/gds1-20*0(,,,,regex_match_no_context
case1,regex_baseline,url,ascii,1838092624,https://www.verisign.com/cps04000000Z,https://www.verisign.com/cps04000000Z,,,,regex_match_no_context
case1,regex_baseline,url,ascii,1838092681,http://s0907,http://s0907,,,,regex_match_no_context
case1,regex_baseline,url,ascii,1838092829,https://www.verisign.com/rpa,https://www.verisign.com/rpa,,,,regex_match_no_context
case1,regex_baseline,url,ascii,1838093101,http://EVIntl-ccrt.gwww.gicert.com/1ocsp.verisign.com09rapidssl.cos.godaddy.com/repository/0,http://evintl-ccrt.gwww.gicert.com/1ocsp.verisign.com09rapidssl.cos.godaddy.com/repository/0,,,,regex_match_no_context
case1,regex_baseline,url,ascii,1838093223,http://ocsp.godaddy.com/0J,http://ocsp.godaddy.com/0J,,,,regex_match_no_context
case1,regex_baseline,url,ascii,1838093261,http://certificates.godaddy.com/repository/gd_intermediate.crt0,http://certificates.godaddy.com/repository/gd_intermediate.crt0,,,,regex_match_no_context
case1,regex_baseline,url,ascii,1847337940,https://crbug.com/1181150.,https://crbug.com/1181150.,,,,regex_match_no_context
case1,regex_baseline,url,ascii,1859984110,http://dashif.org/guidelines/trickmode,http://dashif.org/guidelines/trickmode,,,,regex_match_no_context
case1,regex_baseline,url,utf-16le,1859957644,http://ns.google.com/photos/1.0/panorama/,http://ns.google.com/photos/1.0/panorama,,,,regex_match_no_context
case1,regex_baseline,url,ascii,1878748893,https://www.amd.com/en/support/apu/amd-series-processors/amd-a8-series-apu-for-laptops/a8-5550m-radeon-hd-8550g,https://www.amd.com/en/support/apu/amd-series-processors/amd-a8-series-apu-for-laptops/a8-5550m-radeon-hd-8550g,,,,regex_match_no_context
case1,regex_baseline,url,ascii,1878749169,https://www.intel.com/content/www/us/en/download-center/home.html,https://www.intel.com/content/www/us/en/download-center/home.html,,,,regex_match_no_context
case1,regex_baseline,url,utf-16le,1894718590,https://symweb,https://symweb,,,,regex_match_no_context
case1,regex_baseline,url,utf-16le,1894718630,https://msdl.microsoft.com/download/symbols,https://msdl.microsoft.com/download/symbols,,,,regex_match_no_context
case1,regex_baseline,url,ascii,1905019227,https://perfetto.dev/docs/contributing/getting-started#community).,https://perfetto.dev/docs/contributing/getting-started,,,,regex_match_no_context
case1,regex_baseline,url,ascii,1912302041,https://crbug.com/820996,https://crbug.com/820996,,,,regex_match_no_context
case1,regex_baseline,url,ascii,1941282516,https://bit.ly/31yqMJR.,https://bit.ly/31yqMJR.,,,,regex_match_no_context
case1,regex_baseline,url,ascii,1948190834,https://chromekanonymityauth-pa.googleapis.com/,https://chromekanonymityauth-pa.googleapis.com,,,,regex_match_no_context
case1,regex_baseline,url,ascii,1948190943,https://chromekanonymity-pa.googleapis.com/,https://chromekanonymity-pa.googleapis.com,,,,regex_match_no_context
case1,regex_baseline,url,ascii,1948191080,https://chromekanonymityquery-pa.googleapis.com/,https://chromekanonymityquery-pa.googleapis.com,,,,regex_match_no_context
case1,regex_baseline,url,ascii,1961223955,http://go.microsoft.com/fwlink/?LinkId=76126.,http://go.microsoft.com/fwlink?LinkId=76126.,,,,regex_match_no_context
case1,regex_baseline,url,ascii,1961224033,http://schemas.microsoft.com/windows/2005/02/color/ColorDeviceModel,http://schemas.microsoft.com/windows/2005/02/color/ColorDeviceModel,,,,regex_match_no_context
case1,regex_baseline,url,ascii,1961224116,http://schemas.microsoft.com/windows/2007/11/color/Calibration,http://schemas.microsoft.com/windows/2007/11/color/Calibration,,,,regex_match_no_context
case1,regex_baseline,url,ascii,1961224193,http://schemas.microsoft.com/windows/2005/02/color/WcsCommonProfileTypes,http://schemas.microsoft.com/windows/2005/02/color/WcsCommonProfileTypes,,,,regex_match_no_context
case1,regex_baseline,url,ascii,1961224367,http://www.w3.org/2001/XMLSchema,http://www.w3.org/2001/XMLSchema,,,,regex_match_no_context
case1,regex_baseline,url,ascii,1961239554,http://schemas.microsoft.com/windows/2005/02/color/ColorAppearanceModel,http://schemas.microsoft.com/windows/2005/02/color/ColorAppearanceModel,,,,regex_match_no_context
case1,regex_baseline,url,ascii,1961242562,http://schemas.microsoft.com/windows/2005/02/color/GamutMapModel,http://schemas.microsoft.com/windows/2005/02/color/GamutMapModel,,,,regex_match_no_context
case1,regex_baseline,url,utf-16le,1949200228,http://manifests.microsoft.com/win/2005/08/windows/printing/spooler/core/events,http://manifests.microsoft.com/win/2005/08/windows/printing/spooler/core/events,,,,regex_match_no_context
case1,regex_baseline,url,utf-16le,1951434102,https://go.microsoft.com/fwlink/?linkid=873217,https://go.microsoft.com/fwlink?linkid=873217,,,,regex_match_no_context
case1,regex_baseline,url,utf-16le,1961082310,http://schemas.openxmlformats.org/markup-compatibility/2006,http://schemas.openxmlformats.org/markup-compatibility/2006,,,,regex_match_no_context
case1,regex_baseline,url,utf-16le,1961083430,http://schemas.microsoft.com/windows/2005/02/color/D50.camp,http://schemas.microsoft.com/windows/2005/02/color/D50.camp,,,,regex_match_no_context
case1,regex_baseline,url,utf-16le,1961083558,http://schemas.microsoft.com/windows/2005/02/color/D65.camp,http://schemas.microsoft.com/windows/2005/02/color/D65.camp,,,,regex_match_no_context
case1,regex_baseline,url,utf-16le,1961083686,http://schemas.microsoft.com/windows/2005/02/color/wsRGB.cdmp,http://schemas.microsoft.com/windows/2005/02/color/wsRGB.cdmp,,,,regex_match_no_context
case1,regex_baseline,url,utf-16le,1961083814,http://schemas.microsoft.com/windows/2005/02/color/wscRGB.cdmp,http://schemas.microsoft.com/windows/2005/02/color/wscRGB.cdmp,,,,regex_match_no_context
case1,regex_baseline,url,utf-16le,1961083942,http://schemas.microsoft.com/windows/2005/02/color/Graphics.gmmp,http://schemas.microsoft.com/windows/2005/02/color/Graphics.gmmp,,,,regex_match_no_context
case1,regex_baseline,url,utf-16le,1961084086,http://schemas.microsoft.com/windows/2005/02/color/Proofing.gmmp,http://schemas.microsoft.com/windows/2005/02/color/Proofing.gmmp,,,,regex_match_no_context
case1,regex_baseline,url,utf-16le,1961084230,http://schemas.microsoft.com/windows/2005/02/color/MediaSim.gmmp,http://schemas.microsoft.com/windows/2005/02/color/MediaSim.gmmp,,,,regex_match_no_context
case1,regex_baseline,url,utf-16le,1961084374,http://schemas.microsoft.com/windows/2005/02/color/Photo.gmmp,http://schemas.microsoft.com/windows/2005/02/color/Photo.gmmp,,,,regex_match_no_context
case1,regex_baseline,url,utf-16le,1961199374,http://schemas.microsoft.com/windows/2007/01/color/WindowsColorSystemEvents,http://schemas.microsoft.com/windows/2007/01/color/WindowsColorSystemEvents,,,,regex_match_no_context
case1,regex_baseline,url,utf-16le,1963317238,https://go.microsoft.com/fwlink/?linkid=2161157,https://go.microsoft.com/fwlink?linkid=2161157,,,,regex_match_no_context
case1,regex_baseline,url,utf-16le,1963317494,https://go.microsoft.com/fwlink/?linkid=2161156,https://go.microsoft.com/fwlink?linkid=2161156,,,,regex_match_no_context
case1,regex_baseline,url,utf-16le,1963317590,https://go.microsoft.com/fwlink/?linkid=2160968,https://go.microsoft.com/fwlink?linkid=2160968,,,,regex_match_no_context
case1,regex_baseline,url,utf-16le,1964751206,http://www.microsoft.com/networking/WLAN/profile/v2,http://www.microsoft.com/networking/WLAN/profile/v2,,,,regex_match_no_context
case1,regex_baseline,url,utf-16le,1964751350,http://www.microsoft.com/networking/WLAN/profile/v3,http://www.microsoft.com/networking/WLAN/profile/v3,,,,regex_match_no_context
case1,regex_baseline,url,utf-16le,1964751494,http://www.microsoft.com/networking/WLAN/profile/v4,http://www.microsoft.com/networking/WLAN/profile/v4,,,,regex_match_no_context
case1,regex_baseline,url,utf-16le,1964751638,http://www.microsoft.com/networking/WLAN/policy/v1,http://www.microsoft.com/networking/WLAN/policy/v1,,,,regex_match_no_context
case1,regex_baseline,url,utf-16le,1964751782,http://www.microsoft.com/networking/OneX/v1,http://www.microsoft.com/networking/OneX/v1,,,,regex_match_no_context
case1,regex_baseline,url,utf-16le,1964751894,http://www.microsoft.com/networking/WLANAP/profile/v1,http://www.microsoft.com/networking/WLANAP/profile/v1,,,,regex_match_no_context
case1,regex_baseline,url,utf-16le,1964752054,http://www.microsoft.com/networking/WiFiDirect/profile/v1,http://www.microsoft.com/networking/WiFiDirect/profile/v1,,,,regex_match_no_context
case1,regex_baseline,url,utf-16le,1964752214,http://www.microsoft.com/networking/WiFiDirectLegacy/profile/v1,http://www.microsoft.com/networking/WiFiDirectLegacy/profile/v1,,,,regex_match_no_context
case1,regex_baseline,url,utf-16le,1964752726,http://www.microsoft.com/networking/LAN/profile/v1,http://www.microsoft.com/networking/LAN/profile/v1,,,,regex_match_no_context
case1,regex_baseline,url,utf-16le,1964752864,http://www.microsoft.com/networking/LAN/policy/v1,http://www.microsoft.com/networking/LAN/policy/v1,,,,regex_match_no_context
case1,regex_baseline,url,utf-16le,1964753004,http://www.microsoft.com/networking/LAN/policy/v2,http://www.microsoft.com/networking/LAN/policy/v2,,,,regex_match_no_context
case1,regex_baseline,url,utf-16le,1964753294,http://www.microsoft.com/provisioning/BaseEapConnectionPropertiesV1,http://www.microsoft.com/provisioning/BaseEapConnectionPropertiesV1,,,,regex_match_no_context
case1,regex_baseline,url,utf-16le,1964753504,http://www.microsoft.com/provisioning/MsPeapConnectionPropertiesV1,http://www.microsoft.com/provisioning/MsPeapConnectionPropertiesV1,,,,regex_match_no_context
case1,regex_baseline,url,utf-16le,1964753716,http://www.microsoft.com/provisioning/MsChapV2ConnectionPropertiesV1,http://www.microsoft.com/provisioning/MsChapV2ConnectionPropertiesV1,,,,regex_match_no_context
case1,regex_baseline,url,utf-16le,1964754340,http://www.microsoft.com/networking/WLAN/policy/v2,http://www.microsoft.com/networking/WLAN/policy/v2,,,,regex_match_no_context
case1,regex_baseline,url,utf-16le,1964754484,http://www.microsoft.com/networking/WLAN/policy/v3,http://www.microsoft.com/networking/WLAN/policy/v3,,,,regex_match_no_context
case1,regex_baseline,url,utf-16le,1964754628,http://www.microsoft.com/networking/WLAN/policy/v4,http://www.microsoft.com/networking/WLAN/policy/v4,,,,regex_match_no_context
case1,regex_baseline,url,utf-16le,1966002366,https://%s:%hu,https://%s:%hu,,,,regex_match_no_context
case1,regex_baseline,url,utf-16le,1966005270,http://%s/%s,http://%s/%s,,,,regex_match_no_context
case1,regex_baseline,url,utf-16le,1970790886,http://schemas.microsoft.com/windows/2006/propertydescription,http://schemas.microsoft.com/windows/2006/propertydescription,,,,regex_match_no_context
case1,regex_baseline,url,utf-16le,1971702294,https://login.windows.net,https://login.windows.net,,,,regex_match_no_context
case1,regex_baseline,url,utf-16le,1971930758,https://login.microsoftonline.com/%s/oauth2/token,https://login.microsoftonline.com/%s/oauth2/token,,,,regex_match_no_context
case1,regex_baseline,url,utf-16le,1971930870,https://login.microsoftonline.com/%s/oauth2/authorize,https://login.microsoftonline.com/%s/oauth2/authorize,,,,regex_match_no_context
case1,regex_baseline,url,utf-16le,1971931078,https://enterpriseregistration.windows.net/EnrollmentServer/DeviceEnrollmentWebService.svc,https://enterpriseregistration.windows.net/EnrollmentServer/DeviceEnrollmentWebService.svc,,,,regex_match_no_context
case1,regex_baseline,url,utf-16le,1971931270,https://enterpriseregistration.windows.net/EnrollmentServer/key/,https://enterpriseregistration.windows.net/EnrollmentServer/key,,,,regex_match_no_context
case1,regex_baseline,url,utf-16le,1971931414,https://enterpriseregistration.windows.net/EnrollmentServer/device/,https://enterpriseregistration.windows.net/EnrollmentServer/device,,,,regex_match_no_context
case1,regex_baseline,url,utf-16le,1971976614,https://enterpriseregistration.windows.net/,https://enterpriseregistration.windows.net,,,,regex_match_no_context
case1,regex_baseline,url,utf-16le,1971983644,https://www.microsoft.com/aadjerrors,https://www.microsoft.com/aadjerrors,,,,regex_match_no_context
case1,regex_baseline,url,utf-16le,1971996878,https://login.microsoft.com,https://login.microsoft.com,,,,regex_match_no_context
case1,regex_baseline,url,utf-16le,1971999078,https://login.microsoftonline.com/common,https://login.microsoftonline.com/common,,,,regex_match_no_context
case1,regex_baseline,url,ascii,1991686558,http://schemas.microsoft.com/Search/2013/ApplicationContent,http://schemas.microsoft.com/Search/2013/ApplicationContent,,,,regex_match_no_context
case1,regex_baseline,url,utf-16le,1990483830,http://schemas.microsoft.com/windows/2008/propertynamespace,http://schemas.microsoft.com/windows/2008/propertynamespace,,,,regex_match_no_context
case1,regex_baseline,url,utf-16le,1990483958,http://schemas.microsoft.com/windows/2009/library,http://schemas.microsoft.com/windows/2009/library,,,,regex_match_no_context
case1,regex_baseline,url,utf-16le,1990484134,http://schemas.microsoft.com/windows/2009/searchConnector,http://schemas.microsoft.com/windows/2009/searchConnector,,,,regex_match_no_context
case1,regex_baseline,url,ascii,2007020318,http://www.microsoft.com/pki/certs/MicrosoftCodeVerifRoot.crt0,http://www.microsoft.com/pki/certs/MicrosoftCodeVerifRoot.crt0,,,,regex_match_no_context
case1,regex_baseline,url,utf-16le,2002321734,http://schemas.microsoft.com/SMI/2016/WindowsSettings,http://schemas.microsoft.com/SMI/2016/WindowsSettings,,,,regex_match_no_context
case1,regex_baseline,url,utf-16le,2003847590,http://schemas.microsoft.com/SMI/2011/WindowsSettings,http://schemas.microsoft.com/SMI/2011/WindowsSettings,,,,regex_match_no_context
case1,regex_baseline,url,utf-16le,2006421910,https://%s/%s/%s,https://%s/%s/%s,,,,regex_match_no_context
case1,regex_baseline,url,utf-16le,2006422126,https://%s.pinrules.crt/%s,https://%s.pinrules.crt/%s,,,,regex_match_no_context
case1,regex_baseline,url,utf-16le,2006430150,http://ctldl.windowsupdate.com/msdownload/update/v3/static/trustedr/en,http://ctldl.windowsupdate.com/msdownload/update/v3/static/trustedr/en,,,,regex_match_no_context
case1,regex_baseline,url,utf-16le,2012477896,http://manifests.microsoft.com/win/2004/08/windows/userpnp,http://manifests.microsoft.com/win/2004/08/windows/userpnp,,,,regex_match_no_context
case1,regex_baseline,url,utf-16le,2014084982,http://schemas.microsoft.com/SMI/2013/WindowsSettings,http://schemas.microsoft.com/SMI/2013/WindowsSettings,,,,regex_match_no_context
case1,regex_baseline,url,utf-16le,2014085094,http://schemas.microsoft.com/SMI/2014/WindowsSettings,http://schemas.microsoft.com/SMI/2014/WindowsSettings,,,,regex_match_no_context
case1,regex_baseline,url,utf-16le,2014085318,http://schemas.microsoft.com/SMI/2017/WindowsSettings,http://schemas.microsoft.com/SMI/2017/WindowsSettings,,,,regex_match_no_context
case1,regex_baseline,url,utf-16le,2014085430,http://schemas.microsoft.com/SMI/2019/WindowsSettings,http://schemas.microsoft.com/SMI/2019/WindowsSettings,,,,regex_match_no_context
case1,regex_baseline,url,utf-16le,2014085542,http://schemas.microsoft.com/SMI/2020/WindowsSettings,http://schemas.microsoft.com/SMI/2020/WindowsSettings,,,,regex_match_no_context
case1,regex_baseline,url,utf-16le,2026207548,https://go.microsoft.com/fwlink/?linkid=2164367,https://go.microsoft.com/fwlink?linkid=2164367,,,,regex_match_no_context
case1,regex_baseline,url,utf-16le,2026222502,http://schemas.microsoft.com/opensearchext/2009,http://schemas.microsoft.com/opensearchext/2009,,,,regex_match_no_context
case1,regex_baseline,url,utf-16le,2026222598,http://a9.com/-/spec/opensearch/1.1,http://a9.com/-/spec/opensearch/1.1,,,,regex_match_no_context
